{
  "type": "FeatureCollection",
  "features": [
    {
      "type": "Feature",
      "geometry": {
        "type": "Polygon",
        "coordinates": [
          [
            [
              -7.788687376491727,
              41.41141049184296
            ],
            [
              -7.781667403444142,
              41.41258600918922
            ],
            [
              -7.781373077174772,
              41.41258177923787
            ],
            [
              -7.781049088540132,
              41.41251182515855
            ],
            [
              -7.777388661328694,
              41.41148896189113
            ],
            [
              -7.776646339923833,
              41.41123880146944
            ],
            [
              -7.7732340288519755,
              41.41055655972244
            ],
            [
              -7.772130313830554,
              41.41012939711581
            ],
            [
              -7.771619197621554,
              41.40968580196555
            ],
            [
              -7.770949225567132,
              41.40805743020188
            ],
            [
              -7.768686976102386,
              41.406332034761284
            ],
            [
              -7.7678469994379835,
              41.405874149234975
            ],
            [
              -7.767433164713929,
              41.4046584918457
            ],
            [
              -7.7674405415984085,
              41.40415006604971
            ],
            [
              -7.76741015172164,
              41.403938650590035
            ],
            [
              -7.767305004273324,
              41.403729876044224
            ],
            [
              -7.76703863410621,
              41.40363026425275
            ],
            [
              -7.766623924946932,
              41.40367027868261
            ],
            [
              -7.765920338787312,
              41.40380787904611
            ],
            [
              -7.765375611425827,
              41.40385179859657
            ],
            [
              -7.764358406923881,
              41.40378580705531
            ],
            [
              -7.764325717408861,
              41.40377246553898
            ],
            [
              -7.764292885899354,
              41.40376308891039
            ],
            [
              -7.764255730593682,
              41.403755945804946
            ],
            [
              -7.764213902798374,
              41.403751580741606
            ],
            [
              -7.764172048990243,
              41.40375054705177
            ],
            [
              -7.764089103652346,
              41.403762977576434
            ],
            [
              -7.763927876631648,
              41.40378893298678
            ],
            [
              -7.76376988918413,
              41.40381255843564
            ],
            [
              -7.763736159434725,
              41.40381335146002
            ],
            [
              -7.7636839039371015,
              41.403812918981274
            ],
            [
              -7.763649471147837,
              41.40381136418661
            ],
            [
              -7.763614444130177,
              41.403808731498025
            ],
            [
              -7.7632997873765,
              41.403813039277935
            ],
            [
              -7.763078355764579,
              41.40382646993705
            ],
            [
              -7.763031938221801,
              41.40382884266767
            ],
            [
              -7.762985639604065,
              41.403831753299606
            ],
            [
              -7.762942929101427,
              41.403835848674596
            ],
            [
              -7.762862733585128,
              41.403848557280384
            ],
            [
              -7.762687584459268,
              41.40390337162407
            ],
            [
              -7.762401275010756,
              41.40403301173601
            ],
            [
              -7.762327308067822,
              41.40406600168649
            ],
            [
              -7.762234795492038,
              41.404098927311615
            ],
            [
              -7.762192721572287,
              41.40411679874494
            ],
            [
              -7.762084443459219,
              41.40418902350982
            ],
            [
              -7.7620577471972325,
              41.404215140799266
            ],
            [
              -7.762035594553828,
              41.40424118269574
            ],
            [
              -7.7619968809493995,
              41.404277972346314
            ],
            [
              -7.761899863410859,
              41.40434654072216
            ],
            [
              -7.761869462006917,
              41.40437183655609
            ],
            [
              -7.761834771515249,
              41.40439450108603
            ],
            [
              -7.761685875174359,
              41.404481180843774
            ],
            [
              -7.761642104744582,
              41.40450246900954
            ],
            [
              -7.76157496607004,
              41.40453178708554
            ],
            [
              -7.7613950657607,
              41.404602432911176
            ],
            [
              -7.761355280243064,
              41.404617157335814
            ],
            [
              -7.761310252459638,
              41.40462800120101
            ],
            [
              -7.761011122197046,
              41.40467601947355
            ],
            [
              -7.760691249940988,
              41.40471352522162
            ],
            [
              -7.760641811962733,
              41.404721562417286
            ],
            [
              -7.7604186875953065,
              41.4047382221035
            ],
            [
              -7.759920985294876,
              41.40475408116953
            ],
            [
              -7.759837280776001,
              41.40475273548092
            ],
            [
              -7.75979543931074,
              41.404749445643
            ],
            [
              -7.759470872171892,
              41.404687353285915
            ],
            [
              -7.759415511052226,
              41.404685735565046
            ],
            [
              -7.759085983051777,
              41.40473788197116
            ],
            [
              -7.758992986645849,
              41.4047510856027
            ],
            [
              -7.758943592333793,
              41.404751469730805
            ],
            [
              -7.758895781242013,
              41.40474771265565
            ],
            [
              -7.758850499947624,
              41.40474054227816
            ],
            [
              -7.758534895453281,
              41.40463624868413
            ],
            [
              -7.758379271428562,
              41.40455920905905
            ],
            [
              -7.7581848300303164,
              41.404494651013756
            ],
            [
              -7.758134185950158,
              41.40448467614902
            ],
            [
              -7.758078952414516,
              41.40448170400286
            ],
            [
              -7.758023557703223,
              41.40448575620745
            ],
            [
              -7.757916154902826,
              41.404509271081004
            ],
            [
              -7.757868818740921,
              41.404526315214305
            ],
            [
              -7.757589765305455,
              41.404661008317156
            ],
            [
              -7.7575446819474525,
              41.40468139023962
            ],
            [
              -7.7573317673080115,
              41.40475165002171
            ],
            [
              -7.7571849748769885,
              41.40480348362579
            ],
            [
              -7.757034888759965,
              41.404845762962545
            ],
            [
              -7.756895099087106,
              41.40488474789982
            ],
            [
              -7.756613199066201,
              41.40497350993907
            ],
            [
              -7.756336241220052,
              41.40511729905845
            ],
            [
              -7.756265891353746,
              41.40516433864581
            ],
            [
              -7.756227239079196,
              41.40518861462223
            ],
            [
              -7.756157324008345,
              41.40524357996533
            ],
            [
              -7.756123194746014,
              41.40527300298991
            ],
            [
              -7.756049098975174,
              41.40532624381338
            ],
            [
              -7.756005916749745,
              41.405349423492346
            ],
            [
              -7.755691589875085,
              41.4054598675029
            ],
            [
              -7.7553834784523135,
              41.405550879769336
            ],
            [
              -7.755095303373557,
              41.405648084812334
            ],
            [
              -7.754765989003017,
              41.40572444022224
            ],
            [
              -7.754455934667341,
              41.40575746251746
            ],
            [
              -7.753902359052895,
              41.40575564934432
            ],
            [
              -7.753590885506917,
              41.40574535101276
            ],
            [
              -7.753280148696962,
              41.405731365341886
            ],
            [
              -7.752961513441422,
              41.405718525954654
            ],
            [
              -7.750956448874123,
              41.40582050707378
            ],
            [
              -7.750455710661278,
              41.40592437846325
            ],
            [
              -7.7493335058059225,
              41.40534522668903
            ],
            [
              -7.747655129841506,
              41.40537340923204
            ],
            [
              -7.747276212442437,
              41.405361791878256
            ],
            [
              -7.746978419203996,
              41.405485684332405
            ],
            [
              -7.746718055083702,
              41.40563112576407
            ],
            [
              -7.7462593451501816,
              41.40582687050373
            ],
            [
              -7.746138713099493,
              41.40590209733504
            ],
            [
              -7.745351683023359,
              41.40646778837723
            ],
            [
              -7.745153261758998,
              41.40665251220416
            ],
            [
              -7.744980751665471,
              41.40684470814664
            ],
            [
              -7.744883096164933,
              41.40707848193903
            ],
            [
              -7.744868474507371,
              41.407103191722506
            ],
            [
              -7.744766971241061,
              41.407218998606055
            ],
            [
              -7.744608449018077,
              41.407431229992696
            ],
            [
              -7.744509810948013,
              41.40766896007064
            ],
            [
              -7.744439938537253,
              41.40789607520354
            ],
            [
              -7.744416431577598,
              41.40794749580036
            ],
            [
              -7.744281629539337,
              41.408171781213774
            ],
            [
              -7.74411412481015,
              41.40838568777724
            ],
            [
              -7.744001883112417,
              41.40859771187606
            ],
            [
              -7.743915236840576,
              41.40882981034566
            ],
            [
              -7.743880659765161,
              41.409093329561394
            ],
            [
              -7.743848825942062,
              41.40935946378327
            ],
            [
              -7.743766824702683,
              41.40959373697473
            ],
            [
              -7.74361431294317,
              41.40979914511939
            ],
            [
              -7.743461636528366,
              41.41001193214668
            ],
            [
              -7.743315772985634,
              41.410225281380654
            ],
            [
              -7.743150630966039,
              41.41042226880686
            ],
            [
              -7.742938510895019,
              41.410614865730096
            ],
            [
              -7.742730397574138,
              41.41079784700901
            ],
            [
              -7.7426934208806255,
              41.41082112825347
            ],
            [
              -7.74243347249555,
              41.410971068619716
            ],
            [
              -7.742169647163663,
              41.41112909518705
            ],
            [
              -7.741935820568359,
              41.4113106298411
            ],
            [
              -7.741709159981391,
              41.41147391394549
            ],
            [
              -7.740141310512365,
              41.41294856463158
            ],
            [
              -7.740129582158136,
              41.412970763457615
            ],
            [
              -7.740000078367438,
              41.41312563939197
            ],
            [
              -7.739858133039949,
              41.41324076608729
            ],
            [
              -7.739685856846436,
              41.413427551361224
            ],
            [
              -7.739543121753816,
              41.41363388687611
            ],
            [
              -7.739477025805469,
              41.41374701702258
            ],
            [
              -7.739420582669881,
              41.413843979333244
            ],
            [
              -7.739264436853042,
              41.41407304591362
            ],
            [
              -7.739240004157806,
              41.414098265203464
            ],
            [
              -7.739142457539325,
              41.41416942357258
            ],
            [
              -7.7391128238352715,
              41.414184808009544
            ],
            [
              -7.73907590592073,
              41.4141978300653
            ],
            [
              -7.738831462314486,
              41.41425218963724
            ],
            [
              -7.738787452095903,
              41.41427085708903
            ],
            [
              -7.738709294565808,
              41.41431984175806
            ],
            [
              -7.738681755853227,
              41.41434477836139
            ],
            [
              -7.738550614804042,
              41.414472906152135
            ],
            [
              -7.73843793602789,
              41.41455301688404
            ],
            [
              -7.738234750015529,
              41.414728167936765
            ],
            [
              -7.738193616747332,
              41.41478520279446
            ],
            [
              -7.738145365247878,
              41.414833389323114
            ],
            [
              -7.7380345071924514,
              41.41492925922832
            ],
            [
              -7.737827200652296,
              41.415112319781684
            ],
            [
              -7.737627038809922,
              41.415280727162575
            ],
            [
              -7.737455408152619,
              41.41547705543195
            ],
            [
              -7.737400341221924,
              41.41552467886738
            ],
            [
              -7.737360029070436,
              41.41556505712141
            ],
            [
              -7.737177325195903,
              41.41577269276205
            ],
            [
              -7.7371045540000205,
              41.415840240309045
            ],
            [
              -7.737074438064573,
              41.41587534121947
            ],
            [
              -7.737004245544035,
              41.41599170081971
            ],
            [
              -7.736980570979273,
              41.41606905693488
            ],
            [
              -7.736994577553945,
              41.416325172252385
            ],
            [
              -7.737040150473137,
              41.416562488819935
            ],
            [
              -7.737050892333965,
              41.41664527034261
            ],
            [
              -7.737048663339884,
              41.416677859687596
            ],
            [
              -7.737036718427737,
              41.4167346326232
            ],
            [
              -7.736941336792274,
              41.41696084013497
            ],
            [
              -7.73684921937961,
              41.41720111127141
            ],
            [
              -7.736745377012942,
              41.41744133652948
            ],
            [
              -7.736634050537772,
              41.41767334499725
            ],
            [
              -7.736535279500382,
              41.41788603632446
            ],
            [
              -7.73642195709787,
              41.41811182406034
            ],
            [
              -7.736347205779268,
              41.41834791825721
            ],
            [
              -7.73626376642419,
              41.41851618447264
            ],
            [
              -7.736156939595766,
              41.41875531837238
            ],
            [
              -7.736036662999149,
              41.41898333628829
            ],
            [
              -7.735966439817835,
              41.41922187509281
            ],
            [
              -7.735879798903698,
              41.41946468446117
            ],
            [
              -7.73579583082682,
              41.419681386126136
            ],
            [
              -7.735672533699544,
              41.419914433602045
            ],
            [
              -7.735586660956231,
              41.42008998316972
            ],
            [
              -7.735436476804248,
              41.42031654377036
            ],
            [
              -7.735391624316515,
              41.420375184520275
            ],
            [
              -7.735300527621712,
              41.42046526922862
            ],
            [
              -7.735116662263903,
              41.42066407171388
            ],
            [
              -7.735055413774369,
              41.42072355780647
            ],
            [
              -7.735002600828525,
              41.42077343702906
            ],
            [
              -7.734975923678732,
              41.42079333438388
            ],
            [
              -7.7348715320160935,
              41.42092578133305
            ],
            [
              -7.734853666245224,
              41.42095209835887
            ],
            [
              -7.734795121501751,
              41.421020060980766
            ],
            [
              -7.734734299990845,
              41.42108845868288
            ],
            [
              -7.734699444324074,
              41.421135340397015
            ],
            [
              -7.734578861038169,
              41.42129339045108
            ],
            [
              -7.734410761333775,
              41.42149503850799
            ],
            [
              -7.734401013326486,
              41.42152516794985
            ],
            [
              -7.734364179369675,
              41.42150387922321
            ],
            [
              -7.733369701712407,
              41.421123730201586
            ],
            [
              -7.731747302706077,
              41.420635233561896
            ],
            [
              -7.727869086746509,
              41.419621205108974
            ],
            [
              -7.722403379249777,
              41.418905299449754
            ],
            [
              -7.719079030362591,
              41.417694048642545
            ],
            [
              -7.717316104358332,
              41.417233569736915
            ],
            [
              -7.714888954159059,
              41.41640555817511
            ],
            [
              -7.713828500913838,
              41.41582349270577
            ],
            [
              -7.710513640792323,
              41.41419100374843
            ],
            [
              -7.707148322799571,
              41.41294864286985
            ],
            [
              -7.705963957838237,
              41.41282722045362
            ],
            [
              -7.704446176993399,
              41.412809992179234
            ],
            [
              -7.701918104163908,
              41.41340979296968
            ],
            [
              -7.697488734859683,
              41.413360598453096
            ],
            [
              -7.6883917475360075,
              41.409880371719034
            ],
            [
              -7.683975231848205,
              41.40809629404617
            ],
            [
              -7.679346681745559,
              41.406226305894826
            ],
            [
              -7.6598671733851535,
              41.39912339262389
            ],
            [
              -7.65094053869513,
              41.39609325737192
            ],
            [
              -7.639125284118609,
              41.40432259255833
            ],
            [
              -7.635746508940503,
              41.406675389765084
            ],
            [
              -7.631517112117279,
              41.40979936394737
            ],
            [
              -7.6292797026090815,
              41.41186222399471
            ],
            [
              -7.627915376861319,
              41.412548034483585
            ],
            [
              -7.6224543704957215,
              41.41051185198432
            ],
            [
              -7.620087525998427,
              41.409683099268015
            ],
            [
              -7.619580256219785,
              41.40142170147934
            ],
            [
              -7.610724274799086,
              41.391089959212124
            ],
            [
              -7.607054477432999,
              41.39232772980726
            ],
            [
              -7.601380943264358,
              41.39352024932079
            ],
            [
              -7.599117648540689,
              41.39523459249833
            ],
            [
              -7.597624305440426,
              41.396392329785265
            ],
            [
              -7.595139368709695,
              41.39822108450756
            ],
            [
              -7.593683493961037,
              41.39915412248945
            ],
            [
              -7.590865743285877,
              41.401709994993354
            ],
            [
              -7.588776409255668,
              41.403605299479786
            ],
            [
              -7.587739902559794,
              41.40454518205983
            ],
            [
              -7.582356159999752,
              41.410599930765564
            ],
            [
              -7.58106159639904,
              41.412644376959875
            ],
            [
              -7.578308250788008,
              41.41625144420444
            ],
            [
              -7.577375800705185,
              41.416995002172776
            ],
            [
              -7.576798220695636,
              41.41765372944139
            ],
            [
              -7.576707931076344,
              41.417918367533304
            ],
            [
              -7.576771562958378,
              41.41820058636752
            ],
            [
              -7.576371487825263,
              41.418646327199
            ],
            [
              -7.5714824255416975,
              41.42411786662668
            ],
            [
              -7.56839649614225,
              41.427981752660266
            ],
            [
              -7.566819296694218,
              41.429956128461214
            ],
            [
              -7.560411696394444,
              41.43791521795978
            ],
            [
              -7.558812824244846,
              41.438377187627246
            ],
            [
              -7.557060457411528,
              41.438903101787524
            ],
            [
              -7.555487725446777,
              41.43932679671082
            ],
            [
              -7.5545443664916325,
              41.439599121267484
            ],
            [
              -7.553860865072535,
              41.4397394874188
            ],
            [
              -7.553302051725028,
              41.43967509570698
            ],
            [
              -7.552688531327695,
              41.43964131222002
            ],
            [
              -7.552057600748063,
              41.44001827680978
            ],
            [
              -7.551674864280348,
              41.4401086383092
            ],
            [
              -7.550924067988628,
              41.44014591610291
            ],
            [
              -7.55071864527177,
              41.4401567632862
            ],
            [
              -7.550159542010953,
              41.439561673845326
            ],
            [
              -7.550089363909492,
              41.43952809747106
            ],
            [
              -7.550063281782593,
              41.43951445675527
            ],
            [
              -7.550042517370986,
              41.43949463480477
            ],
            [
              -7.55003770046639,
              41.439470932868204
            ],
            [
              -7.550014663113735,
              41.43945199527941
            ],
            [
              -7.549989416167897,
              41.43942485925114
            ],
            [
              -7.549927282257141,
              41.439348553283594
            ],
            [
              -7.549793640960699,
              41.43911900231546
            ],
            [
              -7.549765072622233,
              41.43904844435219
            ],
            [
              -7.54963724949976,
              41.438837653483276
            ],
            [
              -7.54959243002812,
              41.43875189102014
            ],
            [
              -7.549543078097329,
              41.43867789884069
            ],
            [
              -7.549416837127557,
              41.43843758208461
            ],
            [
              -7.54937653363974,
              41.43836813678305
            ],
            [
              -7.549351334894382,
              41.43833649891063
            ],
            [
              -7.549284656113754,
              41.43827286320551
            ],
            [
              -7.549246007107548,
              41.438246199229184
            ],
            [
              -7.549171832937318,
              41.4382185400746
            ],
            [
              -7.549019358054244,
              41.43825009360542
            ],
            [
              -7.548730976454854,
              41.43830634942563
            ],
            [
              -7.548425754647909,
              41.43837206125755
            ],
            [
              -7.548120491280611,
              41.4384565901942
            ],
            [
              -7.547899291219163,
              41.43851939730268
            ],
            [
              -7.5478243049592315,
              41.4385420702896
            ],
            [
              -7.547763720836681,
              41.43854680422814
            ],
            [
              -7.547725435841777,
              41.43855957592573
            ],
            [
              -7.5476786921954115,
              41.438582114303024
            ],
            [
              -7.547454230189529,
              41.43874187673074
            ],
            [
              -7.547181240453925,
              41.43889607837285
            ],
            [
              -7.5469180353487095,
              41.43903943181308
            ],
            [
              -7.546756379669757,
              41.43909389366758
            ],
            [
              -7.546699780220367,
              41.439041115213385
            ],
            [
              -7.546676111768763,
              41.439011461814225
            ],
            [
              -7.546660106702808,
              41.43898211939301
            ],
            [
              -7.546618957191641,
              41.43896759613953
            ],
            [
              -7.546590479376046,
              41.43895448625793
            ],
            [
              -7.546490880627824,
              41.438892930275266
            ],
            [
              -7.546449656575762,
              41.438873275265365
            ],
            [
              -7.546406239584194,
              41.438858107399376
            ],
            [
              -7.546226043959231,
              41.438817846698996
            ],
            [
              -7.545943850225092,
              41.43871763861566
            ],
            [
              -7.545913081178704,
              41.43869299459659
            ],
            [
              -7.545893460881433,
              41.43866588188585
            ],
            [
              -7.545868930812544,
              41.4386531548325
            ],
            [
              -7.54573492791527,
              41.43861222245373
            ],
            [
              -7.545574116025735,
              41.43858547369012
            ],
            [
              -7.545269801496966,
              41.43856393499808
            ],
            [
              -7.544957230232647,
              41.438528850158555
            ],
            [
              -7.544621429974469,
              41.438495629204105
            ],
            [
              -7.5442901984061725,
              41.43847259784377
            ],
            [
              -7.543976056615236,
              41.438492605194384
            ],
            [
              -7.543862483442935,
              41.43850868432703
            ],
            [
              -7.5438086399297,
              41.43852218537873
            ],
            [
              -7.54348964800012,
              41.438588358300166
            ],
            [
              -7.543176423768438,
              41.43859917970092
            ],
            [
              -7.543122601902517,
              41.43859692283841
            ],
            [
              -7.542953553109224,
              41.438581925964364
            ],
            [
              -7.542845137814931,
              41.43858281037943
            ],
            [
              -7.542812928751961,
              41.4385854390227
            ],
            [
              -7.542646346460991,
              41.43861502089484
            ],
            [
              -7.5426155805289286,
              41.43861684113751
            ],
            [
              -7.5425798837310385,
              41.43862143266881
            ],
            [
              -7.542456450770824,
              41.43864304040961
            ],
            [
              -7.542407834629607,
              41.438647022621964
            ],
            [
              -7.542357912853245,
              41.438650369637955
            ],
            [
              -7.542308408896107,
              41.438660023299846
            ],
            [
              -7.5421903960237096,
              41.43866355987565
            ],
            [
              -7.542048369513013,
              41.43866373335854
            ],
            [
              -7.541925648612352,
              41.4386723776897
            ],
            [
              -7.530420320800968,
              41.44276454324047
            ],
            [
              -7.530393065322107,
              41.44277430201334
            ],
            [
              -7.521822661562796,
              41.45088422688255
            ],
            [
              -7.521283438237312,
              41.45063853776506
            ],
            [
              -7.520593439582122,
              41.45035378328801
            ],
            [
              -7.519947810199137,
              41.450097712481664
            ],
            [
              -7.519561376826356,
              41.44994592502777
            ],
            [
              -7.519050167869275,
              41.449790141572
            ],
            [
              -7.518696251241042,
              41.44965545384402
            ],
            [
              -7.5181139355310975,
              41.449323988365364
            ],
            [
              -7.517437346163274,
              41.44895266852813
            ],
            [
              -7.517217361007409,
              41.4488291311361
            ],
            [
              -7.5166375374601095,
              41.448653524829496
            ],
            [
              -7.516407869584265,
              41.448656262746304
            ],
            [
              -7.516131702773543,
              41.448753828053796
            ],
            [
              -7.515880960274063,
              41.44884648604549
            ],
            [
              -7.51562103265567,
              41.448884711736426
            ],
            [
              -7.515374616472702,
              41.44886115553777
            ],
            [
              -7.515149597384394,
              41.44875136668065
            ],
            [
              -7.5147498632893805,
              41.448414376619375
            ],
            [
              -7.514367208431998,
              41.44799229863771
            ],
            [
              -7.513945153551119,
              41.447649063063295
            ],
            [
              -7.51367744680955,
              41.447448193426936
            ],
            [
              -7.513435939497294,
              41.44728617912466
            ],
            [
              -7.513107018599329,
              41.44715557322418
            ],
            [
              -7.512852842330595,
              41.447105495731336
            ],
            [
              -7.512751843112931,
              41.44710558139748
            ],
            [
              -7.512517116957381,
              41.44718760745282
            ],
            [
              -7.512448243627607,
              41.44723252353882
            ],
            [
              -7.512330653262051,
              41.44732841591271
            ],
            [
              -7.512266373345468,
              41.447368224471056
            ],
            [
              -7.5120887039904725,
              41.44742723664125
            ],
            [
              -7.511937015453638,
              41.447409851453685
            ],
            [
              -7.511758261261593,
              41.44715507337456
            ],
            [
              -7.511676197992162,
              41.446887307064955
            ],
            [
              -7.511666797301011,
              41.446693135584525
            ],
            [
              -7.511608170629089,
              41.44646547838879
            ],
            [
              -7.511590018768382,
              41.446373902815175
            ],
            [
              -7.511470482352157,
              41.44618363635446
            ],
            [
              -7.511308403587083,
              41.446038437391756
            ],
            [
              -7.511005905160045,
              41.445974047682796
            ],
            [
              -7.5105658983225645,
              41.44598716124895
            ],
            [
              -7.510233339118216,
              41.44606334180595
            ],
            [
              -7.509885277657844,
              41.44610900433995
            ],
            [
              -7.50952318345295,
              41.44614531666943
            ],
            [
              -7.509242488581935,
              41.44611624383983
            ],
            [
              -7.508705482006371,
              41.44586033874339
            ],
            [
              -7.508142007033887,
              41.44544509533159
            ],
            [
              -7.507896794821129,
              41.445209131079444
            ],
            [
              -7.507762567853699,
              41.44501815243667
            ],
            [
              -7.507677938061264,
              41.44489614371731
            ],
            [
              -7.50755607311223,
              41.444676061292704
            ],
            [
              -7.507280564352232,
              41.44439319996479
            ],
            [
              -7.507083278241667,
              41.44421484841934
            ],
            [
              -7.506645724090658,
              41.4439354299803
            ],
            [
              -7.50645998058607,
              41.443900923940305
            ],
            [
              -7.506242869751895,
              41.44398024019588
            ],
            [
              -7.5060849392794475,
              41.44405276375807
            ],
            [
              -7.505734057056816,
              41.44414449820447
            ],
            [
              -7.505421194846594,
              41.4441509877943
            ],
            [
              -7.5049080866623825,
              41.443989552293914
            ],
            [
              -7.504610168258848,
              41.44378624824722
            ],
            [
              -7.504375341037037,
              41.4435556400684
            ],
            [
              -7.503638249941956,
              41.44282060828502
            ],
            [
              -7.503205294628384,
              41.44245134324005
            ],
            [
              -7.50258792406715,
              41.441861555105014
            ],
            [
              -7.502335766107206,
              41.44160528482054
            ],
            [
              -7.502066219474573,
              41.44115506426938
            ],
            [
              -7.501783661562954,
              41.44075113981297
            ],
            [
              -7.501545029875524,
              41.44045819806968
            ],
            [
              -7.5013325868144,
              41.440228793234816
            ],
            [
              -7.500804690361638,
              41.43978165880991
            ],
            [
              -7.50053151563305,
              41.43965860740049
            ],
            [
              -7.5002339413372745,
              41.43955928409097
            ],
            [
              -7.500181988513637,
              41.43953739527153
            ],
            [
              -7.499894533670006,
              41.43949304860661
            ],
            [
              -7.499848411589404,
              41.43948631464182
            ],
            [
              -7.499717883998249,
              41.43948505583252
            ],
            [
              -7.4993984613654705,
              41.43945539461745
            ],
            [
              -7.499320112300625,
              41.439440374022
            ],
            [
              -7.499028484145232,
              41.43943139104002
            ],
            [
              -7.498716300137306,
              41.43946965435864
            ],
            [
              -7.498412511599564,
              41.43950598049438
            ],
            [
              -7.49810516477498,
              41.43953832177941
            ],
            [
              -7.4977762093309686,
              41.43955398027772
            ],
            [
              -7.497429100033049,
              41.43956557311808
            ],
            [
              -7.4970147969087035,
              41.43964648790338
            ],
            [
              -7.497022525347267,
              41.43965139092785
            ],
            [
              -7.497158242366673,
              41.43977143900707
            ],
            [
              -7.497232771973206,
              41.43989592079059
            ],
            [
              -7.497255115347568,
              41.439923594347206
            ],
            [
              -7.497315331859032,
              41.43998191121691
            ],
            [
              -7.497347660068487,
              41.44000460046818
            ],
            [
              -7.497383825129988,
              41.44002586939247
            ],
            [
              -7.497466700320251,
              41.440067199527306
            ],
            [
              -7.497586169166976,
              41.44013593066907
            ],
            [
              -7.497829827495499,
              41.44030375090254
            ],
            [
              -7.497980970319951,
              41.440437116180306
            ],
            [
              -7.498150242630638,
              41.440638381400944
            ],
            [
              -7.498178089048447,
              41.440678512297126
            ],
            [
              -7.4982447889632535,
              41.44075928410581
            ],
            [
              -7.4983507863640355,
              41.44099540496661
            ],
            [
              -7.498371473144377,
              41.44124339306153
            ],
            [
              -7.498370901839182,
              41.4414744248086
            ],
            [
              -7.4983213019691375,
              41.441703119631754
            ],
            [
              -7.49821856594211,
              41.441931606723664
            ],
            [
              -7.4980305763325745,
              41.442141895381
            ],
            [
              -7.497948760377327,
              41.44226245663465
            ],
            [
              -7.497687835199444,
              41.44242983922544
            ],
            [
              -7.497404948054103,
              41.44256639935825
            ],
            [
              -7.497113888770356,
              41.44269480922661
            ],
            [
              -7.496869975884285,
              41.44284706925258
            ],
            [
              -7.4966100123927975,
              41.44298861898518
            ],
            [
              -7.4963061203939105,
              41.44308256190733
            ],
            [
              -7.496008557457205,
              41.4431779832955
            ],
            [
              -7.495729945448614,
              41.44329322018273
            ],
            [
              -7.495459649471685,
              41.44342624281101
            ],
            [
              -7.4953310380480564,
              41.44349783634269
            ],
            [
              -7.49528889739231,
              41.44353641028754
            ],
            [
              -7.495273316594324,
              41.44356387484222
            ],
            [
              -7.4952684009342905,
              41.44362570147055
            ],
            [
              -7.495301834969871,
              41.44384143497324
            ],
            [
              -7.495368146053586,
              41.443950391061165
            ],
            [
              -7.495407056276214,
              41.443984636882675
            ],
            [
              -7.495663420341842,
              41.44412705379134
            ],
            [
              -7.495904803371969,
              41.44428370059807
            ],
            [
              -7.496136527176028,
              41.44443741127499
            ],
            [
              -7.496354113147866,
              41.44460527204239
            ],
            [
              -7.496555832664155,
              41.44480474181869
            ],
            [
              -7.496772779341451,
              41.444977276659486
            ],
            [
              -7.4970105899142565,
              41.44513272906749
            ],
            [
              -7.4972369149801965,
              41.44528794192118
            ],
            [
              -7.497334981721014,
              41.44534304557333
            ],
            [
              -7.497589109506458,
              41.44553154291178
            ],
            [
              -7.497715873621086,
              41.445761569827084
            ],
            [
              -7.497744980008276,
              41.44585734804959
            ],
            [
              -7.497711584214336,
              41.446006084849934
            ],
            [
              -7.497680580407394,
              41.446080739332444
            ],
            [
              -7.497653448871617,
              41.44613884177889
            ],
            [
              -7.497627354685378,
              41.446176964967435
            ],
            [
              -7.497580058172583,
              41.4462045274356
            ],
            [
              -7.497529811936512,
              41.446227298837016
            ],
            [
              -7.497233078058475,
              41.44632218406817
            ],
            [
              -7.496921562062682,
              41.44641131704948
            ],
            [
              -7.496592986551749,
              41.44642076152383
            ],
            [
              -7.496246341819723,
              41.44641803894809
            ],
            [
              -7.495907456612752,
              41.446417607473805
            ],
            [
              -7.495582228108133,
              41.44641518339789
            ],
            [
              -7.495259043385687,
              41.4464483295999
            ],
            [
              -7.495102158912428,
              41.446486001566434
            ],
            [
              -7.495072576752235,
              41.44648862599614
            ],
            [
              -7.494790135533129,
              41.44658953123648
            ],
            [
              -7.494519660312794,
              41.44671543660755
            ],
            [
              -7.494481179698223,
              41.44673440212347
            ],
            [
              -7.494446868706232,
              41.44675564084085
            ],
            [
              -7.494416585782476,
              41.446780774473886
            ],
            [
              -7.494258080576861,
              41.446983290738885
            ],
            [
              -7.4941314453693355,
              41.44721911892175
            ],
            [
              -7.494080889048309,
              41.4474574413811
            ],
            [
              -7.49403811720265,
              41.44769499130329
            ],
            [
              -7.494033134763275,
              41.44792284869103
            ],
            [
              -7.494025848223722,
              41.44816672284533
            ],
            [
              -7.4940251454037,
              41.44840954679834
            ],
            [
              -7.494004306099701,
              41.448668293849146
            ],
            [
              -7.493982525482807,
              41.448827718564175
            ],
            [
              -7.493959355143779,
              41.4488720662048
            ],
            [
              -7.493939879134117,
              41.448905184942795
            ],
            [
              -7.4939170204490795,
              41.44893008956751
            ],
            [
              -7.493886439261193,
              41.44894927524255
            ],
            [
              -7.493840479873547,
              41.44897386960885
            ],
            [
              -7.493810099857239,
              41.448984870971316
            ],
            [
              -7.493768319283951,
              41.44899850021964
            ],
            [
              -7.493601022208139,
              41.449010720452655
            ],
            [
              -7.493407667757904,
              41.44895850617761
            ],
            [
              -7.493140480926205,
              41.44879576904366
            ],
            [
              -7.493028081514382,
              41.44870114698671
            ],
            [
              -7.4930158484424485,
              41.448691806743604
            ],
            [
              -7.492981636929407,
              41.448677570354704
            ],
            [
              -7.492837825636563,
              41.448637966084
            ],
            [
              -7.4926842694305495,
              41.448627842749154
            ],
            [
              -7.492548670657994,
              41.44862907132813
            ],
            [
              -7.492497031459748,
              41.44863553667106
            ],
            [
              -7.492449417727211,
              41.44864652724022
            ],
            [
              -7.492417124805553,
              41.44865697014725
            ],
            [
              -7.4923846631156925,
              41.44867228049291
            ],
            [
              -7.492355991673462,
              41.448679412124605
            ],
            [
              -7.492344398485962,
              41.44869006394597
            ],
            [
              -7.492270891382103,
              41.44875384931179
            ],
            [
              -7.492175061165629,
              41.448861362661674
            ],
            [
              -7.492122654913041,
              41.44895813498608
            ],
            [
              -7.492099326952217,
              41.449030033183874
            ],
            [
              -7.492100262509307,
              41.449045257622366
            ],
            [
              -7.49211803761788,
              41.44929457901799
            ],
            [
              -7.492098281539586,
              41.44951505900076
            ],
            [
              -7.491973434681738,
              41.449859659468885
            ],
            [
              -7.491814836621666,
              41.450070910863495
            ],
            [
              -7.491590705374695,
              41.45023929297913
            ],
            [
              -7.491386786188373,
              41.45041031388706
            ],
            [
              -7.491354617083479,
              41.45043237305907
            ],
            [
              -7.491326592347339,
              41.45044653104773
            ],
            [
              -7.490935596812376,
              41.45085070034344
            ],
            [
              -7.490441824186159,
              41.451289045425
            ],
            [
              -7.490210954373104,
              41.451472965630316
            ],
            [
              -7.490184019015915,
              41.451498655261496
            ],
            [
              -7.489980570225172,
              41.45170524238736
            ],
            [
              -7.48992947131796,
              41.451790131373706
            ],
            [
              -7.489811473335958,
              41.45203320143916
            ],
            [
              -7.489801591073018,
              41.45212543929358
            ],
            [
              -7.489786188139122,
              41.452230873835525
            ],
            [
              -7.489771269643499,
              41.45246993098832
            ],
            [
              -7.489756028572076,
              41.452692689348865
            ],
            [
              -7.489687572777753,
              41.45292388650711
            ],
            [
              -7.489595673820079,
              41.45315350735613
            ],
            [
              -7.489566735626914,
              41.45322420669795
            ],
            [
              -7.489528407894873,
              41.45328819154971
            ],
            [
              -7.489452556007993,
              41.4534430818271
            ],
            [
              -7.489422413199309,
              41.453685113205694
            ],
            [
              -7.489432554541244,
              41.45391891086341
            ],
            [
              -7.4895004525044415,
              41.45414582048336
            ],
            [
              -7.4895152929801645,
              41.454181650606564
            ],
            [
              -7.48959759197405,
              41.454307890330405
            ],
            [
              -7.489612662007336,
              41.45433273342371
            ],
            [
              -7.489620148004404,
              41.45435078120232
            ],
            [
              -7.48965477325807,
              41.454578050221194
            ],
            [
              -7.489652808144047,
              41.45459487733154
            ],
            [
              -7.48961675894956,
              41.45471874785081
            ],
            [
              -7.489599269441547,
              41.45481796159143
            ],
            [
              -7.489516021099505,
              41.45498298484208
            ],
            [
              -7.4894632536943515,
              41.45511550000493
            ],
            [
              -7.48945445931273,
              41.45513318658244
            ],
            [
              -7.489406645598921,
              41.45518856463515
            ],
            [
              -7.489268975275269,
              41.45525253366856
            ],
            [
              -7.489002825763285,
              41.455359633769625
            ],
            [
              -7.488739987960365,
              41.45548259947818
            ],
            [
              -7.488711528440182,
              41.45549252256814
            ],
            [
              -7.4886771880660215,
              41.455503857823956
            ],
            [
              -7.488532791150398,
              41.4555460881094
            ],
            [
              -7.488473100701064,
              41.455555117630794
            ],
            [
              -7.488162942198919,
              41.45556121967601
            ],
            [
              -7.487848544797024,
              41.45554820804637
            ],
            [
              -7.487667309645826,
              41.45551622166031
            ],
            [
              -7.487353170053781,
              41.45546494196271
            ],
            [
              -7.487055984575219,
              41.45538116539222
            ],
            [
              -7.486761984959644,
              41.45526697474352
            ],
            [
              -7.486448818422881,
              41.45516563754033
            ],
            [
              -7.4861362500770445,
              41.45506538421101
            ],
            [
              -7.485837794921765,
              41.45499024014733
            ],
            [
              -7.485505881379255,
              41.45495740602691
            ],
            [
              -7.485397564595559,
              41.45496976443465
            ],
            [
              -7.485096972898305,
              41.45505001016474
            ],
            [
              -7.48506393302473,
              41.45506243303034
            ],
            [
              -7.4847792737723555,
              41.455165278205726
            ],
            [
              -7.484706989256048,
              41.455188459073604
            ],
            [
              -7.484674682859403,
              41.455199803698505
            ],
            [
              -7.484397783344756,
              41.45529224630057
            ],
            [
              -7.4842647208378805,
              41.45533768468971
            ],
            [
              -7.484202252042922,
              41.45536173545215
            ],
            [
              -7.484045900803506,
              41.45541407151785
            ],
            [
              -7.484015032998382,
              41.45542515305785
            ],
            [
              -7.4839504491100675,
              41.45544477445998
            ],
            [
              -7.48388036987145,
              41.455475624124
            ],
            [
              -7.483619880721405,
              41.45562632232182
            ],
            [
              -7.483587010705405,
              41.45565801125435
            ],
            [
              -7.483561340440527,
              41.45568793826102
            ],
            [
              -7.483525933895761,
              41.455746534359044
            ],
            [
              -7.48350504626935,
              41.45580043679472
            ],
            [
              -7.483443751102762,
              41.456043468250265
            ],
            [
              -7.483436883945822,
              41.45627671195315
            ],
            [
              -7.483446146562773,
              41.45651284513746
            ],
            [
              -7.483459959085704,
              41.4566282588213
            ],
            [
              -7.483475875105171,
              41.456760886229404
            ],
            [
              -7.483452689430042,
              41.45698602972607
            ],
            [
              -7.483399701023953,
              41.45721136143882
            ],
            [
              -7.483373365625792,
              41.45745260669621
            ],
            [
              -7.4833617017557055,
              41.45757832183419
            ],
            [
              -7.483361248665186,
              41.45769590949343
            ],
            [
              -7.483442613875167,
              41.45792659195839
            ],
            [
              -7.483546199936931,
              41.45816181171947
            ],
            [
              -7.483559810483931,
              41.458189438537445
            ],
            [
              -7.483592591720313,
              41.45823887466567
            ],
            [
              -7.4836202870916715,
              41.458293865352694
            ],
            [
              -7.483720201509339,
              41.45844109845866
            ],
            [
              -7.483741854811143,
              41.4584662504812
            ],
            [
              -7.483877452449299,
              41.458599817155864
            ],
            [
              -7.483893300682961,
              41.45861899564988
            ],
            [
              -7.483910385229326,
              41.4586461036011
            ],
            [
              -7.483966440089455,
              41.4587139433651
            ],
            [
              -7.484040428837736,
              41.45880835739513
            ],
            [
              -7.48404914289032,
              41.458822454360416
            ],
            [
              -7.484080647777301,
              41.458928428180585
            ],
            [
              -7.484086146920623,
              41.458953217075454
            ],
            [
              -7.4841264457125405,
              41.45918583182917
            ],
            [
              -7.484217274626561,
              41.45941566670155
            ],
            [
              -7.484289141702145,
              41.45954329547371
            ],
            [
              -7.4843380385281995,
              41.45960938304356
            ],
            [
              -7.484427062974513,
              41.45978068888779
            ],
            [
              -7.484443346155466,
              41.45980382874496
            ],
            [
              -7.484474289009813,
              41.459845957530284
            ],
            [
              -7.484507509604606,
              41.45991115258697
            ],
            [
              -7.484542493884477,
              41.460076480297836
            ],
            [
              -7.484486734290463,
              41.46029198618353
            ],
            [
              -7.484478175711248,
              41.46030994470672
            ],
            [
              -7.484466868853749,
              41.4603277976938
            ],
            [
              -7.484453068915955,
              41.46034347750027
            ],
            [
              -7.484352530004284,
              41.460427904983696
            ],
            [
              -7.4841159423480415,
              41.46060467090565
            ],
            [
              -7.4838999170454645,
              41.460770834212546
            ],
            [
              -7.483673332002106,
              41.460916773390146
            ],
            [
              -7.483447223431635,
              41.461073874166225
            ],
            [
              -7.483364092794633,
              41.46111644299389
            ],
            [
              -7.48329989846755,
              41.4611445334134
            ],
            [
              -7.4831890432270685,
              41.46119451412223
            ],
            [
              -7.482929674167614,
              41.461302265882345
            ],
            [
              -7.482622207597135,
              41.461395886369324
            ],
            [
              -7.482326097724734,
              41.46144319510866
            ],
            [
              -7.482035553771109,
              41.46147225769502
            ],
            [
              -7.4817353686346495,
              41.46147137400889
            ],
            [
              -7.48143359764604,
              41.46142636624663
            ],
            [
              -7.481107902410898,
              41.461391300988986
            ],
            [
              -7.480783812117362,
              41.46136381073705
            ],
            [
              -7.480469775249382,
              41.46133619473414
            ],
            [
              -7.480143178683376,
              41.46131912840918
            ],
            [
              -7.4797987922525735,
              41.46133437574238
            ],
            [
              -7.479629220387933,
              41.46137924568687
            ],
            [
              -7.4795864336734414,
              41.46139674377535
            ],
            [
              -7.479550687093276,
              41.461416531006016
            ],
            [
              -7.479452684006322,
              41.461486024914855
            ],
            [
              -7.47934140664177,
              41.46158983795863
            ],
            [
              -7.479254136763351,
              41.461722057607915
            ],
            [
              -7.479216401320386,
              41.461833038703936
            ],
            [
              -7.479185484202909,
              41.46208776159314
            ],
            [
              -7.479192890397258,
              41.46212498864329
            ],
            [
              -7.479230612415972,
              41.462231265577486
            ],
            [
              -7.47924111611303,
              41.462257794764504
            ],
            [
              -7.479254021642951,
              41.462284251166125
            ],
            [
              -7.479270045503867,
              41.46230972946657
            ],
            [
              -7.479360938715254,
              41.4624362970882
            ],
            [
              -7.479400953854856,
              41.462492707539084
            ],
            [
              -7.479450240065532,
              41.462542866172214
            ],
            [
              -7.479473907240652,
              41.46257055149808
            ],
            [
              -7.479628039261084,
              41.46276554362976
            ],
            [
              -7.479643184550438,
              41.46279462472267
            ],
            [
              -7.479776086257808,
              41.46301794906505
            ],
            [
              -7.479792327838915,
              41.46304586316398
            ],
            [
              -7.479883786672577,
              41.46315217314069
            ],
            [
              -7.480097012491668,
              41.46331517822216
            ],
            [
              -7.480853683479671,
              41.463416248091306
            ],
            [
              -7.480883697053161,
              41.46343136013878
            ],
            [
              -7.480913487753911,
              41.46345629229866
            ],
            [
              -7.480922266413463,
              41.46347659710005
            ],
            [
              -7.48092528155383,
              41.4634982234004
            ],
            [
              -7.480914995366394,
              41.463569115304445
            ],
            [
              -7.480902031419886,
              41.46359677451462
            ],
            [
              -7.480887974929002,
              41.4636138912403
            ],
            [
              -7.480863693808347,
              41.46363626495273
            ],
            [
              -7.480756996392793,
              41.46370120782612
            ],
            [
              -7.480719713094935,
              41.463718733035876
            ],
            [
              -7.480477752396602,
              41.46375959119514
            ],
            [
              -7.480358293685383,
              41.46381996477822
            ],
            [
              -7.480231803667166,
              41.46399680254798
            ],
            [
              -7.480206235727215,
              41.464183215078656
            ],
            [
              -7.4801151642470725,
              41.464409145454944
            ],
            [
              -7.4799650506244175,
              41.464637890961136
            ],
            [
              -7.479802554243892,
              41.46479984662894
            ],
            [
              -7.479572369160658,
              41.46495556861935
            ],
            [
              -7.479213350267912,
              41.46516287371524
            ],
            [
              -7.478770510959451,
              41.4653849137756
            ],
            [
              -7.478403517844386,
              41.46559919484812
            ],
            [
              -7.478003586785865,
              41.46597004115664
            ],
            [
              -7.477720350625362,
              41.46625853386708
            ],
            [
              -7.477349012178255,
              41.466618824392455
            ],
            [
              -7.476985884621902,
              41.466839870383964
            ],
            [
              -7.47682747124593,
              41.46692837921097
            ],
            [
              -7.476704951295945,
              41.467018259543984
            ],
            [
              -7.476454396070505,
              41.467138654896175
            ],
            [
              -7.476177796685872,
              41.46726619226249
            ],
            [
              -7.475924757747823,
              41.467371444035436
            ],
            [
              -7.475811788117086,
              41.46741581949885
            ],
            [
              -7.475650602485113,
              41.467422736165986
            ],
            [
              -7.47539652219034,
              41.46741732827321
            ],
            [
              -7.475054902574525,
              41.46739206172599
            ],
            [
              -7.474767937853279,
              41.467359719343214
            ],
            [
              -7.474452468288657,
              41.467388624538316
            ],
            [
              -7.474208666564811,
              41.4674564730981
            ],
            [
              -7.473914120746484,
              41.46766547868134
            ],
            [
              -7.473751806322998,
              41.46785425812727
            ],
            [
              -7.47357427853815,
              41.46812785889659
            ],
            [
              -7.473510990047983,
              41.46838518101515
            ],
            [
              -7.4735463539723614,
              41.46864028031312
            ],
            [
              -7.473578689551156,
              41.46882900042963
            ],
            [
              -7.473578115768501,
              41.46899250661148
            ],
            [
              -7.47356126185973,
              41.469049222312364
            ],
            [
              -7.473495411146937,
              41.46910962323766
            ],
            [
              -7.473247761058595,
              41.46926100045484
            ],
            [
              -7.473049507707145,
              41.46930992785714
            ],
            [
              -7.47285646419884,
              41.46935303233527
            ],
            [
              -7.472787615368127,
              41.46940242737389
            ],
            [
              -7.472759468468964,
              41.46945124569623
            ],
            [
              -7.472757116845032,
              41.469541542355884
            ],
            [
              -7.4729367694165525,
              41.46971021577721
            ],
            [
              -7.473244140585226,
              41.46986818860256
            ],
            [
              -7.473501236885575,
              41.46997851310715
            ],
            [
              -7.4738182133330096,
              41.470074504030144
            ],
            [
              -7.474123210143645,
              41.47013621361998
            ],
            [
              -7.474399668476894,
              41.47022584820581
            ],
            [
              -7.474686578661401,
              41.47034786207991
            ],
            [
              -7.474840882365959,
              41.4704902799272
            ],
            [
              -7.474914570160845,
              41.470733260095514
            ],
            [
              -7.474916210538297,
              41.4709389167959
            ],
            [
              -7.474893480620568,
              41.471281196695166
            ],
            [
              -7.474877956192479,
              41.47152736058847
            ],
            [
              -7.474858161612793,
              41.47170984571622
            ],
            [
              -7.474825487615277,
              41.472017222961334
            ],
            [
              -7.474861814159572,
              41.47217832822837
            ],
            [
              -7.4749327016273925,
              41.47229524060625
            ],
            [
              -7.475033548067429,
              41.47244491637044
            ],
            [
              -7.475059437902544,
              41.47253708443048
            ],
            [
              -7.475051052985886,
              41.4726090643213
            ],
            [
              -7.475008948766606,
              41.47278358848289
            ],
            [
              -7.474908943715277,
              41.472941933694074
            ],
            [
              -7.4748109364426,
              41.473069137932086
            ],
            [
              -7.4745498783059325,
              41.47321954161264
            ],
            [
              -7.47409994076257,
              41.47352075713071
            ],
            [
              -7.473915982300434,
              41.47369446625034
            ],
            [
              -7.4736240368105475,
              41.47402197596189
            ],
            [
              -7.473212288587809,
              41.474500511977816
            ],
            [
              -7.47273290169249,
              41.475001435117214
            ],
            [
              -7.472480051694897,
              41.475227333127684
            ],
            [
              -7.4722740580631815,
              41.47549509200203
            ],
            [
              -7.472200388761191,
              41.47565251011155
            ],
            [
              -7.472189752059858,
              41.4759347149791
            ],
            [
              -7.472237225772351,
              41.476283248075404
            ],
            [
              -7.472276410886185,
              41.47649253996008
            ],
            [
              -7.472287511936735,
              41.47670842244148
            ],
            [
              -7.472191510488155,
              41.47695565399501
            ],
            [
              -7.472044512025528,
              41.477213396951505
            ],
            [
              -7.47183822538255,
              41.4775568780149
            ],
            [
              -7.471665717160539,
              41.47780376286285
            ],
            [
              -7.471595375545172,
              41.47801134547663
            ],
            [
              -7.471604879327676,
              41.47830203774294
            ],
            [
              -7.47157120388388,
              41.47850587041101
            ],
            [
              -7.4715040117267915,
              41.47876884358585
            ],
            [
              -7.471478904658442,
              41.47894229171784
            ],
            [
              -7.47146057602814,
              41.479215356458546
            ],
            [
              -7.471392368953436,
              41.4794240325302
            ],
            [
              -7.472793018339385,
              41.48008932747492
            ],
            [
              -7.473247732283636,
              41.48051645212328
            ],
            [
              -7.4733778131286135,
              41.480676649429064
            ],
            [
              -7.473486415374714,
              41.48090128520938
            ],
            [
              -7.473770608611013,
              41.48143835571364
            ],
            [
              -7.473942556536792,
              41.48191176373441
            ],
            [
              -7.47399911927139,
              41.48213150790644
            ],
            [
              -7.474004519441993,
              41.4822255367753
            ],
            [
              -7.4739525569169425,
              41.48232004816784
            ],
            [
              -7.473938593563941,
              41.48243395631448
            ],
            [
              -7.473956931634043,
              41.48252742995952
            ],
            [
              -7.474024922387191,
              41.48267106650251
            ],
            [
              -7.474126515646144,
              41.482878731594944
            ],
            [
              -7.474185663023774,
              41.48303294365828
            ],
            [
              -7.474243283087139,
              41.483255571343484
            ],
            [
              -7.47431325601573,
              41.48349988427521
            ],
            [
              -7.474434379697994,
              41.48384829762833
            ],
            [
              -7.474490644667471,
              41.48411053863244
            ],
            [
              -7.474534053667987,
              41.48422251897132
            ],
            [
              -7.474599159930257,
              41.48430815413799
            ],
            [
              -7.474853656118006,
              41.4845872836375
            ],
            [
              -7.4749323992882175,
              41.484734039726455
            ],
            [
              -7.475100717667763,
              41.48506984783082
            ],
            [
              -7.475188718546215,
              41.48524871472751
            ],
            [
              -7.475244584770099,
              41.485443424523844
            ],
            [
              -7.475258708193441,
              41.48556307216837
            ],
            [
              -7.475245174756679,
              41.485812306381284
            ],
            [
              -7.475244726313064,
              41.485952402037846
            ],
            [
              -7.475256010692596,
              41.48608022959263
            ],
            [
              -7.475242945834074,
              41.48622394193873
            ],
            [
              -7.475214636746958,
              41.48639512321186
            ],
            [
              -7.47520711051037,
              41.48661936208511
            ],
            [
              -7.475175573478148,
              41.48684931337195
            ],
            [
              -7.475194869084593,
              41.48707307628529
            ],
            [
              -7.475224545993104,
              41.48725332198775
            ],
            [
              -7.475197827915927,
              41.4873975000338
            ],
            [
              -7.475184191850348,
              41.48760982070669
            ],
            [
              -7.475184752373421,
              41.48772011682262
            ],
            [
              -7.475161002315724,
              41.48789105310122
            ],
            [
              -7.475125514049273,
              41.487966570216244
            ],
            [
              -7.475062164917653,
              41.48805003404143
            ],
            [
              -7.475024417617115,
              41.488135892563854
            ],
            [
              -7.475025252363135,
              41.48823160589049
            ],
            [
              -7.475052193459808,
              41.48838590591727
            ],
            [
              -7.475096989101285,
              41.48856263028992
            ],
            [
              -7.475087970139081,
              41.48873302143757
            ],
            [
              -7.475053297963536,
              41.4889053339831
            ],
            [
              -7.475046342171148,
              41.489096892237036
            ],
            [
              -7.475090745978356,
              41.48937202492006
            ],
            [
              -7.475093978748157,
              41.489609561699154
            ],
            [
              -7.475288293249048,
              41.48980281146592
            ],
            [
              -7.475503395177783,
              41.490262414711246
            ],
            [
              -7.475871040389571,
              41.49092502082946
            ],
            [
              -7.476111799469923,
              41.491370722655574
            ],
            [
              -7.47645850572683,
              41.49185520314236
            ],
            [
              -7.476760626961606,
              41.4922483088772
            ],
            [
              -7.477069871436127,
              41.492660009437564
            ],
            [
              -7.477308788075805,
              41.49296830121977
            ],
            [
              -7.477519082885714,
              41.49322952321427
            ],
            [
              -7.47761860249362,
              41.493371898303984
            ],
            [
              -7.4776630952492225,
              41.49340114046356
            ],
            [
              -7.477711037824567,
              41.4934567860654
            ],
            [
              -7.4777219840120095,
              41.49346360038095
            ],
            [
              -7.477803203199562,
              41.49360388929084
            ],
            [
              -7.477874287473314,
              41.493763836898005
            ],
            [
              -7.4779176822270745,
              41.49385466041242
            ],
            [
              -7.478015754862835,
              41.49398667164712
            ],
            [
              -7.478186329362463,
              41.49416042124444
            ],
            [
              -7.478304380167396,
              41.49427093779718
            ],
            [
              -7.478592566485236,
              41.49451567048869
            ],
            [
              -7.479020553025933,
              41.49482737450979
            ],
            [
              -7.479351012374259,
              41.49506055162469
            ],
            [
              -7.479763957815814,
              41.49536865048624
            ],
            [
              -7.480098764137602,
              41.49567082273148
            ],
            [
              -7.4802665605041305,
              41.4958723715307
            ],
            [
              -7.480407685296602,
              41.49609457196791
            ],
            [
              -7.480437257731509,
              41.49629849363512
            ],
            [
              -7.480455631955355,
              41.49655690837356
            ],
            [
              -7.480503577678635,
              41.49675634503823
            ],
            [
              -7.480497230306369,
              41.497007602825185
            ],
            [
              -7.480455567630815,
              41.497198064746335
            ],
            [
              -7.480466161567876,
              41.49749164458614
            ],
            [
              -7.480483511423214,
              41.497720792962966
            ],
            [
              -7.480493045859248,
              41.49789290934374
            ],
            [
              -7.480533308814595,
              41.49826174722699
            ],
            [
              -7.480606986683982,
              41.4984507026286
            ],
            [
              -7.480622646678281,
              41.49850166193495
            ],
            [
              -7.4807464436208955,
              41.498744648732306
            ],
            [
              -7.481172419912235,
              41.49981228153512
            ],
            [
              -7.481186833141085,
              41.499844688602586
            ],
            [
              -7.481016406040643,
              41.49976106775506
            ],
            [
              -7.480834053989636,
              41.49969611048745
            ],
            [
              -7.480524134879237,
              41.49960972409073
            ],
            [
              -7.48013114491442,
              41.499482531027326
            ],
            [
              -7.4796649338838606,
              41.499408494928666
            ],
            [
              -7.479513108483476,
              41.49939295877353
            ],
            [
              -7.479249227591936,
              41.4993379827363
            ],
            [
              -7.478935654026985,
              41.49924535777511
            ],
            [
              -7.4786252301033525,
              41.49909026635113
            ],
            [
              -7.478409356008273,
              41.49896523843785
            ],
            [
              -7.478156346776072,
              41.498817496406815
            ],
            [
              -7.477851157881954,
              41.498689978865066
            ],
            [
              -7.477489189453005,
              41.4985275695468
            ],
            [
              -7.477302178884719,
              41.498402975093164
            ],
            [
              -7.477113108289454,
              41.498244877220635
            ],
            [
              -7.476834194475149,
              41.49810175382084
            ],
            [
              -7.476479438744205,
              41.498008620649834
            ],
            [
              -7.47618352019424,
              41.497948680860766
            ],
            [
              -7.475771246856108,
              41.497870879943726
            ],
            [
              -7.475475336675098,
              41.4978221967088
            ],
            [
              -7.474992078919807,
              41.49777730558884
            ],
            [
              -7.474647410235868,
              41.49776516757864
            ],
            [
              -7.474305649422117,
              41.497762134509024
            ],
            [
              -7.473896909957704,
              41.49778591336821
            ],
            [
              -7.4734140984573,
              41.497839155785435
            ],
            [
              -7.472896798183804,
              41.49790399225481
            ],
            [
              -7.472610862032412,
              41.49792207331768
            ],
            [
              -7.4723231633684986,
              41.497913946144024
            ],
            [
              -7.472075879788567,
              41.497888582307425
            ],
            [
              -7.471769838458115,
              41.4977872465354
            ],
            [
              -7.471444226444765,
              41.49762052265394
            ],
            [
              -7.4711436651032,
              41.497451687484784
            ],
            [
              -7.470779562501409,
              41.4972545793111
            ],
            [
              -7.470254654735675,
              41.496972455217445
            ],
            [
              -7.469954389244706,
              41.496822525676876
            ],
            [
              -7.46968742862466,
              41.49668341732892
            ],
            [
              -7.469377988477391,
              41.49651731929051
            ],
            [
              -7.469172801372267,
              41.49645059286891
            ],
            [
              -7.468701499071577,
              41.496279874171776
            ],
            [
              -7.468477579017335,
              41.49622996270143
            ],
            [
              -7.468198530082018,
              41.496184955195524
            ],
            [
              -7.467916622022829,
              41.49613804508491
            ],
            [
              -7.467825612721562,
              41.4961254563231
            ],
            [
              -7.46724594597028,
              41.49597724361057
            ],
            [
              -7.465046776652042,
              41.49530726323066
            ],
            [
              -7.461670041505657,
              41.4942018219926
            ],
            [
              -7.459811560985017,
              41.49334581638428
            ],
            [
              -7.4595303173277046,
              41.4932941149058
            ],
            [
              -7.459324178421345,
              41.493310561204
            ],
            [
              -7.458986939571362,
              41.49337026461481
            ],
            [
              -7.458303850921165,
              41.49363863596883
            ],
            [
              -7.455982210393735,
              41.49430904192509
            ],
            [
              -7.454949620706586,
              41.50029474411605
            ],
            [
              -7.453794795483266,
              41.499920779432756
            ],
            [
              -7.4536583729067,
              41.499887294383115
            ],
            [
              -7.453466791346308,
              41.499825660674226
            ],
            [
              -7.453220094022829,
              41.49975560195107
            ],
            [
              -7.452963617998833,
              41.49969268518842
            ],
            [
              -7.4526313818383745,
              41.499613653073276
            ],
            [
              -7.452247673997334,
              41.499555115819454
            ],
            [
              -7.452020352601643,
              41.499487060918014
            ],
            [
              -7.451749127980201,
              41.499403073514685
            ],
            [
              -7.451478642934383,
              41.49927146529574
            ],
            [
              -7.451250095844782,
              41.49911480177426
            ],
            [
              -7.451025485277291,
              41.49892583579302
            ],
            [
              -7.450594778598908,
              41.49850660131403
            ],
            [
              -7.450468915687582,
              41.49842563341358
            ],
            [
              -7.450271943874602,
              41.498319753852655
            ],
            [
              -7.450101172837701,
              41.49825013288667
            ],
            [
              -7.449811626347317,
              41.49815532121168
            ],
            [
              -7.449393685929399,
              41.49803885866072
            ],
            [
              -7.449127235178589,
              41.49794607425007
            ],
            [
              -7.448846083022942,
              41.49782771927351
            ],
            [
              -7.448589909504423,
              41.49766827498564
            ],
            [
              -7.448318891958548,
              41.49750892452083
            ],
            [
              -7.448111601158219,
              41.497382543043855
            ],
            [
              -7.447929280361422,
              41.49730690846911
            ],
            [
              -7.447684221726015,
              41.49721875003917
            ],
            [
              -7.447384833453829,
              41.49710415172745
            ],
            [
              -7.447149772521084,
              41.497011010551105
            ],
            [
              -7.446826148986649,
              41.49694578880701
            ],
            [
              -7.446587539922402,
              41.49690502638549
            ],
            [
              -7.446674150911458,
              41.496970816212546
            ],
            [
              -7.440112564284962,
              41.503511832650254
            ],
            [
              -7.440051465854744,
              41.50363724526761
            ],
            [
              -7.439909742905023,
              41.5038429392918
            ],
            [
              -7.439639331632566,
              41.5039977089977
            ],
            [
              -7.439558286112861,
              41.50405016512197
            ],
            [
              -7.43952170386364,
              41.50411179856441
            ],
            [
              -7.438883612145733,
              41.50473650673082
            ],
            [
              -7.434718110861676,
              41.50989702010065
            ],
            [
              -7.434542299068795,
              41.51006171232317
            ],
            [
              -7.434295644690523,
              41.51041055435706
            ],
            [
              -7.433900566067425,
              41.510849335102776
            ],
            [
              -7.433530219357445,
              41.51112620458427
            ],
            [
              -7.4332313911663555,
              41.511268183538235
            ],
            [
              -7.432781176779801,
              41.51141878212098
            ],
            [
              -7.4325400129093415,
              41.51151122512053
            ],
            [
              -7.432002443625016,
              41.5116762374053
            ],
            [
              -7.431717139628299,
              41.511718440564366
            ],
            [
              -7.431459802636354,
              41.51176666968276
            ],
            [
              -7.430708058230037,
              41.5119636837941
            ],
            [
              -7.429054374018406,
              41.51499566591368
            ],
            [
              -7.428708522110105,
              41.515606341962354
            ],
            [
              -7.427021608320861,
              41.51806095848021
            ],
            [
              -7.4268862622461125,
              41.51824668577211
            ],
            [
              -7.423356109846582,
              41.52279706281269
            ],
            [
              -7.421755036530802,
              41.52491421826694
            ],
            [
              -7.4209268847580345,
              41.52786535649366
            ],
            [
              -7.4197701091066985,
              41.52774116360478
            ],
            [
              -7.41878157872115,
              41.52780113098084
            ],
            [
              -7.417860727392194,
              41.526836540604016
            ],
            [
              -7.417888827007605,
              41.526809164878124
            ],
            [
              -7.417774739761567,
              41.52671302030828
            ],
            [
              -7.417691688702574,
              41.52661661672049
            ],
            [
              -7.417433938525159,
              41.52625973232383
            ],
            [
              -7.417022248937876,
              41.52566149753675
            ],
            [
              -7.416956648347908,
              41.5255041577131
            ],
            [
              -7.4169084111935595,
              41.525412653178286
            ],
            [
              -7.416835953619264,
              41.52531208317964
            ],
            [
              -7.4167284221636285,
              41.52520841255657
            ],
            [
              -7.416588393924893,
              41.52512957061668
            ],
            [
              -7.416401728659488,
              41.52509717169638
            ],
            [
              -7.416108429643107,
              41.525086344180345
            ],
            [
              -7.415778988219599,
              41.52509420190107
            ],
            [
              -7.41546358331419,
              41.525078465575554
            ],
            [
              -7.415162013360298,
              41.525013829992616
            ],
            [
              -7.414877242188257,
              41.52492562144176
            ],
            [
              -7.414635757952233,
              41.524844796477446
            ],
            [
              -7.414423485324721,
              41.524809443204525
            ],
            [
              -7.414098474891242,
              41.5247736539368
            ],
            [
              -7.413739909118134,
              41.52472838181726
            ],
            [
              -7.413413032040572,
              41.524644767355305
            ],
            [
              -7.41234062841416,
              41.524405868324614
            ],
            [
              -7.411661082339464,
              41.524231723125716
            ],
            [
              -7.411347058324968,
              41.524156560491356
            ],
            [
              -7.411086548212754,
              41.52410658057853
            ],
            [
              -7.41090251535575,
              41.52403168717666
            ],
            [
              -7.410736813062491,
              41.523913870816756
            ],
            [
              -7.410468090503609,
              41.523740042089905
            ],
            [
              -7.410226542762858,
              41.52361220621742
            ],
            [
              -7.409927143315442,
              41.52348283916554
            ],
            [
              -7.409646268853312,
              41.52338969191667
            ],
            [
              -7.409447486292812,
              41.52329471421974
            ],
            [
              -7.409151173914645,
              41.52308181269124
            ],
            [
              -7.408771164435142,
              41.52284308368113
            ],
            [
              -7.408592972750198,
              41.522739590616645
            ],
            [
              -7.408060062251367,
              41.52247144677758
            ],
            [
              -7.407284976188684,
              41.52212245569646
            ],
            [
              -7.406848062265493,
              41.521809890729315
            ],
            [
              -7.406604953184488,
              41.52153275825967
            ],
            [
              -7.406428715524714,
              41.52127558142919
            ],
            [
              -7.406284265318035,
              41.52095054333655
            ],
            [
              -7.405852383343892,
              41.52009112429542
            ],
            [
              -7.405567825270371,
              41.51955749026704
            ],
            [
              -7.405483662104074,
              41.51941316820422
            ],
            [
              -7.4051434742835776,
              41.51906582304793
            ],
            [
              -7.40476560765376,
              41.51859641954898
            ],
            [
              -7.404741524963133,
              41.51857511185407
            ],
            [
              -7.404328828916757,
              41.51819948436505
            ],
            [
              -7.4038055941020495,
              41.517767964252535
            ],
            [
              -7.403464868804341,
              41.517502452794396
            ],
            [
              -7.403159641222958,
              41.51712741011752
            ],
            [
              -7.40277917336469,
              41.516528601598715
            ],
            [
              -7.402602730718927,
              41.51616391643202
            ],
            [
              -7.402605133848773,
              41.5161524060148
            ],
            [
              -7.402498954974376,
              41.515910619574726
            ],
            [
              -7.402289748079568,
              41.515337562051364
            ],
            [
              -7.4020763450573535,
              41.51461618856504
            ],
            [
              -7.401921833038387,
              41.513845761214256
            ],
            [
              -7.401954847297388,
              41.51358315286325
            ],
            [
              -7.401953748813012,
              41.51341432936426
            ],
            [
              -7.401926266238662,
              41.51288492109746
            ],
            [
              -7.401923601618243,
              41.51283430043325
            ],
            [
              -7.401922321379589,
              41.51258498231321
            ],
            [
              -7.40193433042373,
              41.51231522104329
            ],
            [
              -7.401937276622805,
              41.511732791316675
            ],
            [
              -7.401936638447324,
              41.510988369504574
            ],
            [
              -7.401938907087206,
              41.51036947377426
            ],
            [
              -7.401944039122537,
              41.51035005561283
            ],
            [
              -7.4018803919232194,
              41.509948450388826
            ],
            [
              -7.40172075081892,
              41.50926226282592
            ],
            [
              -7.401704593364155,
              41.50904751526321
            ],
            [
              -7.401657133061809,
              41.508697778915355
            ],
            [
              -7.401489127927677,
              41.50777564039736
            ],
            [
              -7.401302835911086,
              41.506978717330746
            ],
            [
              -7.401299963067248,
              41.50690441901726
            ],
            [
              -7.401274597316353,
              41.50650719764118
            ],
            [
              -7.401169693740988,
              41.50571592150515
            ],
            [
              -7.401056737038093,
              41.50501265061078
            ],
            [
              -7.401055030925082,
              41.504994089319815
            ],
            [
              -7.401090538813931,
              41.504583751404404
            ],
            [
              -7.4009837648583074,
              41.503575654335094
            ],
            [
              -7.400986962977214,
              41.50329088952843
            ],
            [
              -7.400914470820266,
              41.50245084042241
            ],
            [
              -7.4007125660205615,
              41.50100933181432
            ],
            [
              -7.400490779205851,
              41.50034705773982
            ],
            [
              -7.400037268907869,
              41.499863920049194
            ],
            [
              -7.3996220901374015,
              41.499839042700636
            ],
            [
              -7.399608454266717,
              41.49983751153357
            ],
            [
              -7.399081536558404,
              41.49980184073931
            ],
            [
              -7.397971116029331,
              41.49954491569284
            ],
            [
              -7.397163808977815,
              41.49927866521725
            ],
            [
              -7.396424542090161,
              41.49878828661773
            ],
            [
              -7.396272263419887,
              41.49865595435632
            ],
            [
              -7.396016412341065,
              41.49847982744078
            ],
            [
              -7.395955139254902,
              41.49843297802749
            ],
            [
              -7.395881198046862,
              41.49838442220019
            ],
            [
              -7.3958207438991215,
              41.49833982710388
            ],
            [
              -7.3957927357645845,
              41.49831750100103
            ],
            [
              -7.3957122507628315,
              41.49825450519846
            ],
            [
              -7.395642891511063,
              41.49818202948862
            ],
            [
              -7.39556102642074,
              41.49810326634625
            ],
            [
              -7.395479285573552,
              41.49802423112777
            ],
            [
              -7.395442429446624,
              41.49798968861145
            ],
            [
              -7.39535513037537,
              41.497915121335836
            ],
            [
              -7.395172499312707,
              41.49781968480261
            ],
            [
              -7.395112266071898,
              41.497798233118544
            ],
            [
              -7.395050527073871,
              41.49778261878325
            ],
            [
              -7.394969569987729,
              41.49777165667153
            ],
            [
              -7.394617844923967,
              41.49775004970228
            ],
            [
              -7.3943101829685185,
              41.4976861360177
            ],
            [
              -7.394157385757255,
              41.497610876962796
            ],
            [
              -7.394075906890186,
              41.49755156066685
            ],
            [
              -7.393991580089998,
              41.49747898867949
            ],
            [
              -7.393782148108956,
              41.497307476882405
            ],
            [
              -7.393720611506398,
              41.49725297228221
            ],
            [
              -7.393675869283379,
              41.49720685638433
            ],
            [
              -7.3936535498692955,
              41.497178623848555
            ],
            [
              -7.393630330059523,
              41.49714605921118
            ],
            [
              -7.39361899057914,
              41.497121586105685
            ],
            [
              -7.393598349576645,
              41.49699855652794
            ],
            [
              -7.393618518290388,
              41.49687821405704
            ],
            [
              -7.393403455074868,
              41.49671791915471
            ],
            [
              -7.3931576031177455,
              41.496537625591316
            ],
            [
              -7.392899634821603,
              41.49639083035621
            ],
            [
              -7.392836067134898,
              41.4963566580102
            ],
            [
              -7.3926137985806095,
              41.49625141828162
            ],
            [
              -7.39247166547038,
              41.49618685097883
            ],
            [
              -7.392354028377181,
              41.49612675767703
            ],
            [
              -7.392305887927315,
              41.49609493893999
            ],
            [
              -7.392204811653889,
              41.496032074549966
            ],
            [
              -7.392023580773094,
              41.49591899644573
            ],
            [
              -7.3919631168788245,
              41.49589690775907
            ],
            [
              -7.391743686809216,
              41.495784661700846
            ],
            [
              -7.391518996666398,
              41.4956602298264
            ],
            [
              -7.391270607599439,
              41.49547261470107
            ],
            [
              -7.391015146247511,
              41.49526388729495
            ],
            [
              -7.390662793982844,
              41.49506696359496
            ],
            [
              -7.390165708917763,
              41.494792481940166
            ],
            [
              -7.388913949417679,
              41.493949954429205
            ],
            [
              -7.388227573892381,
              41.493526583043625
            ],
            [
              -7.386336509888106,
              41.49244462935228
            ],
            [
              -7.385621781923889,
              41.491980275702836
            ],
            [
              -7.38532209722129,
              41.49177772997814
            ],
            [
              -7.384803062859641,
              41.49138495471419
            ],
            [
              -7.384188956470478,
              41.49089783422863
            ],
            [
              -7.383957883524019,
              41.49065494729415
            ],
            [
              -7.383706497090692,
              41.49041840844836
            ],
            [
              -7.383527295942396,
              41.490194940294415
            ],
            [
              -7.383509820639682,
              41.490183572589366
            ],
            [
              -7.383470665552912,
              41.489944180835145
            ],
            [
              -7.383500094044598,
              41.489758896746665
            ],
            [
              -7.383587954088384,
              41.48963629863974
            ],
            [
              -7.383729434685737,
              41.48953727866824
            ],
            [
              -7.383849376172623,
              41.48935356918497
            ],
            [
              -7.383944301402158,
              41.489262441787005
            ],
            [
              -7.384017666789187,
              41.48920276993184
            ],
            [
              -7.38413250834663,
              41.489108345251324
            ],
            [
              -7.384263046829181,
              41.48898179364916
            ],
            [
              -7.384404123252663,
              41.488813349308145
            ],
            [
              -7.3845665118823876,
              41.4885929143446
            ],
            [
              -7.3846675966640145,
              41.488392156853116
            ],
            [
              -7.3847150606347185,
              41.48823201934894
            ],
            [
              -7.384804512623976,
              41.48806414074484
            ],
            [
              -7.384866898338436,
              41.487908059208415
            ],
            [
              -7.3849139443372245,
              41.48765824398909
            ],
            [
              -7.384926053054038,
              41.48738542102534
            ],
            [
              -7.3849250049094675,
              41.487153570581924
            ],
            [
              -7.384947615399254,
              41.48694636249685
            ],
            [
              -7.3850105793232474,
              41.48673905762412
            ],
            [
              -7.385107314046087,
              41.48645858705348
            ],
            [
              -7.385248914543936,
              41.486149869745454
            ],
            [
              -7.385434868634009,
              41.485919771642514
            ],
            [
              -7.385644439337772,
              41.48579201869069
            ],
            [
              -7.3858534171097725,
              41.48567380100375
            ],
            [
              -7.386034281583666,
              41.48559502146065
            ],
            [
              -7.386279579989183,
              41.485483523421905
            ],
            [
              -7.386468661597699,
              41.48537778520875
            ],
            [
              -7.386500324303079,
              41.485372948627
            ],
            [
              -7.386715813652924,
              41.48521929583595
            ],
            [
              -7.386850243377015,
              41.485107079749085
            ],
            [
              -7.387028606668363,
              41.4849537302037
            ],
            [
              -7.387239129038375,
              41.48477366672257
            ],
            [
              -7.387422334890777,
              41.484552552190706
            ],
            [
              -7.387542562431321,
              41.48435218712371
            ],
            [
              -7.387635838011332,
              41.484174067557085
            ],
            [
              -7.387746493373305,
              41.48395221212068
            ],
            [
              -7.387749485570112,
              41.48392044906228
            ],
            [
              -7.387853480195649,
              41.48378921303014
            ],
            [
              -7.387948829936318,
              41.48367017143979
            ],
            [
              -7.388019929368996,
              41.483630471572454
            ],
            [
              -7.388243080398286,
              41.48342320924713
            ],
            [
              -7.389002701388128,
              41.482863942710935
            ],
            [
              -7.389870227615246,
              41.48231157470701
            ],
            [
              -7.390197311307016,
              41.4821137119447
            ],
            [
              -7.390345060641161,
              41.482071535331386
            ],
            [
              -7.390705401637063,
              41.481886488471034
            ],
            [
              -7.3911330039813645,
              41.481682154293
            ],
            [
              -7.391464830320252,
              41.481603794227865
            ],
            [
              -7.391789948603587,
              41.48157806121854
            ],
            [
              -7.392139286349316,
              41.48165485816823
            ],
            [
              -7.392433469833541,
              41.48173867930544
            ],
            [
              -7.392727665375804,
              41.48181088398332
            ],
            [
              -7.393037540704339,
              41.481872748908394
            ],
            [
              -7.393298832810415,
              41.48197517500824
            ],
            [
              -7.393510050058277,
              41.48207899465535
            ],
            [
              -7.393826346666257,
              41.48224047521557
            ],
            [
              -7.394118546241706,
              41.48239405863047
            ],
            [
              -7.394523245626694,
              41.482625977294006
            ],
            [
              -7.394611130202497,
              41.48267884909399
            ],
            [
              -7.39488261926949,
              41.48276918105184
            ],
            [
              -7.395119912008259,
              41.48282364247502
            ],
            [
              -7.395320494005881,
              41.482905419517074
            ],
            [
              -7.395443817448227,
              41.48300101586216
            ],
            [
              -7.395589896785978,
              41.48302131077394
            ],
            [
              -7.395661511037189,
              41.48299898767482
            ],
            [
              -7.395740918842006,
              41.482944121692285
            ],
            [
              -7.395794260630113,
              41.48292780394095
            ],
            [
              -7.395980555173621,
              41.4829287278917
            ],
            [
              -7.396139273404042,
              41.482911735594676
            ],
            [
              -7.396282920872869,
              41.48288257605971
            ],
            [
              -7.396517859162324,
              41.48278476550384
            ],
            [
              -7.396752013586545,
              41.48267173484939
            ],
            [
              -7.39748486930655,
              41.4821007149629
            ],
            [
              -7.39797066618295,
              41.48167118353057
            ],
            [
              -7.39886054898101,
              41.48067690420933
            ],
            [
              -7.399972252924872,
              41.47912939289938
            ],
            [
              -7.403211652589944,
              41.478626998846075
            ],
            [
              -7.403227451180504,
              41.47858424284118
            ],
            [
              -7.403325732786696,
              41.478424776298056
            ],
            [
              -7.403452970172838,
              41.47819211783211
            ],
            [
              -7.40353674093276,
              41.4780451679576
            ],
            [
              -7.403613430710524,
              41.47790015034199
            ],
            [
              -7.403652366614165,
              41.477758320090565
            ],
            [
              -7.403705864982721,
              41.47762080855149
            ],
            [
              -7.403762165823309,
              41.47727506325939
            ],
            [
              -7.403873507378129,
              41.47696433060296
            ],
            [
              -7.40394765895893,
              41.47664994062502
            ],
            [
              -7.40397667357973,
              41.47634571067084
            ],
            [
              -7.403946203656179,
              41.475869491226995
            ],
            [
              -7.4039890470797,
              41.4754525285924
            ],
            [
              -7.403950996754092,
              41.47475423362639
            ],
            [
              -7.403647200560441,
              41.47398952162751
            ],
            [
              -7.403474843029058,
              41.47338689526347
            ],
            [
              -7.403876856145035,
              41.47237885783332
            ],
            [
              -7.404971799178424,
              41.4698845461003
            ],
            [
              -7.405014642681918,
              41.469617225929994
            ],
            [
              -7.405088163700359,
              41.46931489680785
            ],
            [
              -7.405206390119022,
              41.46897574853665
            ],
            [
              -7.405327118332792,
              41.46870135874492
            ],
            [
              -7.405367947882381,
              41.468442760238354
            ],
            [
              -7.405380158358375,
              41.468195773837714
            ],
            [
              -7.4053667495909155,
              41.46797059824187
            ],
            [
              -7.405350726162506,
              41.467743422553745
            ],
            [
              -7.405352234603412,
              41.467608108416336
            ],
            [
              -7.405348412861109,
              41.467564503088596
            ],
            [
              -7.4053356496422555,
              41.46739893678284
            ],
            [
              -7.4053077855594545,
              41.467171415135994
            ],
            [
              -7.405285943478616,
              41.46687586365639
            ],
            [
              -7.40522873160125,
              41.46662826504861
            ],
            [
              -7.4051671740601765,
              41.4664055722609
            ],
            [
              -7.405204636735302,
              41.4662234866173
            ],
            [
              -7.4052621697816905,
              41.4660235167252
            ],
            [
              -7.405270036150341,
              41.465757687475424
            ],
            [
              -7.405277728061777,
              41.465433061299166
            ],
            [
              -7.405244300521059,
              41.46515679732164
            ],
            [
              -7.405218124732661,
              41.46497043188647
            ],
            [
              -7.4052326890028946,
              41.464812960877815
            ],
            [
              -7.40526570536984,
              41.46450335119178
            ],
            [
              -7.4053297479022255,
              41.464331245085454
            ],
            [
              -7.405382499882398,
              41.46410873617343
            ],
            [
              -7.405437710919931,
              41.46390199856361
            ],
            [
              -7.405480176488448,
              41.463754333576176
            ],
            [
              -7.405497945185358,
              41.46358841557935
            ],
            [
              -7.405510246812078,
              41.46335421945656
            ],
            [
              -7.4055017301882975,
              41.46306631441945
            ],
            [
              -7.405488318949226,
              41.46277640116806
            ],
            [
              -7.405490445415861,
              41.46256401723027
            ],
            [
              -7.405477912633192,
              41.462442654707374
            ],
            [
              -7.40546521539237,
              41.46240089120706
            ],
            [
              -7.405393039681689,
              41.46215373536679
            ],
            [
              -7.405350260499142,
              41.461900460983955
            ],
            [
              -7.405350882968598,
              41.46181213654547
            ],
            [
              -7.405346713460613,
              41.46178906218695
            ],
            [
              -7.40533464856077,
              41.46174396675313
            ],
            [
              -7.40532591288077,
              41.46172248419175
            ],
            [
              -7.405313128145196,
              41.461677112285486
            ],
            [
              -7.405312484485977,
              41.46141321073071
            ],
            [
              -7.405324790272779,
              41.461340088425196
            ],
            [
              -7.4053316720290905,
              41.46126981122243
            ],
            [
              -7.405340453815049,
              41.46123385239899
            ],
            [
              -7.405370702815821,
              41.461161473874945
            ],
            [
              -7.405389219671919,
              41.46112215518357
            ],
            [
              -7.405440972925736,
              41.46101056237935
            ],
            [
              -7.405476122325596,
              41.4608633039274
            ],
            [
              -7.40547874734499,
              41.46083180985699
            ],
            [
              -7.405573083656963,
              41.46060451981331
            ],
            [
              -7.405495965219669,
              41.46052191987576
            ],
            [
              -7.405466834188172,
              41.46047248469823
            ],
            [
              -7.4054461879104805,
              41.46044534262788
            ],
            [
              -7.405422511052343,
              41.46042205482661
            ],
            [
              -7.4054057988484505,
              41.46039664656139
            ],
            [
              -7.40537231118764,
              41.46033007923645
            ],
            [
              -7.405340830859664,
              41.46028738202991
            ],
            [
              -7.405321541728291,
              41.46026754341996
            ],
            [
              -7.405104194429625,
              41.460083936106265
            ],
            [
              -7.405062661428197,
              41.46005216346601
            ],
            [
              -7.404871635655537,
              41.45985881539211
            ],
            [
              -7.4046941054397415,
              41.45966798799026
            ],
            [
              -7.40447614796182,
              41.45947528445302
            ],
            [
              -7.404289287697773,
              41.459295470221264
            ],
            [
              -7.404119152304005,
              41.45910756639389
            ],
            [
              -7.404090434282595,
              41.45908541866502
            ],
            [
              -7.403748240754197,
              41.45873237854208
            ],
            [
              -7.403693738585742,
              41.45872528188753
            ],
            [
              -7.400482523339887,
              41.45809556515465
            ],
            [
              -7.398551218257524,
              41.4575250510749
            ],
            [
              -7.395545650854952,
              41.45639328667127
            ],
            [
              -7.392571629614748,
              41.456098546159474
            ],
            [
              -7.392066166561387,
              41.455965284810425
            ],
            [
              -7.391379091509548,
              41.4557732348643
            ],
            [
              -7.390565898786104,
              41.45574801532426
            ],
            [
              -7.39043693045968,
              41.45574403051116
            ],
            [
              -7.38913926921697,
              41.456033427839024
            ],
            [
              -7.388455989931019,
              41.45629687769292
            ],
            [
              -7.387371412967782,
              41.45665362412878
            ],
            [
              -7.386959169590065,
              41.45675288135002
            ],
            [
              -7.384569614947503,
              41.4558496337792
            ],
            [
              -7.383539516721496,
              41.45543192492285
            ],
            [
              -7.383376902213008,
              41.45546013031596
            ],
            [
              -7.383053065945147,
              41.455458568465055
            ],
            [
              -7.382958499115924,
              41.4554494909194
            ],
            [
              -7.382908585972972,
              41.45543988967425
            ],
            [
              -7.382808997508513,
              41.45540971300828
            ],
            [
              -7.382762089952905,
              41.45538824715567
            ],
            [
              -7.382526473427514,
              41.455228880165265
            ],
            [
              -7.38244476293378,
              41.45514281244423
            ],
            [
              -7.382337291748006,
              41.45499670110161
            ],
            [
              -7.382310293029583,
              41.45497176617059
            ],
            [
              -7.382277968934688,
              41.45495156670042
            ],
            [
              -7.382241533848639,
              41.45493530567151
            ],
            [
              -7.382199291348442,
              41.45492458549153
            ],
            [
              -7.382152328486458,
              41.45491833819393
            ],
            [
              -7.381837294693993,
              41.45492169065366
            ],
            [
              -7.381791059991647,
              41.4549143666048
            ],
            [
              -7.381748608062778,
              41.45490085280546
            ],
            [
              -7.381708734865235,
              41.454881776164584
            ],
            [
              -7.381672023801238,
              41.454858126414685
            ],
            [
              -7.3816375187031635,
              41.45483062212031
            ],
            [
              -7.381551722758924,
              41.45474569486918
            ],
            [
              -7.381520970617265,
              41.45472433856063
            ],
            [
              -7.381451455126518,
              41.45469156061428
            ],
            [
              -7.381415783010356,
              41.45467133902457
            ],
            [
              -7.381382795638935,
              41.45464663665724
            ],
            [
              -7.3813542818472255,
              41.454618628499034
            ],
            [
              -7.381160507881838,
              41.45440127468794
            ],
            [
              -7.3811275665286304,
              41.45437260816308
            ],
            [
              -7.381057361955791,
              41.45432659345087
            ],
            [
              -7.380755131623996,
              41.45420559378598
            ],
            [
              -7.380717799743097,
              41.45419409573498
            ],
            [
              -7.380682814502978,
              41.45418738774998
            ],
            [
              -7.380608812145723,
              41.45418069103946
            ],
            [
              -7.380314745563754,
              41.45408846222387
            ],
            [
              -7.380028272561531,
              41.4539912456291
            ],
            [
              -7.379975733110205,
              41.45398099655073
            ],
            [
              -7.379924070650105,
              41.453977599699755
            ],
            [
              -7.3795876424741484,
              41.45396865165908
            ],
            [
              -7.379281624011639,
              41.45390614727686
            ],
            [
              -7.378972848191632,
              41.45383407904834
            ],
            [
              -7.378658830024703,
              41.45375972735387
            ],
            [
              -7.3783451817721195,
              41.45371598753656
            ],
            [
              -7.378298046127561,
              41.453714324981824
            ],
            [
              -7.378207137938787,
              41.45372048760692
            ],
            [
              -7.3779137661683185,
              41.45379644598004
            ],
            [
              -7.377622016511725,
              41.4538668399876
            ],
            [
              -7.37733130775068,
              41.453970818057435
            ],
            [
              -7.377076939153541,
              41.45409961647659
            ],
            [
              -7.376998323588579,
              41.45413970791434
            ],
            [
              -7.376690853765098,
              41.454223494755276
            ],
            [
              -7.376563807279236,
              41.454239229907664
            ],
            [
              -7.37650769323556,
              41.454238051400466
            ],
            [
              -7.376455471465183,
              41.454231495273106
            ],
            [
              -7.3763529517030495,
              41.45420660329398
            ],
            [
              -7.376281123732536,
              41.45417741394497
            ],
            [
              -7.376259531811267,
              41.45416097496197
            ],
            [
              -7.376179893917696,
              41.45406258028868
            ],
            [
              -7.3761322117246095,
              41.45401526655901
            ],
            [
              -7.376101487872718,
              41.45399165983347
            ],
            [
              -7.375842830726183,
              41.45384986235974
            ],
            [
              -7.375801830854522,
              41.45383473613745
            ],
            [
              -7.375507027936399,
              41.45377616900028
            ],
            [
              -7.3752137669685185,
              41.45371832617078
            ],
            [
              -7.374901200319281,
              41.4536743166788
            ],
            [
              -7.374598139881458,
              41.45359489485033
            ],
            [
              -7.374560872280726,
              41.45357861959744
            ],
            [
              -7.374408406284499,
              41.453505857224116
            ],
            [
              -7.3743640570664555,
              41.453491251329446
            ],
            [
              -7.374319301379795,
              41.45348051168021
            ],
            [
              -7.373981237397377,
              41.453447407104875
            ],
            [
              -7.373799988738578,
              41.45340119443931
            ],
            [
              -7.373756848001489,
              41.45338488556079
            ],
            [
              -7.373721539226436,
              41.4533646639845
            ],
            [
              -7.373696321414852,
              41.45334108846195
            ],
            [
              -7.373577512132497,
              41.45311214982436
            ],
            [
              -7.373552714640486,
              41.45286717747059
            ],
            [
              -7.373588754999377,
              41.452628904982156
            ],
            [
              -7.3735959664843005,
              41.45239008468035
            ],
            [
              -7.373598213799046,
              41.45236137641064
            ],
            [
              -7.373619316947997,
              41.45228561438279
            ],
            [
              -7.373646033821327,
              41.45223203702606
            ],
            [
              -7.3738144588191386,
              41.45203281190479
            ],
            [
              -7.373916869224104,
              41.45190176273638
            ],
            [
              -7.3740110299127455,
              41.451687464565445
            ],
            [
              -7.374011291126207,
              41.451664955819
            ],
            [
              -7.3739939264060474,
              41.451645124647186
            ],
            [
              -7.373796531075708,
              41.45144376309922
            ],
            [
              -7.37358402222795,
              41.45126598058876
            ],
            [
              -7.373424045918416,
              41.45116111277622
            ],
            [
              -7.3733454416652044,
              41.45112845087999
            ],
            [
              -7.373036080685377,
              41.45104628036446
            ],
            [
              -7.372709800593645,
              41.45098893778516
            ],
            [
              -7.372404146812071,
              41.450907329405325
            ],
            [
              -7.372162559923845,
              41.45084325310597
            ],
            [
              -7.372132420164903,
              41.450831256012265
            ],
            [
              -7.37211540710587,
              41.45081232726471
            ],
            [
              -7.371952184070175,
              41.45060578539743
            ],
            [
              -7.371908177681224,
              41.45053094700593
            ],
            [
              -7.371737664396631,
              41.4503345300128
            ],
            [
              -7.371604606891722,
              41.450209581009545
            ],
            [
              -7.371388468422035,
              41.4500463557004
            ],
            [
              -7.371358437266875,
              41.45002562990939
            ],
            [
              -7.371324196284497,
              41.45000631594459
            ],
            [
              -7.371007962589285,
              41.44989843084421
            ],
            [
              -7.370727445205026,
              41.449807081219475
            ],
            [
              -7.370430721319924,
              41.44969959574528
            ],
            [
              -7.370155883244768,
              41.44956245288474
            ],
            [
              -7.369885362020991,
              41.44941435603578
            ],
            [
              -7.3698509560939796,
              41.44938855507844
            ],
            [
              -7.369820167899828,
              41.44936070903523
            ],
            [
              -7.3696428988931055,
              41.44913867501049
            ],
            [
              -7.369482305004377,
              41.4489337677405
            ],
            [
              -7.369302121552505,
              41.44873584409975
            ],
            [
              -7.369085105425237,
              41.4485462291885
            ],
            [
              -7.369057398895864,
              41.44852128643259
            ],
            [
              -7.368893618971044,
              41.448292226894914
            ],
            [
              -7.368846736303091,
              41.448177390289935
            ],
            [
              -7.368840096651488,
              41.448141328148786
            ],
            [
              -7.368838990384719,
              41.44807244328446
            ],
            [
              -7.368916930817844,
              41.44783382019
            ],
            [
              -7.368937121792923,
              41.44780604063692
            ],
            [
              -7.369151067334977,
              41.44761307161004
            ],
            [
              -7.369365715423177,
              41.44742172032766
            ],
            [
              -7.369518284267131,
              41.44719682877577
            ],
            [
              -7.369547720892021,
              41.44695139867981
            ],
            [
              -7.369542499001211,
              41.446916971173664
            ],
            [
              -7.369532827888181,
              41.44688458591679
            ],
            [
              -7.369449719826898,
              41.4466646144003
            ],
            [
              -7.369370316607442,
              41.44641387519883
            ],
            [
              -7.369370212891202,
              41.44633067817555
            ],
            [
              -7.3693614105877225,
              41.446285243108704
            ],
            [
              -7.3693352478723595,
              41.446189445977154
            ],
            [
              -7.369261956265791,
              41.446061197620686
            ],
            [
              -7.369249961111156,
              41.44603302960708
            ],
            [
              -7.369240862825348,
              41.44600253532883
            ],
            [
              -7.369187858941107,
              41.44574621061593
            ],
            [
              -7.369178265593888,
              41.445512678342766
            ],
            [
              -7.369174706149956,
              41.44545917281873
            ],
            [
              -7.369165702393721,
              41.44543093281972
            ],
            [
              -7.369008484874426,
              41.44522451654797
            ],
            [
              -7.368860552911106,
              41.44502239354812
            ],
            [
              -7.368657208323586,
              41.44482097899399
            ],
            [
              -7.368390998502748,
              41.444654356598406
            ],
            [
              -7.368121784387289,
              41.44452958325114
            ],
            [
              -7.367859174502,
              41.4444029569976
            ],
            [
              -7.367591324523658,
              41.444284671543734
            ],
            [
              -7.367354404405387,
              41.4441204953084
            ],
            [
              -7.367310050864673,
              41.44406581777746
            ],
            [
              -7.367155233837677,
              41.44388021468825
            ],
            [
              -7.367115653335403,
              41.44377613778889
            ],
            [
              -7.367030450255464,
              41.443520946371734
            ],
            [
              -7.366992763334345,
              41.4434492076165
            ],
            [
              -7.366968842426014,
              41.44341753307172
            ],
            [
              -7.366940706565456,
              41.44338844696533
            ],
            [
              -7.366908483012503,
              41.44336059146258
            ],
            [
              -7.366674014711416,
              41.443171932494195
            ],
            [
              -7.366492939192629,
              41.442990656363946
            ],
            [
              -7.36632382566897,
              41.44274922128984
            ],
            [
              -7.366171081979968,
              41.44250988134229
            ],
            [
              -7.366051591714429,
              41.442271114067196
            ],
            [
              -7.3660000403528585,
              41.441973737221424
            ],
            [
              -7.3660113878655835,
              41.441741340018346
            ],
            [
              -7.3660300195502,
              41.44149953193998
            ],
            [
              -7.36603659905024,
              41.44125530428756
            ],
            [
              -7.366030748171247,
              41.44101954738974
            ],
            [
              -7.365925766054942,
              41.44078898192739
            ],
            [
              -7.365899176704276,
              41.44076089719276
            ],
            [
              -7.365865063275535,
              41.44073140359107
            ],
            [
              -7.365608595474734,
              41.440572406487384
            ],
            [
              -7.365350100366635,
              41.44043364582317
            ],
            [
              -7.365322947527063,
              41.4404228445723
            ],
            [
              -7.36330937830412,
              41.44197904490228
            ],
            [
              -7.362010787883054,
              41.443050015263545
            ],
            [
              -7.360697033977263,
              41.44386137741041
            ],
            [
              -7.359616511459982,
              41.444577764511216
            ],
            [
              -7.359341134425897,
              41.444803263919304
            ],
            [
              -7.359356256154658,
              41.44492041277889
            ],
            [
              -7.359302789475137,
              41.44508014311827
            ],
            [
              -7.359242817747827,
              41.44524378865365
            ],
            [
              -7.359188506026751,
              41.445413862251726
            ],
            [
              -7.359130242427553,
              41.44553421617304
            ],
            [
              -7.359069201268941,
              41.44560583253121
            ],
            [
              -7.3589712113394725,
              41.44569575261369
            ],
            [
              -7.358793969610656,
              41.44582853946713
            ],
            [
              -7.358617416842841,
              41.44595394573796
            ],
            [
              -7.3584478244756815,
              41.44606706605637
            ],
            [
              -7.3582359816862395,
              41.446211323108336
            ],
            [
              -7.3580188744143795,
              41.44635563343183
            ],
            [
              -7.357790509493611,
              41.44653057503421
            ],
            [
              -7.357554910236746,
              41.44670032981702
            ],
            [
              -7.35735197532179,
              41.446849781958
            ],
            [
              -7.357089943012142,
              41.44702836314893
            ],
            [
              -7.356822385499659,
              41.44719790171891
            ],
            [
              -7.356579162050053,
              41.44736454442306
            ],
            [
              -7.356332508451192,
              41.44754737393861
            ],
            [
              -7.356093621971306,
              41.44772070591925
            ],
            [
              -7.355894773144769,
              41.4478483010445
            ],
            [
              -7.355672938499843,
              41.44800689012645
            ],
            [
              -7.355558802059416,
              41.448104894310795
            ],
            [
              -7.355417495613636,
              41.44819397558529
            ],
            [
              -7.355217069654413,
              41.44819199557381
            ],
            [
              -7.355060273314017,
              41.44817464185106
            ],
            [
              -7.354820340564133,
              41.44816428958914
            ],
            [
              -7.354655478953999,
              41.44819136236019
            ],
            [
              -7.3544170100842905,
              41.44829887477006
            ],
            [
              -7.354216633188234,
              41.4484239364565
            ],
            [
              -7.353949637655452,
              41.448605809127045
            ],
            [
              -7.353744629377071,
              41.448737227727214
            ],
            [
              -7.353428883851598,
              41.4489224622512
            ],
            [
              -7.353081393267496,
              41.44902032540798
            ],
            [
              -7.3526708670457595,
              41.44910533369127
            ],
            [
              -7.352225881697647,
              41.44918984008128
            ],
            [
              -7.351862915843138,
              41.44927012617287
            ],
            [
              -7.351457849838318,
              41.449339052152254
            ],
            [
              -7.35107886055278,
              41.44941814552561
            ],
            [
              -7.350695113010795,
              41.449515398412814
            ],
            [
              -7.35032513111473,
              41.449591667535586
            ],
            [
              -7.350039259517254,
              41.44966994956917
            ],
            [
              -7.349225758624124,
              41.44982748714745
            ],
            [
              -7.348776936122196,
              41.449941754873834
            ],
            [
              -7.348674248061745,
              41.44995294062386
            ],
            [
              -7.348271423669187,
              41.45002330945528
            ],
            [
              -7.347921282530401,
              41.45009124710018
            ],
            [
              -7.34761519669215,
              41.450167942701874
            ],
            [
              -7.347266635839153,
              41.45026407020568
            ],
            [
              -7.347012592355965,
              41.450371557130715
            ],
            [
              -7.346887654051532,
              41.45046101162636
            ],
            [
              -7.346671392144273,
              41.45087956344762
            ],
            [
              -7.346371986936303,
              41.45110684528916
            ],
            [
              -7.346163974176198,
              41.451337003445985
            ],
            [
              -7.345906060350911,
              41.4516064365506
            ],
            [
              -7.345469110115639,
              41.45195522751575
            ],
            [
              -7.3448661480161475,
              41.45247404374672
            ],
            [
              -7.344617839753169,
              41.452621180518115
            ],
            [
              -7.344561748263716,
              41.45265743886701
            ],
            [
              -7.344079768703619,
              41.452710689587214
            ],
            [
              -7.343682663136058,
              41.452702297187585
            ],
            [
              -7.343473976290718,
              41.45270005901967
            ],
            [
              -7.343177776213014,
              41.45270001343769
            ],
            [
              -7.342771767179871,
              41.45253768690332
            ],
            [
              -7.341133946017502,
              41.45201909700853
            ],
            [
              -7.339581487443626,
              41.4516964465442
            ],
            [
              -7.338007704185181,
              41.45105319083116
            ],
            [
              -7.337042011430384,
              41.45088022857024
            ],
            [
              -7.336001481974883,
              41.45079957173857
            ],
            [
              -7.333460491855384,
              41.451002489319706
            ],
            [
              -7.333069195033134,
              41.45104875475082
            ],
            [
              -7.332676331931638,
              41.451241860215674
            ],
            [
              -7.332280277214648,
              41.45170478559974
            ],
            [
              -7.3322106141492664,
              41.45204725506951
            ],
            [
              -7.332142513211947,
              41.45229186207574
            ],
            [
              -7.332008532296158,
              41.45260948318736
            ],
            [
              -7.331940726206973,
              41.45282933521202
            ],
            [
              -7.331856068786411,
              41.452989101705896
            ],
            [
              -7.331743389841013,
              41.45318919099026
            ],
            [
              -7.331688768521612,
              41.4533787
            ],
            [
              -7.330582990282985,
              41.456345028945
            ],
            [
              -7.330616547731365,
              41.45669181245469
            ],
            [
              -7.330615639004935,
              41.456823981122376
            ],
            [
              -7.330635686704905,
              41.45696511971653
            ],
            [
              -7.330680622689619,
              41.457106971250106
            ],
            [
              -7.33076568737937,
              41.457401264316914
            ],
            [
              -7.3308353095014684,
              41.45752104946161
            ],
            [
              -7.330935556964634,
              41.45775926001795
            ],
            [
              -7.330945118361111,
              41.457896632948724
            ],
            [
              -7.3309404866863535,
              41.45805921029778
            ],
            [
              -7.330892558577108,
              41.45827748847612
            ],
            [
              -7.330714180623937,
              41.45872931313878
            ],
            [
              -7.33057862912004,
              41.45895877398843
            ],
            [
              -7.330456586827299,
              41.459120801297914
            ],
            [
              -7.3303670092867215,
              41.459193376241
            ],
            [
              -7.3300009808108495,
              41.45936046107969
            ],
            [
              -7.329710915184825,
              41.459471890679445
            ],
            [
              -7.3293941027567335,
              41.45958834946943
            ],
            [
              -7.329064288424645,
              41.459681940479385
            ],
            [
              -7.3286963732806,
              41.459758969019916
            ],
            [
              -7.328262491605143,
              41.459827430515936
            ],
            [
              -7.327883215646554,
              41.45989375157106
            ],
            [
              -7.327494078680467,
              41.45999286619077
            ],
            [
              -7.326981121652713,
              41.460096788717905
            ],
            [
              -7.326573106622211,
              41.46018306985108
            ],
            [
              -7.326233991080442,
              41.460263441953686
            ],
            [
              -7.325881281416289,
              41.46035857482918
            ],
            [
              -7.32549152074258,
              41.46047883901054
            ],
            [
              -7.325266438994592,
              41.460532093440754
            ],
            [
              -7.325234938406354,
              41.460534125860455
            ],
            [
              -7.325192289349844,
              41.46053724866302
            ],
            [
              -7.3250420845452275,
              41.4605269250728
            ],
            [
              -7.324854419841357,
              41.46054532671675
            ],
            [
              -7.324572705921318,
              41.4606099813257
            ],
            [
              -7.324245690358081,
              41.46071798152912
            ],
            [
              -7.3239819838987765,
              41.460816344585695
            ],
            [
              -7.323756700810817,
              41.460915151164755
            ],
            [
              -7.323499022731384,
              41.461029312173466
            ],
            [
              -7.323291962873035,
              41.46107710901517
            ],
            [
              -7.323065405322446,
              41.46106561231565
            ],
            [
              -7.322772175298801,
              41.46100701122417
            ],
            [
              -7.322512432325991,
              41.46095935719146
            ],
            [
              -7.322237246660415,
              41.46092249191237
            ],
            [
              -7.320555088569825,
              41.461298082036684
            ],
            [
              -7.319816715908641,
              41.46136490503273
            ],
            [
              -7.318929742293843,
              41.46137890783543
            ],
            [
              -7.317489198299316,
              41.46129634170513
            ],
            [
              -7.316989482982373,
              41.461267776682696
            ],
            [
              -7.312707568147867,
              41.46141468009695
            ],
            [
              -7.311830506795653,
              41.46143968167044
            ],
            [
              -7.309336952587978,
              41.461231111134516
            ],
            [
              -7.308409716419417,
              41.46125824925017
            ],
            [
              -7.307658315489396,
              41.461284384579336
            ],
            [
              -7.305836956977775,
              41.46169082272994
            ],
            [
              -7.305793125046034,
              41.46173075264317
            ],
            [
              -7.3055873300674365,
              41.461828314948356
            ],
            [
              -7.3053500610919375,
              41.461887928101575
            ],
            [
              -7.3053317312494315,
              41.46188923500167
            ],
            [
              -7.3026567337699255,
              41.46279027363309
            ],
            [
              -7.299481449489119,
              41.463738058062475
            ],
            [
              -7.29830853088456,
              41.464581321690744
            ],
            [
              -7.297935999291695,
              41.464967133554175
            ],
            [
              -7.297790793163156,
              41.465117702023804
            ],
            [
              -7.297958140150036,
              41.4653135763318
            ],
            [
              -7.298162016339081,
              41.46531172230128
            ],
            [
              -7.298452482856496,
              41.465371175478836
            ],
            [
              -7.298647425964046,
              41.46543084256472
            ],
            [
              -7.298694840142712,
              41.465439376367556
            ],
            [
              -7.298743386885935,
              41.46544360105073
            ],
            [
              -7.298791992256194,
              41.46544259944083
            ],
            [
              -7.2989298360860495,
              41.465427843455245
            ],
            [
              -7.298972475682313,
              41.465425898125865
            ],
            [
              -7.299266681775654,
              41.46547385512198
            ],
            [
              -7.299347486704227,
              41.465501723234965
            ],
            [
              -7.299626229382705,
              41.465645004656466
            ],
            [
              -7.299911554005549,
              41.4657984200197
            ],
            [
              -7.300144427665953,
              41.46595316107668
            ],
            [
              -7.300386373813718,
              41.46611049290239
            ],
            [
              -7.300504067070315,
              41.46620200939579
            ],
            [
              -7.300581308653647,
              41.466283871759785
            ],
            [
              -7.3006296070412695,
              41.46633536282259
            ],
            [
              -7.300668858896089,
              41.466364635482215
            ],
            [
              -7.30071151128779,
              41.466389435346166
            ],
            [
              -7.300757351904543,
              41.46640867321711
            ],
            [
              -7.301043464111149,
              41.4665007711854
            ],
            [
              -7.3010818585645865,
              41.46651230274607
            ],
            [
              -7.301114338828968,
              41.4665186602588
            ],
            [
              -7.30116131207419,
              41.46652413127034
            ],
            [
              -7.301186263121623,
              41.466538629550925
            ],
            [
              -7.30121768217715,
              41.466562175688416
            ],
            [
              -7.301521462934668,
              41.46667664229989
            ],
            [
              -7.301856182683644,
              41.46677728489493
            ],
            [
              -7.302135703687167,
              41.46687978230657
            ],
            [
              -7.3023829750745755,
              41.46703291301457
            ],
            [
              -7.302573653905904,
              41.46721184189389
            ],
            [
              -7.3028101275111945,
              41.467357868961386
            ],
            [
              -7.303037917879768,
              41.46752742999687
            ],
            [
              -7.303066274607654,
              41.467556625012186
            ],
            [
              -7.303085240960394,
              41.46757170815714
            ],
            [
              -7.303120624638342,
              41.46758492893054
            ],
            [
              -7.303146507670273,
              41.467601410740876
            ],
            [
              -7.303346247124937,
              41.46778400161827
            ],
            [
              -7.303599294316046,
              41.46797264987456
            ],
            [
              -7.30388860985193,
              41.46814300944306
            ],
            [
              -7.304153674395197,
              41.468300499079234
            ],
            [
              -7.30436488286753,
              41.468456787944824
            ],
            [
              -7.30455614071395,
              41.468628693834226
            ],
            [
              -7.304579314071401,
              41.46866118163524
            ],
            [
              -7.304596356482621,
              41.468695611505325
            ],
            [
              -7.304610126769307,
              41.468732623498994
            ],
            [
              -7.30461980124908,
              41.46877203701123
            ],
            [
              -7.304518800556966,
              41.46885432616246
            ],
            [
              -7.304500774462412,
              41.46888849891856
            ],
            [
              -7.304492702811062,
              41.46891095112845
            ],
            [
              -7.30437587993749,
              41.46912728342417
            ],
            [
              -7.304318222000954,
              41.46927453001576
            ],
            [
              -7.3042992807389,
              41.469502905911376
            ],
            [
              -7.30435512131426,
              41.469724704938244
            ],
            [
              -7.304355690014929,
              41.469774231632435
            ],
            [
              -7.304275496992246,
              41.46996192286745
            ],
            [
              -7.304110855619002,
              41.47016305403348
            ],
            [
              -7.303975468545092,
              41.47037024198891
            ],
            [
              -7.303964856424757,
              41.47041410213778
            ],
            [
              -7.30396503652452,
              41.47045633566569
            ],
            [
              -7.303970346923298,
              41.47048113253929
            ],
            [
              -7.304016883644041,
              41.47058752981096
            ],
            [
              -7.304029375509582,
              41.470630928032136
            ],
            [
              -7.304029230051654,
              41.47067090556585
            ],
            [
              -7.303974723554505,
              41.47084319886109
            ],
            [
              -7.303950638999401,
              41.47109035905906
            ],
            [
              -7.303971902667907,
              41.471328840560716
            ],
            [
              -7.304035875682024,
              41.47156087616717
            ],
            [
              -7.304172558466185,
              41.471789469586646
            ],
            [
              -7.304278487784458,
              41.472016760784406
            ],
            [
              -7.304288301153124,
              41.47204519699787
            ],
            [
              -7.304315935384069,
              41.4721973780808
            ],
            [
              -7.304326753135244,
              41.472429479762305
            ],
            [
              -7.304278562142244,
              41.47266124808148
            ],
            [
              -7.304228963778414,
              41.47273940270504
            ],
            [
              -7.3041839433436735,
              41.47280579805163
            ],
            [
              -7.304132048664592,
              41.472857735093484
            ],
            [
              -7.303891333122525,
              41.472996640765324
            ],
            [
              -7.303671275339564,
              41.47314928969598
            ],
            [
              -7.303626395388359,
              41.473204974039184
            ],
            [
              -7.303508505867271,
              41.473447495865905
            ],
            [
              -7.30344035164524,
              41.47368587172944
            ],
            [
              -7.303358624551462,
              41.47390839212444
            ],
            [
              -7.303354362544813,
              41.47415884457646
            ],
            [
              -7.3033513982981075,
              41.474184663123644
            ],
            [
              -7.303295777799667,
              41.474406838757815
            ],
            [
              -7.303276803648379,
              41.47463737134118
            ],
            [
              -7.3032757116974585,
              41.47486470873343
            ],
            [
              -7.303283008267666,
              41.475091024383005
            ],
            [
              -7.3032832598932345,
              41.47533466647793
            ],
            [
              -7.303271979025771,
              41.475572012757816
            ],
            [
              -7.303237487860103,
              41.47575183574269
            ],
            [
              -7.303229134969553,
              41.475796794334094
            ],
            [
              -7.3030843307878905,
              41.47602786759902
            ],
            [
              -7.3029494795240115,
              41.476248027905584
            ],
            [
              -7.302806493689325,
              41.47645804149864
            ],
            [
              -7.3026580381602475,
              41.476665138708796
            ],
            [
              -7.302482278273761,
              41.47686339402207
            ],
            [
              -7.302311582172705,
              41.47707744403081
            ],
            [
              -7.302156401284966,
              41.47727656777053
            ],
            [
              -7.301995403326174,
              41.47749068285152
            ],
            [
              -7.301840393331143,
              41.47770457356134
            ],
            [
              -7.301683595593557,
              41.47790800675898
            ],
            [
              -7.301535586731331,
              41.47810780903037
            ],
            [
              -7.301414295891581,
              41.47831510005319
            ],
            [
              -7.301291155779051,
              41.47852688034903
            ],
            [
              -7.30115036861457,
              41.47874249361728
            ],
            [
              -7.300996798392516,
              41.47895522125629
            ],
            [
              -7.300886533962595,
              41.47918005966188
            ],
            [
              -7.300845860352543,
              41.47941215164515
            ],
            [
              -7.300836632721981,
              41.479638347689686
            ],
            [
              -7.300815709589072,
              41.47987084906654
            ],
            [
              -7.300774025362864,
              41.480115899102984
            ],
            [
              -7.300722123901949,
              41.480346018061525
            ],
            [
              -7.300715539243087,
              41.48048660829602
            ],
            [
              -7.30074360518211,
              41.4807173041472
            ],
            [
              -7.300821131095218,
              41.480937550675556
            ],
            [
              -7.300838384199942,
              41.480964958722105
            ],
            [
              -7.300858999539131,
              41.48099103962967
            ],
            [
              -7.30088299370656,
              41.48101543246563
            ],
            [
              -7.301066987523958,
              41.481196202309945
            ],
            [
              -7.301331855775926,
              41.4813438808724
            ],
            [
              -7.3016180652970935,
              41.4814430018518
            ],
            [
              -7.301682308577055,
              41.48147525224423
            ],
            [
              -7.301740573101344,
              41.4815164550444
            ],
            [
              -7.301990973374519,
              41.48168194949718
            ],
            [
              -7.302016558934258,
              41.4817032896143
            ],
            [
              -7.302108711044898,
              41.481810017060845
            ],
            [
              -7.302260402619499,
              41.482035933255496
            ],
            [
              -7.302330186998711,
              41.48228151521577
            ],
            [
              -7.302331047820997,
              41.482336356139896
            ],
            [
              -7.3023095402337015,
              41.482615044562436
            ],
            [
              -7.302232290783141,
              41.48283309244877
            ],
            [
              -7.302119801943148,
              41.48305368494743
            ],
            [
              -7.301962414318273,
              41.48327458224685
            ],
            [
              -7.30175124351333,
              41.483469156153795
            ],
            [
              -7.30153557560057,
              41.48364938747593
            ],
            [
              -7.301288538231216,
              41.48382092618746
            ],
            [
              -7.301251480194626,
              41.48384424982036
            ],
            [
              -7.301169721351186,
              41.4838893075281
            ],
            [
              -7.300924683883367,
              41.48409174100224
            ],
            [
              -7.300876578440053,
              41.48416459168541
            ],
            [
              -7.300867621791701,
              41.484190639575715
            ],
            [
              -7.300862819986526,
              41.48421986614327
            ],
            [
              -7.300862063322609,
              41.484250832694634
            ],
            [
              -7.3008657642653825,
              41.484280126188736
            ],
            [
              -7.300872955473009,
              41.4843074569077
            ],
            [
              -7.300883409368256,
              41.48433292494671
            ],
            [
              -7.300973009005227,
              41.48455496842116
            ],
            [
              -7.3009652070992175,
              41.4847914388747
            ],
            [
              -7.300911606323301,
              41.48503217166772
            ],
            [
              -7.300856018444569,
              41.485250374353285
            ],
            [
              -7.300792231062146,
              41.48547302764887
            ],
            [
              -7.300789199534527,
              41.485503977730914
            ],
            [
              -7.3008002019686025,
              41.48573031992908
            ],
            [
              -7.300823545413052,
              41.485833667385684
            ],
            [
              -7.300901234950139,
              41.486079311756434
            ],
            [
              -7.300938755271154,
              41.48632970303831
            ],
            [
              -7.300976847819042,
              41.48657226517167
            ],
            [
              -7.301093127316836,
              41.486786939246024
            ],
            [
              -7.301116370644843,
              41.48681384853366
            ],
            [
              -7.301330746318352,
              41.48704525860294
            ],
            [
              -7.301459099882093,
              41.48725245825962
            ],
            [
              -7.301527756065813,
              41.48747435606668
            ],
            [
              -7.301530063093962,
              41.487499668790925
            ],
            [
              -7.301528195943554,
              41.48752441921324
            ],
            [
              -7.30152011881336,
              41.48754749865813
            ],
            [
              -7.301503639811462,
              41.48757213892971
            ],
            [
              -7.301293429571519,
              41.48774619561352
            ],
            [
              -7.30103358854222,
              41.48790575697188
            ],
            [
              -7.300813059847949,
              41.48806280925929
            ],
            [
              -7.30076019886326,
              41.48812320384896
            ],
            [
              -7.300742189145029,
              41.4881643998337
            ],
            [
              -7.300717692059774,
              41.488320164821594
            ],
            [
              -7.300708368817701,
              41.48834711040171
            ],
            [
              -7.300696447181562,
              41.4883711532737
            ],
            [
              -7.300681174149901,
              41.48839499181339
            ],
            [
              -7.300481159939412,
              41.48861440603807
            ],
            [
              -7.300237362114564,
              41.48877354327892
            ],
            [
              -7.300145469829232,
              41.48888065270373
            ],
            [
              -7.300131405379186,
              41.48890368958296
            ],
            [
              -7.300046673158954,
              41.48908765186993
            ],
            [
              -7.299955214184799,
              41.489338826972066
            ],
            [
              -7.299867926010552,
              41.48957255862913
            ],
            [
              -7.29975832400626,
              41.48980973093354
            ],
            [
              -7.299703034219065,
              41.48997563225156
            ],
            [
              -7.299674223436271,
              41.490215728125605
            ],
            [
              -7.299713894687449,
              41.49035359286395
            ],
            [
              -7.299762356773818,
              41.49043128170563
            ],
            [
              -7.299830959838166,
              41.490506959151794
            ],
            [
              -7.3000044538822,
              41.49069585049203
            ],
            [
              -7.300183880244995,
              41.490888744376406
            ],
            [
              -7.300206183005983,
              41.49092437975439
            ],
            [
              -7.3002189156975295,
              41.49095850792659
            ],
            [
              -7.300222175644423,
              41.49099399999556
            ],
            [
              -7.300222099015671,
              41.49102830821938
            ],
            [
              -7.300170450781155,
              41.49120935969239
            ],
            [
              -7.300066764700981,
              41.49144216232848
            ],
            [
              -7.300045849850406,
              41.491495402156325
            ],
            [
              -7.29992423903686,
              41.491725289057925
            ],
            [
              -7.2998950105434774,
              41.49176361154771
            ],
            [
              -7.29984383429787,
              41.49184202536683
            ],
            [
              -7.29981806215283,
              41.49187218126923
            ],
            [
              -7.29978653445368,
              41.49190292662674
            ],
            [
              -7.299750594865377,
              41.491932199408645
            ],
            [
              -7.299712536922177,
              41.49195866566818
            ],
            [
              -7.299672616360741,
              41.49198115226766
            ],
            [
              -7.299462694568515,
              41.492065170972175
            ],
            [
              -7.299226889335207,
              41.49215125526799
            ],
            [
              -7.299187704103031,
              41.49217212725543
            ],
            [
              -7.299111165028242,
              41.492220461705685
            ],
            [
              -7.299073813369114,
              41.492247566736786
            ],
            [
              -7.2990415945393545,
              41.492276323350154
            ],
            [
              -7.2989388775037405,
              41.492405234131894
            ],
            [
              -7.298773833281112,
              41.49261310572171
            ],
            [
              -7.298747367766552,
              41.49263200166827
            ],
            [
              -7.298557929908747,
              41.49281862630985
            ],
            [
              -7.298358446026444,
              41.49299500438857
            ],
            [
              -7.298202520693463,
              41.49320123060311
            ],
            [
              -7.298188453661155,
              41.493243084128586
            ],
            [
              -7.298174329244113,
              41.4933270783546
            ],
            [
              -7.2981655600884405,
              41.4934224507686
            ],
            [
              -7.2981414088028815,
              41.493671766447015
            ],
            [
              -7.298133803254892,
              41.49371447720797
            ],
            [
              -7.298123569921922,
              41.49375582012986
            ],
            [
              -7.298079914853773,
              41.493863819107176
            ],
            [
              -7.298031540157127,
              41.493928744109716
            ],
            [
              -7.297863940853504,
              41.494065016926896
            ],
            [
              -7.297824011092373,
              41.49408750910838
            ],
            [
              -7.297650442120547,
              41.494165839693316
            ],
            [
              -7.297343607121238,
              41.49428012872258
            ],
            [
              -7.297150589461201,
              41.494390462374064
            ],
            [
              -7.297113222172947,
              41.49441918011085
            ],
            [
              -7.297077613613734,
              41.4944501660568
            ],
            [
              -7.296875600543338,
              41.494654883993306
            ],
            [
              -7.2967186784983475,
              41.494863621019505
            ],
            [
              -7.296587109231748,
              41.4950844262614
            ],
            [
              -7.296568360008866,
              41.495145877271135
            ],
            [
              -7.296566012555638,
              41.49518898720997
            ],
            [
              -7.29652270917451,
              41.49526007098732
            ],
            [
              -7.296497198490512,
              41.49573572853881
            ],
            [
              -7.296496265949119,
              41.495780741349954
            ],
            [
              -7.296518409369907,
              41.49582817025103
            ],
            [
              -7.296570075934602,
              41.49588932129802
            ],
            [
              -7.296629035830572,
              41.495932785300084
            ],
            [
              -7.296791856119263,
              41.496020850057704
            ],
            [
              -7.296899449498578,
              41.49609114034664
            ],
            [
              -7.297023652007429,
              41.496183518598464
            ],
            [
              -7.2971588910437255,
              41.4963769052376
            ],
            [
              -7.297206804082278,
              41.496488175931546
            ],
            [
              -7.29726441779002,
              41.496720711915124
            ],
            [
              -7.297276480309398,
              41.49689159687736
            ],
            [
              -7.297273160020421,
              41.49697314300547
            ],
            [
              -7.2972612529563765,
              41.49720139214195
            ],
            [
              -7.297256270421053,
              41.497328573328915
            ],
            [
              -7.297253178830698,
              41.497429305373736
            ],
            [
              -7.297257210788118,
              41.497553676276226
            ],
            [
              -7.2972501804222585,
              41.497775292663675
            ],
            [
              -7.297251253487353,
              41.49789721194642
            ],
            [
              -7.297253041962464,
              41.498252505144436
            ],
            [
              -7.297252905356798,
              41.498384769020646
            ],
            [
              -7.297263401490487,
              41.498528092924566
            ],
            [
              -7.297283308244764,
              41.498694261062504
            ],
            [
              -7.297348312759658,
              41.4990885522951
            ],
            [
              -7.297359214332407,
              41.49916263950663
            ],
            [
              -7.29715320746732,
              41.499238847238196
            ],
            [
              -7.2970475193156314,
              41.499224577888526
            ],
            [
              -7.2968436835670785,
              41.49920617520815
            ],
            [
              -7.296696042077078,
              41.4991950173909
            ],
            [
              -7.296544329827133,
              41.49920238376787
            ],
            [
              -7.296392452302547,
              41.49923189162398
            ],
            [
              -7.296278222225946,
              41.499267347367876
            ],
            [
              -7.296166478118094,
              41.49931416579258
            ],
            [
              -7.296011057367993,
              41.49943287525452
            ],
            [
              -7.292505394526008,
              41.50113148152603
            ],
            [
              -7.292424250715244,
              41.50118266075735
            ],
            [
              -7.2922969861295535,
              41.50127149939463
            ],
            [
              -7.292180191387625,
              41.50135699212641
            ],
            [
              -7.29206199006033,
              41.50146786226563
            ],
            [
              -7.291930369646268,
              41.501578821410654
            ],
            [
              -7.291849517101611,
              41.5016634944299
            ],
            [
              -7.291765660256897,
              41.50177659719406
            ],
            [
              -7.291179782237158,
              41.50210851880885
            ],
            [
              -7.291168391984267,
              41.502183525611734
            ],
            [
              -7.291153911420816,
              41.502349714844904
            ],
            [
              -7.291124465795852,
              41.502422698675524
            ],
            [
              -7.29108735460966,
              41.50248599688898
            ],
            [
              -7.291033916480176,
              41.50256186359852
            ],
            [
              -7.290973380513697,
              41.50262166067904
            ],
            [
              -7.290920077035891,
              41.502668538120446
            ],
            [
              -7.290862970368182,
              41.50274095826778
            ],
            [
              -7.2907615264168335,
              41.502861407267815
            ],
            [
              -7.290699974356085,
              41.50293496615654
            ],
            [
              -7.290642785559975,
              41.50298578024763
            ],
            [
              -7.290582364841847,
              41.50302720405705
            ],
            [
              -7.290515030251635,
              41.50307542361371
            ],
            [
              -7.290461023829783,
              41.50312112970468
            ],
            [
              -7.290366095634681,
              41.50319111428417
            ],
            [
              -7.2902027696359655,
              41.503290307100194
            ],
            [
              -7.29014489419969,
              41.503338323851395
            ],
            [
              -7.290098713414885,
              41.503408845571855
            ],
            [
              -7.290056826762334,
              41.50348930464896
            ],
            [
              -7.289989321140132,
              41.5035878489593
            ],
            [
              -7.289915387362769,
              41.50369228855743
            ],
            [
              -7.2898104327219455,
              41.50378803894684
            ],
            [
              -7.289583205996076,
              41.50393772967573
            ],
            [
              -7.289489768300696,
              41.50401276653528
            ],
            [
              -7.289319970843798,
              41.50417637906966
            ],
            [
              -7.289245683128662,
              41.50428073009094
            ],
            [
              -7.28916501915684,
              41.504377558480186
            ],
            [
              -7.288951946410545,
              41.50459010595291
            ],
            [
              -7.288849524102816,
              41.50469316884842
            ],
            [
              -7.288740507396307,
              41.50481535756286
            ],
            [
              -7.288645685508403,
              41.50491397331111
            ],
            [
              -7.288564180606515,
              41.50499243109803
            ],
            [
              -7.288479776376939,
              41.50506383922698
            ],
            [
              -7.288374305795138,
              41.50514319861119
            ],
            [
              -7.288293187684457,
              41.5051918540218
            ],
            [
              -7.288276548434668,
              41.50520947182531
            ],
            [
              -7.2882508907919625,
              41.505257724266954
            ],
            [
              -7.288207639358603,
              41.50532349114322
            ],
            [
              -7.288170824905502,
              41.50540065088385
            ],
            [
              -7.288147419966639,
              41.505469361900246
            ],
            [
              -7.28813641288903,
              41.50556975895976
            ],
            [
              -7.2881685928960875,
              41.505683888860624
            ],
            [
              -7.288226088295888,
              41.50578524117293
            ],
            [
              -7.288301993904744,
              41.50587079300771
            ],
            [
              -7.288378860882214,
              41.50594680970953
            ],
            [
              -7.288482997288817,
              41.50603499347952
            ],
            [
              -7.288698562733714,
              41.50612075941788
            ],
            [
              -7.288797318394529,
              41.50618054257526
            ],
            [
              -7.289018690170071,
              41.5063172197602
            ],
            [
              -7.28912038665571,
              41.506380989462045
            ],
            [
              -7.289266817699072,
              41.50645940053102
            ],
            [
              -7.289384674891833,
              41.506524460859076
            ],
            [
              -7.289513387052556,
              41.50658338632268
            ],
            [
              -7.289706445100287,
              41.50667762343979
            ],
            [
              -7.289885784922531,
              41.5067582558718
            ],
            [
              -7.290019060765299,
              41.50681631475814
            ],
            [
              -7.290169402570032,
              41.506879091374465
            ],
            [
              -7.290327928790996,
              41.50695758794119
            ],
            [
              -7.290623346321347,
              41.50709255009547
            ],
            [
              -7.2908237992468194,
              41.50718972249757
            ],
            [
              -7.290934372977026,
              41.50726228921547
            ],
            [
              -7.291061893602061,
              41.50735829864266
            ],
            [
              -7.291142035829232,
              41.507450004841054
            ],
            [
              -7.291284696673218,
              41.50769981114408
            ],
            [
              -7.29135864632558,
              41.50815026284231
            ],
            [
              -7.291287724053949,
              41.50836493348751
            ],
            [
              -7.291186443722055,
              41.50861098218806
            ],
            [
              -7.291100273431097,
              41.50882815214848
            ],
            [
              -7.291001565890955,
              41.509051081748964
            ],
            [
              -7.290883031983445,
              41.509269902623934
            ],
            [
              -7.290727852162211,
              41.509488187539624
            ],
            [
              -7.2905609926107555,
              41.509710437439594
            ],
            [
              -7.2904071378866915,
              41.50991865014954
            ],
            [
              -7.290258433521228,
              41.510126533039035
            ],
            [
              -7.2901755341984344,
              41.51022920076179
            ],
            [
              -7.290100909950576,
              41.510321843119925
            ],
            [
              -7.2899064014645685,
              41.51051480915625
            ],
            [
              -7.289687588577083,
              41.51070705548935
            ],
            [
              -7.289461334987631,
              41.5108907824225
            ],
            [
              -7.289192651228142,
              41.51105799446792
            ],
            [
              -7.2889033143998025,
              41.5112010161593
            ],
            [
              -7.288636140433802,
              41.51134401708544
            ],
            [
              -7.288394149007008,
              41.511503141628424
            ],
            [
              -7.288172067772843,
              41.511678525881806
            ],
            [
              -7.2879618934719606,
              41.51185030387939
            ],
            [
              -7.287760110500668,
              41.51202151380812
            ],
            [
              -7.287563527417992,
              41.512197984659906
            ],
            [
              -7.287372800848932,
              41.51238467062956
            ],
            [
              -7.287348916844597,
              41.51240700426002
            ],
            [
              -7.2873184833913704,
              41.51241659808713
            ],
            [
              -7.287286555367312,
              41.51243103931617
            ],
            [
              -7.287088498864274,
              41.51257337173843
            ],
            [
              -7.287072090688858,
              41.51257297911831
            ],
            [
              -7.287060074322034,
              41.51257568366838
            ],
            [
              -7.287048757929522,
              41.51258010407175
            ],
            [
              -7.287032974733788,
              41.512587278260185
            ],
            [
              -7.287020026167254,
              41.512597360791034
            ],
            [
              -7.287013932957299,
              41.51260515009077
            ],
            [
              -7.287000235593748,
              41.5126270156681
            ],
            [
              -7.286989881176319,
              41.512640443251854
            ],
            [
              -7.286931511387212,
              41.512698270494525
            ],
            [
              -7.286817511610519,
              41.512833837847054
            ],
            [
              -7.2866719678025,
              41.51297232511687
            ],
            [
              -7.286615401230693,
              41.51302989265413
            ],
            [
              -7.286593459927284,
              41.513049450174115
            ],
            [
              -7.286572953796564,
              41.513069825886895
            ],
            [
              -7.286552768079427,
              41.51309273039537
            ],
            [
              -7.286382449976771,
              41.5132940599823
            ],
            [
              -7.286238030980085,
              41.51349360191529
            ],
            [
              -7.286088026034633,
              41.51368922822083
            ],
            [
              -7.286004908960246,
              41.51380764413521
            ],
            [
              -7.2859851256619095,
              41.51382739750553
            ],
            [
              -7.285948449087157,
              41.513857018745064
            ],
            [
              -7.285919813928038,
              41.513875895662586
            ],
            [
              -7.285890465873068,
              41.51388495327932
            ],
            [
              -7.2858624424091945,
              41.51390275874564
            ],
            [
              -7.285751806226315,
              41.51406490982223
            ],
            [
              -7.285711223654248,
              41.51410908731014
            ],
            [
              -7.285473120464722,
              41.514280926771015
            ],
            [
              -7.285406315311383,
              41.51432428241078
            ],
            [
              -7.285180475159098,
              41.51447433624254
            ],
            [
              -7.284968727931994,
              41.51463646218816
            ],
            [
              -7.284935460585329,
              41.514661610890215
            ],
            [
              -7.284721640431308,
              41.51484514900489
            ],
            [
              -7.2845587994662715,
              41.51504148889369
            ],
            [
              -7.284503330727447,
              41.51516146094527
            ],
            [
              -7.2844101790168825,
              41.51527755339522
            ],
            [
              -7.284200521057742,
              41.51544500729978
            ],
            [
              -7.283954601792135,
              41.51562776948159
            ],
            [
              -7.2837896289899176,
              41.51564735248632
            ],
            [
              -7.283740929497417,
              41.51565266424949
            ],
            [
              -7.283639072966764,
              41.51568252811785
            ],
            [
              -7.283387541232774,
              41.51573505675404
            ],
            [
              -7.283279405569561,
              41.51575982823147
            ],
            [
              -7.283168463746221,
              41.51579754960382
            ],
            [
              -7.282918290540842,
              41.51589303221842
            ],
            [
              -7.28269499586969,
              41.51591137483606
            ],
            [
              -7.2825860781102545,
              41.51587707377776
            ],
            [
              -7.282486435387165,
              41.515883996251034
            ],
            [
              -7.282404303192339,
              41.51591714990823
            ],
            [
              -7.2823188332687545,
              41.5159311090279
            ],
            [
              -7.282262059348591,
              41.515921145969486
            ],
            [
              -7.281987742713035,
              41.515801171168434
            ],
            [
              -7.281888186727772,
              41.515774324473654
            ],
            [
              -7.2817679226642005,
              41.51574615841554
            ],
            [
              -7.281656725679794,
              41.515721388032674
            ],
            [
              -7.281535313059818,
              41.515698791922624
            ],
            [
              -7.281367572728539,
              41.51564587294117
            ],
            [
              -7.281256228049838,
              41.5156048007717
            ],
            [
              -7.281120401820428,
              41.515566346376865
            ],
            [
              -7.281001324584734,
              41.51553926425268
            ],
            [
              -7.280826327089261,
              41.51552897006722
            ],
            [
              -7.280704701578855,
              41.515549764854114
            ],
            [
              -7.280502087126426,
              41.515617505857065
            ],
            [
              -7.280397076427225,
              41.51565976587595
            ],
            [
              -7.280266239197934,
              41.51570714825913
            ],
            [
              -7.2801207963754875,
              41.51574523928377
            ],
            [
              -7.279975900935838,
              41.515777393541114
            ],
            [
              -7.279839806013661,
              41.51579691318904
            ],
            [
              -7.279568933647156,
              41.515844067813156
            ],
            [
              -7.279446022131376,
              41.515881152925054
            ],
            [
              -7.27928980777709,
              41.515926992557276
            ],
            [
              -7.279157200368832,
              41.51595419493769
            ],
            [
              -7.278998035809299,
              41.51598758985642
            ],
            [
              -7.278861535809508,
              41.51601025573124
            ],
            [
              -7.278651864290595,
              41.51604021732735
            ],
            [
              -7.278145904870493,
              41.51608229569091
            ],
            [
              -7.278047836844186,
              41.5161155987671
            ],
            [
              -7.277922612238387,
              41.51612790756758
            ],
            [
              -7.277763072913143,
              41.51613518635012
            ],
            [
              -7.2775861722669415,
              41.51615098021152
            ],
            [
              -7.277425576104357,
              41.51617455096557
            ],
            [
              -7.277286907218745,
              41.51618900816278
            ],
            [
              -7.276943171967111,
              41.51619266487353
            ],
            [
              -7.276804696386175,
              41.516192445993674
            ],
            [
              -7.2766743255215305,
              41.5161949046808
            ],
            [
              -7.27653286604508,
              41.516193581907324
            ],
            [
              -7.276181151798018,
              41.516185027313696
            ],
            [
              -7.275568976122661,
              41.51613266431839
            ],
            [
              -7.2753769504958195,
              41.51610530520206
            ],
            [
              -7.27525894298456,
              41.5160881318876
            ],
            [
              -7.275074781654216,
              41.516063980425145
            ],
            [
              -7.274958211624589,
              41.51604627820571
            ],
            [
              -7.274778941711381,
              41.51601478243584
            ],
            [
              -7.274624093642491,
              41.5160023755714
            ],
            [
              -7.274476644372521,
              41.516001005555026
            ],
            [
              -7.274280856721541,
              41.51599558735295
            ],
            [
              -7.274099676095946,
              41.51599927892696
            ],
            [
              -7.273926049146591,
              41.51602112408935
            ],
            [
              -7.273791760586402,
              41.51603948318873
            ],
            [
              -7.273623777513011,
              41.51606019688418
            ],
            [
              -7.273464906606273,
              41.51607107707863
            ],
            [
              -7.273199859204089,
              41.51607621564415
            ],
            [
              -7.273082153334403,
              41.51608118785505
            ],
            [
              -7.272954220086252,
              41.5160811350158
            ],
            [
              -7.272807541842177,
              41.51607553688625
            ],
            [
              -7.272663971415942,
              41.516062315879836
            ],
            [
              -7.272357040364852,
              41.51605471221097
            ],
            [
              -7.2721990299622705,
              41.5160552437412
            ],
            [
              -7.27204782803514,
              41.5160566345647
            ],
            [
              -7.271847131088608,
              41.516060176459995
            ],
            [
              -7.27169737966192,
              41.51606076825298
            ],
            [
              -7.271546923867097,
              41.516060455104274
            ],
            [
              -7.271403178289479,
              41.51605991922662
            ],
            [
              -7.2710003035520145,
              41.516060871300645
            ],
            [
              -7.270796392388614,
              41.51608977950158
            ],
            [
              -7.270660949552073,
              41.51611379681725
            ],
            [
              -7.270543170787006,
              41.51613344281321
            ],
            [
              -7.270248422517139,
              41.51616526835961
            ],
            [
              -7.2701084666888525,
              41.516167642282305
            ],
            [
              -7.2699339633514475,
              41.516174169446025
            ],
            [
              -7.269786295940648,
              41.51618063039792
            ],
            [
              -7.269460633434382,
              41.516185210744105
            ],
            [
              -7.269281901689615,
              41.51619458814745
            ],
            [
              -7.269107143170931,
              41.516220290919534
            ],
            [
              -7.268966801594726,
              41.51624318718809
            ],
            [
              -7.268807091087085,
              41.51626278912361
            ],
            [
              -7.268661142311288,
              41.51628393217396
            ],
            [
              -7.268475662751673,
              41.5163230580439
            ],
            [
              -7.268388663522314,
              41.51633446976465
            ],
            [
              -7.268260777637155,
              41.51635745882681
            ],
            [
              -7.268133857092799,
              41.51637982654904
            ],
            [
              -7.268007016644659,
              41.51640534872918
            ],
            [
              -7.267820381622001,
              41.516450133576356
            ],
            [
              -7.267667975638218,
              41.51647960471994
            ],
            [
              -7.267523251454925,
              41.51649877382495
            ],
            [
              -7.2671779383671495,
              41.5165398511498
            ],
            [
              -7.266930633242604,
              41.51655257922109
            ],
            [
              -7.2667972703429315,
              41.51656399886535
            ],
            [
              -7.266629341420612,
              41.51658038636769
            ],
            [
              -7.266472770526375,
              41.51658938344777
            ],
            [
              -7.266319242217478,
              41.51659498094168
            ],
            [
              -7.265954799494157,
              41.51658800892906
            ],
            [
              -7.265765431672985,
              41.51657704053988
            ],
            [
              -7.265527657641201,
              41.51655778881371
            ],
            [
              -7.265376507950453,
              41.516546563377254
            ],
            [
              -7.265161016863508,
              41.516536480022864
            ],
            [
              -7.26501691950536,
              41.51653512317137
            ],
            [
              -7.26478864613661,
              41.51653115518191
            ],
            [
              -7.264656898407516,
              41.516529352704204
            ],
            [
              -7.264370974762253,
              41.516527646920814
            ],
            [
              -7.264286265513069,
              41.51652890045637
            ],
            [
              -7.264132644477138,
              41.51654097969335
            ],
            [
              -7.2639621303706425,
              41.51655383142218
            ],
            [
              -7.263836300725252,
              41.51655711390168
            ],
            [
              -7.263642366524856,
              41.51655618984042
            ],
            [
              -7.263446324409763,
              41.51655191994425
            ],
            [
              -7.2632910036160805,
              41.51654786948448
            ],
            [
              -7.263100061617075,
              41.516547058077705
            ],
            [
              -7.262951836206201,
              41.516550080120346
            ],
            [
              -7.262739124305083,
              41.516555855261636
            ],
            [
              -7.262605056056949,
              41.516557368740024
            ],
            [
              -7.262436645232262,
              41.51655609652162
            ],
            [
              -7.2621169585985,
              41.51655278165409
            ],
            [
              -7.262033121599135,
              41.51655133902668
            ],
            [
              -7.261833922368926,
              41.51656784010723
            ],
            [
              -7.261792647075191,
              41.516572841368976
            ],
            [
              -7.261643885689638,
              41.5165804459482
            ],
            [
              -7.261494192963694,
              41.516603534136216
            ],
            [
              -7.261374097362702,
              41.51662594521699
            ],
            [
              -7.261240967029059,
              41.51664691039791
            ],
            [
              -7.261074724700463,
              41.51667122042145
            ],
            [
              -7.260933392066975,
              41.51668734838817
            ],
            [
              -7.260688028830379,
              41.516733932554196
            ],
            [
              -7.259657075337835,
              41.516922226274396
            ],
            [
              -7.259412367642148,
              41.51694621161494
            ],
            [
              -7.258645935844259,
              41.51700793013816
            ],
            [
              -7.2581377298173555,
              41.51713552756253
            ],
            [
              -7.25723435641054,
              41.51739427324925
            ],
            [
              -7.25692548454183,
              41.517459454382596
            ],
            [
              -7.256414661671154,
              41.517549206014
            ],
            [
              -7.256032191462306,
              41.517626518854875
            ],
            [
              -7.2556365980433375,
              41.51772678334469
            ],
            [
              -7.254624511296068,
              41.51790815201882
            ],
            [
              -7.2544293614293345,
              41.517917285458395
            ],
            [
              -7.254096877863811,
              41.51794743337339
            ],
            [
              -7.2538074873864185,
              41.517953694398585
            ],
            [
              -7.253494869404466,
              41.517949865769786
            ],
            [
              -7.25316587410091,
              41.51795212982809
            ],
            [
              -7.252736289642341,
              41.51799638957184
            ],
            [
              -7.252322891906847,
              41.518056886492246
            ],
            [
              -7.251406915270743,
              41.51821726217699
            ],
            [
              -7.250650167934622,
              41.51831357396227
            ],
            [
              -7.250245099137754,
              41.51834306458007
            ],
            [
              -7.249921264426118,
              41.51837092764846
            ],
            [
              -7.249537210762146,
              41.5184229045148
            ],
            [
              -7.249231145866889,
              41.518465849192665
            ],
            [
              -7.2488216082874555,
              41.51852402311588
            ],
            [
              -7.248362868205408,
              41.51858856981705
            ],
            [
              -7.247957989440067,
              41.51862993780186
            ],
            [
              -7.247484035487386,
              41.51868536380175
            ],
            [
              -7.2471659367870265,
              41.51873189821105
            ],
            [
              -7.246076305989961,
              41.518886755320224
            ],
            [
              -7.245833038166887,
              41.518883710865595
            ],
            [
              -7.244754329086697,
              41.518869554035085
            ],
            [
              -7.244456465342907,
              41.51888157665388
            ],
            [
              -7.244054705445007,
              41.518922596636486
            ],
            [
              -7.243735349584476,
              41.518955603593064
            ],
            [
              -7.243382772505011,
              41.519035358191886
            ],
            [
              -7.243157901120329,
              41.51913266144585
            ],
            [
              -7.242921709550706,
              41.519207909433916
            ],
            [
              -7.2424174019945875,
              41.51930107061506
            ],
            [
              -7.242093866875014,
              41.51933296829587
            ],
            [
              -7.241737146824575,
              41.51933021106524
            ],
            [
              -7.241398297518535,
              41.519325608688845
            ],
            [
              -7.240979632490708,
              41.51927959945346
            ],
            [
              -7.240168765231656,
              41.51909235182019
            ],
            [
              -7.239937022936186,
              41.519043561020354
            ],
            [
              -7.239700920819931,
              41.51898131858947
            ],
            [
              -7.239343031087261,
              41.51892389067053
            ],
            [
              -7.239155345499132,
              41.51890334672037
            ],
            [
              -7.238492074405725,
              41.51884777987761
            ],
            [
              -7.238297430734045,
              41.51884545968228
            ],
            [
              -7.238067677291454,
              41.51886168180567
            ],
            [
              -7.237261739642747,
              41.519074840566965
            ],
            [
              -7.237026021615332,
              41.51920221415875
            ],
            [
              -7.236655893397547,
              41.51935518687534
            ],
            [
              -7.236213538854304,
              41.519507601411384
            ],
            [
              -7.235579500208207,
              41.51972046010495
            ],
            [
              -7.234828605404749,
              41.52006737587174
            ],
            [
              -7.234262184303817,
              41.520310825016466
            ],
            [
              -7.233433324881903,
              41.52055898115687
            ],
            [
              -7.232881064276552,
              41.52067036649279
            ],
            [
              -7.2323050835416325,
              41.520789940392554
            ],
            [
              -7.231808743692423,
              41.52097198100141
            ],
            [
              -7.231345977955766,
              41.5212812391326
            ],
            [
              -7.230940224708813,
              41.52162587333535
            ],
            [
              -7.230492324411992,
              41.521933799506684
            ],
            [
              -7.230066787972663,
              41.522166809747496
            ],
            [
              -7.22935987978133,
              41.52260298947154
            ],
            [
              -7.229119930957585,
              41.52279162310839
            ],
            [
              -7.229112297712522,
              41.52279750463006
            ],
            [
              -7.229624701561167,
              41.52294485836356
            ],
            [
              -7.22999338821336,
              41.52306227126943
            ],
            [
              -7.230259034677874,
              41.523206431616636
            ],
            [
              -7.231203221556559,
              41.523587469832805
            ],
            [
              -7.231527247815066,
              41.52373829223427
            ],
            [
              -7.231957910289285,
              41.52409595262726
            ],
            [
              -7.232202041480902,
              41.52439299786715
            ],
            [
              -7.232437945513829,
              41.52492992249027
            ],
            [
              -7.2325196529331,
              41.52533716206745
            ],
            [
              -7.232540209826643,
              41.52579146388589
            ],
            [
              -7.232545822290349,
              41.52622592608649
            ],
            [
              -7.232546435788765,
              41.52661479772592
            ],
            [
              -7.232564781657467,
              41.52713309823465
            ],
            [
              -7.232562406714103,
              41.52762575333799
            ],
            [
              -7.232549861926372,
              41.528047115126114
            ],
            [
              -7.232462598865847,
              41.52848310520655
            ],
            [
              -7.232348801619347,
              41.529026932272274
            ],
            [
              -7.232291054597213,
              41.52944208295843
            ],
            [
              -7.232207769237309,
              41.529754846384606
            ],
            [
              -7.2320841107135605,
              41.53000598112438
            ],
            [
              -7.231944994914971,
              41.530231872554516
            ],
            [
              -7.2318850444920795,
              41.5304770236571
            ],
            [
              -7.231886006849411,
              41.53073642232518
            ],
            [
              -7.231988168317333,
              41.53093025973745
            ],
            [
              -7.232175755590109,
              41.53111548809194
            ],
            [
              -7.2323657797418335,
              41.53129839607278
            ],
            [
              -7.232678110673761,
              41.53148288815772
            ],
            [
              -7.23326512429133,
              41.53175109247496
            ],
            [
              -7.233534741938625,
              41.53186241193227
            ],
            [
              -7.233922591029812,
              41.53200238031557
            ],
            [
              -7.234273154324962,
              41.53212639497906
            ],
            [
              -7.234824319546852,
              41.53229248237395
            ],
            [
              -7.235271363047884,
              41.53243299863809
            ],
            [
              -7.235754449112661,
              41.532592075472635
            ],
            [
              -7.236331776344131,
              41.532790683855026
            ],
            [
              -7.236851717063967,
              41.53298893481692
            ],
            [
              -7.237271283943211,
              41.53314102214915
            ],
            [
              -7.237825181374852,
              41.533345382021686
            ],
            [
              -7.238278053186529,
              41.53352410751105
            ],
            [
              -7.238679059527152,
              41.53373718465101
            ],
            [
              -7.239001030175954,
              41.53398980492248
            ],
            [
              -7.2392799503500225,
              41.53423704401124
            ],
            [
              -7.23952095888361,
              41.53449605362457
            ],
            [
              -7.239712184353382,
              41.534750355101735
            ],
            [
              -7.239894178730261,
              41.53504888346674
            ],
            [
              -7.240036594011666,
              41.53528947891516
            ],
            [
              -7.240136937576104,
              41.53553020126063
            ],
            [
              -7.240204653428864,
              41.53575671448638
            ],
            [
              -7.240239528957758,
              41.5359746911069
            ],
            [
              -7.240238861306166,
              41.536101908546776
            ],
            [
              -7.240233238953529,
              41.536127166977266
            ],
            [
              -7.240234454097023,
              41.536423212257745
            ],
            [
              -7.240147239669525,
              41.536910708045106
            ],
            [
              -7.240055080765219,
              41.537487572550326
            ],
            [
              -7.239962302708079,
              41.53805722828611
            ],
            [
              -7.239743256638253,
              41.53854550751911
            ],
            [
              -7.2395232284897455,
              41.53896507896077
            ],
            [
              -7.239366641761578,
              41.53926800189857
            ],
            [
              -7.239186799619472,
              41.53963206321061
            ],
            [
              -7.239127431167847,
              41.5400024576906
            ],
            [
              -7.2391305118707985,
              41.540458241194386
            ],
            [
              -7.239189376716737,
              41.54080560417887
            ],
            [
              -7.239299498686482,
              41.54112896835213
            ],
            [
              -7.239511499790932,
              41.541512630209816
            ],
            [
              -7.239704904520708,
              41.54182808136884
            ],
            [
              -7.239926960704543,
              41.54218688673707
            ],
            [
              -7.240141799321331,
              41.54246873993214
            ],
            [
              -7.240372789274141,
              41.542796636728774
            ],
            [
              -7.240400809877262,
              41.542833138080546
            ],
            [
              -7.240620016841184,
              41.54312043186576
            ],
            [
              -7.240899024480101,
              41.5433991774914
            ],
            [
              -7.241216431779897,
              41.54365706440883
            ],
            [
              -7.24151392566424,
              41.54386365981586
            ],
            [
              -7.241994084311636,
              41.54411325804502
            ],
            [
              -7.2425045315855465,
              41.54435579320725
            ],
            [
              -7.242980867406971,
              41.544499660272194
            ],
            [
              -7.2434839501086685,
              41.54459807840232
            ],
            [
              -7.244084894454703,
              41.544709318584566
            ],
            [
              -7.244606573459734,
              41.54477132437098
            ],
            [
              -7.245199825255774,
              41.5447964217078
            ],
            [
              -7.245648612589474,
              41.54481698332274
            ],
            [
              -7.246340836874976,
              41.54483473801087
            ],
            [
              -7.24693119668966,
              41.54487889274924
            ],
            [
              -7.247421663781274,
              41.545024197282714
            ],
            [
              -7.247870042264372,
              41.54524183695459
            ],
            [
              -7.248320890351875,
              41.5455514157275
            ],
            [
              -7.248616185292579,
              41.54588708544829
            ],
            [
              -7.2488688038875075,
              41.5462857164656
            ],
            [
              -7.2490545663978665,
              41.5467003176897
            ],
            [
              -7.249220919170404,
              41.54713241293483
            ],
            [
              -7.2494439161165625,
              41.54764759490262
            ],
            [
              -7.249606328706066,
              41.54815861761423
            ],
            [
              -7.249707234729768,
              41.54858292162747
            ],
            [
              -7.249810369845227,
              41.54901974870874
            ],
            [
              -7.2499187245815735,
              41.54953152876887
            ],
            [
              -7.250015951490269,
              41.55004160526903
            ],
            [
              -7.2501246673732345,
              41.55047361916622
            ],
            [
              -7.250172269973974,
              41.55083412764818
            ],
            [
              -7.250138780074733,
              41.55128827611292
            ],
            [
              -7.250106920086623,
              41.551728395872814
            ],
            [
              -7.250059920089883,
              41.55215345237806
            ],
            [
              -7.25000983180718,
              41.55261161940174
            ],
            [
              -7.24997385683713,
              41.553115905152836
            ],
            [
              -7.249896239340948,
              41.553615453804376
            ],
            [
              -7.249818952005346,
              41.553957808616424
            ],
            [
              -7.249812624533054,
              41.55430889549704
            ],
            [
              -7.249912429204337,
              41.5546034480698
            ],
            [
              -7.250207805254385,
              41.55491885213396
            ],
            [
              -7.250462219431393,
              41.555135176530825
            ],
            [
              -7.250953853817356,
              41.55547521988775
            ],
            [
              -7.25137173931218,
              41.55573781088534
            ],
            [
              -7.251904641568975,
              41.5560488138717
            ],
            [
              -7.252333585643175,
              41.55630113283671
            ],
            [
              -7.252634172517722,
              41.55658730962655
            ],
            [
              -7.2528779364043325,
              41.55687449031245
            ],
            [
              -7.253171167358422,
              41.557129100257264
            ],
            [
              -7.253453077296158,
              41.55730762768347
            ],
            [
              -7.253856517988204,
              41.557469979619476
            ],
            [
              -7.254184275606887,
              41.55760924075625
            ],
            [
              -7.254410861637008,
              41.55777546532425
            ],
            [
              -7.254627282168221,
              41.55801093613554
            ],
            [
              -7.254849624406388,
              41.55828777662999
            ],
            [
              -7.2551200760324885,
              41.558703103348286
            ],
            [
              -7.255420413517729,
              41.559125221188445
            ],
            [
              -7.258401496887558,
              41.563199645349435
            ],
            [
              -7.258439346825544,
              41.56363885725586
            ],
            [
              -7.258586224377062,
              41.564225739419605
            ],
            [
              -7.258626082997967,
              41.56527333217884
            ],
            [
              -7.258761844046374,
              41.566045152910284
            ],
            [
              -7.258883048929927,
              41.56669603594408
            ],
            [
              -7.25891478752356,
              41.56686761613223
            ],
            [
              -7.259068723102188,
              41.567848722221605
            ],
            [
              -7.259278693522197,
              41.56870150662934
            ],
            [
              -7.259306652338542,
              41.56920834626927
            ],
            [
              -7.259366411901397,
              41.57028354837793
            ],
            [
              -7.259324232556849,
              41.57119177611427
            ],
            [
              -7.259129597878874,
              41.572185186826175
            ],
            [
              -7.258787495095325,
              41.573409230389636
            ],
            [
              -7.258249829963121,
              41.57449907787332
            ],
            [
              -7.257356948236929,
              41.5759395197949
            ],
            [
              -7.25690587611924,
              41.57674865919539
            ],
            [
              -7.256488032077368,
              41.5773959825152
            ],
            [
              -7.255723358909886,
              41.57802914507496
            ],
            [
              -7.254784420759507,
              41.57874362522118
            ],
            [
              -7.254476925323206,
              41.579368106237006
            ],
            [
              -7.253852409257597,
              41.58013224087948
            ],
            [
              -7.253292549659477,
              41.5807787414302
            ],
            [
              -7.253159362993439,
              41.581236363482006
            ],
            [
              -7.253143905354219,
              41.58265258433283
            ],
            [
              -7.253226242798701,
              41.583071875260465
            ],
            [
              -7.253380931934905,
              41.58355051140376
            ],
            [
              -7.253706689968282,
              41.5840155054872
            ],
            [
              -7.253999953754319,
              41.584525002502225
            ],
            [
              -7.254325640758847,
              41.584925077448816
            ],
            [
              -7.254879553929022,
              41.58543097476938
            ],
            [
              -7.2556739922698,
              41.58603719919471
            ],
            [
              -7.256012021710211,
              41.58653739155489
            ],
            [
              -7.256349929336247,
              41.58693971746966
            ],
            [
              -7.256583364163124,
              41.58738860566983
            ],
            [
              -7.25664723101801,
              41.587792268676324
            ],
            [
              -7.256534859124844,
              41.58817496379233
            ],
            [
              -7.256493040979937,
              41.58841206857968
            ],
            [
              -7.25658299433836,
              41.58858039218338
            ],
            [
              -7.257119918786216,
              41.58889059651898
            ],
            [
              -7.257547388768729,
              41.58932348857821
            ],
            [
              -7.258033403701177,
              41.589852802862076
            ],
            [
              -7.258446104227054,
              41.590322854846185
            ],
            [
              -7.258641265800165,
              41.59069438221236
            ],
            [
              -7.2587243902533665,
              41.591005360721894
            ],
            [
              -7.258716998137303,
              41.591439095248674
            ],
            [
              -7.258523673568293,
              41.591857185270385
            ],
            [
              -7.258172679217269,
              41.592263011499725
            ],
            [
              -7.258010276480175,
              41.592495597479164
            ],
            [
              -7.257931518724667,
              41.59260835571826
            ],
            [
              -7.257801357066809,
              41.59283362471312
            ],
            [
              -7.257891039882491,
              41.59313817286711
            ],
            [
              -7.258065264396,
              41.593417162240534
            ],
            [
              -7.2581302890279265,
              41.59365633929529
            ],
            [
              -7.258060992029671,
              41.59395725162736
            ],
            [
              -7.257852069736004,
              41.594134378623394
            ],
            [
              -7.257716912032479,
              41.59434718898698
            ],
            [
              -7.257496327225149,
              41.59483791019178
            ],
            [
              -7.2574372114804,
              41.59527323386025
            ],
            [
              -7.25743128450548,
              41.59554383076344
            ],
            [
              -7.257278790329403,
              41.595823220478934
            ],
            [
              -7.257074546723988,
              41.596035499170384
            ],
            [
              -7.256628481227588,
              41.59656952789339
            ],
            [
              -7.256480891576403,
              41.596920621414284
            ],
            [
              -7.256249915140922,
              41.59721111584577
            ],
            [
              -7.255902195745546,
              41.597567170814585
            ],
            [
              -7.255606331326015,
              41.598079285944905
            ],
            [
              -7.255462424048,
              41.59824592121696
            ],
            [
              -7.255398089022515,
              41.59837337167323
            ],
            [
              -7.2552934954841435,
              41.59856876174878
            ],
            [
              -7.255286536665573,
              41.598888333505954
            ],
            [
              -7.255384651611874,
              41.59919906560429
            ],
            [
              -7.255542918247533,
              41.599496575871456
            ],
            [
              -7.25565646384019,
              41.59977511079672
            ],
            [
              -7.255648930907774,
              41.600110968285065
            ],
            [
              -7.255515020922921,
              41.60037168069694
            ],
            [
              -7.255271614800178,
              41.600684591486214
            ],
            [
              -7.255110861506465,
              41.60104125289407
            ],
            [
              -7.255108264123817,
              41.601064823298046
            ],
            [
              -7.255064680072788,
              41.601493864126255
            ],
            [
              -7.255014574424778,
              41.601952658688965
            ],
            [
              -7.2550314974893455,
              41.60233345411416
            ],
            [
              -7.255024252353923,
              41.60270956223221
            ],
            [
              -7.25496394590036,
              41.60315081545022
            ],
            [
              -7.254786926721095,
              41.60348547243231
            ],
            [
              -7.254562086746325,
              41.603843360202866
            ],
            [
              -7.254343118405196,
              41.60417526669934
            ],
            [
              -7.25419915945551,
              41.604486140415936
            ],
            [
              -7.254096990882893,
              41.60499774640437
            ],
            [
              -7.254031052334426,
              41.60534919220318
            ],
            [
              -7.253976821047789,
              41.60581083197899
            ],
            [
              -7.25373014242607,
              41.60623013617268
            ],
            [
              -7.2536950187303235,
              41.60666257121067
            ],
            [
              -7.253667921124713,
              41.60750265855045
            ],
            [
              -7.253585218217522,
              41.608215010997256
            ],
            [
              -7.253537289583184,
              41.608680034365705
            ],
            [
              -7.253541624496803,
              41.60915724952353
            ],
            [
              -7.253522764267053,
              41.60941568183178
            ],
            [
              -7.253319313473475,
              41.60969855075466
            ],
            [
              -7.253020570333591,
              41.61001922409367
            ],
            [
              -7.2528054395204276,
              41.61026913518753
            ],
            [
              -7.252683138214711,
              41.610582511607454
            ],
            [
              -7.252607845596525,
              41.61115410419557
            ],
            [
              -7.252440330569722,
              41.6115109812627
            ],
            [
              -7.2523781582125215,
              41.611866414303414
            ],
            [
              -7.252294409438304,
              41.612229872493
            ],
            [
              -7.252228651895355,
              41.61252279152051
            ],
            [
              -7.251926285216784,
              41.6127554712095
            ],
            [
              -7.251337588349572,
              41.61311704935444
            ],
            [
              -7.250837174277658,
              41.61347101428476
            ],
            [
              -7.250391653120039,
              41.61366964081412
            ],
            [
              -7.249899006147703,
              41.61381361306983
            ],
            [
              -7.249532991660529,
              41.61398799729987
            ],
            [
              -7.249306280605672,
              41.61428499297683
            ],
            [
              -7.249240475763507,
              41.61446545554574
            ],
            [
              -7.249324947785507,
              41.61476429964321
            ],
            [
              -7.249499880552652,
              41.61488691493265
            ],
            [
              -7.249583180669455,
              41.61515711855111
            ],
            [
              -7.249306453078244,
              41.61539979761339
            ],
            [
              -7.24903049618016,
              41.615656172706736
            ],
            [
              -7.248553412123826,
              41.61588921287825
            ],
            [
              -7.2479817136240765,
              41.616047966351175
            ],
            [
              -7.2474482432626655,
              41.6161834195307
            ],
            [
              -7.247053761821651,
              41.61623612137866
            ],
            [
              -7.246699239818118,
              41.61617370192928
            ],
            [
              -7.2464444811921975,
              41.61599230385235
            ],
            [
              -7.246137543383795,
              41.61576683544107
            ],
            [
              -7.24582510542892,
              41.61574183079053
            ],
            [
              -7.245542642829719,
              41.61589334424578
            ],
            [
              -7.245411503668396,
              41.61607798461808
            ],
            [
              -7.245345592254831,
              41.61632705372051
            ],
            [
              -7.245348773268201,
              41.617191047015936
            ],
            [
              -7.245139047429047,
              41.61766436373762
            ],
            [
              -7.244772585579403,
              41.618307265980604
            ],
            [
              -7.244403899529028,
              41.6192173701743
            ],
            [
              -7.244385367675217,
              41.6201677200288
            ],
            [
              -7.2443213898823355,
              41.621028045880585
            ],
            [
              -7.244355323463085,
              41.6222739322828
            ],
            [
              -7.244379381480005,
              41.622952973571266
            ],
            [
              -7.2445054093366625,
              41.62377352911869
            ],
            [
              -7.2449206957219285,
              41.62479969956598
            ],
            [
              -7.245078123688508,
              41.62540495158382
            ],
            [
              -7.245130677471038,
              41.626115544773214
            ],
            [
              -7.245407524110185,
              41.62693023845182
            ],
            [
              -7.246172673833585,
              41.62769088762323
            ],
            [
              -7.2468086751956005,
              41.62812965403085
            ],
            [
              -7.247397507585746,
              41.62838510551736
            ],
            [
              -7.24794910732982,
              41.62893351194527
            ],
            [
              -7.248153163903906,
              41.62965085123764
            ],
            [
              -7.248006153578338,
              41.63003830581739
            ],
            [
              -7.247703564014159,
              41.63035920626201
            ],
            [
              -7.247266489762647,
              41.63087921774238
            ],
            [
              -7.246750228897237,
              41.631748488142314
            ],
            [
              -7.2464980418273335,
              41.63326308170293
            ],
            [
              -7.2461164648289,
              41.63396997568359
            ],
            [
              -7.2457187122254645,
              41.63491100936487
            ],
            [
              -7.244913055618565,
              41.636402248598635
            ],
            [
              -7.244638453967787,
              41.63739275673243
            ],
            [
              -7.244491056259624,
              41.63769152589985
            ],
            [
              -7.243887377921243,
              41.638916285010254
            ],
            [
              -7.243749660528212,
              41.63919180354745
            ],
            [
              -7.242995762189388,
              41.64069945654454
            ],
            [
              -7.242914138267559,
              41.641102269476846
            ],
            [
              -7.242927287788884,
              41.641455661451445
            ],
            [
              -7.242970815637915,
              41.64186115242189
            ],
            [
              -7.242912052152463,
              41.642154657061866
            ],
            [
              -7.242755677475915,
              41.64239798178263
            ],
            [
              -7.24253175980997,
              41.642700116917304
            ],
            [
              -7.241560611686064,
              41.64367847922945
            ],
            [
              -7.240960326504804,
              41.64445685996269
            ],
            [
              -7.240258242447609,
              41.64521716089391
            ],
            [
              -7.239331873112202,
              41.64630307781368
            ],
            [
              -7.238519560823537,
              41.64715858053972
            ],
            [
              -7.237628650028287,
              41.647976463389064
            ],
            [
              -7.236916325674599,
              41.64862960844278
            ],
            [
              -7.236527317749941,
              41.64926042186472
            ],
            [
              -7.236141866464567,
              41.65013696313504
            ],
            [
              -7.235970552159844,
              41.650320469410445
            ],
            [
              -7.23552674741849,
              41.650590534796535
            ],
            [
              -7.235100632148639,
              41.65102135789219
            ],
            [
              -7.234289830617219,
              41.65195886240668
            ],
            [
              -7.233990373232605,
              41.65230990503993
            ],
            [
              -7.233771847383007,
              41.652572360170545
            ],
            [
              -7.233539882568051,
              41.6528522664735
            ],
            [
              -7.2332176986055225,
              41.65322249022734
            ],
            [
              -7.232974712571995,
              41.65352616647414
            ],
            [
              -7.2326856135713475,
              41.65391663460414
            ],
            [
              -7.232254821363137,
              41.6544393374756
            ],
            [
              -7.232029480213666,
              41.65469921297575
            ],
            [
              -7.231845302683341,
              41.65491646242997
            ],
            [
              -7.231558759178937,
              41.65523465153899
            ],
            [
              -7.231268161294045,
              41.65557648993694
            ],
            [
              -7.2309740958618,
              41.655891554636575
            ],
            [
              -7.230639599755747,
              41.65623043131463
            ],
            [
              -7.230352444427004,
              41.65651404007999
            ],
            [
              -7.2302437891894895,
              41.656635367320284
            ],
            [
              -7.230054397357837,
              41.65684708252986
            ],
            [
              -7.229813700636719,
              41.65713023831557
            ],
            [
              -7.229555020414852,
              41.65743774884792
            ],
            [
              -7.229266194101026,
              41.6577890441811
            ],
            [
              -7.229075234640083,
              41.65809537456639
            ],
            [
              -7.2289102071744935,
              41.658384434694256
            ],
            [
              -7.2287052842043655,
              41.65873647772848
            ],
            [
              -7.228482130127407,
              41.659026439317216
            ],
            [
              -7.2282650948221,
              41.659308068197944
            ],
            [
              -7.228118374496684,
              41.65952380744766
            ],
            [
              -7.227874110597305,
              41.65998421008041
            ],
            [
              -7.227833848468712,
              41.66033925978733
            ],
            [
              -7.227855702355837,
              41.66060556717485
            ],
            [
              -7.227798558888863,
              41.66099199419345
            ],
            [
              -7.22771795647956,
              41.66130413874428
            ],
            [
              -7.227576023038515,
              41.661641187987286
            ],
            [
              -7.227425309498829,
              41.661978802588365
            ],
            [
              -7.227296243427323,
              41.662270397114284
            ],
            [
              -7.22712022739907,
              41.66259700589735
            ],
            [
              -7.226889957190398,
              41.66291373388018
            ],
            [
              -7.226659871206087,
              41.66319156877902
            ],
            [
              -7.2264237235785,
              41.66341308284746
            ],
            [
              -7.226200130777133,
              41.66365531251309
            ],
            [
              -7.225961325729645,
              41.6639038159188
            ],
            [
              -7.225757060733905,
              41.66415457316587
            ],
            [
              -7.225557401428349,
              41.6644025753323
            ],
            [
              -7.225371231349227,
              41.664655631979656
            ],
            [
              -7.225178192565148,
              41.664987773549804
            ],
            [
              -7.225044672996426,
              41.665279063679
            ],
            [
              -7.224907152405013,
              41.66556473267285
            ],
            [
              -7.224762563433941,
              41.66584098832835
            ],
            [
              -7.224615313853237,
              41.666092459648006
            ],
            [
              -7.224527251331724,
              41.666327025617
            ],
            [
              -7.224496098684484,
              41.66656194510337
            ],
            [
              -7.2244177328471935,
              41.66679910769436
            ],
            [
              -7.2242679744030385,
              41.667074777977945
            ],
            [
              -7.224001169478842,
              41.66752905113562
            ],
            [
              -7.223848411903372,
              41.667958299626925
            ],
            [
              -7.223697584270835,
              41.66836127036761
            ],
            [
              -7.223376008521151,
              41.669055140575566
            ],
            [
              -7.223251694703723,
              41.669305709317456
            ],
            [
              -7.2230540241251795,
              41.66956353726863
            ],
            [
              -7.222849553125797,
              41.669801589846706
            ],
            [
              -7.222789944781785,
              41.669882147871206
            ],
            [
              -7.222575259627091,
              41.670171711507834
            ],
            [
              -7.222297073397597,
              41.6706390370825
            ],
            [
              -7.222060920199596,
              41.671096879588326
            ],
            [
              -7.221856086934683,
              41.67152211092247
            ],
            [
              -7.2217253299330135,
              41.67177767232916
            ],
            [
              -7.221538564024562,
              41.672232483080826
            ],
            [
              -7.221433776950706,
              41.67242576438765
            ],
            [
              -7.221254868928181,
              41.67270624652018
            ],
            [
              -7.2212346087996,
              41.6727378670323
            ],
            [
              -7.221046622546523,
              41.67302340335295
            ],
            [
              -7.220945258263534,
              41.67324597254052
            ],
            [
              -7.220831055068184,
              41.673519132706936
            ],
            [
              -7.22069563253958,
              41.67383236787662
            ],
            [
              -7.220556429366657,
              41.674149441627186
            ],
            [
              -7.220382111597436,
              41.674435899219844
            ],
            [
              -7.220101765053873,
              41.67475554726553
            ],
            [
              -7.219826291225567,
              41.67507919213931
            ],
            [
              -7.219536006584025,
              41.67535374707968
            ],
            [
              -7.219251685390734,
              41.67561438705352
            ],
            [
              -7.21898129080234,
              41.67584101674541
            ],
            [
              -7.218808239321059,
              41.6760284431802
            ],
            [
              -7.218631570957844,
              41.676233850145856
            ],
            [
              -7.218414029498475,
              41.67649321686084
            ],
            [
              -7.218284131989673,
              41.676762286083516
            ],
            [
              -7.21819713201919,
              41.67694499445066
            ],
            [
              -7.218097805024311,
              41.677200802548626
            ],
            [
              -7.217993363261986,
              41.677444772616695
            ],
            [
              -7.21789828837649,
              41.67761175045364
            ],
            [
              -7.2177408424547735,
              41.677841703868246
            ],
            [
              -7.217586089198382,
              41.678033775840774
            ],
            [
              -7.2173949454083735,
              41.67824329261158
            ],
            [
              -7.217111337219225,
              41.67844307317518
            ],
            [
              -7.216860236586257,
              41.67857811100384
            ],
            [
              -7.216609973130014,
              41.67870468722424
            ],
            [
              -7.216290347683737,
              41.67882729096908
            ],
            [
              -7.216008060412474,
              41.678916784543624
            ],
            [
              -7.215687894146521,
              41.679001212228776
            ],
            [
              -7.2154072216924465,
              41.679069832846615
            ],
            [
              -7.215169641965378,
              41.679131229596166
            ],
            [
              -7.214836096304344,
              41.67920204018179
            ],
            [
              -7.214640916364255,
              41.6792803463322
            ],
            [
              -7.214487776032271,
              41.67941705583468
            ],
            [
              -7.214361420780159,
              41.6795960216928
            ],
            [
              -7.214261503770429,
              41.67980734734603
            ],
            [
              -7.2141180994179415,
              41.68010439077081
            ],
            [
              -7.2140122121359065,
              41.68032160980836
            ],
            [
              -7.213897447704675,
              41.68084261542966
            ],
            [
              -7.213811499399511,
              41.68116127782087
            ],
            [
              -7.213804737373395,
              41.68142574360499
            ],
            [
              -7.213854005861227,
              41.68165256676343
            ],
            [
              -7.213869103667861,
              41.68194250251627
            ],
            [
              -7.213859443245645,
              41.68253835858515
            ],
            [
              -7.213804422334659,
              41.68295405330064
            ],
            [
              -7.213753136283175,
              41.683317918098105
            ],
            [
              -7.213742748140571,
              41.68365203949263
            ],
            [
              -7.213759861570462,
              41.68407929353103
            ],
            [
              -7.2137951744790865,
              41.684502097776274
            ],
            [
              -7.213804682418252,
              41.68502500091012
            ],
            [
              -7.213773521277285,
              41.68539271977576
            ],
            [
              -7.213721410934803,
              41.68573838999423
            ],
            [
              -7.213638659080634,
              41.68605959850557
            ],
            [
              -7.213556656941027,
              41.686294108179695
            ],
            [
              -7.213444969650898,
              41.68663147031068
            ],
            [
              -7.213398841445205,
              41.68691921154566
            ],
            [
              -7.2134157083818735,
              41.68733817757409
            ],
            [
              -7.2134222687452825,
              41.687747611099496
            ],
            [
              -7.213448037265811,
              41.688072477936565
            ],
            [
              -7.213476650596665,
              41.68833272296626
            ],
            [
              -7.2134281498403015,
              41.68881284099409
            ],
            [
              -7.213375211941464,
              41.68903074842136
            ],
            [
              -7.213276122872348,
              41.68936866391771
            ],
            [
              -7.21332033276951,
              41.6895874370775
            ],
            [
              -7.2134060126061375,
              41.689821574211244
            ],
            [
              -7.213451669961027,
              41.69006619869484
            ],
            [
              -7.213449123315425,
              41.69040605727941
            ],
            [
              -7.2134141857150835,
              41.69072593554228
            ],
            [
              -7.213389004051416,
              41.69104427214155
            ],
            [
              -7.213384033908237,
              41.691394097858826
            ],
            [
              -7.21338952337665,
              41.691717719098264
            ],
            [
              -7.213373268313774,
              41.6920417118983
            ],
            [
              -7.213331321727935,
              41.69243248174252
            ],
            [
              -7.213295902844081,
              41.692710129999284
            ],
            [
              -7.213214564611445,
              41.69306619321994
            ],
            [
              -7.2131261060752285,
              41.69337393657098
            ],
            [
              -7.213011512345379,
              41.69380518375119
            ],
            [
              -7.212868169228655,
              41.694196219121544
            ],
            [
              -7.212745656041045,
              41.69449964597183
            ],
            [
              -7.21262257687672,
              41.694808732184526
            ],
            [
              -7.212451727347398,
              41.69515732784533
            ],
            [
              -7.212361359929737,
              41.69547244068674
            ],
            [
              -7.212174519916083,
              41.69590571536197
            ],
            [
              -7.212072915343794,
              41.69619130213855
            ],
            [
              -7.212013391004843,
              41.69644066507401
            ],
            [
              -7.211977690298424,
              41.69673748951474
            ],
            [
              -7.2119798858174775,
              41.69724169241935
            ],
            [
              -7.211935237671773,
              41.697500180614895
            ],
            [
              -7.2118735788089925,
              41.69779796912476
            ],
            [
              -7.211809349341878,
              41.69811590189959
            ],
            [
              -7.211776756925214,
              41.69838006515384
            ],
            [
              -7.211728819885252,
              41.69873477322318
            ],
            [
              -7.211692519282082,
              41.69904851723966
            ],
            [
              -7.2116351498947395,
              41.699441319517426
            ],
            [
              -7.211589933199471,
              41.699689181604406
            ],
            [
              -7.211551470949039,
              41.699859575847015
            ],
            [
              -7.211491536352085,
              41.700035472707825
            ],
            [
              -7.211388634603953,
              41.70026819289345
            ],
            [
              -7.211308233079051,
              41.70048975278461
            ],
            [
              -7.211252001847573,
              41.70069250483523
            ],
            [
              -7.211221442907223,
              41.70083910422839
            ],
            [
              -7.211191900045623,
              41.70098184390088
            ],
            [
              -7.211171750160254,
              41.701190377430315
            ],
            [
              -7.211159848191488,
              41.70139348324783
            ],
            [
              -7.211147077898827,
              41.70163196994682
            ],
            [
              -7.211129059678435,
              41.701892923923936
            ],
            [
              -7.211063155818195,
              41.70214223582197
            ],
            [
              -7.210936169007537,
              41.70236171182747
            ],
            [
              -7.210819995510931,
              41.7026062084768
            ],
            [
              -7.210713443413063,
              41.70281630462174
            ],
            [
              -7.210599130184353,
              41.70301400190054
            ],
            [
              -7.210441514688918,
              41.70330030582718
            ],
            [
              -7.210343160180699,
              41.703533061439124
            ],
            [
              -7.210245822694316,
              41.70377933291677
            ],
            [
              -7.210125680476663,
              41.704040544134735
            ],
            [
              -7.210044934049311,
              41.704260118563276
            ],
            [
              -7.209988623611255,
              41.70451878298807
            ],
            [
              -7.209918617544113,
              41.704827753644125
            ],
            [
              -7.209849387590929,
              41.705149608928025
            ],
            [
              -7.20981413078672,
              41.70543968414836
            ],
            [
              -7.209797567667231,
              41.70573332543416
            ],
            [
              -7.209752376819958,
              41.70605420151617
            ],
            [
              -7.209724656068795,
              41.70626222629519
            ],
            [
              -7.2096909968774625,
              41.706726702720644
            ],
            [
              -7.209712695489195,
              41.70707521643179
            ],
            [
              -7.2096988861418385,
              41.70741101920979
            ],
            [
              -7.2096355434539845,
              41.70769078206543
            ],
            [
              -7.2095660992964365,
              41.708001920358974
            ],
            [
              -7.209542510821796,
              41.70834160325682
            ],
            [
              -7.209523112399471,
              41.708698698144374
            ],
            [
              -7.2094129246237095,
              41.709111964641025
            ],
            [
              -7.209275123232257,
              41.70939725726079
            ],
            [
              -7.209168212291703,
              41.70973176929233
            ],
            [
              -7.209156803739564,
              41.71000916188441
            ],
            [
              -7.209139029751953,
              41.710353394822405
            ],
            [
              -7.209083771247479,
              41.710730998972636
            ],
            [
              -7.209019388683215,
              41.71115876857318
            ],
            [
              -7.208998230612854,
              41.711411769040616
            ],
            [
              -7.208895678639615,
              41.711777829386584
            ],
            [
              -7.208700386500038,
              41.71212514042396
            ],
            [
              -7.208527038614422,
              41.71242536082614
            ],
            [
              -7.208401819451097,
              41.7126280997199
            ],
            [
              -7.208176340711101,
              41.71303557505655
            ],
            [
              -7.207964245968616,
              41.7133981443795
            ],
            [
              -7.2077909933126545,
              41.71364047353347
            ],
            [
              -7.207570224225083,
              41.713903664969024
            ],
            [
              -7.207373683472182,
              41.71415255752095
            ],
            [
              -7.20714287684043,
              41.71442809550098
            ],
            [
              -7.206890703128772,
              41.71476089961506
            ],
            [
              -7.2066450527859995,
              41.715082410593
            ],
            [
              -7.206433034881026,
              41.71541328746837
            ],
            [
              -7.206273991588204,
              41.71571136607655
            ],
            [
              -7.2060546283737885,
              41.71600949711147
            ],
            [
              -7.205899284208222,
              41.71609999079838
            ],
            [
              -7.2057441738892,
              41.716190487060516
            ],
            [
              -7.205548473174181,
              41.71629640776443
            ],
            [
              -7.20539270094088,
              41.71639977392872
            ],
            [
              -7.205253906976113,
              41.71655063112087
            ],
            [
              -7.205103713001524,
              41.71670076763687
            ],
            [
              -7.2049365651071415,
              41.71683446729862
            ],
            [
              -7.20467985659412,
              41.716954484556005
            ],
            [
              -7.204420488412553,
              41.717025051224304
            ],
            [
              -7.204099041956107,
              41.71705054783018
            ],
            [
              -7.203704161839532,
              41.717093460848226
            ],
            [
              -7.2031836635759126,
              41.717173166523814
            ],
            [
              -7.202743795625961,
              41.71723597333452
            ],
            [
              -7.202390040971459,
              41.71729334649594
            ],
            [
              -7.2021123910190585,
              41.71735637439527
            ],
            [
              -7.201857032180847,
              41.717457309107296
            ],
            [
              -7.201540698755899,
              41.71756954334706
            ],
            [
              -7.201270245891144,
              41.71770852416584
            ],
            [
              -7.20106695905229,
              41.71782284333228
            ],
            [
              -7.200862140973881,
              41.717934805234506
            ],
            [
              -7.2004821996326065,
              41.71806624324737
            ],
            [
              -7.200151499408554,
              41.71814126404845
            ],
            [
              -7.199928816228011,
              41.718192304677075
            ],
            [
              -7.19963175798664,
              41.718267595387154
            ],
            [
              -7.199264698088298,
              41.7183636598285
            ],
            [
              -7.1990390849699635,
              41.71840963573014
            ],
            [
              -7.19872839649977,
              41.71847131094418
            ],
            [
              -7.198530774500648,
              41.71850121645995
            ],
            [
              -7.198298710670165,
              41.71855218392542
            ],
            [
              -7.197983175262639,
              41.718633443229535
            ],
            [
              -7.197693646868044,
              41.71871158393753
            ],
            [
              -7.1974152990980835,
              41.718847161009904
            ],
            [
              -7.197207876204807,
              41.71898898902666
            ],
            [
              -7.196889120448473,
              41.719192934976434
            ],
            [
              -7.196677253122935,
              41.71937577936128
            ],
            [
              -7.196520423133595,
              41.719501088487355
            ],
            [
              -7.196401423708778,
              41.71962787713432
            ],
            [
              -7.196221847622266,
              41.71983799309087
            ],
            [
              -7.196119529696181,
              41.72013192537671
            ],
            [
              -7.196107650544599,
              41.72027975469915
            ],
            [
              -7.196095473875784,
              41.72044855492887
            ],
            [
              -7.1960987964033185,
              41.72057570863322
            ],
            [
              -7.196101514423806,
              41.7207783037984
            ],
            [
              -7.196077134244498,
              41.72105891811093
            ],
            [
              -7.196029070285952,
              41.72132412177367
            ],
            [
              -7.195974135870838,
              41.721540836678166
            ],
            [
              -7.1959357133885415,
              41.7217538111748
            ],
            [
              -7.19590875847733,
              41.721980382427645
            ],
            [
              -7.195904206241757,
              41.72216149024686
            ],
            [
              -7.195931453458523,
              41.72237950291024
            ],
            [
              -7.1959202516283325,
              41.72256343935875
            ],
            [
              -7.19581781622389,
              41.72273249635058
            ],
            [
              -7.195713840279333,
              41.72294160653388
            ],
            [
              -7.195690703174009,
              41.723095014212056
            ],
            [
              -7.195664344849952,
              41.72332996244477
            ],
            [
              -7.195609641806392,
              41.7235304684328
            ],
            [
              -7.195477630145155,
              41.7237498853537
            ],
            [
              -7.195346801920384,
              41.7239868656207
            ],
            [
              -7.195312589257677,
              41.72422463250704
            ],
            [
              -7.195299311438347,
              41.72446869702532
            ],
            [
              -7.195259928640667,
              41.72469849692228
            ],
            [
              -7.195228183817163,
              41.724948075593595
            ],
            [
              -7.195220781022502,
              41.72516859832925
            ],
            [
              -7.19521649985954,
              41.72543866049824
            ],
            [
              -7.195252283797574,
              41.72574731484646
            ],
            [
              -7.195252467897376,
              41.725991483771146
            ],
            [
              -7.195259249444189,
              41.726352208156975
            ],
            [
              -7.195279147919372,
              41.726662443426996
            ],
            [
              -7.195268206491274,
              41.7270022253662
            ],
            [
              -7.195260816230937,
              41.72732970617637
            ],
            [
              -7.195239863015643,
              41.727688494365246
            ],
            [
              -7.195190928509942,
              41.728004920234135
            ],
            [
              -7.195114288031212,
              41.72818435896383
            ],
            [
              -7.194984279918678,
              41.72832285493926
            ],
            [
              -7.19484723613057,
              41.72844949441819
            ],
            [
              -7.194693526091098,
              41.7285810394923
            ],
            [
              -7.194550147411078,
              41.72873004521651
            ],
            [
              -7.194385178143856,
              41.728917225042565
            ],
            [
              -7.194240993740486,
              41.729046599182176
            ],
            [
              -7.194127575913381,
              41.72915145995119
            ],
            [
              -7.1940103258279375,
              41.72933002852711
            ],
            [
              -7.193928032766741,
              41.729517797832656
            ],
            [
              -7.193857892120685,
              41.72968828814608
            ],
            [
              -7.193776290684539,
              41.72987777271936
            ],
            [
              -7.19370126972707,
              41.73000320718033
            ],
            [
              -7.193569718994557,
              41.730115214536895
            ],
            [
              -7.193465387762383,
              41.73023140311373
            ],
            [
              -7.1934014611843775,
              41.730371064255465
            ],
            [
              -7.193343932154207,
              41.73047584198935
            ],
            [
              -7.19326085712587,
              41.730609582486196
            ],
            [
              -7.193177898711387,
              41.73071073175242
            ],
            [
              -7.192999262680175,
              41.73088654982258
            ],
            [
              -7.192863350755444,
              41.731008692645986
            ],
            [
              -7.192772509202226,
              41.731106447662945
            ],
            [
              -7.192697550511327,
              41.73122737847025
            ],
            [
              -7.192535961051854,
              41.73143763626852
            ],
            [
              -7.192449073715111,
              41.7315274986436
            ],
            [
              -7.192330737442276,
              41.731655998815015
            ],
            [
              -7.1922884377274,
              41.73177098263247
            ],
            [
              -7.192262265182194,
              41.73191761290161
            ],
            [
              -7.192249790443977,
              41.732106040818266
            ],
            [
              -7.192259051584934,
              41.73227042141079
            ],
            [
              -7.192275657968397,
              41.73244270225667
            ],
            [
              -7.192270259752924,
              41.73255744980624
            ],
            [
              -7.192258233104206,
              41.732657018357344
            ],
            [
              -7.192175614277627,
              41.73276771408215
            ],
            [
              -7.1920404471399095,
              41.73288760934347
            ],
            [
              -7.191933382987671,
              41.732993063696476
            ],
            [
              -7.1916561570143545,
              41.7332283052365
            ],
            [
              -7.191530912101865,
              41.73331893478544
            ],
            [
              -7.191257644289749,
              41.733479929297424
            ],
            [
              -7.191080639748286,
              41.73356788231647
            ],
            [
              -7.190938319170481,
              41.73365062923559
            ],
            [
              -7.190778268479303,
              41.73372972016271
            ],
            [
              -7.190522240672075,
              41.73382107929173
            ],
            [
              -7.190409720409996,
              41.733888222332986
            ],
            [
              -7.1903006955406985,
              41.73394638790098
            ],
            [
              -7.190182858936379,
              41.73403996052168
            ],
            [
              -7.190011008726957,
              41.73418602573352
            ],
            [
              -7.189865780442535,
              41.73430358767444
            ],
            [
              -7.189707848924641,
              41.73444292324601
            ],
            [
              -7.189469051873133,
              41.73462166386016
            ],
            [
              -7.189312027642624,
              41.73477280610655
            ],
            [
              -7.189133635115241,
              41.7349553653004
            ],
            [
              -7.18884868945974,
              41.73514939305951
            ],
            [
              -7.1886773814023295,
              41.735225142805504
            ],
            [
              -7.188633951974503,
              41.735244418502226
            ],
            [
              -7.188438743620817,
              41.735285580466844
            ],
            [
              -7.188244986391694,
              41.735285701503834
            ],
            [
              -7.188026900809548,
              41.735272119797585
            ],
            [
              -7.1878565725240575,
              41.735231289427475
            ],
            [
              -7.187701902616726,
              41.73517203806568
            ],
            [
              -7.187560256424949,
              41.73512648691696
            ],
            [
              -7.186287905122498,
              41.73495730904766
            ],
            [
              -7.185368102766761,
              41.734779853401015
            ],
            [
              -7.185055624130402,
              41.73472830542316
            ],
            [
              -7.184655383088197,
              41.73468620684892
            ],
            [
              -7.184265670330875,
              41.734671742243755
            ],
            [
              -7.183926737946512,
              41.73466219389659
            ],
            [
              -7.183557078369127,
              41.73466526899202
            ],
            [
              -7.1832831697613235,
              41.73469686386407
            ],
            [
              -7.18298245476159,
              41.73478549945251
            ],
            [
              -7.182686206448153,
              41.734905135481206
            ],
            [
              -7.182385828401654,
              41.73497072104041
            ],
            [
              -7.182141312510096,
              41.73502164256724
            ],
            [
              -7.181870327012858,
              41.73510718555212
            ],
            [
              -7.181501462796119,
              41.735236397376255
            ],
            [
              -7.18104606880818,
              41.735372181945024
            ],
            [
              -7.180892109599057,
              41.73544464794511
            ],
            [
              -7.180613085928837,
              41.73557000611726
            ],
            [
              -7.180160578485056,
              41.73572156872802
            ],
            [
              -7.179674025942843,
              41.73583458196232
            ],
            [
              -7.178892155899775,
              41.73597108132811
            ],
            [
              -7.178318440554859,
              41.73610920536554
            ],
            [
              -7.177746242601792,
              41.736169193797494
            ],
            [
              -7.1773813567475,
              41.73623090040419
            ],
            [
              -7.177015492727955,
              41.736383712358794
            ],
            [
              -7.17673564889677,
              41.73656316248204
            ],
            [
              -7.176386029531551,
              41.73675491110012
            ],
            [
              -7.176175084851925,
              41.73697373519374
            ],
            [
              -7.175927423513812,
              41.73730929904728
            ],
            [
              -7.175713201924428,
              41.73774867661024
            ],
            [
              -7.175515728455439,
              41.7382016974183
            ],
            [
              -7.17537058884893,
              41.73866757869266
            ],
            [
              -7.175067842828809,
              41.739223259374555
            ],
            [
              -7.174816833467452,
              41.739792157245574
            ],
            [
              -7.174656508833697,
              41.74008964131679
            ],
            [
              -7.174443642310686,
              41.74041252630966
            ],
            [
              -7.174142616233332,
              41.7408512645866
            ],
            [
              -7.173751707021002,
              41.74152262317102
            ],
            [
              -7.173483349130508,
              41.742092093267864
            ],
            [
              -7.173341682595392,
              41.742298615752325
            ],
            [
              -7.173197379772679,
              41.74267383832121
            ],
            [
              -7.173034085606412,
              41.743178367975844
            ],
            [
              -7.172765803716759,
              41.743734329158265
            ],
            [
              -7.172466099360372,
              41.7440823257043
            ],
            [
              -7.172182357537716,
              41.74452111658742
            ],
            [
              -7.1720402831668295,
              41.74475401547967
            ],
            [
              -7.172036808980759,
              41.74498752804459
            ],
            [
              -7.172119353416252,
              41.74527353189812
            ],
            [
              -7.172271080058887,
              41.74554759514819
            ],
            [
              -7.172730300477458,
              41.74612258718819
            ],
            [
              -7.173342517295714,
              41.74691934407516
            ],
            [
              -7.173630079931668,
              41.747389366492875
            ],
            [
              -7.173811430726175,
              41.748000842918096
            ],
            [
              -7.174044303302913,
              41.748664520855925
            ],
            [
              -7.174210273766176,
              41.749146493220614
            ],
            [
              -7.174256616967532,
              41.74952330405873
            ],
            [
              -7.174160576765662,
              41.7501453445065
            ],
            [
              -7.174151322146554,
              41.750768741241366
            ],
            [
              -7.174107068763472,
              41.75141714147899
            ],
            [
              -7.174031011886529,
              41.75188350471508
            ],
            [
              -7.173899493675604,
              41.75257061523977
            ],
            [
              -7.1739260198946475,
              41.75311606807119
            ],
            [
              -7.174195340921881,
              41.75365067553598
            ],
            [
              -7.174514555363315,
              41.75431506534661
            ],
            [
              -7.174787544636058,
              41.75460309958893
            ],
            [
              -7.17518184200788,
              41.754891694520566
            ],
            [
              -7.175749950876988,
              41.75514346172605
            ],
            [
              -7.176301456702895,
              41.755355661474546
            ],
            [
              -7.176611967390259,
              41.755448813074274
            ],
            [
              -7.176904781252032,
              41.755568283565005
            ],
            [
              -7.1771104040659415,
              41.755712964540265
            ],
            [
              -7.177314865849083,
              41.755961076258586
            ],
            [
              -7.177413117759805,
              41.756325441645
            ],
            [
              -7.177524173043183,
              41.757027443670914
            ],
            [
              -7.17763284783822,
              41.757605720338454
            ],
            [
              -7.177639157673102,
              41.7580407160398
            ],
            [
              -7.177584076092678,
              41.758260836127036
            ],
            [
              -7.1773885390500505,
              41.75857090395809
            ],
            [
              -7.177125901021958,
              41.75877624942014
            ],
            [
              -7.176758002259833,
              41.75903266534274
            ],
            [
              -7.176408935473102,
              41.75921154471729
            ],
            [
              -7.176043411384936,
              41.75929961729874
            ],
            [
              -7.175487764996303,
              41.759372605493
            ],
            [
              -7.175106369900651,
              41.759395362511185
            ],
            [
              -7.174845592439811,
              41.75945828783712
            ],
            [
              -7.174374505007154,
              41.759675124750764
            ],
            [
              -7.17402658116935,
              41.75977576322042
            ],
            [
              -7.173799222863173,
              41.75990387981935
            ],
            [
              -7.173675400148089,
              41.76007165495771
            ],
            [
              -7.173637112678175,
              41.76031775095413
            ],
            [
              -7.173669039102137,
              41.76049979504921
            ],
            [
              -7.173686559745848,
              41.76058321826043
            ],
            [
              -7.173751597069495,
              41.76085943961137
            ],
            [
              -7.173869268969356,
              41.76110521458991
            ],
            [
              -7.174013337289097,
              41.761428282518
            ],
            [
              -7.174092624343287,
              41.761652310754215
            ],
            [
              -7.174032567071333,
              41.76180153060408
            ],
            [
              -7.174064070965842,
              41.761979605969195
            ],
            [
              -7.173965408754247,
              41.76216956212568
            ],
            [
              -7.173771459568763,
              41.762403740819444
            ],
            [
              -7.173558418776343,
              41.76262704489782
            ],
            [
              -7.173377637450695,
              41.76280839802008
            ],
            [
              -7.173060910777983,
              41.763155170407686
            ],
            [
              -7.172960427629132,
              41.76324093964195
            ],
            [
              -7.172641025791627,
              41.76359786670063
            ],
            [
              -7.172540170716577,
              41.76370848603527
            ],
            [
              -7.172286961003539,
              41.76402877469882
            ],
            [
              -7.172069151937938,
              41.76422503068135
            ],
            [
              -7.171833816872104,
              41.76448307413165
            ],
            [
              -7.171613054350147,
              41.764643292256096
            ],
            [
              -7.17142417510745,
              41.76493936008273
            ],
            [
              -7.171358905513773,
              41.76526004835584
            ],
            [
              -7.171355217785649,
              41.76550760522264
            ],
            [
              -7.171532579561401,
              41.765831487721286
            ],
            [
              -7.1716055728468,
              41.76600144779526
            ],
            [
              -7.171692385103998,
              41.76620420449844
            ],
            [
              -7.171707498986009,
              41.76630336444066
            ],
            [
              -7.171618867371441,
              41.766699307525236
            ],
            [
              -7.171536135437773,
              41.76682799142064
            ],
            [
              -7.171328214783739,
              41.76706204971284
            ],
            [
              -7.17120546991832,
              41.7672287496699
            ],
            [
              -7.171093479457371,
              41.76727904423224
            ],
            [
              -7.170994675248277,
              41.76733224103508
            ],
            [
              -7.170827697684228,
              41.767416914836765
            ],
            [
              -7.170725947940607,
              41.767482417633545
            ],
            [
              -7.170683440986482,
              41.767534459762985
            ],
            [
              -7.17064288351437,
              41.76760893998965
            ],
            [
              -7.170640234000539,
              41.76791556247227
            ],
            [
              -7.170743569215605,
              41.7684216861587
            ],
            [
              -7.170900753109145,
              41.7689941593684
            ],
            [
              -7.1709919017229975,
              41.76925322423874
            ],
            [
              -7.171056262142928,
              41.76937305491932
            ],
            [
              -7.171061021092573,
              41.769456914431125
            ],
            [
              -7.171087999731317,
              41.769543209030346
            ],
            [
              -7.171217921689353,
              41.76990387899893
            ],
            [
              -7.171375719241052,
              41.77018546865844
            ],
            [
              -7.171565547177419,
              41.770456519545746
            ],
            [
              -7.171827379356897,
              41.77077039171651
            ],
            [
              -7.172060692984552,
              41.77105314976079
            ],
            [
              -7.172311400305492,
              41.7713793585692
            ],
            [
              -7.172499191066868,
              41.771666771403595
            ],
            [
              -7.172732301729222,
              41.772011919980876
            ],
            [
              -7.172902578196526,
              41.772207538642135
            ],
            [
              -7.173089390928482,
              41.772390777076815
            ],
            [
              -7.173339017799312,
              41.77263711368364
            ],
            [
              -7.17354635498549,
              41.77279919226976
            ],
            [
              -7.173867736211614,
              41.7731456969842
            ],
            [
              -7.174233482736462,
              41.77332313482169
            ],
            [
              -7.174750436974072,
              41.77345861366502
            ],
            [
              -7.175265865476308,
              41.77351854446629
            ],
            [
              -7.175739027557005,
              41.77351743864189
            ],
            [
              -7.176159450105,
              41.773479874851326
            ],
            [
              -7.176662905578423,
              41.77339006517142
            ],
            [
              -7.177062160481979,
              41.77332810842215
            ],
            [
              -7.177550789250674,
              41.77322466383417
            ],
            [
              -7.17792104759009,
              41.773122488344065
            ],
            [
              -7.178366541974312,
              41.77299122882458
            ],
            [
              -7.178652860191292,
              41.772945164027135
            ],
            [
              -7.178949727207525,
              41.772942492804084
            ],
            [
              -7.179233466815574,
              41.77299768753348
            ],
            [
              -7.179502314441553,
              41.773141177353914
            ],
            [
              -7.179604094088988,
              41.77319603733693
            ],
            [
              -7.179800126650183,
              41.77338393576983
            ],
            [
              -7.1799453472214365,
              41.77363272821968
            ],
            [
              -7.179959989798918,
              41.773756640286805
            ],
            [
              -7.179938758284469,
              41.77407887062375
            ],
            [
              -7.179934553120049,
              41.77436360580805
            ],
            [
              -7.179976778897014,
              41.77485966578974
            ],
            [
              -7.1800558513257435,
              41.775108450309546
            ],
            [
              -7.180167886091612,
              41.775356964398156
            ],
            [
              -7.18031182010675,
              41.775692982881644
            ],
            [
              -7.180438446856686,
              41.77607774813009
            ],
            [
              -7.180631742518979,
              41.776451357235565
            ],
            [
              -7.180758252399165,
              41.77683611661852
            ],
            [
              -7.180814391256774,
              41.777107219506945
            ],
            [
              -7.180980616608684,
              41.777457376023534
            ],
            [
              -7.181155503585226,
              41.77792986669883
            ],
            [
              -7.181292612740591,
              41.77819146024748
            ],
            [
              -7.181437667178591,
              41.77845267108032
            ],
            [
              -7.1816312168051635,
              41.77871248183582
            ],
            [
              -7.182072478902869,
              41.779041948805016
            ],
            [
              -7.182418716861602,
              41.779241169695574
            ],
            [
              -7.182864896581869,
              41.77929436572677
            ],
            [
              -7.183262188107659,
              41.77918798518542
            ],
            [
              -7.183586023107746,
              41.779128176880825
            ],
            [
              -7.184032837184791,
              41.77900752584791
            ],
            [
              -7.184409489582561,
              41.77889754956842
            ],
            [
              -7.184801330404778,
              41.778809576280075
            ],
            [
              -7.185155222170216,
              41.77875054464426
            ],
            [
              -7.185593919526113,
              41.778641619329996
            ],
            [
              -7.18603763099271,
              41.77845340943414
            ],
            [
              -7.186386349949245,
              41.77834490788055
            ],
            [
              -7.186603195316832,
              41.77824765599848
            ],
            [
              -7.187068397943562,
              41.77810238291357
            ],
            [
              -7.187715797364994,
              41.7779590612268
            ],
            [
              -7.1879823257683455,
              41.77788589059196
            ],
            [
              -7.188343405116707,
              41.7777375084213
            ],
            [
              -7.188481176915185,
              41.77766832669478
            ],
            [
              -7.188894642789428,
              41.77769638396166
            ],
            [
              -7.189151540399169,
              41.777787985017525
            ],
            [
              -7.189461981706726,
              41.77794412234826
            ],
            [
              -7.189612306594637,
              41.77812658847728
            ],
            [
              -7.189722470250066,
              41.7783823668915
            ],
            [
              -7.189807633320351,
              41.77862056899025
            ],
            [
              -7.189754638928688,
              41.77885583773403
            ],
            [
              -7.189520021060434,
              41.77914039683231
            ],
            [
              -7.189446181019721,
              41.77936199107766
            ],
            [
              -7.1893072009148105,
              41.779579179609584
            ],
            [
              -7.189125669566949,
              41.779835902812145
            ],
            [
              -7.188967294801584,
              41.780129455744735
            ],
            [
              -7.188842220310044,
              41.780382768346264
            ],
            [
              -7.188647445076452,
              41.78087022663992
            ],
            [
              -7.188625990061545,
              41.78113618510701
            ],
            [
              -7.188665248315136,
              41.78137959074477
            ],
            [
              -7.188669202467182,
              41.78164350457223
            ],
            [
              -7.1885293783607045,
              41.78185276494858
            ],
            [
              -7.188409554941928,
              41.78207577825652
            ],
            [
              -7.188401142035704,
              41.78228899559363
            ],
            [
              -7.188446442616375,
              41.78250598224145
            ],
            [
              -7.1885930705525185,
              41.78279357463973
            ],
            [
              -7.18876513280044,
              41.783003767763944
            ],
            [
              -7.189023078462373,
              41.78323042218474
            ],
            [
              -7.189397175230066,
              41.78340337773179
            ],
            [
              -7.189853236292391,
              41.783498857646975
            ],
            [
              -7.190273765909426,
              41.78350707618469
            ],
            [
              -7.190700364267136,
              41.78346239655747
            ],
            [
              -7.190992270486775,
              41.78331659440545
            ],
            [
              -7.191192044196105,
              41.78312889028222
            ],
            [
              -7.1914463192253715,
              41.783014469007156
            ],
            [
              -7.191767697613032,
              41.78290960122039
            ],
            [
              -7.192146891346793,
              41.78274956321297
            ],
            [
              -7.192456986041461,
              41.78262605252794
            ],
            [
              -7.192703158276804,
              41.78254757247752
            ],
            [
              -7.193150405861599,
              41.78239763078328
            ],
            [
              -7.193541575171278,
              41.782282073149595
            ],
            [
              -7.193905125310278,
              41.78222147211674
            ],
            [
              -7.194067280537591,
              41.78227060419723
            ],
            [
              -7.194166530681705,
              41.78239349258721
            ],
            [
              -7.194237579588991,
              41.782627527152286
            ],
            [
              -7.194286174753025,
              41.782850752508395
            ],
            [
              -7.194303978891307,
              41.78309902179117
            ],
            [
              -7.194289813394738,
              41.78335324835436
            ],
            [
              -7.194257512085921,
              41.78353133640731
            ],
            [
              -7.194206727376362,
              41.78371440974381
            ],
            [
              -7.194122492400886,
              41.78399785806175
            ],
            [
              -7.194029924085519,
              41.784241902008525
            ],
            [
              -7.193967260912677,
              41.78446475897955
            ],
            [
              -7.193951374531929,
              41.78475443973568
            ],
            [
              -7.193914504600939,
              41.7849899329304
            ],
            [
              -7.193836136674124,
              41.785208701764525
            ],
            [
              -7.193717179904773,
              41.78548061712206
            ],
            [
              -7.193599810256913,
              41.78569294551339
            ],
            [
              -7.19346983882718,
              41.785911378449
            ],
            [
              -7.193325677461899,
              41.786112777109885
            ],
            [
              -7.193178853892687,
              41.78633215312224
            ],
            [
              -7.19306275677377,
              41.78658041255692
            ],
            [
              -7.192971396175856,
              41.786840221119256
            ],
            [
              -7.192947851529964,
              41.78709373765395
            ],
            [
              -7.193021901013197,
              41.78729583036219
            ],
            [
              -7.193135677793348,
              41.787486906686546
            ],
            [
              -7.193366671687345,
              41.78778247665676
            ],
            [
              -7.1936344424387055,
              41.78795688933948
            ],
            [
              -7.1939783893766425,
              41.78819548810069
            ],
            [
              -7.19432294384702,
              41.78840869979774
            ],
            [
              -7.194569469992424,
              41.78852216826934
            ],
            [
              -7.194849674776801,
              41.78861106409533
            ],
            [
              -7.195360284006435,
              41.78876431483763
            ],
            [
              -7.195607227645081,
              41.78886544912307
            ],
            [
              -7.195770284529288,
              41.78902766438328
            ],
            [
              -7.19580108503501,
              41.78915962978968
            ],
            [
              -7.195825398100466,
              41.78929991708485
            ],
            [
              -7.1958301345458375,
              41.78946201169653
            ],
            [
              -7.195728500499299,
              41.789634494237504
            ],
            [
              -7.195576527460774,
              41.78984366468439
            ],
            [
              -7.195391292448861,
              41.79004076643856
            ],
            [
              -7.195039882235106,
              41.7903226730824
            ],
            [
              -7.194906660322599,
              41.79038352931711
            ],
            [
              -7.194772905803678,
              41.79048138173223
            ],
            [
              -7.194372888188605,
              41.79066439631908
            ],
            [
              -7.194056227724688,
              41.79082279269812
            ],
            [
              -7.193855592771589,
              41.79094495257844
            ],
            [
              -7.193630712543158,
              41.791054395692605
            ],
            [
              -7.193413647613908,
              41.79118938060796
            ],
            [
              -7.193145765484997,
              41.791385265973894
            ],
            [
              -7.193060956705157,
              41.791533125698415
            ],
            [
              -7.193025533216656,
              41.79169381040924
            ],
            [
              -7.193073101275111,
              41.791830868188164
            ],
            [
              -7.193104014759046,
              41.79197967305734
            ],
            [
              -7.1932334487755325,
              41.792203558185065
            ],
            [
              -7.193378213056485,
              41.792490046652354
            ],
            [
              -7.19352304762908,
              41.79276357171624
            ],
            [
              -7.193618853710098,
              41.793000146010456
            ],
            [
              -7.193746487126402,
              41.79332304978211
            ],
            [
              -7.1938108488728165,
              41.79344736990032
            ],
            [
              -7.193858358805497,
              41.79359684773092
            ],
            [
              -7.193921993347842,
              41.79377068152301
            ],
            [
              -7.193936075691421,
              41.79396886369749
            ],
            [
              -7.1940483607360255,
              41.79420557231954
            ],
            [
              -7.194193021881902,
              41.794491430409266
            ],
            [
              -7.194306888099641,
              41.794628575732176
            ],
            [
              -7.194452082185576,
              41.794877887339105
            ],
            [
              -7.194598128085735,
              41.79507705400892
            ],
            [
              -7.194877836501582,
              41.79546647055262
            ],
            [
              -7.1951928039915325,
              41.79578135458706
            ],
            [
              -7.195421732896112,
              41.79596553393895
            ],
            [
              -7.195617954466449,
              41.79612297365153
            ],
            [
              -7.196078487966898,
              41.796464340469896
            ],
            [
              -7.1965356575946915,
              41.79685519767059
            ],
            [
              -7.19679618487279,
              41.79711669338933
            ],
            [
              -7.19727925853168,
              41.7974559900744
            ],
            [
              -7.197792519552456,
              41.79755586227836
            ],
            [
              -7.198400097184655,
              41.79760688909346
            ],
            [
              -7.198912152218891,
              41.79757395128384
            ],
            [
              -7.199341670541243,
              41.79751666625112
            ],
            [
              -7.199673438014352,
              41.797479381034805
            ],
            [
              -7.200121364395495,
              41.797471217633195
            ],
            [
              -7.2006999789661945,
              41.79747022926352
            ],
            [
              -7.2009630045732385,
              41.797485867017606
            ],
            [
              -7.201348515918168,
              41.79757568426809
            ],
            [
              -7.201747927785192,
              41.79777797796986
            ],
            [
              -7.201946955515277,
              41.79800133519164
            ],
            [
              -7.202155376284883,
              41.798357471554255
            ],
            [
              -7.2021504331085096,
              41.79865003252377
            ],
            [
              -7.202124271432917,
              41.798770286639076
            ],
            [
              -7.2020795932230115,
              41.798973033269945
            ],
            [
              -7.202024708619202,
              41.79913293352959
            ],
            [
              -7.201999964648232,
              41.79920476163356
            ],
            [
              -7.201676916179491,
              41.79954598018269
            ],
            [
              -7.201150615666393,
              41.799980622321584
            ],
            [
              -7.200521442078585,
              41.800456029944996
            ],
            [
              -7.200397907487886,
              41.800553519726606
            ],
            [
              -7.199974617008343,
              41.80085286910738
            ],
            [
              -7.199543497937897,
              41.80107778289678
            ],
            [
              -7.199334605562842,
              41.80124489578973
            ],
            [
              -7.199074987290562,
              41.80155790031835
            ],
            [
              -7.198719322666158,
              41.80193935972261
            ],
            [
              -7.198491679432377,
              41.802212647689586
            ],
            [
              -7.198412607797906,
              41.80245454979519
            ],
            [
              -7.198526704655174,
              41.80267650319218
            ],
            [
              -7.198647181693226,
              41.80282378418577
            ],
            [
              -7.198902833757082,
              41.80305939687178
            ],
            [
              -7.199212409634929,
              41.803226755391684
            ],
            [
              -7.199730482714774,
              41.803488085235124
            ],
            [
              -7.1999258629068,
              41.803706374312384
            ],
            [
              -7.2001080019565595,
              41.8039829892202
            ],
            [
              -7.200203011060519,
              41.804277437499785
            ],
            [
              -7.2002221979180066,
              41.80453139189122
            ],
            [
              -7.200139786763704,
              41.804796948290395
            ],
            [
              -7.200105192819588,
              41.805008780866224
            ],
            [
              -7.200123737805429,
              41.80536509772386
            ],
            [
              -7.200222296668787,
              41.80564724392319
            ],
            [
              -7.200547938734392,
              41.805878289422935
            ],
            [
              -7.20096480936459,
              41.80601679813099
            ],
            [
              -7.2015524819843435,
              41.80602713857859
            ],
            [
              -7.202106454195351,
              41.8059708454332
            ],
            [
              -7.2024970307544205,
              41.80587217750454
            ],
            [
              -7.202938053328321,
              41.805746275919844
            ],
            [
              -7.203097928875618,
              41.80571605911906
            ],
            [
              -7.2034859440548855,
              41.805611153044666
            ],
            [
              -7.203780779676903,
              41.80548415865916
            ],
            [
              -7.203941204634907,
              41.80541568046809
            ],
            [
              -7.204111266121354,
              41.80525436297741
            ],
            [
              -7.204320366098209,
              41.80512325434
            ],
            [
              -7.204557834079306,
              41.80497724649726
            ],
            [
              -7.204838037965146,
              41.80481294682038
            ],
            [
              -7.205232813386594,
              41.804731142233734
            ],
            [
              -7.205504659585474,
              41.804729368295895
            ],
            [
              -7.205667897143021,
              41.80478299340494
            ],
            [
              -7.205812072613364,
              41.80487364417419
            ],
            [
              -7.205916917024098,
              41.80503825401117
            ],
            [
              -7.205961046665289,
              41.80518266382032
            ],
            [
              -7.206005576306828,
              41.805332560709964
            ],
            [
              -7.206033074924823,
              41.80551230450815
            ],
            [
              -7.206083132494973,
              41.80574678907386
            ],
            [
              -7.206126185753852,
              41.80596608984577
            ],
            [
              -7.206137508178324,
              41.80611581501257
            ],
            [
              -7.206088441860282,
              41.806289811731034
            ],
            [
              -7.206040104540319,
              41.806404211982894
            ],
            [
              -7.20598566058659,
              41.80650848200033
            ],
            [
              -7.2058496731060435,
              41.80670149319185
            ],
            [
              -7.20571388621355,
              41.806889466722964
            ],
            [
              -7.205598559235705,
              41.80704330206871
            ],
            [
              -7.205428190058715,
              41.80730077017106
            ],
            [
              -7.205262630782126,
              41.80760049842602
            ],
            [
              -7.205165462130057,
              41.807713333408216
            ],
            [
              -7.204744751733748,
              41.80808249585565
            ],
            [
              -7.204629672466124,
              41.808235698362445
            ],
            [
              -7.20457292395825,
              41.80847436460484
            ],
            [
              -7.20461947863422,
              41.8087094506939
            ],
            [
              -7.204891337371988,
              41.80923436651195
            ],
            [
              -7.205022123517674,
              41.80939468416684
            ],
            [
              -7.205192849192628,
              41.80955586541312
            ],
            [
              -7.205834256398334,
              41.809840040807316
            ],
            [
              -7.206193855876049,
              41.809837895068576
            ],
            [
              -7.20659386152784,
              41.809796097983465
            ],
            [
              -7.206880923243295,
              41.809733674451685
            ],
            [
              -7.207049954414147,
              41.80956055289567
            ],
            [
              -7.207151660936821,
              41.809416777314986
            ],
            [
              -7.2072926016452215,
              41.809239107391484
            ],
            [
              -7.207455053050487,
              41.80908844657031
            ],
            [
              -7.20759834352097,
              41.80889773960624
            ],
            [
              -7.207813557080152,
              41.80875991703203
            ],
            [
              -7.208262627230805,
              41.80875335184837
            ],
            [
              -7.208586777769221,
              41.80891522308673
            ],
            [
              -7.208690926568569,
              41.80907073324284
            ],
            [
              -7.208768564395412,
              41.80922044796315
            ],
            [
              -7.208800078258608,
              41.80935574464117
            ],
            [
              -7.20886900325099,
              41.809634858355466
            ],
            [
              -7.20893847010092,
              41.809909468457896
            ],
            [
              -7.208988848237554,
              41.81011406616256
            ],
            [
              -7.209064552121271,
              41.81039880816472
            ],
            [
              -7.2091624722258105,
              41.81075359747787
            ],
            [
              -7.20918533151342,
              41.81102270603563
            ],
            [
              -7.20924731293171,
              41.81134173433754
            ],
            [
              -7.209271099164332,
              41.81154620532171
            ],
            [
              -7.209359071941913,
              41.81191540779634
            ],
            [
              -7.209448109315594,
              41.81228588189612
            ],
            [
              -7.209499112217294,
              41.81248039710876
            ],
            [
              -7.209534420321954,
              41.812670285385586
            ],
            [
              -7.209602671250914,
              41.81289590852448
            ],
            [
              -7.209730280920316,
              41.813119760701746
            ],
            [
              -7.2098785795287865,
              41.81329362924814
            ],
            [
              -7.21005002406672,
              41.813481821371305
            ],
            [
              -7.2101507550729895,
              41.81356590435344
            ],
            [
              -7.210273610516267,
              41.813811058053425
            ],
            [
              -7.210290584958007,
              41.814020514027575
            ],
            [
              -7.210295541329035,
              41.814144977525025
            ],
            [
              -7.210070016990824,
              41.814556683578054
            ],
            [
              -7.210015731388974,
              41.81461594050964
            ],
            [
              -7.209934999186178,
              41.81469010667906
            ],
            [
              -7.209887386929987,
              41.81475445808793
            ],
            [
              -7.209752295927941,
              41.81489292128494
            ],
            [
              -7.209609919516037,
              41.815061129116614
            ],
            [
              -7.209473760767111,
              41.81527440288092
            ],
            [
              -7.209416767145814,
              41.815547998188784
            ],
            [
              -7.209436543254451,
              41.815796823537134
            ],
            [
              -7.2094266602933965,
              41.81601624172938
            ],
            [
              -7.209417849959557,
              41.81616075902893
            ],
            [
              -7.209415567571113,
              41.81632000857359
            ],
            [
              -7.209386714941116,
              41.81649425718379
            ],
            [
              -7.209310499613591,
              41.81669783460054
            ],
            [
              -7.209167550649958,
              41.81690601241841
            ],
            [
              -7.209019358707761,
              41.817034288400656
            ],
            [
              -7.208790152999685,
              41.817231596309966
            ],
            [
              -7.208537589019435,
              41.81742880666754
            ],
            [
              -7.208355874868897,
              41.81756176280953
            ],
            [
              -7.207919993161422,
              41.81780251635743
            ],
            [
              -7.20757258767203,
              41.81789930036523
            ],
            [
              -7.207365938933291,
              41.8179078113832
            ],
            [
              -7.2071567071381715,
              41.817861112374516
            ],
            [
              -7.206727476115301,
              41.817638796611114
            ],
            [
              -7.206145852873702,
              41.81733467249189
            ],
            [
              -7.205603606890148,
              41.81709622497199
            ],
            [
              -7.20524566630621,
              41.81698872386205
            ],
            [
              -7.20493199317913,
              41.81704129467698
            ],
            [
              -7.204670323277519,
              41.817193411335204
            ],
            [
              -7.204544743981348,
              41.81758124072652
            ],
            [
              -7.204568653043007,
              41.81801016546386
            ],
            [
              -7.204585203406809,
              41.81823933481401
            ],
            [
              -7.204588766842933,
              41.81846813267483
            ],
            [
              -7.204598942923539,
              41.81867258436337
            ],
            [
              -7.204620632953023,
              41.81902162984345
            ],
            [
              -7.204610449262755,
              41.81926076207845
            ],
            [
              -7.20455382793029,
              41.819506723276994
            ],
            [
              -7.204534484439282,
              41.81970463223961
            ],
            [
              -7.204556417653509,
              41.819902879387165
            ],
            [
              -7.204674466064036,
              41.82011369498393
            ],
            [
              -7.204936676450484,
              41.82040111432642
            ],
            [
              -7.205089074290906,
              41.820549813875864
            ],
            [
              -7.205218593935123,
              41.820699408789864
            ],
            [
              -7.205385316422128,
              41.820898189696685
            ],
            [
              -7.205536156785872,
              41.821054797992765
            ],
            [
              -7.205693541955022,
              41.82122541481379
            ],
            [
              -7.205998065671302,
              41.821491746591946
            ],
            [
              -7.206202048055209,
              41.821619432459606
            ],
            [
              -7.20639072920245,
              41.82172277586884
            ],
            [
              -7.206631376151546,
              41.821887310727384
            ],
            [
              -7.206833057038981,
              41.82206620608577
            ],
            [
              -7.206969563014509,
              41.8222237745665
            ],
            [
              -7.207107194738854,
              41.82241268943787
            ],
            [
              -7.207126439923359,
              41.82253888775635
            ],
            [
              -7.207149817749843,
              41.82273831369405
            ],
            [
              -7.207165571102115,
              41.82305741726226
            ],
            [
              -7.207176256649634,
              41.82322694383183
            ],
            [
              -7.2072062060414135,
              41.82344605241121
            ],
            [
              -7.20722682993982,
              41.82363582176858
            ],
            [
              -7.207263501203986,
              41.82388991425623
            ],
            [
              -7.2072804975918565,
              41.82408928868445
            ],
            [
              -7.207296818344953,
              41.82434366996631
            ],
            [
              -7.2073710493566,
              41.824723026965444
            ],
            [
              -7.2074149602321445,
              41.82507674868894
            ],
            [
              -7.207495036276113,
              41.82530922482585
            ],
            [
              -7.207631914170688,
              41.82550047194417
            ],
            [
              -7.20782873033966,
              41.825675362162976
            ],
            [
              -7.208029279312059,
              41.82582498219378
            ],
            [
              -7.208241463590849,
              41.82595273043937
            ],
            [
              -7.208429546166491,
              41.826056699461105
            ],
            [
              -7.208689784441135,
              41.82614089267897
            ],
            [
              -7.209062522001152,
              41.82622797563525
            ],
            [
              -7.209726326707739,
              41.8262048504404
            ],
            [
              -7.210110992137116,
              41.82619046791214
            ],
            [
              -7.210396370930355,
              41.82614098700401
            ],
            [
              -7.210863234047399,
              41.826144726678926
            ],
            [
              -7.211196166156847,
              41.82616197833428
            ],
            [
              -7.211463966690997,
              41.82618833984846
            ],
            [
              -7.21183820404898,
              41.82623859911775
            ],
            [
              -7.212229030085927,
              41.82628962489541
            ],
            [
              -7.212531231853478,
              41.82625089914304
            ],
            [
              -7.2127163496674385,
              41.826251296903294
            ],
            [
              -7.212968881791859,
              41.82629382836469
            ],
            [
              -7.213078997255785,
              41.82632900907419
            ],
            [
              -7.213431935488637,
              41.82655582820762
            ],
            [
              -7.213517359641919,
              41.8266594116282
            ],
            [
              -7.21359377166351,
              41.82683837691444
            ],
            [
              -7.213597774733439,
              41.82716486253846
            ],
            [
              -7.213424730925896,
              41.827405932531114
            ],
            [
              -7.21315728403502,
              41.82771665123888
            ],
            [
              -7.212948392229149,
              41.827964277591995
            ],
            [
              -7.212672116365898,
              41.82826925958268
            ],
            [
              -7.212474927950538,
              41.828480966914555
            ],
            [
              -7.212148875962688,
              41.82883172785397
            ],
            [
              -7.211906999004309,
              41.829196941489506
            ],
            [
              -7.211639844174435,
              41.82959561836695
            ],
            [
              -7.211493076440771,
              41.82994277647783
            ],
            [
              -7.211409761392962,
              41.830246502564144
            ],
            [
              -7.211317742092881,
              41.830578341435526
            ],
            [
              -7.211179950931477,
              41.83079385250261
            ],
            [
              -7.2109456663606375,
              41.83099796493038
            ],
            [
              -7.210619896930851,
              41.83126040672008
            ],
            [
              -7.2103391897982565,
              41.83152825050447
            ],
            [
              -7.20991099610287,
              41.83187315049912
            ],
            [
              -7.209615173045863,
              41.83209468276804
            ],
            [
              -7.209367352239046,
              41.83227671887199
            ],
            [
              -7.208849380880765,
              41.832635478839876
            ],
            [
              -7.208562074376242,
              41.832867253199
            ],
            [
              -7.208394185056158,
              41.833040205306574
            ],
            [
              -7.20831883238617,
              41.8331235047946
            ],
            [
              -7.2082613379621,
              41.8332040742123
            ],
            [
              -7.208220304126524,
              41.83341252699493
            ],
            [
              -7.208230154382789,
              41.83366576896257
            ],
            [
              -7.2082398127732885,
              41.83396520296458
            ],
            [
              -7.2082272801415,
              41.83423465138263
            ],
            [
              -7.208093113630868,
              41.83456551957428
            ],
            [
              -7.207985661607885,
              41.83484717073671
            ],
            [
              -7.207815427579773,
              41.83511589971231
            ],
            [
              -7.207517106850151,
              41.83550963735306
            ],
            [
              -7.207323401563459,
              41.8357950051738
            ],
            [
              -7.207143917933221,
              41.83603664806926
            ],
            [
              -7.207005935195623,
              41.83639791128613
            ],
            [
              -7.2068420265225965,
              41.83680389294707
            ],
            [
              -7.206785536333338,
              41.836889596980356
            ],
            [
              -7.206640912252781,
              41.837026268394304
            ],
            [
              -7.206464827007972,
              41.837157017388385
            ],
            [
              -7.20602163164995,
              41.837293630374404
            ],
            [
              -7.20568686310071,
              41.83739158692043
            ],
            [
              -7.205412891656623,
              41.83755602694388
            ],
            [
              -7.205346549983326,
              41.83777381658015
            ],
            [
              -7.205430979280228,
              41.83794663770169
            ],
            [
              -7.205587127512592,
              41.838096986199076
            ],
            [
              -7.205806014499195,
              41.838288351780804
            ],
            [
              -7.205978384710131,
              41.838415783454195
            ],
            [
              -7.206278428295051,
              41.838715391305016
            ],
            [
              -7.206341566000666,
              41.838879034930905
            ],
            [
              -7.206389264200455,
              41.839145009300445
            ],
            [
              -7.206377487603299,
              41.83943643743685
            ],
            [
              -7.20633085118791,
              41.83964871096421
            ],
            [
              -7.206171908180526,
              41.84007670015868
            ],
            [
              -7.206071644816073,
              41.8404258446976
            ],
            [
              -7.205972116942594,
              41.8407581573094
            ],
            [
              -7.205922083419443,
              41.84120565636756
            ],
            [
              -7.2058737811695055,
              41.8416003215665
            ],
            [
              -7.205848068414842,
              41.84193097821249
            ],
            [
              -7.205800306335426,
              41.842505621278036
            ],
            [
              -7.205772373478247,
              41.84303207189515
            ],
            [
              -7.205784539771061,
              41.8433911269037
            ],
            [
              -7.205866877751623,
              41.84368492709638
            ],
            [
              -7.20601320205642,
              41.843949985213385
            ],
            [
              -7.206418862638472,
              41.84436685247195
            ],
            [
              -7.206816179858105,
              41.84477743879536
            ],
            [
              -7.206931038508968,
              41.84505412791961
            ],
            [
              -7.206959152225892,
              41.84530130367465
            ],
            [
              -7.2069546096223585,
              41.845617009347286
            ],
            [
              -7.2068869642832265,
              41.845933192868436
            ],
            [
              -7.206704750776256,
              41.84617030559465
            ],
            [
              -7.206438242576013,
              41.84641637761447
            ],
            [
              -7.206115511325699,
              41.846670278139
            ],
            [
              -7.205800434665478,
              41.84691073118229
            ],
            [
              -7.205408575427109,
              41.84721484941857
            ],
            [
              -7.205153353436355,
              41.847404105902726
            ],
            [
              -7.204852477666819,
              41.84762783780732
            ],
            [
              -7.204470430996743,
              41.84789377221526
            ],
            [
              -7.204144157190302,
              41.84808353497706
            ],
            [
              -7.203717932968603,
              41.848364862355794
            ],
            [
              -7.203396294481001,
              41.84854178594392
            ],
            [
              -7.202935716370025,
              41.848692196278016
            ],
            [
              -7.202667741389194,
              41.84881274331871
            ],
            [
              -7.20227404303822,
              41.84905093710544
            ],
            [
              -7.202008248955982,
              41.84929582773756
            ],
            [
              -7.201770877211601,
              41.849681042036224
            ],
            [
              -7.201763322802115,
              41.84988687873736
            ],
            [
              -7.201757697026206,
              41.85004276888988
            ],
            [
              -7.201839484377768,
              41.8503989618053
            ],
            [
              -7.20184361334002,
              41.8506628727201
            ],
            [
              -7.201821342409364,
              41.85100363845999
            ],
            [
              -7.201899156798389,
              41.85132667011096
            ],
            [
              -7.201955313620907,
              41.851681662901015
            ],
            [
              -7.2019750503780555,
              41.851956955154556
            ],
            [
              -7.201830240339401,
              41.852128015153426
            ],
            [
              -7.201557432006908,
              41.852390224714455
            ],
            [
              -7.201308418501303,
              41.85279730841449
            ],
            [
              -7.201070070029807,
              41.85343180705538
            ],
            [
              -7.20094926427514,
              41.85384947094144
            ],
            [
              -7.200799929118761,
              41.85431569750619
            ],
            [
              -7.200712187187579,
              41.854886144816774
            ],
            [
              -7.200559729956116,
              41.8555680586314
            ],
            [
              -7.200509215034351,
              41.85577976466818
            ],
            [
              -7.200543959459558,
              41.85610748448411
            ],
            [
              -7.200756143017602,
              41.85639900991732
            ],
            [
              -7.201089215799333,
              41.856791723025836
            ],
            [
              -7.201371691869467,
              41.857135765047616
            ],
            [
              -7.201570429171435,
              41.85742456893387
            ],
            [
              -7.20164948076403,
              41.8577290612468
            ],
            [
              -7.201687473839181,
              41.85796624152444
            ],
            [
              -7.201517605927241,
              41.85828672473924
            ],
            [
              -7.201308408257746,
              41.85852027913301
            ],
            [
              -7.201051350217669,
              41.85878207654871
            ],
            [
              -7.200715171336549,
              41.859043865758984
            ],
            [
              -7.20045127844344,
              41.85923691584719
            ],
            [
              -7.200330630335645,
              41.85938502641358
            ],
            [
              -7.200334335503654,
              41.85967774631611
            ],
            [
              -7.200457409850838,
              41.85986096518458
            ],
            [
              -7.200591231552033,
              41.86000105695286
            ],
            [
              -7.200706381068494,
              41.86019897726821
            ],
            [
              -7.200713807705973,
              41.860359919391044
            ],
            [
              -7.20017931291303,
              41.8608923501723
            ],
            [
              -7.199361594882649,
              41.86117264935205
            ],
            [
              -7.1984458253907295,
              41.86159457544703
            ],
            [
              -7.197765146814495,
              41.86230532866942
            ],
            [
              -7.197130828437156,
              41.863123411173554
            ],
            [
              -7.19673774092333,
              41.86380048541783
            ],
            [
              -7.196533357308165,
              41.864693994275804
            ],
            [
              -7.196093441608427,
              41.865335212706604
            ],
            [
              -7.195416878452886,
              41.865759055764634
            ],
            [
              -7.194937936839768,
              41.86634152327087
            ],
            [
              -7.195117887173442,
              41.86644031085246
            ],
            [
              -7.195167884884251,
              41.86647223110393
            ],
            [
              -7.195188352918972,
              41.866489322375315
            ],
            [
              -7.195224629889762,
              41.86652896327478
            ],
            [
              -7.1953697478026895,
              41.86674513883621
            ],
            [
              -7.195512193523317,
              41.866962911156286
            ],
            [
              -7.196025411403953,
              41.8673429631842
            ],
            [
              -7.196291868058757,
              41.86747342376599
            ],
            [
              -7.1964929083740765,
              41.86764611783936
            ],
            [
              -7.196700777482615,
              41.867821569082125
            ],
            [
              -7.196862561640901,
              41.86803499491518
            ],
            [
              -7.197058607786755,
              41.86822007430536
            ],
            [
              -7.197289899225601,
              41.86836653981047
            ],
            [
              -7.197377103150957,
              41.86842469131723
            ],
            [
              -7.197401927769086,
              41.86844847731039
            ],
            [
              -7.1974248691412885,
              41.8684779235326
            ],
            [
              -7.197479484605703,
              41.868523926192516
            ],
            [
              -7.197724113550026,
              41.86868184433731
            ],
            [
              -7.197969278215367,
              41.86885201239008
            ],
            [
              -7.198246952447433,
              41.86901524385808
            ],
            [
              -7.198489242447444,
              41.86917638155607
            ],
            [
              -7.198723910825802,
              41.86932350636649
            ],
            [
              -7.198969344724185,
              41.86950051595042
            ],
            [
              -7.199175749810013,
              41.86969458456742
            ],
            [
              -7.1993594437073085,
              41.86995941376904
            ],
            [
              -7.199410764173031,
              41.870000343354775
            ],
            [
              -7.199529013204649,
              41.870102588201384
            ],
            [
              -7.199780659190681,
              41.87024192519704
            ],
            [
              -7.2000600464025934,
              41.870387156310755
            ],
            [
              -7.200151498391853,
              41.87046838554387
            ],
            [
              -7.200178061465458,
              41.87050569336122
            ],
            [
              -7.20017314796533,
              41.87074468310807
            ],
            [
              -7.200180725127833,
              41.870786968470654
            ],
            [
              -7.20019605108249,
              41.870826438478616
            ],
            [
              -7.200220253768391,
              41.87086885889668
            ],
            [
              -7.200255808795866,
              41.87090857875377
            ],
            [
              -7.200303531414507,
              41.87094047827597
            ],
            [
              -7.200331505411561,
              41.87095474588737
            ],
            [
              -7.200391383550524,
              41.870978911377115
            ],
            [
              -7.200657713785826,
              41.871094684756876
            ],
            [
              -7.200742056549427,
              41.87114263241831
            ],
            [
              -7.200765889585239,
              41.871160292897
            ],
            [
              -7.200776359904176,
              41.8711693819376
            ],
            [
              -7.200786699527672,
              41.871179010104306
            ],
            [
              -7.20111878996054,
              41.871777605209296
            ],
            [
              -7.201178758238188,
              41.87207798448149
            ],
            [
              -7.20127042997075,
              41.87224410964336
            ],
            [
              -7.2013300541771486,
              41.87231049637869
            ],
            [
              -7.201537869779325,
              41.87246685080443
            ],
            [
              -7.20183023945325,
              41.87255645620033
            ],
            [
              -7.202905262451415,
              41.87300125020781
            ],
            [
              -7.203015460183674,
              41.87321092542659
            ],
            [
              -7.203141570202218,
              41.87344485148685
            ],
            [
              -7.203251874526631,
              41.8736802690852
            ],
            [
              -7.203331941519349,
              41.87376644442468
            ],
            [
              -7.203342845142502,
              41.873895457556515
            ],
            [
              -7.20338108645531,
              41.87416639590531
            ],
            [
              -7.203444799241261,
              41.874400445734196
            ],
            [
              -7.203563441963195,
              41.87462648351807
            ],
            [
              -7.2036260825085625,
              41.87485089120131
            ],
            [
              -7.203634044903214,
              41.874875174069174
            ],
            [
              -7.203624484148122,
              41.8749116511965
            ],
            [
              -7.203610848409841,
              41.87493855112119
            ],
            [
              -7.20359127090589,
              41.874967652832744
            ],
            [
              -7.203564794659166,
              41.87499948967004
            ],
            [
              -7.203398333604316,
              41.87513993964292
            ],
            [
              -7.203173815129005,
              41.875330072979786
            ],
            [
              -7.202971291439655,
              41.87551524683448
            ],
            [
              -7.202776054403561,
              41.87568805773823
            ],
            [
              -7.202711455692611,
              41.87575677024833
            ],
            [
              -7.2026952257175445,
              41.875779690365235
            ],
            [
              -7.202682082060998,
              41.875805512885556
            ],
            [
              -7.202669304673382,
              41.87583124744027
            ],
            [
              -7.202612946090882,
              41.876054785935644
            ],
            [
              -7.202512424818795,
              41.876266626184155
            ],
            [
              -7.202483390819062,
              41.87630015263009
            ],
            [
              -7.202463464842089,
              41.876320245487726
            ],
            [
              -7.202222335334544,
              41.87649214780768
            ],
            [
              -7.202130413420457,
              41.87655109427331
            ],
            [
              -7.202102181561914,
              41.8765705822445
            ],
            [
              -7.2020032553653826,
              41.876647387144956
            ],
            [
              -7.201843024085373,
              41.87681489650145
            ],
            [
              -7.201741941819582,
              41.87693228779012
            ],
            [
              -7.201727343022365,
              41.87695864218196
            ],
            [
              -7.201694470391001,
              41.87704102246753
            ],
            [
              -7.201662077070489,
              41.877123406630076
            ],
            [
              -7.201569110934073,
              41.87732864136976
            ],
            [
              -7.201536524103151,
              41.87739139890813
            ],
            [
              -7.201487496369056,
              41.87747428279377
            ],
            [
              -7.201409933411128,
              41.87760635870609
            ],
            [
              -7.201306428161882,
              41.87781601106925
            ],
            [
              -7.201294351898945,
              41.877842922455876
            ],
            [
              -7.201183786307863,
              41.87806593566615
            ],
            [
              -7.201104942213838,
              41.87821105549062
            ],
            [
              -7.2009685185797645,
              41.87845591356517
            ],
            [
              -7.2008422300680515,
              41.87867483381663
            ],
            [
              -7.200713528949101,
              41.878902285497254
            ],
            [
              -7.200587164544274,
              41.87913417473114
            ],
            [
              -7.200482435030214,
              41.879378116442346
            ],
            [
              -7.200478596467668,
              41.879434893171855
            ],
            [
              -7.200485819958566,
              41.879485008298644
            ],
            [
              -7.20049339262349,
              41.87950307514387
            ],
            [
              -7.201082306968776,
              41.879432311188474
            ],
            [
              -7.201473656261065,
              41.87939424707873
            ],
            [
              -7.20181322159339,
              41.87934702325577
            ],
            [
              -7.202044871805938,
              41.879322882636004
            ],
            [
              -7.202960793661458,
              41.879206220438824
            ],
            [
              -7.204146187336501,
              41.879082188719586
            ],
            [
              -7.204937149529979,
              41.87899295688582
            ],
            [
              -7.20525552541651,
              41.87900254678348
            ],
            [
              -7.205550257070733,
              41.87901437386343
            ],
            [
              -7.205873781151928,
              41.87902652360484
            ],
            [
              -7.206136869472043,
              41.87905267963544
            ],
            [
              -7.206587664379926,
              41.87905252551772
            ],
            [
              -7.206921290238899,
              41.87906592511764
            ],
            [
              -7.207041465816031,
              41.87906950251421
            ],
            [
              -7.207419791218405,
              41.87933336343836
            ],
            [
              -7.207769622811863,
              41.87957682561295
            ],
            [
              -7.208088411031817,
              41.879801040969284
            ],
            [
              -7.208342126450532,
              41.88001005723355
            ],
            [
              -7.208782773028888,
              41.87982813423842
            ],
            [
              -7.209344891265972,
              41.87956732543148
            ],
            [
              -7.209731291715551,
              41.87938739863575
            ],
            [
              -7.209999122803798,
              41.879259182153675
            ],
            [
              -7.2107607408197625,
              41.87891380725682
            ],
            [
              -7.21141062904737,
              41.87861380753323
            ],
            [
              -7.211738332535836,
              41.878460500415045
            ],
            [
              -7.212168993705356,
              41.878258943829934
            ],
            [
              -7.212577408297135,
              41.87807170862881
            ],
            [
              -7.212823946991965,
              41.87795780986067
            ],
            [
              -7.213255712072424,
              41.877754824716995
            ],
            [
              -7.213690143330005,
              41.8775586062286
            ],
            [
              -7.214251095489645,
              41.876677095280954
            ],
            [
              -7.21473293390884,
              41.87612167153211
            ],
            [
              -7.214961181005424,
              41.87587033126861
            ],
            [
              -7.215820429694199,
              41.875279557347476
            ],
            [
              -7.216853050281601,
              41.874838170046196
            ],
            [
              -7.217365073155592,
              41.874461051545666
            ],
            [
              -7.217831003644782,
              41.8741146304922
            ],
            [
              -7.218661152264349,
              41.87350011121572
            ],
            [
              -7.218852962238286,
              41.87336127321044
            ],
            [
              -7.219343025807089,
              41.872994149870436
            ],
            [
              -7.219568727885749,
              41.87282650198844
            ],
            [
              -7.220201893586005,
              41.87266218172506
            ],
            [
              -7.221295010345821,
              41.872383467101336
            ],
            [
              -7.2225028756304335,
              41.87207323707733
            ],
            [
              -7.223209020963003,
              41.871891376226685
            ],
            [
              -7.22371248343081,
              41.871647499606496
            ],
            [
              -7.224463938672927,
              41.87125937219903
            ],
            [
              -7.224765877567179,
              41.87115083491924
            ],
            [
              -7.225255082085866,
              41.87090909219119
            ],
            [
              -7.226453263719394,
              41.87034225152313
            ],
            [
              -7.227151737608561,
              41.870010491619624
            ],
            [
              -7.22763357918414,
              41.869802891641456
            ],
            [
              -7.2281806192262685,
              41.86955780832742
            ],
            [
              -7.228621796835744,
              41.86937149218957
            ],
            [
              -7.229141014561561,
              41.86914301921791
            ],
            [
              -7.2298934354324444,
              41.86897372469387
            ],
            [
              -7.231162620954868,
              41.86868918879229
            ],
            [
              -7.2313756597067655,
              41.868176242724736
            ],
            [
              -7.231482271507863,
              41.86749617882429
            ],
            [
              -7.231639688373711,
              41.867453562964904
            ],
            [
              -7.2319797750269394,
              41.8673544001088
            ],
            [
              -7.232434909905855,
              41.867287469558065
            ],
            [
              -7.233061798067195,
              41.867298584851284
            ],
            [
              -7.233431543944308,
              41.8674124801074
            ],
            [
              -7.234935524785651,
              41.867837459364196
            ],
            [
              -7.236936439109381,
              41.86871644364571
            ],
            [
              -7.237597281075764,
              41.868659917212355
            ],
            [
              -7.238110323654511,
              41.86855289525009
            ],
            [
              -7.239141507913607,
              41.86825606324382
            ],
            [
              -7.239840565750238,
              41.867945752438835
            ],
            [
              -7.240137666764827,
              41.8676535672017
            ],
            [
              -7.240281357048241,
              41.86746291996631
            ],
            [
              -7.24032834468374,
              41.86732720081194
            ],
            [
              -7.240616392708231,
              41.86750962793106
            ],
            [
              -7.240839875850361,
              41.86764469759776
            ],
            [
              -7.2411004464975965,
              41.86781516449548
            ],
            [
              -7.24141463947393,
              41.86817546717206
            ],
            [
              -7.241768450927776,
              41.86838878763019
            ],
            [
              -7.242604101863828,
              41.8683812120795
            ],
            [
              -7.24354647398821,
              41.868565405900824
            ],
            [
              -7.24450426390879,
              41.868793463905746
            ],
            [
              -7.245055509301969,
              41.86880554988785
            ],
            [
              -7.245242787657281,
              41.868763689178664
            ],
            [
              -7.245603095482403,
              41.868489623727974
            ],
            [
              -7.2459086510451165,
              41.868360261370704
            ],
            [
              -7.246213426878163,
              41.86831318638912
            ],
            [
              -7.246840261458149,
              41.868276864978974
            ],
            [
              -7.247215068597391,
              41.868199895312095
            ],
            [
              -7.247436273762096,
              41.868125611277904
            ],
            [
              -7.2479093127026015,
              41.86783385777949
            ],
            [
              -7.248455410961207,
              41.86761522874857
            ],
            [
              -7.2490858821018564,
              41.86742767547937
            ],
            [
              -7.249671093779352,
              41.867193589795406
            ],
            [
              -7.250141406297559,
              41.867134085659565
            ],
            [
              -7.251067028808156,
              41.86706393084215
            ],
            [
              -7.252017265596201,
              41.86692040612304
            ],
            [
              -7.252288587389524,
              41.86694129773391
            ],
            [
              -7.252755154178718,
              41.86667999701493
            ],
            [
              -7.253034164715928,
              41.86649090215256
            ],
            [
              -7.253437049678834,
              41.86624442046741
            ],
            [
              -7.255481967963533,
              41.86611048210001
            ],
            [
              -7.25729656691895,
              41.86596116259513
            ],
            [
              -7.257816269576466,
              41.86592649312136
            ],
            [
              -7.258463864868167,
              41.86454629082178
            ],
            [
              -7.262245349476386,
              41.86280252324963
            ],
            [
              -7.26554192811467,
              41.86218035333562
            ],
            [
              -7.267480838930542,
              41.86155401971732
            ],
            [
              -7.269495407110989,
              41.86089508780878
            ],
            [
              -7.270928781428837,
              41.86017855712393
            ],
            [
              -7.272017739110288,
              41.859629599112324
            ],
            [
              -7.273411097451075,
              41.858829820607525
            ],
            [
              -7.274214943928,
              41.858362440084
            ],
            [
              -7.274848165257728,
              41.858001005823574
            ],
            [
              -7.27606227565727,
              41.857299796685965
            ],
            [
              -7.2776841152025895,
              41.856498968785424
            ],
            [
              -7.277929846230286,
              41.85637663777988
            ],
            [
              -7.278167505695253,
              41.856163408578446
            ],
            [
              -7.2790145356234275,
              41.85538642969028
            ],
            [
              -7.280165752295523,
              41.85435267335665
            ],
            [
              -7.281202416864124,
              41.85374660625758
            ],
            [
              -7.282013915128011,
              41.85327463564069
            ],
            [
              -7.283838403364521,
              41.85221547955801
            ],
            [
              -7.284848945056668,
              41.8521334380488
            ],
            [
              -7.2854199887878295,
              41.85208605071391
            ],
            [
              -7.28545555293482,
              41.85208325392054
            ],
            [
              -7.2866495261035125,
              41.85198894822454
            ],
            [
              -7.28771536514523,
              41.85189558666715
            ],
            [
              -7.290583493378069,
              41.851673337263286
            ],
            [
              -7.291379982320426,
              41.851669351399636
            ],
            [
              -7.296968869508909,
              41.85161570938151
            ],
            [
              -7.2998252833391035,
              41.85158752629157
            ],
            [
              -7.300987223808063,
              41.85157548654399
            ],
            [
              -7.3020945518995966,
              41.850336738274436
            ],
            [
              -7.303069625891595,
              41.849256197064975
            ],
            [
              -7.30325469650439,
              41.84905108933922
            ],
            [
              -7.303592977752891,
              41.84867368459467
            ],
            [
              -7.304094723160102,
              41.84884759296023
            ],
            [
              -7.304106147965656,
              41.848731668324106
            ],
            [
              -7.304262168247843,
              41.84850069194236
            ],
            [
              -7.304644407785255,
              41.84803779988906
            ],
            [
              -7.304923756540454,
              41.847550944472054
            ],
            [
              -7.304966116369406,
              41.847421874836286
            ],
            [
              -7.3051541523576295,
              41.84727557624414
            ],
            [
              -7.305453454149623,
              41.84717526897256
            ],
            [
              -7.3062936996912295,
              41.84691940704944
            ],
            [
              -7.3079132945446315,
              41.84659142368603
            ],
            [
              -7.3084388987337245,
              41.846476620406484
            ],
            [
              -7.309062462395221,
              41.8460176048996
            ],
            [
              -7.309423334527611,
              41.84555544366373
            ],
            [
              -7.3097965994924134,
              41.8448577598133
            ],
            [
              -7.310060221603429,
              41.844598648142096
            ],
            [
              -7.3104285209768864,
              41.844392945443964
            ],
            [
              -7.310739865749556,
              41.84420565586459
            ],
            [
              -7.311131137690491,
              41.844048371664705
            ],
            [
              -7.311852806969214,
              41.84392747672465
            ],
            [
              -7.312470577158702,
              41.84380574488627
            ],
            [
              -7.313149232723841,
              41.843526082481084
            ],
            [
              -7.313453542469951,
              41.843541122889775
            ],
            [
              -7.31363465349905,
              41.84358607361072
            ],
            [
              -7.3137508780550995,
              41.84363056926996
            ],
            [
              -7.313974384053724,
              41.84359911635931
            ],
            [
              -7.314235485290844,
              41.84348951311904
            ],
            [
              -7.314520003344936,
              41.84325187499112
            ],
            [
              -7.314726294391663,
              41.84293597837193
            ],
            [
              -7.314950860357923,
              41.842763636276935
            ],
            [
              -7.31531507451963,
              41.84254537783319
            ],
            [
              -7.3155026909907095,
              41.8425806475663
            ],
            [
              -7.316065352957371,
              41.842720499232776
            ],
            [
              -7.316913403419759,
              41.84285750584587
            ],
            [
              -7.317768264863212,
              41.842970249484694
            ],
            [
              -7.317955574762977,
              41.84303945693845
            ],
            [
              -7.319265721788382,
              41.843567843381315
            ],
            [
              -7.3197370190167605,
              41.84374573892159
            ],
            [
              -7.320222298781476,
              41.843846220161254
            ],
            [
              -7.321554169134632,
              41.844144252982105
            ],
            [
              -7.321587793288525,
              41.844179691313364
            ],
            [
              -7.32161769614364,
              41.84424292325803
            ],
            [
              -7.321692481514222,
              41.844232554143254
            ],
            [
              -7.322743994032399,
              41.844077091109284
            ],
            [
              -7.324332757240902,
              41.84403496117643
            ],
            [
              -7.325922980448676,
              41.843991465436794
            ],
            [
              -7.325933928141887,
              41.84399199523788
            ],
            [
              -7.3281755657395475,
              41.84403234839822
            ],
            [
              -7.330571413969829,
              41.8440748140403
            ],
            [
              -7.33197730571229,
              41.844098647101355
            ],
            [
              -7.3325838006986706,
              41.844367462345474
            ],
            [
              -7.33378518955335,
              41.84489132389745
            ],
            [
              -7.334099635671385,
              41.84496345961294
            ],
            [
              -7.3349057450106265,
              41.84514821331832
            ],
            [
              -7.335252403992029,
              41.84509830434034
            ],
            [
              -7.339756024219822,
              41.844463000984234
            ],
            [
              -7.341213630121091,
              41.84425776904187
            ],
            [
              -7.341753815724376,
              41.844125441991224
            ],
            [
              -7.3438024821570425,
              41.84362389274632
            ],
            [
              -7.345357926966694,
              41.843252088022155
            ],
            [
              -7.346361927073162,
              41.84299794762383
            ],
            [
              -7.348599338925077,
              41.84245447270691
            ],
            [
              -7.350803254232141,
              41.8419093781511
            ],
            [
              -7.352251866109735,
              41.841554311965076
            ],
            [
              -7.353749432809304,
              41.84120144492926
            ],
            [
              -7.354908240806272,
              41.84090389408336
            ],
            [
              -7.356443599421386,
              41.840529826507016
            ],
            [
              -7.356942681675403,
              41.841356071426276
            ],
            [
              -7.357368441847888,
              41.842033091970016
            ],
            [
              -7.357790955679047,
              41.842750965378066
            ],
            [
              -7.358001570353258,
              41.84309846169829
            ],
            [
              -7.358567649715886,
              41.84403364106172
            ],
            [
              -7.3588054806288845,
              41.8444214755331
            ],
            [
              -7.3592052668872,
              41.84526901215678
            ],
            [
              -7.359801755114712,
              41.84606124072359
            ],
            [
              -7.36034576081371,
              41.8469642108677
            ],
            [
              -7.3608928499127755,
              41.84786215815321
            ],
            [
              -7.36176561906742,
              41.84929679399824
            ],
            [
              -7.361936668153848,
              41.849583340817254
            ],
            [
              -7.362355392131706,
              41.85027352596961
            ],
            [
              -7.362656553776224,
              41.850766393504585
            ],
            [
              -7.362798420588985,
              41.850996110331536
            ],
            [
              -7.362982780480506,
              41.851268065068645
            ],
            [
              -7.363913270948041,
              41.85283829910025
            ],
            [
              -7.36578796069163,
              41.85278733159346
            ],
            [
              -7.367137841307523,
              41.85201970490504
            ],
            [
              -7.367261779733677,
              41.8517946427239
            ],
            [
              -7.367915565465514,
              41.85120370375167
            ],
            [
              -7.3686552948299315,
              41.85071551409035
            ],
            [
              -7.368587421221666,
              41.85026607758256
            ],
            [
              -7.368517025988644,
              41.84947090897473
            ],
            [
              -7.369644064504888,
              41.84878262366073
            ],
            [
              -7.371940248824329,
              41.8491655042449
            ],
            [
              -7.372666689709287,
              41.84902337040059
            ],
            [
              -7.373831367541452,
              41.84833466373166
            ],
            [
              -7.3744426455765595,
              41.84771522419944
            ],
            [
              -7.375478799482616,
              41.84678139875331
            ],
            [
              -7.3767987138631606,
              41.84660676637073
            ],
            [
              -7.378390609331703,
              41.84573472530196
            ],
            [
              -7.379701189203819,
              41.845058972473375
            ],
            [
              -7.3817927505439656,
              41.84436660832291
            ],
            [
              -7.383725838025159,
              41.84356873734047
            ],
            [
              -7.385493108672968,
              41.842727897510734
            ],
            [
              -7.385860304252991,
              41.84181664135741
            ],
            [
              -7.3862560734471066,
              41.84125426384908
            ],
            [
              -7.386860183546813,
              41.84142392555287
            ],
            [
              -7.388650881990111,
              41.841933381615284
            ],
            [
              -7.389964241709369,
              41.842305407574024
            ],
            [
              -7.390410077302355,
              41.842347442826735
            ],
            [
              -7.390405434431762,
              41.84225927749967
            ],
            [
              -7.390378197677148,
              41.8421882459629
            ],
            [
              -7.390211037885415,
              41.84203546227126
            ],
            [
              -7.390175029436794,
              41.84193223782197
            ],
            [
              -7.390299933759481,
              41.84130120444491
            ],
            [
              -7.390355389457023,
              41.84058464123482
            ],
            [
              -7.39021365754854,
              41.83964686539666
            ],
            [
              -7.390066296493962,
              41.83917666907064
            ],
            [
              -7.390154947103563,
              41.83859878928216
            ],
            [
              -7.390805929621152,
              41.83798114220823
            ],
            [
              -7.390898845945011,
              41.837857407993894
            ],
            [
              -7.3912109711800476,
              41.837213442348045
            ],
            [
              -7.391685182996465,
              41.83684790652266
            ],
            [
              -7.391758459293461,
              41.83670495793889
            ],
            [
              -7.391786365332233,
              41.835984889820196
            ],
            [
              -7.39156104146222,
              41.8351860337184
            ],
            [
              -7.391638379417911,
              41.83498288151555
            ],
            [
              -7.391978667274943,
              41.83475665743687
            ],
            [
              -7.392824434777605,
              41.834091362109326
            ],
            [
              -7.393242822259978,
              41.8339922240579
            ],
            [
              -7.393487251616096,
              41.83378843164083
            ],
            [
              -7.393729759991807,
              41.83364764992694
            ],
            [
              -7.394360307274745,
              41.8335334829212
            ],
            [
              -7.3946424673738305,
              41.83343040238317
            ],
            [
              -7.394854887598182,
              41.833235589033514
            ],
            [
              -7.395112401091924,
              41.832824263308105
            ],
            [
              -7.395364553981166,
              41.83227101590024
            ],
            [
              -7.39570206311502,
              41.83183265172444
            ],
            [
              -7.395744375761859,
              41.831227464053356
            ],
            [
              -7.395686786695689,
              41.83108412277485
            ],
            [
              -7.395415628625582,
              41.830848308851074
            ],
            [
              -7.395270611682484,
              41.83063409675391
            ],
            [
              -7.395086701363378,
              41.82991716688292
            ],
            [
              -7.3950941136811705,
              41.82978495768519
            ],
            [
              -7.395177015077404,
              41.8295249389937
            ],
            [
              -7.395282962313498,
              41.82932421511917
            ],
            [
              -7.395380190016873,
              41.829158823309704
            ],
            [
              -7.395631476165543,
              41.82893256293297
            ],
            [
              -7.395913452687044,
              41.82874826955576
            ],
            [
              -7.396146316121631,
              41.828563937673295
            ],
            [
              -7.396454887595396,
              41.828370088270916
            ],
            [
              -7.396631277333207,
              41.828176570898776
            ],
            [
              -7.396884663508559,
              41.827512586659545
            ],
            [
              -7.397061216348799,
              41.827346437726945
            ],
            [
              -7.397329341855711,
              41.827278467712844
            ],
            [
              -7.397521630980964,
              41.82717840821163
            ],
            [
              -7.397591842935633,
              41.82693298167784
            ],
            [
              -7.397583878186518,
              41.82644900756049
            ],
            [
              -7.397588355312976,
              41.82637314059361
            ],
            [
              -7.397756156103276,
              41.82638357386744
            ],
            [
              -7.398060419149106,
              41.826418019518194
            ],
            [
              -7.398458438674922,
              41.82641128625793
            ],
            [
              -7.398930935789331,
              41.82632255427167
            ],
            [
              -7.399411470860993,
              41.826268534214805
            ],
            [
              -7.399859039807224,
              41.82627606223516
            ],
            [
              -7.400189432362527,
              41.82620371217327
            ],
            [
              -7.4006437381658445,
              41.82616941768373
            ],
            [
              -7.4010008353050205,
              41.82614107422679
            ],
            [
              -7.401524410969382,
              41.825888889679376
            ],
            [
              -7.402116432404646,
              41.82570439176927
            ],
            [
              -7.402616604852616,
              41.825456465765605
            ],
            [
              -7.40278758199254,
              41.82520708147725
            ],
            [
              -7.402854720872341,
              41.82497621644544
            ],
            [
              -7.402892895559367,
              41.82448525126019
            ],
            [
              -7.40304686432219,
              41.82402643262831
            ],
            [
              -7.403007379873746,
              41.82346357694558
            ],
            [
              -7.402783566874595,
              41.82282014418482
            ],
            [
              -7.402750122660671,
              41.822585311040235
            ],
            [
              -7.402738419198556,
              41.82184364780848
            ],
            [
              -7.402945937980692,
              41.82164032026884
            ],
            [
              -7.404015620932857,
              41.821169118202526
            ],
            [
              -7.404171410803706,
              41.82102659132457
            ],
            [
              -7.404332058768278,
              41.820795235530895
            ],
            [
              -7.404718731368109,
              41.82037282049254
            ],
            [
              -7.405611730220654,
              41.819578261349015
            ],
            [
              -7.4061739894430305,
              41.81895285005108
            ],
            [
              -7.4065245663360795,
              41.81857017663673
            ],
            [
              -7.406856375770701,
              41.818367717147105
            ],
            [
              -7.407256760290889,
              41.81814695784071
            ],
            [
              -7.407500077142368,
              41.81785102889475
            ],
            [
              -7.407971852984628,
              41.81758408468293
            ],
            [
              -7.408285424284859,
              41.817344231435676
            ],
            [
              -7.408833249507421,
              41.81672447691847
            ],
            [
              -7.409076682109818,
              41.81664227755805
            ],
            [
              -7.409687005944646,
              41.81654383317507
            ],
            [
              -7.410322818741485,
              41.81639432001105
            ],
            [
              -7.411364815638114,
              41.81606134408309
            ],
            [
              -7.412039582465576,
              41.815763332951356
            ],
            [
              -7.412509007594186,
              41.81547789668119
            ],
            [
              -7.413129574975588,
              41.81500991645977
            ],
            [
              -7.414269875507859,
              41.81423322473958
            ],
            [
              -7.414983310555491,
              41.8138097487834
            ],
            [
              -7.415475948911171,
              41.81366399798615
            ],
            [
              -7.415751313320406,
              41.81354353719075
            ],
            [
              -7.4158115293258335,
              41.81345333934274
            ],
            [
              -7.415911088067469,
              41.81297400068365
            ],
            [
              -7.415919054769314,
              41.81201971621459
            ],
            [
              -7.415980922041095,
              41.811867316787996
            ],
            [
              -7.4163567257069465,
              41.81160928111605
            ],
            [
              -7.4167260353236975,
              41.81138362091629
            ],
            [
              -7.417006847225272,
              41.81129235985207
            ],
            [
              -7.417224663682531,
              41.81127048545887
            ],
            [
              -7.417389317088143,
              41.81126863043932
            ],
            [
              -7.417484274125351,
              41.8112675096285
            ],
            [
              -7.417615716995891,
              41.81131946077389
            ],
            [
              -7.418092650450842,
              41.81148051642989
            ],
            [
              -7.418278580349874,
              41.81152353708544
            ],
            [
              -7.418608007128947,
              41.81153025934119
            ],
            [
              -7.420146576837685,
              41.81153042602635
            ],
            [
              -7.420607363142152,
              41.81146584059106
            ],
            [
              -7.421134154355688,
              41.81132964066735
            ],
            [
              -7.421870747221283,
              41.811048155082794
            ],
            [
              -7.422322569888997,
              41.81083478019961
            ],
            [
              -7.4226499798921175,
              41.81057624251506
            ],
            [
              -7.423760076435459,
              41.809726522309305
            ],
            [
              -7.424060998670302,
              41.80948951668588
            ],
            [
              -7.42452761915183,
              41.809286304463065
            ],
            [
              -7.425280267345443,
              41.80910564628124
            ],
            [
              -7.426090799594416,
              41.80871601208926
            ],
            [
              -7.427074158210831,
              41.80770747068788
            ],
            [
              -7.427361955536816,
              41.80749171612866
            ],
            [
              -7.427635761159761,
              41.80736662898186
            ],
            [
              -7.427844286466875,
              41.80736790493673
            ],
            [
              -7.4281678820118415,
              41.80739932569536
            ],
            [
              -7.428060071646172,
              41.80760799234362
            ],
            [
              -7.428035965015566,
              41.80778772562182
            ],
            [
              -7.428001102170006,
              41.808169520323666
            ],
            [
              -7.428079727235342,
              41.80867246839358
            ],
            [
              -7.428484295456807,
              41.81002775690187
            ],
            [
              -7.4287407968073635,
              41.81030896310776
            ],
            [
              -7.429405402678748,
              41.81092974357242
            ],
            [
              -7.429607181471069,
              41.81133044538786
            ],
            [
              -7.429648488226064,
              41.81173584167469
            ],
            [
              -7.429526398669896,
              41.81241429537236
            ],
            [
              -7.42931540011935,
              41.81288116810847
            ],
            [
              -7.429059042144989,
              41.81330221480387
            ],
            [
              -7.428619343217733,
              41.81373897273892
            ],
            [
              -7.427918259943587,
              41.81433960666267
            ],
            [
              -7.427311167323212,
              41.81472968958631
            ],
            [
              -7.426697048918021,
              41.81506858743347
            ],
            [
              -7.425032253019046,
              41.815891701313106
            ],
            [
              -7.424863002017202,
              41.816016167155375
            ],
            [
              -7.424738212508271,
              41.8162669510124
            ],
            [
              -7.42471303596233,
              41.81646648301495
            ],
            [
              -7.424881594594415,
              41.817095583717496
            ],
            [
              -7.425037881351925,
              41.8174729606399
            ],
            [
              -7.425919142025792,
              41.817832286723856
            ],
            [
              -7.42638195568016,
              41.81806920948877
            ],
            [
              -7.426699691075831,
              41.81831091032964
            ],
            [
              -7.426841896133404,
              41.81856891647216
            ],
            [
              -7.4272192757864275,
              41.818947651358535
            ],
            [
              -7.427462269300882,
              41.81906897073646
            ],
            [
              -7.427697881867828,
              41.81913910478305
            ],
            [
              -7.428298088288436,
              41.819393694187035
            ],
            [
              -7.428677035254214,
              41.819630094838615
            ],
            [
              -7.429078168150153,
              41.81994090540946
            ],
            [
              -7.429423820516971,
              41.82040559803307
            ],
            [
              -7.430586470788519,
              41.82137926896027
            ],
            [
              -7.430879079937167,
              41.82202999945688
            ],
            [
              -7.430915371851751,
              41.82289785547463
            ],
            [
              -7.4307339827034875,
              41.82414647727455
            ],
            [
              -7.430608651995369,
              41.82442535674897
            ],
            [
              -7.430299066261467,
              41.824823027808016
            ],
            [
              -7.429677103454447,
              41.825167563133526
            ],
            [
              -7.429210484442672,
              41.82527329023417
            ],
            [
              -7.428331939113266,
              41.825370918358225
            ],
            [
              -7.427806740538005,
              41.82524166156662
            ],
            [
              -7.427669167859654,
              41.82524081943852
            ],
            [
              -7.4274089734739155,
              41.82532529593931
            ],
            [
              -7.426970806311475,
              41.82561350299674
            ],
            [
              -7.426662136206004,
              41.825925639668874
            ],
            [
              -7.426390555272029,
              41.826312104137095
            ],
            [
              -7.426242199664566,
              41.826625223192366
            ],
            [
              -7.426033251796683,
              41.82689799368038
            ],
            [
              -7.425653405869921,
              41.82812288544279
            ],
            [
              -7.425707791510859,
              41.82941904391631
            ],
            [
              -7.425843890751878,
              41.83022457682264
            ],
            [
              -7.426000343594415,
              41.83056819586169
            ],
            [
              -7.426580041669584,
              41.8312197111443
            ],
            [
              -7.4272545038552105,
              41.831826511376995
            ],
            [
              -7.4273828930179775,
              41.832051836920385
            ],
            [
              -7.4273255638205535,
              41.8323623642646
            ],
            [
              -7.427137526807949,
              41.8326481450119
            ],
            [
              -7.427137468818589,
              41.83285116077267
            ],
            [
              -7.42720039328587,
              41.83307410878038
            ],
            [
              -7.427336458267837,
              41.83304923614847
            ],
            [
              -7.428441417561448,
              41.83276595995898
            ],
            [
              -7.430172657426288,
              41.83349210330543
            ],
            [
              -7.430811875154577,
              41.833736834266944
            ],
            [
              -7.432308901014964,
              41.834263541485925
            ],
            [
              -7.433826104133736,
              41.834796559766254
            ],
            [
              -7.43470086651516,
              41.835382118159814
            ],
            [
              -7.436029194052569,
              41.83633026886808
            ],
            [
              -7.436770048723356,
              41.8368447751128
            ],
            [
              -7.438419536605576,
              41.83789206980198
            ],
            [
              -7.439681527011942,
              41.83869347494786
            ],
            [
              -7.440938772280509,
              41.83889721300745
            ],
            [
              -7.442168849985966,
              41.83910878316823
            ],
            [
              -7.443750551229108,
              41.8393707057843
            ],
            [
              -7.444382035179096,
              41.84028226602938
            ],
            [
              -7.444587521637182,
              41.84057780594151
            ],
            [
              -7.444986427790325,
              41.84118394138129
            ],
            [
              -7.445591298247182,
              41.84210991964686
            ],
            [
              -7.446698353079784,
              41.843321406847316
            ],
            [
              -7.447550565420575,
              41.84488222209906
            ],
            [
              -7.447628083166484,
              41.84582449981113
            ],
            [
              -7.447668214595375,
              41.84627372525641
            ],
            [
              -7.447775119150382,
              41.84766750379488
            ],
            [
              -7.447849316633726,
              41.84869592112581
            ],
            [
              -7.447970794445214,
              41.849489997916784
            ],
            [
              -7.44827479958685,
              41.850762506045434
            ],
            [
              -7.448579857268511,
              41.85186918085451
            ],
            [
              -7.448842736202077,
              41.85282056784028
            ],
            [
              -7.448008312634871,
              41.85452251189503
            ],
            [
              -7.447603402624189,
              41.85535316211765
            ],
            [
              -7.447006744229329,
              41.85608372187386
            ],
            [
              -7.446347330953241,
              41.85688242037449
            ],
            [
              -7.445616475076786,
              41.85778368591835
            ],
            [
              -7.446648367914222,
              41.85891900735161
            ],
            [
              -7.447719354319598,
              41.86000647189152
            ],
            [
              -7.448375666527852,
              41.860826688257475
            ],
            [
              -7.4492870591154094,
              41.861966220600195
            ],
            [
              -7.450313981766651,
              41.86325398964328
            ],
            [
              -7.4511472654959805,
              41.863951081273065
            ],
            [
              -7.452499308075511,
              41.86508167298788
            ],
            [
              -7.454180751063718,
              41.86481276539989
            ],
            [
              -7.455609328517044,
              41.864582499651675
            ],
            [
              -7.4596489360699865,
              41.863719194268405
            ],
            [
              -7.461367312707631,
              41.863644775387144
            ],
            [
              -7.464901712568481,
              41.863485528445906
            ],
            [
              -7.465573220314389,
              41.86344476672765
            ],
            [
              -7.465940437372055,
              41.863434104277346
            ],
            [
              -7.46816912838094,
              41.86375327466848
            ],
            [
              -7.470557115938754,
              41.86376243459063
            ],
            [
              -7.472462568883298,
              41.86376572075586
            ],
            [
              -7.4742131543160415,
              41.86375521141666
            ],
            [
              -7.475859480865197,
              41.86346922417287
            ],
            [
              -7.477235384617145,
              41.86323298399846
            ],
            [
              -7.479959871845214,
              41.862576557517855
            ],
            [
              -7.481695174873001,
              41.86220392594404
            ],
            [
              -7.48320643055158,
              41.86180947944264
            ],
            [
              -7.485272198106972,
              41.861291005966294
            ],
            [
              -7.485425424654004,
              41.86145491307919
            ],
            [
              -7.486725905704757,
              41.86284599024173
            ],
            [
              -7.487172584619272,
              41.8636775033281
            ],
            [
              -7.487749710126811,
              41.86452144554113
            ],
            [
              -7.488298167758043,
              41.86547533039838
            ],
            [
              -7.48849093735816,
              41.86579412873497
            ],
            [
              -7.488741997738515,
              41.86616159834805
            ],
            [
              -7.489585540328822,
              41.86739649540922
            ],
            [
              -7.490844447614236,
              41.86925743397498
            ],
            [
              -7.491035482579546,
              41.8700663455576
            ],
            [
              -7.4912922323694096,
              41.87124448080384
            ],
            [
              -7.493210582183788,
              41.87091797865782
            ],
            [
              -7.494532264737998,
              41.87076586509388
            ],
            [
              -7.497184065472814,
              41.87045875617553
            ],
            [
              -7.502225429976426,
              41.869383939595565
            ],
            [
              -7.504563890999737,
              41.86810936011002
            ],
            [
              -7.507277422927893,
              41.866627364096075
            ],
            [
              -7.509205710331331,
              41.86601030091248
            ],
            [
              -7.511361104524762,
              41.865320421290555
            ],
            [
              -7.512350445449559,
              41.863693041865275
            ],
            [
              -7.513311669389966,
              41.86211672729802
            ],
            [
              -7.512892253975625,
              41.861371984330134
            ],
            [
              -7.512125629432749,
              41.859989934151976
            ],
            [
              -7.511767734771849,
              41.85939955838084
            ],
            [
              -7.511246574593376,
              41.85844367760169
            ],
            [
              -7.511041558835855,
              41.85807425605825
            ],
            [
              -7.510302261242386,
              41.85753655776182
            ],
            [
              -7.509044710100491,
              41.85663196446245
            ],
            [
              -7.507609907706203,
              41.85559396445295
            ],
            [
              -7.507441468441426,
              41.854945187847356
            ],
            [
              -7.507360393227276,
              41.85462585521806
            ],
            [
              -7.507153656828024,
              41.85386693992951
            ],
            [
              -7.506850781675291,
              41.85272856187959
            ],
            [
              -7.506572409939287,
              41.85165918766579
            ],
            [
              -7.506376509119006,
              41.85149633424402
            ],
            [
              -7.506169634330005,
              41.85132226286887
            ],
            [
              -7.505758250150457,
              41.850893455682915
            ],
            [
              -7.505642076299264,
              41.85077947477776
            ],
            [
              -7.505799481542939,
              41.850702994076336
            ],
            [
              -7.505890125569357,
              41.85064406683967
            ],
            [
              -7.505971257217436,
              41.85056077974286
            ],
            [
              -7.506037915683706,
              41.85049118762529
            ],
            [
              -7.506305039116056,
              41.85033841393279
            ],
            [
              -7.506866920397261,
              41.85016257918509
            ],
            [
              -7.506983599387594,
              41.85010126762154
            ],
            [
              -7.50760123795495,
              41.84957658841024
            ],
            [
              -7.507962968515491,
              41.84935257379024
            ],
            [
              -7.508231030813528,
              41.84918873209898
            ],
            [
              -7.508687768667543,
              41.84905048734208
            ],
            [
              -7.509047813185969,
              41.84882555438281
            ],
            [
              -7.509272176423754,
              41.84872278488067
            ],
            [
              -7.509810679865318,
              41.84864583804952
            ],
            [
              -7.510218393979712,
              41.8485213679885
            ],
            [
              -7.510450937660583,
              41.84838145804076
            ],
            [
              -7.510548485697334,
              41.8482172274628
            ],
            [
              -7.510655256109558,
              41.84779681442676
            ],
            [
              -7.510798891050751,
              41.847561796868376
            ],
            [
              -7.510845130506217,
              41.847286912706544
            ],
            [
              -7.510930392511966,
              41.84709884933626
            ],
            [
              -7.511286020597008,
              41.84664340491556
            ],
            [
              -7.511557375905708,
              41.84664820400521
            ],
            [
              -7.511883488306158,
              41.84670568943036
            ],
            [
              -7.5121607923075855,
              41.84674247449443
            ],
            [
              -7.512556788092282,
              41.84647001025902
            ],
            [
              -7.513190610845969,
              41.84612005100745
            ],
            [
              -7.513448039387647,
              41.84592003298816
            ],
            [
              -7.513953107316126,
              41.84566111516902
            ],
            [
              -7.514919408889002,
              41.845442843313855
            ],
            [
              -7.515757480972005,
              41.84518642242861
            ],
            [
              -7.516461845145973,
              41.845037051936885
            ],
            [
              -7.516874211850781,
              41.84483731682287
            ],
            [
              -7.517069652981491,
              41.84465829572838
            ],
            [
              -7.517134649850681,
              41.84433336044989
            ],
            [
              -7.517203557007637,
              41.84417788638893
            ],
            [
              -7.517353049856183,
              41.84400654304873
            ],
            [
              -7.517725012458173,
              41.84378849257708
            ],
            [
              -7.518096282234172,
              41.84368036779916
            ],
            [
              -7.518338801585331,
              41.84369012289522
            ],
            [
              -7.518631729651083,
              41.843855631551214
            ],
            [
              -7.518992153242985,
              41.84398827475995
            ],
            [
              -7.5192706744592845,
              41.84380798614865
            ],
            [
              -7.519965807543037,
              41.843549962827666
            ],
            [
              -7.520140046951167,
              41.84344681613138
            ],
            [
              -7.520319358665043,
              41.84316471063987
            ],
            [
              -7.520521776385346,
              41.84255429115206
            ],
            [
              -7.520743720249283,
              41.84216941327193
            ],
            [
              -7.521053029241738,
              41.84196641433468
            ],
            [
              -7.521284594161429,
              41.84188634866743
            ],
            [
              -7.521455060353895,
              41.84193937913435
            ],
            [
              -7.522508900929478,
              41.84152109771234
            ],
            [
              -7.523385347169495,
              41.841361430731354
            ],
            [
              -7.5238786286816595,
              41.84127085644231
            ],
            [
              -7.525051269764227,
              41.84087955583421
            ],
            [
              -7.526135562500797,
              41.840521811381926
            ],
            [
              -7.527237122949948,
              41.84022159124244
            ],
            [
              -7.52864395540366,
              41.8398365253596
            ],
            [
              -7.529164035214861,
              41.83968484717199
            ],
            [
              -7.53083073825949,
              41.839200104879765
            ],
            [
              -7.533341903770621,
              41.838633393513504
            ],
            [
              -7.534501490627107,
              41.8383650898858
            ],
            [
              -7.536133716683339,
              41.83764330665768
            ],
            [
              -7.53653769189838,
              41.83746713641672
            ],
            [
              -7.538370874058482,
              41.8366589394639
            ],
            [
              -7.538544518537117,
              41.83658259131652
            ],
            [
              -7.538617930073181,
              41.83661852700759
            ],
            [
              -7.538795620145471,
              41.836749633806896
            ],
            [
              -7.5390001772306965,
              41.836930749299405
            ],
            [
              -7.539220839057133,
              41.837258879211255
            ],
            [
              -7.539330323556279,
              41.83731904417973
            ],
            [
              -7.539825301372365,
              41.837366069985165
            ],
            [
              -7.540465648280116,
              41.837537632428635
            ],
            [
              -7.540607645353365,
              41.83753161075506
            ],
            [
              -7.540926945500095,
              41.83745050748954
            ],
            [
              -7.541304648405835,
              41.83744596643715
            ],
            [
              -7.541527159291074,
              41.83744341594776
            ],
            [
              -7.542073472778179,
              41.83723527556766
            ],
            [
              -7.542167979822681,
              41.83714347384134
            ],
            [
              -7.54220336359071,
              41.83688139429206
            ],
            [
              -7.542273755202236,
              41.83678047234048
            ],
            [
              -7.542376570704295,
              41.83676695247364
            ],
            [
              -7.542596373352628,
              41.83679616661715
            ],
            [
              -7.543174611681717,
              41.8369668571542
            ],
            [
              -7.543385282988931,
              41.836994311366944
            ],
            [
              -7.5437044269359115,
              41.836956063221606
            ],
            [
              -7.544064859526037,
              41.83678630632247
            ],
            [
              -7.544095285204604,
              41.836711550656545
            ],
            [
              -7.544028730870796,
              41.83647154862754
            ],
            [
              -7.544001784640895,
              41.83598127964578
            ],
            [
              -7.544160745045803,
              41.835382840763586
            ],
            [
              -7.5450413679912485,
              41.83541038225137
            ],
            [
              -7.546248509090631,
              41.835885235931514
            ],
            [
              -7.54695579891891,
              41.835976436750464
            ],
            [
              -7.548038984683123,
              41.83593098011506
            ],
            [
              -7.549107819216502,
              41.83579486828993
            ],
            [
              -7.549546970467768,
              41.83562468224348
            ],
            [
              -7.549631079233483,
              41.835536247248285
            ],
            [
              -7.549872379721319,
              41.834971979063695
            ],
            [
              -7.550162343994385,
              41.834724325113655
            ],
            [
              -7.550274305909254,
              41.83452376107458
            ],
            [
              -7.550538109149047,
              41.834199628342155
            ],
            [
              -7.5508832822112115,
              41.833703050904376
            ],
            [
              -7.551216487523003,
              41.83370473221608
            ],
            [
              -7.552093983984698,
              41.83378279947385
            ],
            [
              -7.552902765566111,
              41.83393974626378
            ],
            [
              -7.553633185745153,
              41.83396043264012
            ],
            [
              -7.554189039293957,
              41.8340368724602
            ],
            [
              -7.554711699429249,
              41.83400267406718
            ],
            [
              -7.555184784286394,
              41.83401917700132
            ],
            [
              -7.555327848296665,
              41.8341076786666
            ],
            [
              -7.556737850155328,
              41.834209627479126
            ],
            [
              -7.557147719399031,
              41.83422725102394
            ],
            [
              -7.557226467856198,
              41.83430687109032
            ],
            [
              -7.557320745041103,
              41.83435829956495
            ],
            [
              -7.557395291548419,
              41.834382800210506
            ],
            [
              -7.5589973868518765,
              41.83439573853502
            ],
            [
              -7.561438809968759,
              41.83390530860072
            ],
            [
              -7.563398534680714,
              41.83351157806809
            ],
            [
              -7.564602692325581,
              41.83327056283314
            ],
            [
              -7.566267608468124,
              41.832926282284625
            ],
            [
              -7.567704644335761,
              41.83234588306515
            ],
            [
              -7.569919032815035,
              41.83119071823164
            ],
            [
              -7.571578398125672,
              41.83057587643988
            ],
            [
              -7.5728164479619,
              41.83012328054505
            ],
            [
              -7.573911886679399,
              41.829719939882565
            ],
            [
              -7.575775899664621,
              41.83065520962561
            ],
            [
              -7.577533529037217,
              41.83083916244844
            ],
            [
              -7.579120773092479,
              41.831001829278634
            ],
            [
              -7.580266597704915,
              41.83102335595351
            ],
            [
              -7.582208927371345,
              41.83103588964592
            ],
            [
              -7.5838985335161695,
              41.83105420945174
            ],
            [
              -7.585430364735818,
              41.83119474249327
            ],
            [
              -7.586582441167344,
              41.83127448362419
            ],
            [
              -7.58877054565762,
              41.831493069502244
            ],
            [
              -7.591353974898612,
              41.83225853057117
            ],
            [
              -7.593173917268378,
              41.83280311229042
            ],
            [
              -7.59476124241624,
              41.83289426100478
            ],
            [
              -7.595635470957215,
              41.83293605994478
            ],
            [
              -7.597655804746008,
              41.83305835475094
            ],
            [
              -7.598779872098204,
              41.83312506012926
            ],
            [
              -7.599511549163478,
              41.83287905882422
            ],
            [
              -7.600832204215697,
              41.832390345143196
            ],
            [
              -7.601393594227924,
              41.83220899914487
            ],
            [
              -7.602953068051867,
              41.83168922272841
            ],
            [
              -7.605142486790558,
              41.83097549693943
            ],
            [
              -7.606952824785969,
              41.830537932181315
            ],
            [
              -7.608429796122579,
              41.83001356079125
            ],
            [
              -7.609591297751555,
              41.82959982751883
            ],
            [
              -7.611348074314912,
              41.82921272863587
            ],
            [
              -7.611456329519344,
              41.829178016553655
            ],
            [
              -7.611535851787195,
              41.82925868523672
            ],
            [
              -7.611689458307813,
              41.829346886520206
            ],
            [
              -7.611959431153,
              41.82946973989724
            ],
            [
              -7.6122658222474096,
              41.82957025135237
            ],
            [
              -7.612585914463255,
              41.82959825484985
            ],
            [
              -7.613901214928078,
              41.82969493486364
            ],
            [
              -7.614416928141888,
              41.83033692975153
            ],
            [
              -7.614473563926915,
              41.83047952480946
            ],
            [
              -7.614456185302894,
              41.83112875099624
            ],
            [
              -7.614659411952733,
              41.83182975249567
            ],
            [
              -7.6146536573283505,
              41.8320823587838
            ],
            [
              -7.61473411798235,
              41.83261552387605
            ],
            [
              -7.614669777392302,
              41.833342242568044
            ],
            [
              -7.614077348168383,
              41.83452745777602
            ],
            [
              -7.613984887358811,
              41.83502221422446
            ],
            [
              -7.6138437842634605,
              41.83530743064656
            ],
            [
              -7.613798229988896,
              41.83562737781806
            ],
            [
              -7.613863220252821,
              41.835943501361854
            ],
            [
              -7.61399416935831,
              41.83617232284576
            ],
            [
              -7.614212473496435,
              41.83624272096092
            ],
            [
              -7.614352623112778,
              41.83633041124286
            ],
            [
              -7.614352578508019,
              41.83645564578083
            ],
            [
              -7.6143219604039984,
              41.83677485025966
            ],
            [
              -7.613773790194858,
              41.83740773722015
            ],
            [
              -7.613633709605515,
              41.83752018585745
            ],
            [
              -7.613265303777448,
              41.83773063994714
            ],
            [
              -7.613229453040751,
              41.837802501214846
            ],
            [
              -7.613254505586325,
              41.83798042665511
            ],
            [
              -7.613405083869235,
              41.838252915238
            ],
            [
              -7.613393594655737,
              41.8386478289429
            ],
            [
              -7.613314433726388,
              41.83883545825935
            ],
            [
              -7.612878190858686,
              41.839170481282615
            ],
            [
              -7.6126403913597285,
              41.83950180673806
            ],
            [
              -7.612641528115461,
              41.83964441747608
            ],
            [
              -7.612746672351031,
              41.8398339590577
            ],
            [
              -7.612767556023765,
              41.84000565699552
            ],
            [
              -7.612731368390914,
              41.84011902074869
            ],
            [
              -7.61263818933168,
              41.840207552714574
            ],
            [
              -7.611987381651837,
              41.84051405516827
            ],
            [
              -7.611942399610663,
              41.84056733052286
            ],
            [
              -7.611992278940843,
              41.84072735774823
            ],
            [
              -7.61229817933088,
              41.84093923725235
            ],
            [
              -7.6124618493013365,
              41.84109806685172
            ],
            [
              -7.612527421117205,
              41.84129697357264
            ],
            [
              -7.612488610563863,
              41.841585980087494
            ],
            [
              -7.612264712662302,
              41.84231143723091
            ],
            [
              -7.6122386352907725,
              41.84276714919222
            ],
            [
              -7.611997922993649,
              41.84393421809273
            ],
            [
              -7.6118946586931395,
              41.84489708932537
            ],
            [
              -7.611971182996184,
              41.84511297387924
            ],
            [
              -7.611836586809745,
              41.84542351150209
            ],
            [
              -7.611710989684096,
              41.846170204392045
            ],
            [
              -7.611596636975692,
              41.84638909569929
            ],
            [
              -7.611547588399859,
              41.846706776460415
            ],
            [
              -7.6114196640257745,
              41.846862221159085
            ],
            [
              -7.611233197976355,
              41.84694565091641
            ],
            [
              -7.610869536231904,
              41.84696398791108
            ],
            [
              -7.610690969103999,
              41.84712721621603
            ],
            [
              -7.610384084631201,
              41.847910275172254
            ],
            [
              -7.610022011366884,
              41.84854839314945
            ],
            [
              -7.609930855525964,
              41.84862279956637
            ],
            [
              -7.6096657776219825,
              41.84873296574941
            ],
            [
              -7.6084216633637825,
              41.8487053436401
            ],
            [
              -7.607888384109635,
              41.848761436458645
            ],
            [
              -7.6076463309173725,
              41.848749079750725
            ],
            [
              -7.607006700423771,
              41.84864595978606
            ],
            [
              -7.606723605329012,
              41.848573184018356
            ],
            [
              -7.606452492802478,
              41.8485516919525
            ],
            [
              -7.606300443423747,
              41.848591602056
            ],
            [
              -7.606096650826402,
              41.84871662455711
            ],
            [
              -7.606078389747132,
              41.84885897054423
            ],
            [
              -7.606114501783514,
              41.84893395063514
            ],
            [
              -7.606408475139793,
              41.8491496604231
            ],
            [
              -7.606442103677967,
              41.849219048798695
            ],
            [
              -7.606493123973137,
              41.84956310821802
            ],
            [
              -7.606600743540301,
              41.84986124214881
            ],
            [
              -7.606652136955799,
              41.85015966385407
            ],
            [
              -7.6068684415459025,
              41.85180768576424
            ],
            [
              -7.606970826839106,
              41.85196624839729
            ],
            [
              -7.607169482371395,
              41.85233943025368
            ],
            [
              -7.607211384687567,
              41.852620702840426
            ],
            [
              -7.606932736165522,
              41.85291536448757
            ],
            [
              -7.606755988454957,
              41.85329493939489
            ],
            [
              -7.606705165982575,
              41.85353221139549
            ],
            [
              -7.606625962556249,
              41.85366014291307
            ],
            [
              -7.6063492426596495,
              41.85398407609538
            ],
            [
              -7.605975600562829,
              41.85423112168427
            ],
            [
              -7.60564535368994,
              41.85456029763323
            ],
            [
              -7.6052724834461705,
              41.85500667911996
            ],
            [
              -7.604984617853748,
              41.85554267066604
            ],
            [
              -7.604503441022088,
              41.85606651692706
            ],
            [
              -7.604104442453631,
              41.8567303800278
            ],
            [
              -7.603800238906057,
              41.85741997769251
            ],
            [
              -7.603217305847465,
              41.858453196842845
            ],
            [
              -7.60238324980303,
              41.859076795316966
            ],
            [
              -7.602274261380159,
              41.85925185218082
            ],
            [
              -7.601575213052742,
              41.85988740457939
            ],
            [
              -7.601447413840211,
              41.85993336161248
            ],
            [
              -7.601309458191961,
              41.85988222012515
            ],
            [
              -7.601157557171952,
              41.85975484735157
            ],
            [
              -7.601001578246427,
              41.859684349673195
            ],
            [
              -7.600673592921184,
              41.85973397435993
            ],
            [
              -7.600589241036018,
              41.859870973661934
            ],
            [
              -7.600261272935724,
              41.86020923488022
            ],
            [
              -7.600144557471454,
              41.860429904765056
            ],
            [
              -7.600199972998234,
              41.860821166361596
            ],
            [
              -7.600003572228915,
              41.86110890057797
            ],
            [
              -7.600137031583601,
              41.86134026402335
            ],
            [
              -7.600182281628721,
              41.86147552259756
            ],
            [
              -7.600003350713781,
              41.8618202374118
            ],
            [
              -7.600006056746211,
              41.8623816811315
            ],
            [
              -7.599765974600206,
              41.86273673277236
            ],
            [
              -7.599697946748798,
              41.86386973707962
            ],
            [
              -7.599653032894834,
              41.863970271977955
            ],
            [
              -7.599416241439863,
              41.86423251921254
            ],
            [
              -7.599368578202848,
              41.86437463706255
            ],
            [
              -7.599392905287742,
              41.86467977250754
            ],
            [
              -7.5995561580639475,
              41.86483376249572
            ],
            [
              -7.599849090704753,
              41.86493405954129
            ],
            [
              -7.601002883384184,
              41.86537702937735
            ],
            [
              -7.601397385711604,
              41.86563435833892
            ],
            [
              -7.6016842403914,
              41.86584383177639
            ],
            [
              -7.601686976858989,
              41.86609647155236
            ],
            [
              -7.601855348544682,
              41.866447828281984
            ],
            [
              -7.601852142067798,
              41.86654459819485
            ],
            [
              -7.601733791723646,
              41.86665605088134
            ],
            [
              -7.601231625674508,
              41.86674656139929
            ],
            [
              -7.600651860454982,
              41.867089427077694
            ],
            [
              -7.600358782814364,
              41.867326025126935
            ],
            [
              -7.600176132246111,
              41.86753675452458
            ],
            [
              -7.60012366960046,
              41.86767552094027
            ],
            [
              -7.600081670063266,
              41.868020777243785
            ],
            [
              -7.600022033483246,
              41.86812466600712
            ],
            [
              -7.599823293002668,
              41.868211525725954
            ],
            [
              -7.599596441811122,
              41.86842087849327
            ],
            [
              -7.599446696507841,
              41.86851139087507
            ],
            [
              -7.59908108232035,
              41.86863403137352
            ],
            [
              -7.598950982162219,
              41.86870824317333
            ],
            [
              -7.598785857245908,
              41.868866740355685
            ],
            [
              -7.598511339079974,
              41.86923117844378
            ],
            [
              -7.598361409056256,
              41.869314393218936
            ],
            [
              -7.597989848624914,
              41.86929637032508
            ],
            [
              -7.597625319509811,
              41.869316557197905
            ],
            [
              -7.596325242276173,
              41.86920644141756
            ],
            [
              -7.5962220933376745,
              41.86925493591645
            ],
            [
              -7.595936218341333,
              41.86952081581625
            ],
            [
              -7.5957102206724505,
              41.86965481143003
            ],
            [
              -7.595538865057686,
              41.86995219272351
            ],
            [
              -7.595122577675186,
              41.87002507193162
            ],
            [
              -7.594809518005466,
              41.87002532192409
            ],
            [
              -7.594460777586904,
              41.86991394468908
            ],
            [
              -7.59428951522342,
              41.86991143430221
            ],
            [
              -7.594171665517102,
              41.86996040267369
            ],
            [
              -7.5939894819574825,
              41.87012556527438
            ],
            [
              -7.593918418987068,
              41.87013990872154
            ],
            [
              -7.593720337602742,
              41.87011755540722
            ],
            [
              -7.592886173226881,
              41.8698632738474
            ],
            [
              -7.5924556891316595,
              41.869861257103075
            ],
            [
              -7.592207914510985,
              41.86996254891115
            ],
            [
              -7.592036080855804,
              41.87032916288961
            ],
            [
              -7.591959436575025,
              41.87041991350245
            ],
            [
              -7.591450423033951,
              41.870746679002075
            ],
            [
              -7.590858350544756,
              41.871052882864255
            ],
            [
              -7.590471823503409,
              41.871337997124904
            ],
            [
              -7.590302974907007,
              41.871363125785194
            ],
            [
              -7.590153968447236,
              41.871334790535784
            ],
            [
              -7.589600394521269,
              41.871130781689814
            ],
            [
              -7.589344545563301,
              41.87111643039511
            ],
            [
              -7.589195510603796,
              41.87127742433841
            ],
            [
              -7.588851623674623,
              41.87320156703458
            ],
            [
              -7.588650619317879,
              41.87352499937575
            ],
            [
              -7.588278948685,
              41.87381584496124
            ],
            [
              -7.5878392559025505,
              41.87401687799783
            ],
            [
              -7.587189050192597,
              41.87424058911183
            ],
            [
              -7.587041698400732,
              41.87432928962213
            ],
            [
              -7.58688420553639,
              41.87443442389876
            ],
            [
              -7.586290317635274,
              41.874962159970295
            ],
            [
              -7.586143002063223,
              41.87501773215135
            ],
            [
              -7.585849381339569,
              41.87503830390339
            ],
            [
              -7.585370258364643,
              41.874987053978636
            ],
            [
              -7.5850768326893645,
              41.875041749575416
            ],
            [
              -7.584613959883296,
              41.87531774549919
            ],
            [
              -7.584089824252562,
              41.87567839111717
            ],
            [
              -7.584081153663766,
              41.87591184713898
            ],
            [
              -7.584037042904213,
              41.877143888982786
            ],
            [
              -7.583302096964908,
              41.87866659268676
            ],
            [
              -7.583351921740164,
              41.87871427722778
            ],
            [
              -7.585616176699702,
              41.881543557325955
            ],
            [
              -7.585873256192047,
              41.88187113533821
            ],
            [
              -7.586023751396882,
              41.88181162002587
            ],
            [
              -7.586354514338906,
              41.881549400417285
            ],
            [
              -7.586701326890775,
              41.88089939985398
            ],
            [
              -7.586715850890871,
              41.88080610569802
            ],
            [
              -7.586609997132551,
              41.88023327800661
            ],
            [
              -7.586607235221662,
              41.88003357460277
            ],
            [
              -7.586716077702668,
              41.879685762856234
            ],
            [
              -7.586943570175998,
              41.8795247863215
            ],
            [
              -7.587267024961317,
              41.87945428946896
            ],
            [
              -7.587727266244895,
              41.87956279586019
            ],
            [
              -7.5880712834161965,
              41.87979571071233
            ],
            [
              -7.588742207516824,
              41.88007797711204
            ],
            [
              -7.589100963737147,
              41.880193286794444
            ],
            [
              -7.590941778856378,
              41.880649859314815
            ],
            [
              -7.591490275641782,
              41.880680075597546
            ],
            [
              -7.592007031498835,
              41.88064477911916
            ],
            [
              -7.592621552015011,
              41.88051657719799
            ],
            [
              -7.59289901948692,
              41.88042838272544
            ],
            [
              -7.593454784744862,
              41.88015189258043
            ],
            [
              -7.59376919348351,
              41.88005324849474
            ],
            [
              -7.594531505955805,
              41.87989808686121
            ],
            [
              -7.596202075632333,
              41.879768124976
            ],
            [
              -7.596510802034708,
              41.879786938702644
            ],
            [
              -7.596966717796645,
              41.879881969482334
            ],
            [
              -7.59739528512508,
              41.87990475876666
            ],
            [
              -7.59800186349356,
              41.87980178998977
            ],
            [
              -7.5984725704304905,
              41.87976967284542
            ],
            [
              -7.598937727123688,
              41.87968008476765
            ],
            [
              -7.59959301717603,
              41.87963026852176
            ],
            [
              -7.600049017167743,
              41.879496699526854
            ],
            [
              -7.601409816071049,
              41.87963181588148
            ],
            [
              -7.60253516778437,
              41.87962745462453
            ],
            [
              -7.603557482802601,
              41.87945101145212
            ],
            [
              -7.604024870311145,
              41.87942560684307
            ],
            [
              -7.604971377506621,
              41.87948738242502
            ],
            [
              -7.605528682341171,
              41.87939765117311
            ],
            [
              -7.607594720685823,
              41.87948162993798
            ],
            [
              -7.607663246078812,
              41.87952191234921
            ],
            [
              -7.609058708202256,
              41.880166311160956
            ],
            [
              -7.612393158767417,
              41.88132336489391
            ],
            [
              -7.612909034960934,
              41.8824409961505
            ],
            [
              -7.615065903766196,
              41.88415012573676
            ],
            [
              -7.615615883701922,
              41.88458591348264
            ],
            [
              -7.61841035854555,
              41.88508953468555
            ],
            [
              -7.620893910676437,
              41.8835333316284
            ],
            [
              -7.6226028154191905,
              41.88215866016783
            ],
            [
              -7.625424416382642,
              41.87990107211117
            ],
            [
              -7.628047214508387,
              41.879774567948594
            ],
            [
              -7.629814959510591,
              41.879626089524116
            ],
            [
              -7.632607987427361,
              41.87944980905311
            ],
            [
              -7.63630436035889,
              41.879700942761694
            ],
            [
              -7.638682653331263,
              41.87986286030623
            ],
            [
              -7.63890787856957,
              41.87990082755501
            ],
            [
              -7.643405085046617,
              41.88065852981143
            ],
            [
              -7.645562497624604,
              41.88064317617739
            ],
            [
              -7.650820812570543,
              41.88095670706936
            ],
            [
              -7.6516313639632925,
              41.881003755766926
            ],
            [
              -7.653871440511902,
              41.88119845307792
            ],
            [
              -7.656535460668592,
              41.88212744410065
            ],
            [
              -7.658020103009026,
              41.883088521555315
            ],
            [
              -7.659329105607522,
              41.88393758631446
            ],
            [
              -7.660137659212063,
              41.88446028934051
            ],
            [
              -7.661029100857216,
              41.885017813304025
            ],
            [
              -7.662284980333222,
              41.885876436577036
            ],
            [
              -7.663234752886375,
              41.88646983066276
            ],
            [
              -7.663492618036381,
              41.886465657276
            ],
            [
              -7.663552900514573,
              41.88674103647205
            ],
            [
              -7.663777077106266,
              41.887227034987795
            ],
            [
              -7.663876066452096,
              41.88734897831911
            ],
            [
              -7.664178048393891,
              41.88754206209062
            ],
            [
              -7.664320614861259,
              41.88762024820807
            ],
            [
              -7.664664457229223,
              41.88770555399622
            ],
            [
              -7.665303343188403,
              41.88774577641414
            ],
            [
              -7.665406462379841,
              41.88779742378539
            ],
            [
              -7.665545066830338,
              41.88800731008295
            ],
            [
              -7.665622470017638,
              41.888481994317054
            ],
            [
              -7.665834772577109,
              41.888846938154224
            ],
            [
              -7.666050309893028,
              41.88894909653599
            ],
            [
              -7.666545466767114,
              41.88895551187151
            ],
            [
              -7.666918400388423,
              41.88918551608537
            ],
            [
              -7.6669821579727255,
              41.88929948178845
            ],
            [
              -7.667122238921371,
              41.88982213539643
            ],
            [
              -7.667191106046592,
              41.89044650799502
            ],
            [
              -7.667242628982972,
              41.89061939488056
            ],
            [
              -7.667396137318671,
              41.890935757183755
            ],
            [
              -7.66766146506975,
              41.89126939771861
            ],
            [
              -7.667904010955078,
              41.89150328438227
            ],
            [
              -7.668024721453826,
              41.891890368138334
            ],
            [
              -7.66830229505082,
              41.89209720342173
            ],
            [
              -7.668264393803865,
              41.89243998017039
            ],
            [
              -7.6681576789716805,
              41.89261844267064
            ],
            [
              -7.668100478693398,
              41.89296392768474
            ],
            [
              -7.668218420600149,
              41.893301299565785
            ],
            [
              -7.6682210210146255,
              41.89330859998415
            ],
            [
              -7.668445787348935,
              41.89338540034508
            ],
            [
              -7.6688201239261575,
              41.8934086958442
            ],
            [
              -7.669255385482226,
              41.893354900538924
            ],
            [
              -7.669668644991994,
              41.89322655292228
            ],
            [
              -7.669816122503848,
              41.893227598150624
            ],
            [
              -7.670703591958821,
              41.893443987323444
            ],
            [
              -7.670890573948769,
              41.89353143909361
            ],
            [
              -7.671089066854097,
              41.89349343045765
            ],
            [
              -7.671219113622168,
              41.893371238171525
            ],
            [
              -7.671260660826153,
              41.893240320470085
            ],
            [
              -7.67150123853607,
              41.89306292894926
            ],
            [
              -7.671660645282977,
              41.893047181072085
            ],
            [
              -7.671872168625593,
              41.89312347405926
            ],
            [
              -7.672270794901721,
              41.89313685871115
            ],
            [
              -7.672423114514865,
              41.89310091776577
            ],
            [
              -7.672868843738196,
              41.89291363146982
            ],
            [
              -7.673079505761614,
              41.892891963050815
            ],
            [
              -7.6733277942347105,
              41.89294921841069
            ],
            [
              -7.67425610756717,
              41.893031690499996
            ],
            [
              -7.674704768828805,
              41.8931595163418
            ],
            [
              -7.674852140780801,
              41.893175320831645
            ],
            [
              -7.675080104041433,
              41.8932791260756
            ],
            [
              -7.675607561259185,
              41.893425810132975
            ],
            [
              -7.676048972283089,
              41.89343827082912
            ],
            [
              -7.676374397339461,
              41.8933585322661
            ],
            [
              -7.676993123935351,
              41.893309839724864
            ],
            [
              -7.6774528960311486,
              41.893111879396045
            ],
            [
              -7.677609054870039,
              41.893094490697
            ],
            [
              -7.677897709847413,
              41.89313614338169
            ],
            [
              -7.67814099720444,
              41.89323784523017
            ],
            [
              -7.678441553934249,
              41.89347193851679
            ],
            [
              -7.6785919500222635,
              41.893639630586094
            ],
            [
              -7.678710949164088,
              41.89390397903274
            ],
            [
              -7.6787921929441465,
              41.89400225530039
            ],
            [
              -7.679063347783139,
              41.89423685903468
            ],
            [
              -7.679126328133687,
              41.89437890753381
            ],
            [
              -7.67948343347258,
              41.89472863811304
            ],
            [
              -7.679769242693699,
              41.894850673420386
            ],
            [
              -7.6805861869506815,
              41.89497613919333
            ],
            [
              -7.680781868632887,
              41.89504605019356
            ],
            [
              -7.681127720099414,
              41.89526636343767
            ],
            [
              -7.68146311652165,
              41.89541505458364
            ],
            [
              -7.68210859089472,
              41.89604158235676
            ],
            [
              -7.682505396778019,
              41.896300888105834
            ],
            [
              -7.682648268964223,
              41.89654849186496
            ],
            [
              -7.682773825925696,
              41.89668681695624
            ],
            [
              -7.682794653577405,
              41.89679268709521
            ],
            [
              -7.682958421396396,
              41.896948090522635
            ],
            [
              -7.683483451952979,
              41.897603937910404
            ],
            [
              -7.683789986683868,
              41.89790169575724
            ],
            [
              -7.684207478495037,
              41.89848059627183
            ],
            [
              -7.684554217722047,
              41.89880326527893
            ],
            [
              -7.684898227904929,
              41.89908603842537
            ],
            [
              -7.685340794556234,
              41.89950990577103
            ],
            [
              -7.685239822233414,
              41.89959477675031
            ],
            [
              -7.687819110261718,
              41.90218467530823
            ],
            [
              -7.690543387499314,
              41.90348898396952
            ],
            [
              -7.694265886320064,
              41.90525410984889
            ],
            [
              -7.695765123888315,
              41.905967081912436
            ],
            [
              -7.696459428393464,
              41.90652006622392
            ],
            [
              -7.697081512765801,
              41.907024698697114
            ],
            [
              -7.6973064959576405,
              41.907207231582284
            ],
            [
              -7.6993387724160245,
              41.9074716503108
            ],
            [
              -7.700851481062847,
              41.907665579545245
            ],
            [
              -7.702777239541093,
              41.907478577806884
            ],
            [
              -7.704142486316463,
              41.90733979167269
            ],
            [
              -7.705441580993142,
              41.906870060506606
            ],
            [
              -7.705449553948758,
              41.90686711734848
            ],
            [
              -7.705950218567323,
              41.90668269865396
            ],
            [
              -7.708611160483176,
              41.90570253623524
            ],
            [
              -7.71280176969255,
              41.904164656222505
            ],
            [
              -7.714163048794731,
              41.90362041985228
            ],
            [
              -7.715759188860902,
              41.902982566804496
            ],
            [
              -7.722124542859171,
              41.900445736301414
            ],
            [
              -7.722534470560854,
              41.900131367829445
            ],
            [
              -7.725468722648984,
              41.89786596115161
            ],
            [
              -7.726661571510076,
              41.896953562524544
            ],
            [
              -7.726679977254166,
              41.89693913341218
            ],
            [
              -7.72725484705593,
              41.896487848990986
            ],
            [
              -7.728894058981307,
              41.895235147372226
            ],
            [
              -7.729676856589339,
              41.894632514606336
            ],
            [
              -7.730336216674085,
              41.89420987413365
            ],
            [
              -7.7318720591354335,
              41.89322622745292
            ],
            [
              -7.732460758843495,
              41.89284483254444
            ],
            [
              -7.733353776167809,
              41.892276948452896
            ],
            [
              -7.735137522187803,
              41.892403119736024
            ],
            [
              -7.736485886536131,
              41.892495627083846
            ],
            [
              -7.737802442159738,
              41.892589182229315
            ],
            [
              -7.738892731716717,
              41.892639725225955
            ],
            [
              -7.73912512211309,
              41.892685800783994
            ],
            [
              -7.739539353585353,
              41.89271134707137
            ],
            [
              -7.74070498523382,
              41.89279624871434
            ],
            [
              -7.74221584762338,
              41.89290058527623
            ],
            [
              -7.7439461450629254,
              41.89302274648865
            ],
            [
              -7.745017432337004,
              41.89306992848976
            ],
            [
              -7.745044248041194,
              41.893099544237884
            ],
            [
              -7.746781335545479,
              41.893739995084815
            ],
            [
              -7.747068425499347,
              41.89384863081218
            ],
            [
              -7.74747722914969,
              41.893997647054995
            ],
            [
              -7.749348835463232,
              41.8946589443293
            ],
            [
              -7.749785015414331,
              41.89484621742945
            ],
            [
              -7.753230915995925,
              41.898224306195544
            ],
            [
              -7.754501572336979,
              41.89852485553693
            ],
            [
              -7.756599606950379,
              41.89897358294402
            ],
            [
              -7.759494713655923,
              41.898840466529954
            ],
            [
              -7.761038365476416,
              41.898805200730514
            ],
            [
              -7.763505200294595,
              41.89900434624257
            ],
            [
              -7.764844351059096,
              41.897260310778464
            ],
            [
              -7.7670894721047,
              41.89589735256649
            ],
            [
              -7.768633566979645,
              41.894959880608056
            ],
            [
              -7.7709435777076665,
              41.893557438165324
            ],
            [
              -7.773003524300285,
              41.89119453199164
            ],
            [
              -7.774372336155433,
              41.89019413350323
            ],
            [
              -7.774827122969661,
              41.88985856188961
            ],
            [
              -7.77484623441655,
              41.88984448285752
            ],
            [
              -7.775591717048589,
              41.88929832096241
            ],
            [
              -7.777040230174718,
              41.88790110078944
            ],
            [
              -7.778361563496264,
              41.88687764226847
            ],
            [
              -7.780275700147218,
              41.88630397004679
            ],
            [
              -7.783694848155504,
              41.8856215690017
            ],
            [
              -7.7855688913518835,
              41.88486978438811
            ],
            [
              -7.786931102540942,
              41.884094473875926
            ],
            [
              -7.7921374101706125,
              41.88296690939703
            ],
            [
              -7.795089543025643,
              41.882858358500314
            ],
            [
              -7.797643936689092,
              41.88301182958368
            ],
            [
              -7.800427619934358,
              41.88318633933183
            ],
            [
              -7.80243532923824,
              41.88197073575439
            ],
            [
              -7.802874591470862,
              41.881945342023215
            ],
            [
              -7.803644216108888,
              41.88193988535688
            ],
            [
              -7.805802187891469,
              41.881887404327095
            ],
            [
              -7.8084054705466945,
              41.88182640836016
            ],
            [
              -7.812539447195955,
              41.88172882011797
            ],
            [
              -7.812568122907359,
              41.881728089867245
            ],
            [
              -7.815387334988186,
              41.88165637048464
            ],
            [
              -7.8168003249308144,
              41.88161838064867
            ],
            [
              -7.818406925280193,
              41.88157783762978
            ],
            [
              -7.819823442193969,
              41.88153234397188
            ],
            [
              -7.821578802459039,
              41.88149783432444
            ],
            [
              -7.823843257498714,
              41.88144133533524
            ],
            [
              -7.824851545456603,
              41.881407381365456
            ],
            [
              -7.826113998426183,
              41.881356182701765
            ],
            [
              -7.827622170320167,
              41.88133865781609
            ],
            [
              -7.8286401053698516,
              41.88132792369442
            ],
            [
              -7.829914540574392,
              41.881289317746045
            ],
            [
              -7.8302904566490845,
              41.88128012960796
            ],
            [
              -7.832270158859533,
              41.88123721387581
            ],
            [
              -7.835530127782326,
              41.88114282631933
            ],
            [
              -7.838546862811276,
              41.88107320897558
            ],
            [
              -7.8396922229506725,
              41.88104190796338
            ],
            [
              -7.840463601599748,
              41.88104403733384
            ],
            [
              -7.8429230094351015,
              41.881164753333906
            ],
            [
              -7.845187757860175,
              41.88127907580384
            ],
            [
              -7.844682810329527,
              41.87983056307523
            ],
            [
              -7.844273144065978,
              41.87868497469348
            ],
            [
              -7.844084090724246,
              41.87810092591587
            ],
            [
              -7.84379562536573,
              41.877065562882365
            ],
            [
              -7.843589891001668,
              41.876226228159304
            ],
            [
              -7.843464506249075,
              41.875684736701004
            ],
            [
              -7.8438677479545325,
              41.87443466870233
            ],
            [
              -7.844127851756603,
              41.87372641563437
            ],
            [
              -7.843032284305397,
              41.87267687714732
            ],
            [
              -7.842575601935807,
              41.8713159019555
            ],
            [
              -7.842199942200629,
              41.86945850752532
            ],
            [
              -7.841902843440352,
              41.86765488440099
            ],
            [
              -7.841780908657128,
              41.86699509710914
            ],
            [
              -7.841518508390172,
              41.866475047439
            ],
            [
              -7.841928609933613,
              41.86599774185734
            ],
            [
              -7.8426155295785245,
              41.8655894646299
            ],
            [
              -7.844088977953636,
              41.86482257457704
            ],
            [
              -7.84549964681112,
              41.863784425347106
            ],
            [
              -7.848088262008793,
              41.862476364489126
            ],
            [
              -7.849453349053548,
              41.861671235982676
            ],
            [
              -7.849902495252767,
              41.86157969171988
            ],
            [
              -7.851365898752525,
              41.86189009174142
            ],
            [
              -7.853580595292369,
              41.86234174581005
            ],
            [
              -7.854674898734871,
              41.861977685422005
            ],
            [
              -7.856287123506065,
              41.862303593548255
            ],
            [
              -7.8584370692242995,
              41.86264335913869
            ],
            [
              -7.858722995773014,
              41.86122198675985
            ],
            [
              -7.858998622050041,
              41.860550736982546
            ],
            [
              -7.859532799353793,
              41.86039660601839
            ],
            [
              -7.860768038617928,
              41.86006784036161
            ],
            [
              -7.862881462179748,
              41.859998423819164
            ],
            [
              -7.863216133495099,
              41.85982742377083
            ],
            [
              -7.863905326931545,
              41.85969443057008
            ],
            [
              -7.865054678731593,
              41.85950587210171
            ],
            [
              -7.866317483049932,
              41.85887667439255
            ],
            [
              -7.867170834525977,
              41.85785605943672
            ],
            [
              -7.868491315553542,
              41.8564501789839
            ],
            [
              -7.868719468156606,
              41.85484147317162
            ],
            [
              -7.8687958484956,
              41.8543031689018
            ],
            [
              -7.869633916960538,
              41.854025711752804
            ],
            [
              -7.870434541605431,
              41.85175458858867
            ],
            [
              -7.871918113052964,
              41.850078131888914
            ],
            [
              -7.872205767423944,
              41.84912516515563
            ],
            [
              -7.872557063183341,
              41.84752564161371
            ],
            [
              -7.872886345160037,
              41.846606524120574
            ],
            [
              -7.8728052470517085,
              41.844854687623766
            ],
            [
              -7.873334429309799,
              41.84506501519639
            ],
            [
              -7.873354133930371,
              41.84507424672574
            ],
            [
              -7.874660840740185,
              41.84569271658042
            ],
            [
              -7.87466877464884,
              41.847055180791166
            ],
            [
              -7.8756523683581126,
              41.84803205581136
            ],
            [
              -7.876756806071194,
              41.84912208701981
            ],
            [
              -7.876929048421536,
              41.85014406041269
            ],
            [
              -7.8781486408285835,
              41.85130095269146
            ],
            [
              -7.878963994187931,
              41.85249692615817
            ],
            [
              -7.879372920925653,
              41.85277889938557
            ],
            [
              -7.87911728794527,
              41.85406390274892
            ],
            [
              -7.880804728955947,
              41.85481521236351
            ],
            [
              -7.881632682765662,
              41.85610950251874
            ],
            [
              -7.883063281829121,
              41.856720135836
            ],
            [
              -7.884717073430865,
              41.85676159392756
            ],
            [
              -7.887041701723038,
              41.85574352243229
            ],
            [
              -7.8879221758333715,
              41.85560556910325
            ],
            [
              -7.888255185591906,
              41.85655394520439
            ],
            [
              -7.88971494418265,
              41.85711557547213
            ],
            [
              -7.890123951756609,
              41.857364291903636
            ],
            [
              -7.891789390159052,
              41.85877991537578
            ],
            [
              -7.8918203615920755,
              41.85880626641708
            ],
            [
              -7.891828852310818,
              41.85882159342878
            ],
            [
              -7.892212032859942,
              41.859510859504255
            ],
            [
              -7.892242515279236,
              41.86018886206999
            ],
            [
              -7.891726874923386,
              41.86081854992504
            ],
            [
              -7.8909649041811205,
              41.86139253164867
            ],
            [
              -7.890670772120804,
              41.862139267495294
            ],
            [
              -7.89058048041756,
              41.86258059555762
            ],
            [
              -7.890494661983312,
              41.862951792075414
            ],
            [
              -7.89004885582772,
              41.86348276545695
            ],
            [
              -7.889449316366791,
              41.86399090553673
            ],
            [
              -7.889062411989339,
              41.86461049756414
            ],
            [
              -7.888835686446231,
              41.86516857655594
            ],
            [
              -7.888233526008201,
              41.866076625169036
            ],
            [
              -7.888135803612944,
              41.866629209215084
            ],
            [
              -7.888090392669424,
              41.86688561358168
            ],
            [
              -7.888127177711122,
              41.867317483241315
            ],
            [
              -7.888077461758331,
              41.86788448559676
            ],
            [
              -7.888091267024662,
              41.86824554321577
            ],
            [
              -7.888024775942102,
              41.86872391576438
            ],
            [
              -7.888117719875116,
              41.86918138524699
            ],
            [
              -7.888440359515206,
              41.86973656769328
            ],
            [
              -7.888163015430076,
              41.870358459245
            ],
            [
              -7.887728779832563,
              41.87051851959078
            ],
            [
              -7.8876555784378795,
              41.870572919321276
            ],
            [
              -7.8876301525019255,
              41.8709256117768
            ],
            [
              -7.8875255362047705,
              41.87116460470807
            ],
            [
              -7.8873744944903335,
              41.87128834563526
            ],
            [
              -7.887214549305131,
              41.87137812591536
            ],
            [
              -7.886870233714082,
              41.871583746485946
            ],
            [
              -7.886834057229762,
              41.87168909706595
            ],
            [
              -7.886427331376324,
              41.8734773386746
            ],
            [
              -7.886377408007342,
              41.87402822070317
            ],
            [
              -7.886338178201025,
              41.874271944531564
            ],
            [
              -7.8862082278581225,
              41.874864341289566
            ],
            [
              -7.886240833740241,
              41.8752227363268
            ],
            [
              -7.885838836398255,
              41.87648879910955
            ],
            [
              -7.885498121241217,
              41.87728637775734
            ],
            [
              -7.884777650898205,
              41.88092030134984
            ],
            [
              -7.884767286186317,
              41.88619682609495
            ],
            [
              -7.884431367019786,
              41.889053328158184
            ],
            [
              -7.884969214225441,
              41.891226754545784
            ],
            [
              -7.885323943917321,
              41.8960418284054
            ],
            [
              -7.885617844822289,
              41.89745999458753
            ],
            [
              -7.886615191666136,
              41.90051326887176
            ],
            [
              -7.88683681983392,
              41.901555939053544
            ],
            [
              -7.887010327902272,
              41.90219768712117
            ],
            [
              -7.887260301766077,
              41.90326796134394
            ],
            [
              -7.887302288080264,
              41.90452335219825
            ],
            [
              -7.88740523465928,
              41.90730975264975
            ],
            [
              -7.8868997016876525,
              41.90884694682372
            ],
            [
              -7.885903586693012,
              41.91195979944595
            ],
            [
              -7.885669371560507,
              41.91269179214666
            ],
            [
              -7.885627038238299,
              41.91282422432055
            ],
            [
              -7.885176191445617,
              41.91503954937047
            ],
            [
              -7.884322080173915,
              41.91647595509813
            ],
            [
              -7.883718903552869,
              41.91838006830038
            ],
            [
              -7.884281263345839,
              41.92181918555741
            ],
            [
              -7.884689499628533,
              41.92431579962135
            ],
            [
              -7.8862204178082,
              41.925738132217234
            ],
            [
              -7.8879605517361755,
              41.926785007654985
            ],
            [
              -7.889391734162864,
              41.926809723097556
            ],
            [
              -7.890528870649722,
              41.92677312570371
            ],
            [
              -7.892705656515061,
              41.92694376814855
            ],
            [
              -7.895571545565808,
              41.92679455026684
            ],
            [
              -7.8990856648558365,
              41.926611822570045
            ],
            [
              -7.9009020642154555,
              41.92652904369803
            ],
            [
              -7.903080058657421,
              41.92643345267732
            ],
            [
              -7.906343069893244,
              41.927095749470695
            ],
            [
              -7.907902924458525,
              41.925384607948835
            ],
            [
              -7.9084224874440086,
              41.92456174968579
            ],
            [
              -7.909312824402154,
              41.92315485396603
            ],
            [
              -7.909749583773713,
              41.92245840905387
            ],
            [
              -7.909801379473536,
              41.92180659582225
            ],
            [
              -7.909874981963516,
              41.921192727383165
            ],
            [
              -7.90998276300597,
              41.920140566574
            ],
            [
              -7.910006430207999,
              41.91981353050325
            ],
            [
              -7.91005716597281,
              41.919467461141636
            ],
            [
              -7.910383182301349,
              41.91724334274685
            ],
            [
              -7.910841054391673,
              41.91410277913273
            ],
            [
              -7.9108535255746855,
              41.914017182907024
            ],
            [
              -7.910844188811498,
              41.913083638986656
            ],
            [
              -7.910715860918946,
              41.91219551253003
            ],
            [
              -7.910536328522033,
              41.910950402511496
            ],
            [
              -7.9104331730102,
              41.90999884804409
            ],
            [
              -7.910246854431427,
              41.90890965668329
            ],
            [
              -7.910088085480867,
              41.90734506997678
            ],
            [
              -7.910816536174704,
              41.90505923072062
            ],
            [
              -7.911118708847131,
              41.90409954301636
            ],
            [
              -7.9131680532492705,
              41.89864748438277
            ],
            [
              -7.914558511280664,
              41.89620261746634
            ],
            [
              -7.915755532225779,
              41.89474267234023
            ],
            [
              -7.916672018667387,
              41.8920444448364
            ],
            [
              -7.921304579247242,
              41.881814201447575
            ],
            [
              -7.919691818576133,
              41.88019329474168
            ],
            [
              -7.921229777969045,
              41.87782584906612
            ],
            [
              -7.9212523081763315,
              41.87779115158761
            ],
            [
              -7.92531332187726,
              41.8782209154141
            ],
            [
              -7.928488849263503,
              41.87784293459345
            ],
            [
              -7.932594300384326,
              41.87662026407746
            ],
            [
              -7.934884319009627,
              41.87599659113338
            ],
            [
              -7.936243187715059,
              41.875626439533704
            ],
            [
              -7.937734766369803,
              41.87522354844866
            ],
            [
              -7.938358074132872,
              41.87477110409732
            ],
            [
              -7.938559315328934,
              41.874627120269935
            ],
            [
              -7.9402193288160525,
              41.873715618804894
            ],
            [
              -7.940997557021134,
              41.873287732482936
            ],
            [
              -7.942627455670881,
              41.872394332176235
            ],
            [
              -7.944126173135527,
              41.87157100737207
            ],
            [
              -7.944360305260912,
              41.87154032754087
            ],
            [
              -7.946136667013162,
              41.871328927618535
            ],
            [
              -7.9473778976172245,
              41.871181736846566
            ],
            [
              -7.948842513301617,
              41.87100967493588
            ],
            [
              -7.950956887004287,
              41.87168553750199
            ],
            [
              -7.952012331382389,
              41.87202705812345
            ],
            [
              -7.954075251469534,
              41.87268874055585
            ],
            [
              -7.954563815787416,
              41.87286910446451
            ],
            [
              -7.956077592811195,
              41.87322893397261
            ],
            [
              -7.9562409328111725,
              41.87384949759623
            ],
            [
              -7.956128271325069,
              41.87430497354886
            ],
            [
              -7.956726275678719,
              41.87522276184283
            ],
            [
              -7.9573376150955175,
              41.875313806403476
            ],
            [
              -7.958147302044471,
              41.87547231254051
            ],
            [
              -7.959321740019954,
              41.87477722831011
            ],
            [
              -7.960394440609391,
              41.8755538198577
            ],
            [
              -7.961055011507859,
              41.87557163124817
            ],
            [
              -7.961671532165224,
              41.87511761324267
            ],
            [
              -7.961985061716501,
              41.87417013321263
            ],
            [
              -7.962644930506854,
              41.87440482650877
            ],
            [
              -7.96398138734154,
              41.87447159973076
            ],
            [
              -7.964944767081983,
              41.875010838398886
            ],
            [
              -7.967403839335498,
              41.87460130274951
            ],
            [
              -7.968837954907438,
              41.874399413056786
            ],
            [
              -7.969218650455316,
              41.87438536446621
            ],
            [
              -7.970810624747937,
              41.875607067858
            ],
            [
              -7.971264368855841,
              41.87615671054598
            ],
            [
              -7.971495370425981,
              41.87636887705211
            ],
            [
              -7.971686426081012,
              41.87617539208163
            ],
            [
              -7.972197219419621,
              41.87528893157502
            ],
            [
              -7.972878492991583,
              41.87536351811998
            ],
            [
              -7.974566066172908,
              41.87530946554793
            ],
            [
              -7.97531788517096,
              41.874657310975756
            ],
            [
              -7.976154632383181,
              41.87414940518139
            ],
            [
              -7.977275020892878,
              41.873398785022154
            ],
            [
              -7.977946673427643,
              41.87290613022999
            ],
            [
              -7.978374699351697,
              41.87258564778945
            ],
            [
              -7.979465380906196,
              41.87215016754523
            ],
            [
              -7.980194954839633,
              41.87236990071507
            ],
            [
              -7.982161939454459,
              41.87178068950496
            ],
            [
              -7.982487358143459,
              41.871177000440255
            ],
            [
              -7.983225092931683,
              41.87078028418476
            ],
            [
              -7.985167098298067,
              41.87001812330484
            ],
            [
              -7.985294281009456,
              41.869547512551776
            ],
            [
              -7.986154013871184,
              41.86924906452185
            ],
            [
              -7.98769249253071,
              41.86921570203556
            ],
            [
              -7.98866745198191,
              41.86751756530346
            ],
            [
              -7.989087648163274,
              41.86530160083656
            ],
            [
              -7.989506788229969,
              41.863937510081556
            ],
            [
              -7.989914759928666,
              41.86254810343067
            ],
            [
              -7.990263620691544,
              41.86042621898167
            ],
            [
              -7.9893946575405,
              41.85951178078008
            ],
            [
              -7.992429074721892,
              41.858901913385765
            ],
            [
              -7.992462475838621,
              41.85837968006184
            ],
            [
              -7.995600032845978,
              41.857991420461275
            ],
            [
              -7.994907973580576,
              41.85739603531257
            ],
            [
              -7.994406772753566,
              41.85551585162159
            ],
            [
              -7.994425702542353,
              41.85420140847058
            ],
            [
              -7.9948690862149165,
              41.853409926964126
            ],
            [
              -7.995720790076556,
              41.85251259756996
            ],
            [
              -7.997997385140394,
              41.85108878814012
            ],
            [
              -7.999344488605814,
              41.85085634579162
            ],
            [
              -7.9999822316289615,
              41.85072734292577
            ],
            [
              -8.000100956652084,
              41.850733057115185
            ],
            [
              -8.000887798787554,
              41.85077095204299
            ],
            [
              -8.001245978511355,
              41.85044139475753
            ],
            [
              -8.002993437714114,
              41.85033036473137
            ],
            [
              -8.003542051434508,
              41.849845610790794
            ],
            [
              -8.004298974173109,
              41.847828385871296
            ],
            [
              -8.005976232614092,
              41.84706045061362
            ],
            [
              -8.005802309163348,
              41.84461418330841
            ],
            [
              -8.007614842971302,
              41.84306552733284
            ],
            [
              -8.007798402738182,
              41.841520415676456
            ],
            [
              -8.007843240500193,
              41.84061510405991
            ],
            [
              -8.008142351529772,
              41.839835207175845
            ],
            [
              -8.008714890100613,
              41.83835164013028
            ],
            [
              -8.009753120399761,
              41.83792562892859
            ],
            [
              -8.010456238965192,
              41.83720485144357
            ],
            [
              -8.010965678215376,
              41.836266171590104
            ],
            [
              -8.011260952772176,
              41.83525416076227
            ],
            [
              -8.011246675486959,
              41.83464444691973
            ],
            [
              -8.012170933376149,
              41.83461875771789
            ],
            [
              -8.012602587963926,
              41.83353170708971
            ],
            [
              -8.01288572104029,
              41.83183498484559
            ],
            [
              -8.01314943418845,
              41.829490100348934
            ],
            [
              -8.014057861584044,
              41.82899234191539
            ],
            [
              -8.014648502371239,
              41.829815383456406
            ],
            [
              -8.014834426105896,
              41.830314347839554
            ],
            [
              -8.015766587497572,
              41.830542165271204
            ],
            [
              -8.016386263841005,
              41.83069286772665
            ],
            [
              -8.017882133621356,
              41.83135500628304
            ],
            [
              -8.018630634731426,
              41.831230862319316
            ],
            [
              -8.01936373806693,
              41.83207193872768
            ],
            [
              -8.020552037859689,
              41.831430887500716
            ],
            [
              -8.022629500173512,
              41.830752580453236
            ],
            [
              -8.024633322327885,
              41.830391620951055
            ],
            [
              -8.025435518238698,
              41.83098171386305
            ],
            [
              -8.025524461021087,
              41.83025811585452
            ],
            [
              -8.027875335117464,
              41.83010439915261
            ],
            [
              -8.029164669640393,
              41.82974317013612
            ],
            [
              -8.030099793448322,
              41.8295673536601
            ],
            [
              -8.03183495531076,
              41.83000362603892
            ],
            [
              -8.032389859635584,
              41.83018551844713
            ],
            [
              -8.033267444083863,
              41.8300829128438
            ],
            [
              -8.033697730024315,
              41.83028593840803
            ],
            [
              -8.03434867372471,
              41.830246335160346
            ],
            [
              -8.035423030221553,
              41.82993635171879
            ],
            [
              -8.037057447541866,
              41.82998469231186
            ],
            [
              -8.037975648044878,
              41.83001083052373
            ],
            [
              -8.038677039236758,
              41.82995917374767
            ],
            [
              -8.039057841146414,
              41.82984496019532
            ],
            [
              -8.039526924598213,
              41.82952599063576
            ],
            [
              -8.039684399854544,
              41.82908460080771
            ],
            [
              -8.03992967624835,
              41.82869504394969
            ],
            [
              -8.039789614188757,
              41.82831310517381
            ],
            [
              -8.039770951594333,
              41.82806415412623
            ],
            [
              -8.040125225221974,
              41.82796827863672
            ],
            [
              -8.040538992195131,
              41.82810788630666
            ],
            [
              -8.041058869304072,
              41.82812431741827
            ],
            [
              -8.041274278151123,
              41.828079383130216
            ],
            [
              -8.04157774453102,
              41.8278200538085
            ],
            [
              -8.041430344125068,
              41.827518871942885
            ],
            [
              -8.04119773008076,
              41.8272117731544
            ],
            [
              -8.04139735597564,
              41.82674258790309
            ],
            [
              -8.041540468920022,
              41.82640444941851
            ],
            [
              -8.041351401188756,
              41.82568458615384
            ],
            [
              -8.041334758210681,
              41.82518930731398
            ],
            [
              -8.041903531725515,
              41.82508261068608
            ],
            [
              -8.042383094009997,
              41.824459059925026
            ],
            [
              -8.042488621580707,
              41.824569786168226
            ],
            [
              -8.042908979219462,
              41.82454535153027
            ],
            [
              -8.043519938127895,
              41.824388802398914
            ],
            [
              -8.04428019139993,
              41.824287279633076
            ],
            [
              -8.045176527712993,
              41.824221241913776
            ],
            [
              -8.045247434077838,
              41.824216073332536
            ],
            [
              -8.045709019943867,
              41.82414069566333
            ],
            [
              -8.045531421487725,
              41.823728308222314
            ],
            [
              -8.045860539013166,
              41.8236098018979
            ],
            [
              -8.046165020221975,
              41.823188494496954
            ],
            [
              -8.046668607485131,
              41.82283593902779
            ],
            [
              -8.04687341809979,
              41.821861671908586
            ],
            [
              -8.047747142873492,
              41.8215706026388
            ],
            [
              -8.049117324369,
              41.82130004656762
            ],
            [
              -8.049568628138529,
              41.820581460309455
            ],
            [
              -8.050380797394169,
              41.82020983893471
            ],
            [
              -8.050838426307717,
              41.81941571671243
            ],
            [
              -8.051242522159805,
              41.81947010472989
            ],
            [
              -8.050681114873829,
              41.819033325365524
            ],
            [
              -8.050376928923791,
              41.818781028226304
            ],
            [
              -8.050088183440906,
              41.81840772920939
            ],
            [
              -8.049848424590728,
              41.817935522640155
            ],
            [
              -8.049677704569293,
              41.81712348827702
            ],
            [
              -8.049657092077044,
              41.81667052186358
            ],
            [
              -8.049638709652427,
              41.816358726005554
            ],
            [
              -8.04909987588613,
              41.81542596841444
            ],
            [
              -8.048882153143955,
              41.814870497364595
            ],
            [
              -8.048891065414518,
              41.81401402455291
            ],
            [
              -8.048568313192051,
              41.8135270795073
            ],
            [
              -8.048366118270152,
              41.81335199889182
            ],
            [
              -8.048155166137857,
              41.81305807431655
            ],
            [
              -8.047986392056755,
              41.812813695471334
            ],
            [
              -8.047772255777609,
              41.81256667170488
            ],
            [
              -8.047536678396591,
              41.81233916794831
            ],
            [
              -8.04727342622647,
              41.812104891405134
            ],
            [
              -8.046716618728697,
              41.81181016948053
            ],
            [
              -8.046525432840673,
              41.8116884864807
            ],
            [
              -8.046188752139397,
              41.81138266897685
            ],
            [
              -8.04575405657521,
              41.811031222572794
            ],
            [
              -8.045148713617658,
              41.810414047488955
            ],
            [
              -8.045024205572918,
              41.81002357799386
            ],
            [
              -8.045020255771528,
              41.80946591385046
            ],
            [
              -8.044840067427813,
              41.80877595037908
            ],
            [
              -8.044731055182535,
              41.80831661301446
            ],
            [
              -8.044899603574471,
              41.8078069728851
            ],
            [
              -8.044784607920958,
              41.80705520693445
            ],
            [
              -8.044908545402091,
              41.80579988957082
            ],
            [
              -8.044904528718622,
              41.805564719373294
            ],
            [
              -8.044999569602325,
              41.805039181857325
            ],
            [
              -8.045014058904616,
              41.804642058779635
            ],
            [
              -8.045054350650046,
              41.804293211725295
            ],
            [
              -8.04510237936845,
              41.80391961398995
            ],
            [
              -8.045182536328943,
              41.8036360736335
            ],
            [
              -8.04527856387123,
              41.80326980073953
            ],
            [
              -8.045381478735099,
              41.802794416609345
            ],
            [
              -8.045534524796636,
              41.802343197817905
            ],
            [
              -8.045664000475643,
              41.802065364057874
            ],
            [
              -8.045750450220952,
              41.80184493626389
            ],
            [
              -8.045858166117783,
              41.80155241110887
            ],
            [
              -8.04744945596898,
              41.80183042556113
            ],
            [
              -8.047672472040855,
              41.80169662320354
            ],
            [
              -8.04782876037149,
              41.801521171694986
            ],
            [
              -8.04816485338722,
              41.80103073937471
            ],
            [
              -8.048233037643751,
              41.8007792345116
            ],
            [
              -8.048391839616363,
              41.80023636251285
            ],
            [
              -8.048433882480944,
              41.80010422391478
            ],
            [
              -8.048508020346157,
              41.79990053387802
            ],
            [
              -8.048717510938726,
              41.79970036097866
            ],
            [
              -8.057275103686699,
              41.798113758478266
            ],
            [
              -8.057340172993726,
              41.79803051742895
            ],
            [
              -8.057466734429807,
              41.79751579553128
            ],
            [
              -8.057756947834802,
              41.79527983724516
            ],
            [
              -8.058591804980853,
              41.7934577476885
            ],
            [
              -8.058719625563818,
              41.79297795346434
            ],
            [
              -8.05953022402757,
              41.79149517039758
            ],
            [
              -8.060253519856074,
              41.79092733451074
            ],
            [
              -8.060710460646904,
              41.790135412953326
            ],
            [
              -8.06149100873425,
              41.78966996840353
            ],
            [
              -8.061505610393997,
              41.78929012965146
            ],
            [
              -8.061532232493182,
              41.788589058970636
            ],
            [
              -8.06085327260393,
              41.78724833141841
            ],
            [
              -8.064227693207462,
              41.78613276348882
            ],
            [
              -8.064128579089417,
              41.78600728934791
            ],
            [
              -8.06398852956007,
              41.785802386801
            ],
            [
              -8.063859450891574,
              41.78557272233154
            ],
            [
              -8.063784611821204,
              41.78535660365571
            ],
            [
              -8.063772152604304,
              41.785308787171715
            ],
            [
              -8.06363873723917,
              41.78508749658302
            ],
            [
              -8.063515787458705,
              41.78486153400291
            ],
            [
              -8.063423647031572,
              41.78463450686464
            ],
            [
              -8.063317797882243,
              41.78439702826897
            ],
            [
              -8.063226508157523,
              41.78415442648277
            ],
            [
              -8.063085996127105,
              41.78393538534379
            ],
            [
              -8.06289976334364,
              41.78373044873758
            ],
            [
              -8.062765019813964,
              41.78351942014415
            ],
            [
              -8.062661569143918,
              41.783293649494674
            ],
            [
              -8.062634205713877,
              41.78322836162564
            ],
            [
              -8.062617676253286,
              41.78316703919458
            ],
            [
              -8.062614079247602,
              41.78303990980163
            ],
            [
              -8.062621570151757,
              41.78300552138814
            ],
            [
              -8.062747761702694,
              41.782773220835345
            ],
            [
              -8.062884986551667,
              41.78256739419268
            ],
            [
              -8.062959934674701,
              41.782336688070835
            ],
            [
              -8.062988560209382,
              41.78210909851794
            ],
            [
              -8.06292460412389,
              41.78161874739851
            ],
            [
              -8.062894537149768,
              41.78138356090867
            ],
            [
              -8.062865799103578,
              41.78114549772447
            ],
            [
              -8.062842614697823,
              41.78089222035804
            ],
            [
              -8.062793659022038,
              41.78066098735967
            ],
            [
              -8.062686372801947,
              41.780430167861844
            ],
            [
              -8.062619740909163,
              41.78019775799308
            ],
            [
              -8.062600418193098,
              41.78015272908549
            ],
            [
              -8.06255477625293,
              41.78009300935621
            ],
            [
              -8.06251872270431,
              41.78006039666532
            ],
            [
              -8.062479060535155,
              41.78003444336787
            ],
            [
              -8.062434216205059,
              41.78001532946083
            ],
            [
              -8.062166574960875,
              41.77990937803701
            ],
            [
              -8.062108997447705,
              41.779873870832475
            ],
            [
              -8.062066078673189,
              41.7798518795808
            ],
            [
              -8.061794737392168,
              41.77971783705919
            ],
            [
              -8.061627272818342,
              41.7796389567447
            ],
            [
              -8.061603233372665,
              41.7796231840155
            ],
            [
              -8.061579314408595,
              41.77960291505281
            ],
            [
              -8.061555648251126,
              41.779578143636634
            ],
            [
              -8.061440283568528,
              41.779366044096356
            ],
            [
              -8.061396623463018,
              41.77913976382109
            ],
            [
              -8.061285956262166,
              41.77892307800266
            ],
            [
              -8.061107557163593,
              41.77872039766649
            ],
            [
              -8.06094564273456,
              41.77851664429106
            ],
            [
              -8.060796133315336,
              41.77829534183341
            ],
            [
              -8.060659499094447,
              41.778065135713966
            ],
            [
              -8.060604310304782,
              41.77783326479938
            ],
            [
              -8.06057462065538,
              41.777594661891364
            ],
            [
              -8.060583924942108,
              41.777334742793876
            ],
            [
              -8.060607527447216,
              41.77730603499735
            ],
            [
              -8.060745101082121,
              41.77722004908602
            ],
            [
              -8.06078275914963,
              41.777207644485
            ],
            [
              -8.060819933202122,
              41.77720208846468
            ],
            [
              -8.060971741832024,
              41.77719092691249
            ],
            [
              -8.061009991375297,
              41.77718410832686
            ],
            [
              -8.06109012676384,
              41.77716056693943
            ],
            [
              -8.061153525873928,
              41.77714817834951
            ],
            [
              -8.061174338053362,
              41.77714486011869
            ],
            [
              -8.061482052296014,
              41.77710570474617
            ],
            [
              -8.061531850127603,
              41.77710510554199
            ],
            [
              -8.06168533811878,
              41.77709340028662
            ],
            [
              -8.061729605729607,
              41.77708496548798
            ],
            [
              -8.061996147970225,
              41.776968084579266
            ],
            [
              -8.062170046306282,
              41.77676930393788
            ],
            [
              -8.062260491001073,
              41.776549137100105
            ],
            [
              -8.06229424675984,
              41.77647092002739
            ],
            [
              -8.062311118513836,
              41.776444462182994
            ],
            [
              -8.062331467352058,
              41.776420340163476
            ],
            [
              -8.062549710520917,
              41.77625166124953
            ],
            [
              -8.062763124876064,
              41.776097019787514
            ],
            [
              -8.062880853344573,
              41.77600426838533
            ],
            [
              -8.06289927742937,
              41.775982308607844
            ],
            [
              -8.063002118547766,
              41.775750537023114
            ],
            [
              -8.063037120831495,
              41.77552151234066
            ],
            [
              -8.063048296518504,
              41.77529868637005
            ],
            [
              -8.063101704859653,
              41.77506580320313
            ],
            [
              -8.063166064101296,
              41.77482833402513
            ],
            [
              -8.06323113588536,
              41.77459771143432
            ],
            [
              -8.063298835687023,
              41.77437995988165
            ],
            [
              -8.063406593726826,
              41.77415772997995
            ],
            [
              -8.0635240795266,
              41.77394595342902
            ],
            [
              -8.06362592460975,
              41.77374154919639
            ],
            [
              -8.063627890852597,
              41.7736994161791
            ],
            [
              -8.063618914154997,
              41.773658805324175
            ],
            [
              -8.063597305544336,
              41.773621156154555
            ],
            [
              -8.063563301583644,
              41.773586834345195
            ],
            [
              -8.063518473648733,
              41.773555294329356
            ],
            [
              -8.063384683821123,
              41.77348535027214
            ],
            [
              -8.063360527720619,
              41.77346795900817
            ],
            [
              -8.063213044896841,
              41.77326529961363
            ],
            [
              -8.063076776392187,
              41.77304238645983
            ],
            [
              -8.062956987439309,
              41.7728127315333
            ],
            [
              -8.062945353009718,
              41.772782298265426
            ],
            [
              -8.062823986633564,
              41.772570648170515
            ],
            [
              -8.062704187151633,
              41.77235224723341
            ],
            [
              -8.062542533657663,
              41.77213327845835
            ],
            [
              -8.062386999550634,
              41.77193061301176
            ],
            [
              -8.062241817077151,
              41.77172119666378
            ],
            [
              -8.062202417582807,
              41.77167444548763
            ],
            [
              -8.062178873074082,
              41.771650846486786
            ],
            [
              -8.062118821419814,
              41.77157311165288
            ],
            [
              -8.062020555954582,
              41.771351120999
            ],
            [
              -8.062009034959772,
              41.77132860530994
            ],
            [
              -8.061931597096292,
              41.771093661626054
            ],
            [
              -8.061917239061794,
              41.771021086929736
            ],
            [
              -8.06186350328371,
              41.77077517549388
            ],
            [
              -8.061852828795248,
              41.770746446147946
            ],
            [
              -8.061826301945558,
              41.77069691625774
            ],
            [
              -8.061811088238981,
              41.77064567642882
            ],
            [
              -8.061863783803835,
              41.770401000519186
            ],
            [
              -8.061917177505169,
              41.770180448786704
            ],
            [
              -8.061927122151781,
              41.76999354832643
            ],
            [
              -8.061902661889857,
              41.769923216411065
            ],
            [
              -8.061896075811074,
              41.76989845380722
            ],
            [
              -8.061905467819068,
              41.7697752063223
            ],
            [
              -8.06198268910213,
              41.76953837309679
            ],
            [
              -8.062080455330017,
              41.76931848165657
            ],
            [
              -8.062108502537535,
              41.769070818305785
            ],
            [
              -8.062122902796649,
              41.768989254348455
            ],
            [
              -8.062196198229875,
              41.76882219868975
            ],
            [
              -8.062212359635907,
              41.768777190622956
            ],
            [
              -8.06220478725775,
              41.7685504850292
            ],
            [
              -8.062156323657108,
              41.76831978997143
            ],
            [
              -8.062150106408838,
              41.76829106519398
            ],
            [
              -8.062149334694897,
              41.768226330964126
            ],
            [
              -8.062173850128366,
              41.768125056625756
            ],
            [
              -8.062184944530559,
              41.768100934284824
            ],
            [
              -8.062243863058281,
              41.76799680366497
            ],
            [
              -8.062335012229187,
              41.76777852758395
            ],
            [
              -8.06234408827451,
              41.76772397149016
            ],
            [
              -8.062344537512194,
              41.76764348200497
            ],
            [
              -8.062323607412742,
              41.76753264139141
            ],
            [
              -8.062267936352882,
              41.76730131255933
            ],
            [
              -8.062212026652047,
              41.76705989790061
            ],
            [
              -8.062170312207014,
              41.7668235374927
            ],
            [
              -8.062139981308773,
              41.766731779199944
            ],
            [
              -8.062125580242098,
              41.76670763570583
            ],
            [
              -8.06209627960886,
              41.76666539420795
            ],
            [
              -8.062061408944727,
              41.766439662923794
            ],
            [
              -8.062066278568558,
              41.76637835346485
            ],
            [
              -8.062061283484411,
              41.76632883060056
            ],
            [
              -8.062032867782168,
              41.76624445266885
            ],
            [
              -8.06193594924559,
              41.76612906410936
            ],
            [
              -8.061761911420852,
              41.76592656351056
            ],
            [
              -8.061711753366318,
              41.765820565552424
            ],
            [
              -8.061699791576581,
              41.76576491510365
            ],
            [
              -8.06170020942983,
              41.76570693325593
            ],
            [
              -8.061706377563027,
              41.765676509987834
            ],
            [
              -8.06175581536638,
              41.765552203290525
            ],
            [
              -8.061772301541358,
              41.765430668979974
            ],
            [
              -8.061769693077938,
              41.765400326690404
            ],
            [
              -8.061759739950519,
              41.76536934959957
            ],
            [
              -8.06163709295518,
              41.76513464569306
            ],
            [
              -8.061624375718885,
              41.765106458834424
            ],
            [
              -8.061595525689548,
              41.764983187472396
            ],
            [
              -8.06161347047215,
              41.764736236240644
            ],
            [
              -8.061672531134478,
              41.76449876417292
            ],
            [
              -8.061709973195502,
              41.764342397782144
            ],
            [
              -8.061714922056128,
              41.76421410550828
            ],
            [
              -8.061709548573837,
              41.76418087859279
            ],
            [
              -8.06160828958478,
              41.76396194841028
            ],
            [
              -8.061590160400137,
              41.763935469727244
            ],
            [
              -8.061489251266824,
              41.76383520133219
            ],
            [
              -8.061393719137946,
              41.76377157658599
            ],
            [
              -8.061228462335313,
              41.763577366439954
            ],
            [
              -8.061190361686052,
              41.763447337478894
            ],
            [
              -8.061178713415103,
              41.763319573223725
            ],
            [
              -8.061100560121357,
              41.76308723920201
            ],
            [
              -8.061116346728339,
              41.762836866207905
            ],
            [
              -8.061129124590206,
              41.762585319968565
            ],
            [
              -8.061160255659646,
              41.76248630345144
            ],
            [
              -8.061180971809105,
              41.76245597393578
            ],
            [
              -8.061306661434356,
              41.762318749220086
            ],
            [
              -8.061321355614862,
              41.76229453825278
            ],
            [
              -8.061359213140584,
              41.762208491730725
            ],
            [
              -8.061380403500518,
              41.76217978309266
            ],
            [
              -8.061437825285816,
              41.7621212965758
            ],
            [
              -8.061604277762937,
              41.76198635050695
            ],
            [
              -8.061629800421876,
              41.7619610649242
            ],
            [
              -8.0616778441493,
              41.76189860913671
            ],
            [
              -8.061779703890426,
              41.761666836562746
            ],
            [
              -8.061840080088135,
              41.76143386771789
            ],
            [
              -8.061844240743875,
              41.761369764907975
            ],
            [
              -8.061799754041262,
              41.761136195279065
            ],
            [
              -8.061738791100241,
              41.760914497230544
            ],
            [
              -8.061746315614164,
              41.76073389378711
            ],
            [
              -8.061779613206255,
              41.76063028576028
            ],
            [
              -8.061925843318118,
              41.76040204648181
            ],
            [
              -8.062049827541427,
              41.760164074036915
            ],
            [
              -8.06207537240372,
              41.76011456910267
            ],
            [
              -8.062109574853027,
              41.760070745282114
            ],
            [
              -8.06215726158387,
              41.76000099896576
            ],
            [
              -8.062219734230357,
              41.75994188671406
            ],
            [
              -8.062301677505493,
              41.75989025208251
            ],
            [
              -8.062381710338741,
              41.75982727638071
            ],
            [
              -8.062472580254807,
              41.759747382614535
            ],
            [
              -8.062521098704037,
              41.759691683825224
            ],
            [
              -8.062678612667419,
              41.75947461475117
            ],
            [
              -8.062764425205524,
              41.75939813805689
            ],
            [
              -8.062786454356035,
              41.75937510452873
            ],
            [
              -8.062808595216199,
              41.75936098087167
            ],
            [
              -8.06287031387455,
              41.75932725390586
            ],
            [
              -8.062901366304967,
              41.75930530718453
            ],
            [
              -8.06296490211315,
              41.759255824352245
            ],
            [
              -8.062986692351771,
              41.759236750353516
            ],
            [
              -8.063191553265305,
              41.7590405110001
            ],
            [
              -8.063255092745571,
              41.75899273956182
            ],
            [
              -8.063288542629211,
              41.7589718692032
            ],
            [
              -8.063325595515614,
              41.75895613478659
            ],
            [
              -8.06341159464794,
              41.758930345301955
            ],
            [
              -8.06345705805118,
              41.75892299274823
            ],
            [
              -8.063543400202741,
              41.7589157477655
            ],
            [
              -8.063725845003962,
              41.758884345128834
            ],
            [
              -8.063769985014552,
              41.758870863908314
            ],
            [
              -8.06381076897353,
              41.758852880725584
            ],
            [
              -8.063845784106531,
              41.7588321038837
            ],
            [
              -8.063874183979568,
              41.75880844374377
            ],
            [
              -8.063897662048815,
              41.758781536691295
            ],
            [
              -8.063915486308481,
              41.758751113985795
            ],
            [
              -8.06392755018247,
              41.75871564858159
            ],
            [
              -8.063930830670756,
              41.75868188674162
            ],
            [
              -8.063926091564014,
              41.758496240073356
            ],
            [
              -8.063938572968805,
              41.758407832864286
            ],
            [
              -8.063950627082084,
              41.75837578695785
            ],
            [
              -8.064104405417444,
              41.75815871903153
            ],
            [
              -8.064130759533391,
              41.75813730755756
            ],
            [
              -8.064161202474386,
              41.75811877603212
            ],
            [
              -8.064195967600941,
              41.75810529262146
            ],
            [
              -8.064236137129866,
              41.75809684806659
            ],
            [
              -8.064282912201556,
              41.758093545720655
            ],
            [
              -8.064374778441884,
              41.75809639178081
            ],
            [
              -8.06460138971482,
              41.75813982918709
            ],
            [
              -8.064739666755193,
              41.758142790851856
            ],
            [
              -8.065033364100584,
              41.75807822596668
            ],
            [
              -8.065333808893154,
              41.758005739477895
            ],
            [
              -8.065625115982803,
              41.75792604407983
            ],
            [
              -8.06596788516182,
              41.75785142175527
            ],
            [
              -8.066267247766959,
              41.7577711000929
            ],
            [
              -8.066555092515685,
              41.75766997842107
            ],
            [
              -8.066830070410086,
              41.75756290002815
            ],
            [
              -8.067097370630824,
              41.75743628358829
            ],
            [
              -8.067396136337818,
              41.75735199351773
            ],
            [
              -8.067700075652628,
              41.75726500908206
            ],
            [
              -8.068002078303032,
              41.757187476362304
            ],
            [
              -8.06809732626418,
              41.75716727344008
            ],
            [
              -8.06812197951504,
              41.75716503292355
            ],
            [
              -8.06812090572372,
              41.75703394483555
            ],
            [
              -8.068260005910938,
              41.75680110515804
            ],
            [
              -8.068322226847645,
              41.75674928040331
            ],
            [
              -8.06858255960611,
              41.756612210760956
            ],
            [
              -8.068849482016471,
              41.756495313734014
            ],
            [
              -8.068881614263455,
              41.756471112426084
            ],
            [
              -8.068911694342946,
              41.75644411709304
            ],
            [
              -8.069063163459461,
              41.75623037153871
            ],
            [
              -8.06908327569932,
              41.75619941088662
            ],
            [
              -8.06910458038223,
              41.75617241151187
            ],
            [
              -8.069130821642883,
              41.7561471246367
            ],
            [
              -8.069163067344546,
              41.7561246330665
            ],
            [
              -8.069201556269794,
              41.756106647584225
            ],
            [
              -8.069292129494155,
              41.75607572516324
            ],
            [
              -8.069338311929306,
              41.75606566784255
            ],
            [
              -8.069385085357043,
              41.756062272482346
            ],
            [
              -8.06948140059825,
              41.75606232315752
            ],
            [
              -8.069578434992822,
              41.75605616267068
            ],
            [
              -8.069678236676323,
              41.75605675351471
            ],
            [
              -8.07002830184066,
              41.75600301287878
            ],
            [
              -8.070341822311693,
              41.75594123634832
            ],
            [
              -8.070617259097956,
              41.75584405200128
            ],
            [
              -8.07063362337464,
              41.75583334859716
            ],
            [
              -8.07064998712302,
              41.75582318449697
            ],
            [
              -8.070824049898636,
              41.755610077317336
            ],
            [
              -8.070873120558016,
              41.75546991930484
            ],
            [
              -8.070888795151049,
              41.75529049175032
            ],
            [
              -8.070887705861724,
              41.75516840348433
            ],
            [
              -8.0708178148754,
              41.754946616048855
            ],
            [
              -8.070732920741378,
              41.754697808266855
            ],
            [
              -8.070701169094875,
              41.75458147004689
            ],
            [
              -8.07069663652784,
              41.75454257357876
            ],
            [
              -8.070692533470481,
              41.75429615230338
            ],
            [
              -8.070691544199596,
              41.75419657359703
            ],
            [
              -8.070682562434852,
              41.75415938446412
            ],
            [
              -8.070666486008761,
              41.7541216539689
            ],
            [
              -8.070642472890517,
              41.7540862582533
            ],
            [
              -8.070515135325472,
              41.753969144987025
            ],
            [
              -8.070325712545344,
              41.753765933674686
            ],
            [
              -8.070313597859842,
              41.753737205142706
            ],
            [
              -8.070300430153209,
              41.75367246402661
            ],
            [
              -8.070300097696887,
              41.753639783114785
            ],
            [
              -8.070323881272795,
              41.75354021703257
            ],
            [
              -8.070341704290277,
              41.753506462924
            ],
            [
              -8.070363260673918,
              41.75347388400107
            ],
            [
              -8.070560517093988,
              41.7532686218992
            ],
            [
              -8.070740694295575,
              41.75307055564528
            ],
            [
              -8.070871223976832,
              41.75285904437402
            ],
            [
              -8.07092193262483,
              41.75276228470624
            ],
            [
              -8.070972852994965,
              41.75269766835845
            ],
            [
              -8.071002211808477,
              41.752667788263736
            ],
            [
              -8.071035903016313,
              41.75264251036636
            ],
            [
              -8.071287311927584,
              41.7525110100137
            ],
            [
              -8.071555794313515,
              41.752374391688576
            ],
            [
              -8.071801580723106,
              41.752210743959985
            ],
            [
              -8.071831660945113,
              41.75218653981322
            ],
            [
              -8.072007158931978,
              41.751969471750044
            ],
            [
              -8.07217757954979,
              41.75177778776017
            ],
            [
              -8.072371094468474,
              41.75157476956665
            ],
            [
              -8.072560768156032,
              41.75136769926142
            ],
            [
              -8.072722289785508,
              41.75117709016807
            ],
            [
              -8.072791851385722,
              41.7511022197516
            ],
            [
              -8.072824115859214,
              41.75105559788106
            ],
            [
              -8.072892704744717,
              41.75098693927638
            ],
            [
              -8.073144742578132,
              41.750817169559284
            ],
            [
              -8.07323014529036,
              41.75077165660644
            ],
            [
              -8.073285475954762,
              41.75074404391521
            ],
            [
              -8.073575093915649,
              41.75062714759996
            ],
            [
              -8.073731442125489,
              41.75056816132244
            ],
            [
              -8.074061649226437,
              41.7505053018858
            ],
            [
              -8.074386438954022,
              41.75044414938781
            ],
            [
              -8.074684673384008,
              41.75036380960937
            ],
            [
              -8.074966211050372,
              41.75027111956895
            ],
            [
              -8.075251846256204,
              41.75016267935135
            ],
            [
              -8.075542780806924,
              41.75004685463985
            ],
            [
              -8.075649797054014,
              41.750029444197814
            ],
            [
              -8.075683342612955,
              41.75002774490885
            ],
            [
              -8.075755006844108,
              41.750019407486676
            ],
            [
              -8.075788551348278,
              41.7500188849184
            ],
            [
              -8.076092669091198,
              41.74994466226344
            ],
            [
              -8.07639068833989,
              41.74983739220078
            ],
            [
              -8.076496760229768,
              41.74980080223681
            ],
            [
              -8.076747209369822,
              41.74963327736354
            ],
            [
              -8.076775605696653,
              41.749611863958044
            ],
            [
              -8.076973357436243,
              41.749491040688966
            ],
            [
              -8.076997299761901,
              41.74947583833891
            ],
            [
              -8.07701750901376,
              41.749457836786895
            ],
            [
              -8.07703423985515,
              41.74943867208765
            ],
            [
              -8.077122311172817,
              41.74935660168895
            ],
            [
              -8.077228933979606,
              41.74923789526632
            ],
            [
              -8.077250107141598,
              41.74921593982217
            ],
            [
              -8.077274175569963,
              41.74919515172892
            ],
            [
              -8.077295227463116,
              41.749174363966034
            ],
            [
              -8.077336272124958,
              41.74912153268992
            ],
            [
              -8.077360458209496,
              41.749096695779706
            ],
            [
              -8.077377185462478,
              41.74907311303004
            ],
            [
              -8.077396205988247,
              41.749048902948324
            ],
            [
              -8.07737792556007,
              41.74891105381962
            ],
            [
              -8.077347595891537,
              41.748802551917585
            ],
            [
              -8.077162875074158,
              41.74858242476828
            ],
            [
              -8.077016245313372,
              41.74838203079228
            ],
            [
              -8.076905587432336,
              41.74815347068974
            ],
            [
              -8.076893032925083,
              41.74807135838743
            ],
            [
              -8.076912248802715,
              41.74781197897278
            ],
            [
              -8.076985661347143,
              41.74757396693277
            ],
            [
              -8.077099944720704,
              41.74734443531855
            ],
            [
              -8.077121137740022,
              41.747307260448174
            ],
            [
              -8.077151101941386,
              41.747271891438295
            ],
            [
              -8.077360307126558,
              41.747102006861034
            ],
            [
              -8.077596675412577,
              41.746942306235674
            ],
            [
              -8.077804445735051,
              41.74676629779168
            ],
            [
              -8.077971955594672,
              41.746572263628316
            ],
            [
              -8.07808334353248,
              41.74635398393533
            ],
            [
              -8.078115268767707,
              41.746120001895804
            ],
            [
              -8.078123884257389,
              41.745878627645745
            ],
            [
              -8.07814812684431,
              41.74563491635838
            ],
            [
              -8.078170920479385,
              41.745396970181815
            ],
            [
              -8.078190235562047,
              41.7451566778259
            ],
            [
              -8.078217831741407,
              41.74492710533795
            ],
            [
              -8.078239073643713,
              41.744681144391805
            ],
            [
              -8.078267878553419,
              41.74444202877529
            ],
            [
              -8.078344295313995,
              41.74419789300159
            ],
            [
              -8.078428634264428,
              41.74396888496132
            ],
            [
              -8.078500941259598,
              41.74374833799353
            ],
            [
              -8.078565559319365,
              41.74352274177865
            ],
            [
              -8.078611557591332,
              41.743288765264104
            ],
            [
              -8.078613314875668,
              41.74304171361879
            ],
            [
              -8.078582019964555,
              41.74280032116981
            ],
            [
              -8.078472432764215,
              41.74258977340252
            ],
            [
              -8.078322581784695,
              41.74237308487356
            ],
            [
              -8.078122462379614,
              41.74218221205657
            ],
            [
              -8.077901295515968,
              41.742004293771856
            ],
            [
              -8.077690945271469,
              41.74182529985681
            ],
            [
              -8.077498164612615,
              41.741636139232995
            ],
            [
              -8.077471375892284,
              41.74161136852038
            ],
            [
              -8.077221574173988,
              41.741468276674944
            ],
            [
              -8.077189367645556,
              41.741455930752174
            ],
            [
              -8.077160409133175,
              41.74143962127309
            ],
            [
              -8.076940588493846,
              41.74124026990841
            ],
            [
              -8.076769088826522,
              41.741047698024104
            ],
            [
              -8.076649899962618,
              41.7408270616589
            ],
            [
              -8.076639369861548,
              41.74077708901377
            ],
            [
              -8.076616715051808,
              41.740694337767145
            ],
            [
              -8.076628518477506,
              41.740668504503695
            ],
            [
              -8.07664645042198,
              41.74063979133857
            ],
            [
              -8.076670637450153,
              41.740610541034584
            ],
            [
              -8.076694220066525,
              41.74058921618561
            ],
            [
              -8.076793937922737,
              41.740516695308806
            ],
            [
              -8.07705333418752,
              41.740394101206874
            ],
            [
              -8.077355256933709,
              41.740303125747964
            ],
            [
              -8.077649014030946,
              41.74019963342648
            ],
            [
              -8.077932806021387,
              41.740083352435775
            ],
            [
              -8.078164327191185,
              41.739937156927965
            ],
            [
              -8.078379630375412,
              41.73977744531449
            ],
            [
              -8.078626664652342,
              41.73962449914733
            ],
            [
              -8.078721060156045,
              41.73958402643035
            ],
            [
              -8.078753404774535,
              41.73957440801758
            ],
            [
              -8.078785028553344,
              41.739567131958914
            ],
            [
              -8.078855481989594,
              41.73955482778409
            ],
            [
              -8.078891068400397,
              41.73954691972251
            ],
            [
              -8.07895046387348,
              41.73952723012334
            ],
            [
              -8.079016831812819,
              41.73951717839382
            ],
            [
              -8.079078978675414,
              41.73951774513967
            ],
            [
              -8.079146418628651,
              41.739509402698765
            ],
            [
              -8.079174070447193,
              41.73950374079126
            ],
            [
              -8.079205816536192,
              41.73949529242172
            ],
            [
              -8.079272187720491,
              41.73947119332532
            ],
            [
              -8.079298889178393,
              41.7394548204092
            ],
            [
              -8.079337517897489,
              41.7393980274681
            ],
            [
              -8.079412801102974,
              41.73920674153524
            ],
            [
              -8.079477052364894,
              41.73898501324982
            ],
            [
              -8.07954322924691,
              41.73874987784163
            ],
            [
              -8.079623829776395,
              41.73852879092125
            ],
            [
              -8.079715850150425,
              41.738295287146386
            ],
            [
              -8.07976943052712,
              41.73817880704556
            ],
            [
              -8.079814258365566,
              41.738044947048564
            ],
            [
              -8.079866487114822,
              41.73780926203567
            ],
            [
              -8.079881672636969,
              41.73776145880657
            ],
            [
              -8.079887709949263,
              41.73772878078146
            ],
            [
              -8.079877632831455,
              41.73770572901265
            ],
            [
              -8.07985469198121,
              41.73768320968985
            ],
            [
              -8.079643030405773,
              41.73750872034536
            ],
            [
              -8.079619005131661,
              41.737482236239
            ],
            [
              -8.079599077914962,
              41.73745404877723
            ],
            [
              -8.079529797752885,
              41.73720309586941
            ],
            [
              -8.079495276998468,
              41.737080364161756
            ],
            [
              -8.079481114402508,
              41.73705001493088
            ],
            [
              -8.079462865977213,
              41.737024077295764
            ],
            [
              -8.07930255166177,
              41.736822599028244
            ],
            [
              -8.07925527118711,
              41.73673083683341
            ],
            [
              -8.07908607880199,
              41.736516389082645
            ],
            [
              -8.079067824157583,
              41.7364882023104
            ],
            [
              -8.078982963670883,
              41.73633627817603
            ],
            [
              -8.078952013682242,
              41.73626027512718
            ],
            [
              -8.07893400632216,
              41.73623550436912
            ],
            [
              -8.0787698389523,
              41.73604464852104
            ],
            [
              -8.07866222433669,
              41.73579422160527
            ],
            [
              -8.078652996940987,
              41.73575937196342
            ],
            [
              -8.078653051652426,
              41.73569175495156
            ],
            [
              -8.078658967456992,
              41.73565970536462
            ],
            [
              -8.078677019874725,
              41.73562937128779
            ],
            [
              -8.078704810465306,
              41.73560120535532
            ],
            [
              -8.078739204985826,
              41.73557871203257
            ],
            [
              -8.078779726978196,
              41.73556243489862
            ],
            [
              -8.078824092840403,
              41.735550662206954
            ],
            [
              -8.079155362285405,
              41.735552522584506
            ],
            [
              -8.079199715494923,
              41.735558665767954
            ],
            [
              -8.079525175319747,
              41.73561003699514
            ],
            [
              -8.079822162597031,
              41.73564618632127
            ],
            [
              -8.079886348649406,
              41.735654677539166
            ],
            [
              -8.0800749506856,
              41.735644045195194
            ],
            [
              -8.080379957087885,
              41.73556711486539
            ],
            [
              -8.080539152395916,
              41.73550640890897
            ],
            [
              -8.080795791054369,
              41.73534446247571
            ],
            [
              -8.08081985558078,
              41.73531179169295
            ],
            [
              -8.08083647324465,
              41.73527803529919
            ],
            [
              -8.08083781562914,
              41.73524427285565
            ],
            [
              -8.080828612141914,
              41.7351771044997
            ],
            [
              -8.08081589551576,
              41.73514360306195
            ],
            [
              -8.080797175918896,
              41.73510875557054
            ],
            [
              -8.080771478643058,
              41.735073899495895
            ],
            [
              -8.080569800747895,
              41.73489536566012
            ],
            [
              -8.080544338384806,
              41.73486897201332
            ],
            [
              -8.080530057796638,
              41.73484474611399
            ],
            [
              -8.08052610470344,
              41.734822241002746
            ],
            [
              -8.08052699985728,
              41.73475192241837
            ],
            [
              -8.080546918261563,
              41.73464443355752
            ],
            [
              -8.080610026921699,
              41.73449140230948
            ],
            [
              -8.080635418295174,
              41.73445422952511
            ],
            [
              -8.080790634850567,
              41.73424334600247
            ],
            [
              -8.08095571484626,
              41.73402841787302
            ],
            [
              -8.081150817550585,
              41.7338472643392
            ],
            [
              -8.081362378865824,
              41.73366953920486
            ],
            [
              -8.081499004033983,
              41.73356777034767
            ],
            [
              -8.08163931315836,
              41.733355712997884
            ],
            [
              -8.081795123686991,
              41.73315374449394
            ],
            [
              -8.081954908037732,
              41.732942861389624
            ],
            [
              -8.082071907525435,
              41.73271324081494
            ],
            [
              -8.082160913813041,
              41.73247414774169
            ],
            [
              -8.08222382943671,
              41.73224746694906
            ],
            [
              -8.08225502511597,
              41.7320022275991
            ],
            [
              -8.082263611123688,
              41.731766976600056
            ],
            [
              -8.082263323905808,
              41.731515419951265
            ],
            [
              -8.08224354623684,
              41.73128024731518
            ],
            [
              -8.08218988624624,
              41.73103712938528
            ],
            [
              -8.082137063548556,
              41.73079510031316
            ],
            [
              -8.082100591361387,
              41.73054974177273
            ],
            [
              -8.08206723876761,
              41.73031005949503
            ],
            [
              -8.081999389523338,
              41.730072520896435
            ],
            [
              -8.081973534088736,
              41.729929624016926
            ],
            [
              -8.081910925482115,
              41.72976078611049
            ],
            [
              -8.08190194392061,
              41.72971945789096
            ],
            [
              -8.081876887875525,
              41.72948004572348
            ],
            [
              -8.081864502974081,
              41.7293202300482
            ],
            [
              -8.081859367578083,
              41.729281967425095
            ],
            [
              -8.081830335530633,
              41.729050652996335
            ],
            [
              -8.08180394813384,
              41.7288205182887
            ],
            [
              -8.081792953125268,
              41.728581921756266
            ],
            [
              -8.081783636987188,
              41.72834666175654
            ],
            [
              -8.08175558441721,
              41.728099687034
            ],
            [
              -8.081738852822363,
              41.72796859140597
            ],
            [
              -8.081735031057084,
              41.72794266053905
            ],
            [
              -8.081723428925057,
              41.727710819913185
            ],
            [
              -8.081714949939142,
              41.72747672799956
            ],
            [
              -8.08171080348828,
              41.72724146575879
            ],
            [
              -8.081710614645868,
              41.72701395188478
            ],
            [
              -8.081728218917906,
              41.72678248262056
            ],
            [
              -8.081752924974994,
              41.7265387699647
            ],
            [
              -8.081744928671778,
              41.72630531206716
            ],
            [
              -8.081733776454286,
              41.72627541817869
            ],
            [
              -8.081729119110149,
              41.726234895865844
            ],
            [
              -8.081720635949232,
              41.726009270777816
            ],
            [
              -8.081714950005578,
              41.725749878419
            ],
            [
              -8.081714453636039,
              41.725448267372705
            ],
            [
              -8.081714518102643,
              41.72536435571334
            ],
            [
              -8.081727680637448,
              41.72512748049695
            ],
            [
              -8.081740452402407,
              41.725085350740784
            ],
            [
              -8.08186319504451,
              41.72487094583878
            ],
            [
              -8.08188053573862,
              41.724827645847164
            ],
            [
              -8.081884158317804,
              41.724804600309014
            ],
            [
              -8.08188862346257,
              41.72463011631439
            ],
            [
              -8.081899709799949,
              41.72458681353016
            ],
            [
              -8.081921491148417,
              41.724548019058695
            ],
            [
              -8.08206682291405,
              41.72434550049336
            ],
            [
              -8.082265630995396,
              41.72415039638169
            ],
            [
              -8.08245397068847,
              41.72395915160696
            ],
            [
              -8.082528894926275,
              41.72388886998358
            ],
            [
              -8.082688661000393,
              41.72366889377313
            ],
            [
              -8.082746432763846,
              41.723555202207386
            ],
            [
              -8.082768809214608,
              41.723518117593606
            ],
            [
              -8.082877679439811,
              41.72337582080387
            ],
            [
              -8.082909913614959,
              41.72334090401099
            ],
            [
              -8.083131283027315,
              41.72317722053192
            ],
            [
              -8.083385687691445,
              41.72302714980756
            ],
            [
              -8.083508916680163,
              41.72296354831389
            ],
            [
              -8.08359510944058,
              41.722934951651595
            ],
            [
              -8.083622875139241,
              41.72292146016157
            ],
            [
              -8.083649929476977,
              41.72290625769355
            ],
            [
              -8.083724328396352,
              41.72288935860752
            ],
            [
              -8.08376712586214,
              41.72287137089074
            ],
            [
              -8.084042544754444,
              41.72274489779754
            ],
            [
              -8.084123692279091,
              41.72270945592261
            ],
            [
              -8.08416192013332,
              41.72269488744058
            ],
            [
              -8.084231642447891,
              41.722662234408446
            ],
            [
              -8.084256415983308,
              41.72264486728549
            ],
            [
              -8.084274453190739,
              41.722626325038846
            ],
            [
              -8.084532525125322,
              41.72238442210694
            ],
            [
              -8.084674062666322,
              41.72209915908175
            ],
            [
              -8.08481202585237,
              41.72175483499158
            ],
            [
              -8.084995023017479,
              41.72129528293916
            ],
            [
              -8.085126442174658,
              41.72085813406075
            ],
            [
              -8.085335705895808,
              41.72045531713719
            ],
            [
              -8.085485442484785,
              41.72011936939206
            ],
            [
              -8.085494309853246,
              41.71980713690686
            ],
            [
              -8.085605424153625,
              41.71935871916663
            ],
            [
              -8.085784920551914,
              41.71873170708755
            ],
            [
              -8.085934689902674,
              41.71832913181094
            ],
            [
              -8.085964631407382,
              41.718127107179875
            ],
            [
              -8.085905170836647,
              41.717925682393776
            ],
            [
              -8.085785702150664,
              41.71761222652293
            ],
            [
              -8.085845658680542,
              41.717276871379845
            ],
            [
              -8.08590587305303,
              41.71691837817127
            ],
            [
              -8.086025396357636,
              41.71662752468746
            ],
            [
              -8.086234630371605,
              41.71624721549324
            ],
            [
              -8.08638442386628,
              41.715799445437106
            ],
            [
              -8.086701097271625,
              41.7153859515087
            ],
            [
              -8.087012203303507,
              41.71485937121885
            ],
            [
              -8.087330650541235,
              41.714470638562666
            ],
            [
              -8.087759387802741,
              41.71412083655264
            ],
            [
              -8.08802831780181,
              41.71391953554184
            ],
            [
              -8.088088154905552,
              41.713740568222136
            ],
            [
              -8.088028510309082,
              41.71362854471329
            ],
            [
              -8.087879288150514,
              41.71342708104191
            ],
            [
              -8.087819660006073,
              41.71329254863572
            ],
            [
              -8.087849547025817,
              41.71315814151962
            ],
            [
              -8.087939380741991,
              41.713046168622526
            ],
            [
              -8.088238122996838,
              41.712643379193764
            ],
            [
              -8.088357844977873,
              41.71257653154767
            ],
            [
              -8.088477143192714,
              41.71259907863074
            ],
            [
              -8.088775831026712,
              41.712643577981225
            ],
            [
              -8.08895497507058,
              41.71266624307662
            ],
            [
              -8.089074425803487,
              41.71264368738105
            ],
            [
              -8.089164210624904,
              41.71259932990949
            ],
            [
              -8.089373178842244,
              41.71239791361744
            ],
            [
              -8.0895789750735,
              41.712260147003775
            ],
            [
              -8.089643309935079,
              41.71217742542776
            ],
            [
              -8.089748314999232,
              41.71201036160785
            ],
            [
              -8.089948980022486,
              41.7118163212983
            ],
            [
              -8.090150775780918,
              41.711735900053604
            ],
            [
              -8.09043235481088,
              41.71165721967798
            ],
            [
              -8.090688208091647,
              41.711592036196436
            ],
            [
              -8.090810554828204,
              41.71154139058361
            ],
            [
              -8.090976915321336,
              41.71144078785467
            ],
            [
              -8.091108225256317,
              41.71127760122315
            ],
            [
              -8.091106080111933,
              41.71105477054294
            ],
            [
              -8.091106259860975,
              41.71076387139353
            ],
            [
              -8.09116609892371,
              41.7105623944723
            ],
            [
              -8.091388449839807,
              41.71045668224581
            ],
            [
              -8.091575664557471,
              41.71043990807387
            ],
            [
              -8.091766416787552,
              41.71052217629335
            ],
            [
              -8.091856255794715,
              41.71058289050248
            ],
            [
              -8.092052018984258,
              41.71072988814986
            ],
            [
              -8.092249866137529,
              41.710809274270005
            ],
            [
              -8.09248465048795,
              41.71081331815379
            ],
            [
              -8.092604839396648,
              41.71075204390665
            ],
            [
              -8.0927301173994,
              41.710628197757934
            ],
            [
              -8.09284133464297,
              41.71049606870749
            ],
            [
              -8.092989561677822,
              41.710362145465965
            ],
            [
              -8.093165800139051,
              41.71021427631236
            ],
            [
              -8.093370643818343,
              41.71003598757972
            ],
            [
              -8.093478638441992,
              41.70986495707091
            ],
            [
              -8.093550134700957,
              41.70964835968007
            ],
            [
              -8.093633453926461,
              41.70935073550089
            ],
            [
              -8.093686130945272,
              41.709049135587016
            ],
            [
              -8.093747932929176,
              41.70876942002063
            ],
            [
              -8.093885244200386,
              41.708388528799354
            ],
            [
              -8.094018701804748,
              41.708015564581146
            ],
            [
              -8.094117617376526,
              41.707757287971
            ],
            [
              -8.094276049446757,
              41.707405753970605
            ],
            [
              -8.094444145832144,
              41.70717451008351
            ],
            [
              -8.094713795552117,
              41.70689548849093
            ],
            [
              -8.094918486858411,
              41.706758794034975
            ],
            [
              -8.095253405606202,
              41.70663167781638
            ],
            [
              -8.095512393896515,
              41.706500669689305
            ],
            [
              -8.09596334232102,
              41.70643778354073
            ],
            [
              -8.09626479704866,
              41.70642266102037
            ],
            [
              -8.096672522983633,
              41.70629223267195
            ],
            [
              -8.096920286287542,
              41.706255751236775
            ],
            [
              -8.097299388919344,
              41.706178253283255
            ],
            [
              -8.097673570882794,
              41.70608491085477
            ],
            [
              -8.098056414478124,
              41.705978146489564
            ],
            [
              -8.098478714100162,
              41.705757685391546
            ],
            [
              -8.098801509471462,
              41.70559058399311
            ],
            [
              -8.099022776420131,
              41.70542921387283
            ],
            [
              -8.099372605171926,
              41.7052622053092
            ],
            [
              -8.099666046039747,
              41.705158655958996
            ],
            [
              -8.10019499618197,
              41.70500691103176
            ],
            [
              -8.100481453088703,
              41.70493154134141
            ],
            [
              -8.100962698203515,
              41.70477978022116
            ],
            [
              -8.101490311726083,
              41.7046436914876
            ],
            [
              -8.101865572612766,
              41.704539256837464
            ],
            [
              -8.102291037127108,
              41.7044448301523
            ],
            [
              -8.102602448302438,
              41.70444994891194
            ],
            [
              -8.103032192566292,
              41.70446752182824
            ],
            [
              -8.103381321821036,
              41.704488942930524
            ],
            [
              -8.103622925275205,
              41.70449746218783
            ],
            [
              -8.10389556469963,
              41.70440749651654
            ],
            [
              -8.104087985835287,
              41.70423368260083
            ],
            [
              -8.104166488439358,
              41.704114949434455
            ],
            [
              -8.104270619116598,
              41.70390906216665
            ],
            [
              -8.104336758660404,
              41.70376781604659
            ],
            [
              -8.10444698820807,
              41.70361532467468
            ],
            [
              -8.104638189899182,
              41.70347635587697
            ],
            [
              -8.104852687734098,
              41.70336728151165
            ],
            [
              -8.10521108891005,
              41.70331955221561
            ],
            [
              -8.105605273053639,
              41.70330217677405
            ],
            [
              -8.106105928279977,
              41.70324205016735
            ],
            [
              -8.10673163345866,
              41.70321517678188
            ],
            [
              -8.107315636468382,
              41.70322204938034
            ],
            [
              -8.107790316339534,
              41.70321602352961
            ],
            [
              -8.108184610318393,
              41.70322501691201
            ],
            [
              -8.108506351961823,
              41.703220577270145
            ],
            [
              -8.108796367795659,
              41.70322513625319
            ],
            [
              -8.108999288652853,
              41.70322067273435
            ],
            [
              -8.109138667884833,
              41.70317288953381
            ],
            [
              -8.109250970161519,
              41.70291469160104
            ],
            [
              -8.109147846435436,
              41.70267212038326
            ],
            [
              -8.109034496097415,
              41.70249986631454
            ],
            [
              -8.10896490748835,
              41.70222191804892
            ],
            [
              -8.109017265829797,
              41.70193886064045
            ],
            [
              -8.10932069356997,
              41.70169132485965
            ],
            [
              -8.109607538005633,
              41.701465212388975
            ],
            [
              -8.109933668407098,
              41.70122839111484
            ],
            [
              -8.110188908098825,
              41.70102424212429
            ],
            [
              -8.110484764748444,
              41.700768777708106
            ],
            [
              -8.110751670011442,
              41.70049818004935
            ],
            [
              -8.110954657341692,
              41.70024666235385
            ],
            [
              -8.111099734754324,
              41.700006384933324
            ],
            [
              -8.111295625811557,
              41.69977070877919
            ],
            [
              -8.111555919766928,
              41.69949272684984
            ],
            [
              -8.111710580492526,
              41.69933798313403
            ],
            [
              -8.111979137523225,
              41.69913662367509
            ],
            [
              -8.11227784549558,
              41.69894985028105
            ],
            [
              -8.112529468672689,
              41.69871075982292
            ],
            [
              -8.112775786617116,
              41.69853865599825
            ],
            [
              -8.113022125560327,
              41.69831414924327
            ],
            [
              -8.113208043044803,
              41.6980317396431
            ],
            [
              -8.113338207095598,
              41.6977992898
            ],
            [
              -8.11353900221591,
              41.69759683634036
            ],
            [
              -8.113769206722296,
              41.697462360608256
            ],
            [
              -8.113980447898763,
              41.697269898452
            ],
            [
              -8.11413642835194,
              41.69705446596016
            ],
            [
              -8.114304554039736,
              41.69680230348624
            ],
            [
              -8.114478445588126,
              41.69656770129867
            ],
            [
              -8.114768501384193,
              41.69629826922233
            ],
            [
              -8.115071518646657,
              41.69608196114135
            ],
            [
              -8.11527889539523,
              41.69593262201753
            ],
            [
              -8.115394956349983,
              41.69584593764217
            ],
            [
              -8.115696405541154,
              41.6956288128339
            ],
            [
              -8.115986100055906,
              41.69534128046132
            ],
            [
              -8.116160438904398,
              41.695167450561456
            ],
            [
              -8.11621836055766,
              41.69508075225276
            ],
            [
              -8.116261677387751,
              41.69478085593164
            ],
            [
              -8.116208994462273,
              41.69453379451418
            ],
            [
              -8.116205491571918,
              41.69411630317869
            ],
            [
              -8.116210954714496,
              41.69385070296461
            ],
            [
              -8.116295099200052,
              41.69359465803537
            ],
            [
              -8.116497306637426,
              41.69340002714816
            ],
            [
              -8.11680196238878,
              41.69329715482887
            ],
            [
              -8.117167271012992,
              41.69322913475864
            ],
            [
              -8.1174896994204,
              41.69313184617688
            ],
            [
              -8.11778042258643,
              41.69297936341684
            ],
            [
              -8.118098670515742,
              41.6927598953154
            ],
            [
              -8.118300274789116,
              41.69255175762628
            ],
            [
              -8.118533601523819,
              41.692265922974876
            ],
            [
              -8.11867010920298,
              41.69201384172482
            ],
            [
              -8.118711981417018,
              41.69165704350212
            ],
            [
              -8.11871323373566,
              41.69138468716317
            ],
            [
              -8.118685305398321,
              41.69105830944849
            ],
            [
              -8.118626864692938,
              41.69076407234739
            ],
            [
              -8.118617899048683,
              41.69050693338284
            ],
            [
              -8.118636321189605,
              41.690267804062195
            ],
            [
              -8.118739436335792,
              41.68999942290204
            ],
            [
              -8.118976247556159,
              41.689646604825555
            ],
            [
              -8.119182153575316,
              41.6895233704146
            ],
            [
              -8.119465073377151,
              41.689238077231245
            ],
            [
              -8.119249246133858,
              41.68911435157964
            ],
            [
              -8.118915972664125,
              41.68889310168303
            ],
            [
              -8.118474108991906,
              41.68870848510499
            ],
            [
              -8.118025746642715,
              41.688582925688635
            ],
            [
              -8.11717870402056,
              41.68857103475706
            ],
            [
              -8.116849916488018,
              41.688757813377435
            ],
            [
              -8.116736109095191,
              41.68902961272821
            ],
            [
              -8.116678025128602,
              41.689334553010895
            ],
            [
              -8.1165519745924,
              41.68957933794032
            ],
            [
              -8.116252719020627,
              41.68976279405747
            ],
            [
              -8.115929002381694,
              41.68977850864516
            ],
            [
              -8.115528198792322,
              41.6897114679027
            ],
            [
              -8.115148070450994,
              41.68954989348568
            ],
            [
              -8.11479197840875,
              41.68934501994921
            ],
            [
              -8.114533906309864,
              41.689121604860766
            ],
            [
              -8.11440268541142,
              41.68886895014909
            ],
            [
              -8.114306788688573,
              41.68856786373623
            ],
            [
              -8.114190708263566,
              41.68830557742988
            ],
            [
              -8.114017210555156,
              41.68805579461275
            ],
            [
              -8.113784856114801,
              41.687822032473775
            ],
            [
              -8.113554273322245,
              41.68769306705128
            ],
            [
              -8.113192629839029,
              41.6876384497038
            ],
            [
              -8.112789283748272,
              41.68767134022127
            ],
            [
              -8.112405374187157,
              41.68779732689568
            ],
            [
              -8.111993420855661,
              41.688086450666326
            ],
            [
              -8.11167071745809,
              41.688375586926824
            ],
            [
              -8.111369621491225,
              41.68867427102391
            ],
            [
              -8.111047394911589,
              41.688943236732506
            ],
            [
              -8.110732253737124,
              41.68919131826105
            ],
            [
              -8.110484033904159,
              41.6893995254653
            ],
            [
              -8.11026294577292,
              41.68963807319403
            ],
            [
              -8.10981101981823,
              41.69015740283464
            ],
            [
              -8.109620798922544,
              41.69038749311073
            ],
            [
              -8.109369311738972,
              41.6906260391648
            ],
            [
              -8.109126248135622,
              41.69082181684689
            ],
            [
              -8.108757674880264,
              41.690973006208864
            ],
            [
              -8.10839023804737,
              41.69095942604491
            ],
            [
              -8.107974413889895,
              41.690889658277676
            ],
            [
              -8.107604248521893,
              41.690791085981466
            ],
            [
              -8.107199496102325,
              41.690659369829135
            ],
            [
              -8.106782514582743,
              41.69049884258386
            ],
            [
              -8.106447588667713,
              41.69028719090895
            ],
            [
              -8.10610307914698,
              41.6900046834425
            ],
            [
              -8.1058867022044,
              41.68982060518025
            ],
            [
              -8.105571024981284,
              41.68953971725883
            ],
            [
              -8.10542671231759,
              41.68936754275181
            ],
            [
              -8.105271615929109,
              41.689140707572435
            ],
            [
              -8.105167521349912,
              41.689017519996106
            ],
            [
              -8.105145671488952,
              41.6889915844461
            ],
            [
              -8.104764582682131,
              41.68890875743428
            ],
            [
              -8.104406140304924,
              41.68897169965879
            ],
            [
              -8.104061953737945,
              41.68909884060913
            ],
            [
              -8.103726046857911,
              41.68926244163343
            ],
            [
              -8.103275994257707,
              41.68950830727803
            ],
            [
              -8.102862834363206,
              41.68970349356208
            ],
            [
              -8.102468245106957,
              41.68998862159458
            ],
            [
              -8.102253378973224,
              41.690216535857665
            ],
            [
              -8.102038879393428,
              41.69041842954404
            ],
            [
              -8.10174149278386,
              41.690632817868554
            ],
            [
              -8.101390908809151,
              41.69080433204188
            ],
            [
              -8.101095628604563,
              41.69087853487217
            ],
            [
              -8.100722533523543,
              41.690899235748866
            ],
            [
              -8.100341551246743,
              41.69082035298957
            ],
            [
              -8.09999891466825,
              41.69070096493866
            ],
            [
              -8.099613671261572,
              41.69051125021768
            ],
            [
              -8.099296406967557,
              41.69032938640867
            ],
            [
              -8.09897553827847,
              41.69016615529993
            ],
            [
              -8.09866651099989,
              41.690095658928435
            ],
            [
              -8.098285137639792,
              41.69009834411056
            ],
            [
              -8.097950699192797,
              41.69017369385869
            ],
            [
              -8.097481149385944,
              41.69042619883436
            ],
            [
              -8.097194451118705,
              41.69061518688843
            ],
            [
              -8.096831944936111,
              41.69083233143297
            ],
            [
              -8.096523270595997,
              41.691006635972684
            ],
            [
              -8.09607262213273,
              41.6911584778743
            ],
            [
              -8.095584386340798,
              41.69129725239115
            ],
            [
              -8.09505758992628,
              41.691429707784174
            ],
            [
              -8.094538133836885,
              41.69153884853013
            ],
            [
              -8.094133064810686,
              41.691589946575256
            ],
            [
              -8.09394542565117,
              41.69161347569074
            ],
            [
              -8.093436578573684,
              41.69165274572149
            ],
            [
              -8.092952844058628,
              41.6916773482905
            ],
            [
              -8.092496349464515,
              41.69174129766217
            ],
            [
              -8.092075432107913,
              41.69177771156745
            ],
            [
              -8.091654769279456,
              41.691779908733466
            ],
            [
              -8.091384267815762,
              41.69177018605293
            ],
            [
              -8.091125348450541,
              41.691871382594755
            ],
            [
              -8.090521557804651,
              41.69197921384194
            ],
            [
              -8.089683052242536,
              41.692083626656405
            ],
            [
              -8.088664582753545,
              41.69222056034658
            ],
            [
              -8.087756421361272,
              41.69230179122073
            ],
            [
              -8.08705334627474,
              41.692309986668405
            ],
            [
              -8.086279216770656,
              41.692413771073014
            ],
            [
              -8.085542606517173,
              41.69263127790948
            ],
            [
              -8.084924487412344,
              41.69292985088086
            ],
            [
              -8.08432177309014,
              41.693351059865954
            ],
            [
              -8.0837577404488,
              41.69376156445349
            ],
            [
              -8.083291624694466,
              41.69413447660753
            ],
            [
              -8.082752572890538,
              41.69453319418641
            ],
            [
              -8.082189337587684,
              41.694814761480245
            ],
            [
              -8.081583983920465,
              41.695030676688354
            ],
            [
              -8.080933358062286,
              41.69521154346854
            ],
            [
              -8.080233116718182,
              41.69524608245698
            ],
            [
              -8.079405231007337,
              41.695218164844285
            ],
            [
              -8.078683529302692,
              41.69520271018988
            ],
            [
              -8.078063316882256,
              41.69520071583841
            ],
            [
              -8.077462941411568,
              41.69518864557771
            ],
            [
              -8.076517681351463,
              41.695170195831025
            ],
            [
              -8.075589017956807,
              41.695280581029145
            ],
            [
              -8.074746462791534,
              41.695543523408766
            ],
            [
              -8.07418470626187,
              41.69559555995661
            ],
            [
              -8.073763630402382,
              41.69549010267768
            ],
            [
              -8.073272812851938,
              41.69506894331512
            ],
            [
              -8.073062563116464,
              41.694700418522906
            ],
            [
              -8.072571466331587,
              41.694332108574535
            ],
            [
              -8.071799737326794,
              41.69385795451613
            ],
            [
              -8.070817178738823,
              41.69354115769313
            ],
            [
              -8.069273453173201,
              41.69306711930819
            ],
            [
              -8.067519264327661,
              41.692381453190606
            ],
            [
              -8.066975497477166,
              41.69223871714649
            ],
            [
              -8.066115663067151,
              41.69201260733337
            ],
            [
              -8.065273478880293,
              41.69180172109803
            ],
            [
              -8.064360926948892,
              41.69180119595879
            ],
            [
              -8.063448442327681,
              41.691852976935586
            ],
            [
              -8.06246558044156,
              41.692010491025165
            ],
            [
              -8.061482594001351,
              41.692272714196875
            ],
            [
              -8.060359121220165,
              41.69258823204464
            ],
            [
              -8.05916554996722,
              41.692955549741875
            ],
            [
              -8.058322899807619,
              41.69306054228077
            ],
            [
              -8.056076616440068,
              41.69305937375296
            ],
            [
              -8.0545324556468,
              41.69295256371656
            ],
            [
              -8.05326907638745,
              41.69289940940186
            ],
            [
              -8.052286503138445,
              41.69268824128827
            ],
            [
              -8.051514676175707,
              41.69252961072746
            ],
            [
              -8.050883151916763,
              41.69237107184358
            ],
            [
              -8.050391871223,
              41.69226547863444
            ],
            [
              -8.049900582630803,
              41.69226513299466
            ],
            [
              -8.049268491140158,
              41.69236993590123
            ],
            [
              -8.048566238769213,
              41.69258038718869
            ],
            [
              -8.048004520072048,
              41.692790481847794
            ],
            [
              -8.04752507586399,
              41.69309958042725
            ],
            [
              -8.047071858530565,
              41.693560136270335
            ],
            [
              -8.046585922423095,
              41.694238369578024
            ],
            [
              -8.04593840539023,
              41.694819693810885
            ],
            [
              -8.045032093889635,
              41.69542566877239
            ],
            [
              -8.043802416629006,
              41.69600654492283
            ],
            [
              -8.042669717900807,
              41.69663592055846
            ],
            [
              -8.04186026200092,
              41.697265989534216
            ],
            [
              -8.041180330283463,
              41.69787157135133
            ],
            [
              -8.040467910423772,
              41.69867114643474
            ],
            [
              -8.03998157440019,
              41.699470986845455
            ],
            [
              -8.039722136030571,
              41.70002827166847
            ],
            [
              -8.039398287458335,
              41.70034313449232
            ],
            [
              -8.03891271415798,
              41.70058529815641
            ],
            [
              -8.038071673318534,
              41.70073038646164
            ],
            [
              -8.037295438589119,
              41.70075388580793
            ],
            [
              -8.037212928153288,
              41.70073923396414
            ],
            [
              -8.036487136864395,
              41.70060754989802
            ],
            [
              -8.03516172689953,
              41.7001703273133
            ],
            [
              -8.03383652288765,
              41.699684292227595
            ],
            [
              -8.032931661424778,
              41.699295202536014
            ],
            [
              -8.032414835840637,
              41.69890707838472
            ],
            [
              -8.031477553151966,
              41.698445386573304
            ],
            [
              -8.030669510837097,
              41.698153784657265
            ],
            [
              -8.029829166289076,
              41.69786214802238
            ],
            [
              -8.029053271260885,
              41.697691473026644
            ],
            [
              -8.028456994257484,
              41.69765997203244
            ],
            [
              -8.028115372702253,
              41.697642204381516
            ],
            [
              -8.02759785376677,
              41.6977143934835
            ],
            [
              -8.027047741869065,
              41.69788379649944
            ],
            [
              -8.026433120601821,
              41.69805322344989
            ],
            [
              -8.025980427169188,
              41.69807702998204
            ],
            [
              -8.025204259366282,
              41.69800366060514
            ],
            [
              -8.024654457380656,
              41.697978390548975
            ],
            [
              -8.024222895624183,
              41.69786374108078
            ],
            [
              -8.023869866871578,
              41.697624910427685
            ],
            [
              -8.023517391789222,
              41.69720088090687
            ],
            [
              -8.023409962623987,
              41.696857029569664
            ],
            [
              -8.02337674370297,
              41.696750576013095
            ],
            [
              -8.023095145571263,
              41.69611449296205
            ],
            [
              -8.022954091624817,
              41.69576998049502
            ],
            [
              -8.02284928079772,
              41.69537255908193
            ],
            [
              -8.022708381746806,
              41.69508107818556
            ],
            [
              -8.0224968499478,
              41.69478934907197
            ],
            [
              -8.022143964659959,
              41.69455042309758
            ],
            [
              -8.02193215467477,
              41.69449737119521
            ],
            [
              -8.021190264563472,
              41.694496665526486
            ],
            [
              -8.020942944459843,
              41.69441701856145
            ],
            [
              -8.020837250441597,
              41.69433759863914
            ],
            [
              -8.020696182300632,
              41.69415181126808
            ],
            [
              -8.020520036444118,
              41.69375432052757
            ],
            [
              -8.020414617224665,
              41.69351563136708
            ],
            [
              -8.020379633927327,
              41.693251164732104
            ],
            [
              -8.020261253921479,
              41.693075486617516
            ],
            [
              -8.020008348982726,
              41.6928242236507
            ],
            [
              -8.019770403917883,
              41.69260566134626
            ],
            [
              -8.019584587364525,
              41.69232088483977
            ],
            [
              -8.019547642117264,
              41.69222010224962
            ],
            [
              -8.01952556756328,
              41.692063599684325
            ],
            [
              -8.019533215863053,
              41.691879128155264
            ],
            [
              -8.0195110918816,
              41.69175080483331
            ],
            [
              -8.019444274521545,
              41.691628027614044
            ],
            [
              -8.019202376620468,
              41.691409453877654
            ],
            [
              -8.018964202399186,
              41.69125841714059
            ],
            [
              -8.018763219013739,
              41.691135503485036
            ],
            [
              -8.018554853987046,
              41.69097323931001
            ],
            [
              -8.018413667635146,
              41.690794201575976
            ],
            [
              -8.018354265717512,
              41.69062082845375
            ],
            [
              -8.01835477093399,
              41.69033046627645
            ],
            [
              -8.01839977266428,
              41.690151616960605
            ],
            [
              -8.01845228735551,
              41.68992820303929
            ],
            [
              -8.018490072944433,
              41.68968244288906
            ],
            [
              -8.018445742290755,
              41.689480996430966
            ],
            [
              -8.018297109092536,
              41.689302399455116
            ],
            [
              -8.018058794404917,
              41.689167655276655
            ],
            [
              -8.01774582209903,
              41.68907290419392
            ],
            [
              -8.01729166143306,
              41.689010508387
            ],
            [
              -8.016792191330323,
              41.689026942356705
            ],
            [
              -8.01583085276828,
              41.68919929907511
            ],
            [
              -8.015010770223556,
              41.68936611984524
            ],
            [
              -8.01459347797552,
              41.689438266117506
            ],
            [
              -8.014258085384387,
              41.68945485094894
            ],
            [
              -8.013870698664462,
              41.689465711333625
            ],
            [
              -8.01346835020218,
              41.689442792421545
            ],
            [
              -8.013006338070113,
              41.689402885791786
            ],
            [
              -8.012723168067936,
              41.68936937002402
            ],
            [
              -8.01239536612764,
              41.68937470743307
            ],
            [
              -8.012045098291438,
              41.68944691392922
            ],
            [
              -8.011702148560943,
              41.689586109905825
            ],
            [
              -8.011321658495373,
              41.68976470513493
            ],
            [
              -8.010956143134427,
              41.68995951870472
            ],
            [
              -8.01057566913876,
              41.69018816490405
            ],
            [
              -8.010344519961542,
              41.690339181467905
            ],
            [
              -8.010023643182969,
              41.69048974045984
            ],
            [
              -8.009621099598691,
              41.69057313979165
            ],
            [
              -8.009338084831539,
              41.69058346494224
            ],
            [
              -8.009047440034406,
              41.690561277446335
            ],
            [
              -8.008771864514337,
              41.69051029776259
            ],
            [
              -8.008563331179262,
              41.69045434179899
            ],
            [
              -8.008317660355113,
              41.6903422593266
            ],
            [
              -8.00814643481903,
              41.690247538709194
            ],
            [
              -8.007826434889765,
              41.690062626557115
            ],
            [
              -8.007647804717775,
              41.68994484893244
            ],
            [
              -8.007424466206977,
              41.68984440529919
            ],
            [
              -8.007186044193801,
              41.68977716060365
            ],
            [
              -8.00687351625598,
              41.68964240464911
            ],
            [
              -8.00662769257094,
              41.689491242070915
            ],
            [
              -8.006209080294953,
              41.689247691943294
            ],
            [
              -8.005905516845687,
              41.689079179024574
            ],
            [
              -8.005782300624023,
              41.688943362661455
            ],
            [
              -8.005716141818938,
              41.68880833240735
            ],
            [
              -8.005755008160358,
              41.6883378543382
            ],
            [
              -8.005774530314477,
              41.68811737985924
            ],
            [
              -8.00573667594761,
              41.68800308822572
            ],
            [
              -8.005556546322026,
              41.687860543176285
            ],
            [
              -8.005148583602596,
              41.687646628934054
            ],
            [
              -8.00487368863524,
              41.68743978822007
            ],
            [
              -8.00442789150836,
              41.6870403559611
            ],
            [
              -8.004067419005331,
              41.68686916336415
            ],
            [
              -8.003849130039994,
              41.68676898580888
            ],
            [
              -8.003478908752477,
              41.68666899581557
            ],
            [
              -8.003269979344653,
              41.68669721391014
            ],
            [
              -8.003149531413007,
              41.68674858351261
            ],
            [
              -8.003136788926668,
              41.68675387669889
            ],
            [
              -8.00307789889224,
              41.68683286490108
            ],
            [
              -8.003069979063676,
              41.68695079980817
            ],
            [
              -8.003093094084019,
              41.68710379455249
            ],
            [
              -8.003147504782797,
              41.687410059771054
            ],
            [
              -8.003272451051977,
              41.68769857941784
            ],
            [
              -8.003327135697837,
              41.68786322704012
            ],
            [
              -8.003334744458835,
              41.68796326240772
            ],
            [
              -8.003177497970226,
              41.68809309605064
            ],
            [
              -8.00288681153727,
              41.68816309110502
            ],
            [
              -8.00265114988104,
              41.68822188805224
            ],
            [
              -8.002454903642574,
              41.68827461051592
            ],
            [
              -8.002281944460568,
              41.688333477068376
            ],
            [
              -8.002140674919843,
              41.688338993811826
            ],
            [
              -8.002038749532513,
              41.68831519827434
            ],
            [
              -8.001842693044457,
              41.688209189976206
            ],
            [
              -8.00148980702379,
              41.687967407437185
            ],
            [
              -8.000941147320377,
              41.68760169991329
            ],
            [
              -8.000470770405888,
              41.687253908057194
            ],
            [
              -8.000000243598647,
              41.68698245972456
            ],
            [
              -7.99969434507574,
              41.68679384970988
            ],
            [
              -7.999459111022747,
              41.686646462816135
            ],
            [
              -7.999369124265999,
              41.68659854835952
            ],
            [
              -7.999266356318095,
              41.686575112220076
            ],
            [
              -7.999172426181924,
              41.68657834041317
            ],
            [
              -7.999065089455674,
              41.68661674959199
            ],
            [
              -7.998885961472968,
              41.68669874659418
            ],
            [
              -7.99836694383583,
              41.686942860402496
            ],
            [
              -7.9980670394643,
              41.6871704811083
            ],
            [
              -7.997758157102079,
              41.68744158031498
            ],
            [
              -7.997574533377549,
              41.687602346557604
            ],
            [
              -7.997462580944775,
              41.68772286119574
            ],
            [
              -7.997399733914897,
              41.68779319749094
            ],
            [
              -7.997289874837481,
              41.68783241234409
            ],
            [
              -7.997211140726235,
              41.68780197909931
            ],
            [
              -7.997060771094059,
              41.68774013316086
            ],
            [
              -7.9968781402919635,
              41.68765105715771
            ],
            [
              -7.996720606602698,
              41.68756758835018
            ],
            [
              -7.996688456296321,
              41.68754864453097
            ],
            [
              -7.996649244198833,
              41.68746279861575
            ],
            [
              -7.996670942849827,
              41.68736603617398
            ],
            [
              -7.996678318447917,
              41.68728555315758
            ],
            [
              -7.996671266121781,
              41.68721018413809
            ],
            [
              -7.996646360095496,
              41.68711616016413
            ],
            [
              -7.996603508581,
              41.687043542429464
            ],
            [
              -7.996531984344282,
              41.68695486698251
            ],
            [
              -7.996406809367649,
              41.68685000862444
            ],
            [
              -7.996289734265393,
              41.68677730426233
            ],
            [
              -7.996111105301427,
              41.6867309086405
            ],
            [
              -7.995985034914239,
              41.68671113504701
            ],
            [
              -7.995762373287622,
              41.686698717975624
            ],
            [
              -7.995644044520931,
              41.686709290737426
            ],
            [
              -7.995572269257637,
              41.68674153123005
            ],
            [
              -7.99547895193829,
              41.686795167140275
            ],
            [
              -7.9953821446411295,
              41.686851325189444
            ],
            [
              -7.995310415197582,
              41.686861957041586
            ],
            [
              -7.995242334833185,
              41.6868511602646
            ],
            [
              -7.995124249605899,
              41.686802672165705
            ],
            [
              -7.9949095678391355,
              41.68671121541336
            ],
            [
              -7.99475920111238,
              41.68664630254711
            ],
            [
              -7.994680343420116,
              41.6866220807676
            ],
            [
              -7.994537113059441,
              41.686592378304475
            ],
            [
              -7.9944010556881295,
              41.68657898075445
            ],
            [
              -7.994243517896902,
              41.68655709915199
            ],
            [
              -7.994082399185189,
              41.6865248544118
            ],
            [
              -7.993752998876903,
              41.68638463837032
            ],
            [
              -7.993591984872375,
              41.68630368293405
            ],
            [
              -7.9932452202491815,
              41.68608070437689
            ],
            [
              -7.993104982974099,
              41.68594440526936
            ],
            [
              -7.9929875356370825,
              41.68582208478515
            ],
            [
              -7.992887291857401,
              41.685746875568924
            ],
            [
              -7.992783494298631,
              41.68564456572255
            ],
            [
              -7.992533740504488,
              41.68521983915273
            ],
            [
              -7.99252189949456,
              41.68519587700801
            ],
            [
              -7.992350012080194,
              41.68486623546296
            ],
            [
              -7.992210714120365,
              41.684685729818646
            ],
            [
              -7.992107585218242,
              41.68461015352793
            ],
            [
              -7.991923215294426,
              41.6845573518129
            ],
            [
              -7.991741504712771,
              41.684552900379025
            ],
            [
              -7.991559855207271,
              41.684573750531854
            ],
            [
              -7.991344377248096,
              41.684632367316915
            ],
            [
              -7.990997519107927,
              41.684742780854094
            ],
            [
              -7.990933201054016,
              41.68476800310537
            ],
            [
              -7.99056433736722,
              41.684941678615075
            ],
            [
              -7.990263058935669,
              41.685021529854
            ],
            [
              -7.989861142134503,
              41.68503904483425
            ],
            [
              -7.989599000521534,
              41.68501315490816
            ],
            [
              -7.989142157224722,
              41.684883388813965
            ],
            [
              -7.988942360856622,
              41.68474728278917
            ],
            [
              -7.988817970367616,
              41.6844573102664
            ],
            [
              -7.988834276879531,
              41.68425105651716
            ],
            [
              -7.9889854023052305,
              41.68385455473219
            ],
            [
              -7.989152880241944,
              41.683557379764714
            ],
            [
              -7.989482475653593,
              41.68294050894825
            ],
            [
              -7.989544329610101,
              41.682718378351105
            ],
            [
              -7.989541714683237,
              41.68259800197689
            ],
            [
              -7.98944639190554,
              41.68236037342259
            ],
            [
              -7.989202474818034,
              41.68202838426591
            ],
            [
              -7.988964909265826,
              41.68180975828918
            ],
            [
              -7.988697329130663,
              41.68158964993315
            ],
            [
              -7.988557554096833,
              41.68152645288579
            ],
            [
              -7.988289406632283,
              41.68145499618136
            ],
            [
              -7.987831151302346,
              41.68143353768739
            ],
            [
              -7.987627044231876,
              41.68140375052533
            ],
            [
              -7.987303502621626,
              41.681291346113134
            ],
            [
              -7.986800596164733,
              41.68115116439683
            ],
            [
              -7.986632846821873,
              41.6811386176507
            ],
            [
              -7.986481955342042,
              41.68115922708071
            ],
            [
              -7.9863587878568865,
              41.681188332362986
            ],
            [
              -7.986257981944113,
              41.681259691897
            ],
            [
              -7.986173805906728,
              41.68141462836688
            ],
            [
              -7.986066659781702,
              41.681795969575376
            ],
            [
              -7.985991470996986,
              41.68195937444025
            ],
            [
              -7.985786042531637,
              41.68209047596861
            ],
            [
              -7.985468272987788,
              41.68213563072938
            ],
            [
              -7.985157204265005,
              41.68208662138553
            ],
            [
              -7.9848711866671565,
              41.68195039449751
            ],
            [
              -7.98468327527844,
              41.68182491693529
            ],
            [
              -7.984422483320942,
              41.68147651023497
            ],
            [
              -7.9843176605228825,
              41.681252464978776
            ],
            [
              -7.984201102168862,
              41.68090964471305
            ],
            [
              -7.984067341656574,
              41.68057994450542
            ],
            [
              -7.983853214829672,
              41.68026040835104
            ],
            [
              -7.983652766489485,
              41.67994368247438
            ],
            [
              -7.983401537525232,
              41.67972808567041
            ],
            [
              -7.983009157026308,
              41.67958046825077
            ],
            [
              -7.9824332498616055,
              41.679390919825195
            ],
            [
              -7.982290756915629,
              41.67936174685219
            ],
            [
              -7.981972516105731,
              41.6791998120414
            ],
            [
              -7.981777972014168,
              41.67898519194803
            ],
            [
              -7.981746833232643,
              41.678950844655205
            ],
            [
              -7.981606712995978,
              41.67867659957491
            ],
            [
              -7.981525450158188,
              41.67839846678051
            ],
            [
              -7.981536552670802,
              41.67806337224179
            ],
            [
              -7.981655998076282,
              41.67772031818922
            ],
            [
              -7.981814182397786,
              41.67745050500298
            ],
            [
              -7.982057968400028,
              41.677139036560625
            ],
            [
              -7.982337002046885,
              41.67685164525472
            ],
            [
              -7.982643389845548,
              41.676471646833605
            ],
            [
              -7.982843713169667,
              41.676203422435755
            ],
            [
              -7.98306742706455,
              41.67584384196482
            ],
            [
              -7.983233287678096,
              41.67541675155622
            ],
            [
              -7.983258090045325,
              41.675072939271246
            ],
            [
              -7.983276950225874,
              41.674701121703094
            ],
            [
              -7.983332789779634,
              41.67433313110226
            ],
            [
              -7.983481911189323,
              41.67397885822259
            ],
            [
              -7.983652162164131,
              41.67362118584399
            ],
            [
              -7.983840979086776,
              41.6732873994792
            ],
            [
              -7.984102260669246,
              41.6728220771715
            ],
            [
              -7.984334014952253,
              41.672403979390495
            ],
            [
              -7.984540275493885,
              41.67205032097716
            ],
            [
              -7.984753138495747,
              41.67159096238513
            ],
            [
              -7.984881639066876,
              41.67126673284939
            ],
            [
              -7.985076534520802,
              41.67089414762621
            ],
            [
              -7.985311945171947,
              41.67038997911341
            ],
            [
              -7.985578016166737,
              41.66997507671741
            ],
            [
              -7.985840877995162,
              41.66964957602472
            ],
            [
              -7.985880374469915,
              41.66960064354065
            ],
            [
              -7.986216210546645,
              41.669235347751126
            ],
            [
              -7.986566408952735,
              41.66888807553259
            ],
            [
              -7.986879428637029,
              41.66857532778871
            ],
            [
              -7.987167691687026,
              41.668323048221644
            ],
            [
              -7.987454792404865,
              41.66810705539098
            ],
            [
              -7.987713164890248,
              41.6678496099109
            ],
            [
              -7.987870397738359,
              41.667772191501875
            ],
            [
              -7.987920407273433,
              41.66774380425778
            ],
            [
              -7.987965156788132,
              41.66770928521119
            ],
            [
              -7.9880392933999715,
              41.66762996719167
            ],
            [
              -7.988219939136137,
              41.66744427372908
            ],
            [
              -7.988397827379134,
              41.66725514974
            ],
            [
              -7.988428907740904,
              41.66720900317611
            ],
            [
              -7.988569137445709,
              41.66699651311885
            ],
            [
              -7.988588940018905,
              41.66694665905602
            ],
            [
              -7.98869678239713,
              41.666721163842624
            ],
            [
              -7.988768025264259,
              41.666486622578326
            ],
            [
              -7.988875406082626,
              41.66646730963023
            ],
            [
              -7.988932209378152,
              41.66640975434223
            ],
            [
              -7.988971656938069,
              41.66638135158369
            ],
            [
              -7.989021180583519,
              41.66635692752307
            ],
            [
              -7.989297905557093,
              41.66626705095006
            ],
            [
              -7.989418995617895,
              41.66624136029792
            ],
            [
              -7.9896905080434095,
              41.66617164609631
            ],
            [
              -7.989985200338323,
              41.66609962098641
            ],
            [
              -7.990255668126976,
              41.66601360855456
            ],
            [
              -7.990290640940994,
              41.66599987652695
            ],
            [
              -7.990322015939483,
              41.66598415742937
            ],
            [
              -7.990348825324549,
              41.66596645546483
            ],
            [
              -7.990372165368865,
              41.66594622457983
            ],
            [
              -7.990390219181249,
              41.66592518130525
            ],
            [
              -7.99042709182259,
              41.665867781495315
            ],
            [
              -7.991024484972798,
              41.66568222919349
            ],
            [
              -7.991533923164736,
              41.66563585278175
            ],
            [
              -7.991818680875511,
              41.66554850102475
            ],
            [
              -7.992167248960037,
              41.66543800206837
            ],
            [
              -7.992600113152185,
              41.66526358331551
            ],
            [
              -7.99295753223561,
              41.66505351218464
            ],
            [
              -7.993325224972262,
              41.664808878646326
            ],
            [
              -7.99364474256586,
              41.664520341596976
            ],
            [
              -7.994050784471566,
              41.664252970454
            ],
            [
              -7.994507880315271,
              41.66385447892338
            ],
            [
              -7.994527248034837,
              41.66383964995301
            ],
            [
              -7.994736223810174,
              41.663638125846454
            ],
            [
              -7.994931867764951,
              41.663328458495435
            ],
            [
              -7.994966031891455,
              41.66301220968384
            ],
            [
              -7.994884360725844,
              41.662680423659445
            ],
            [
              -7.9947881272068395,
              41.66242398100856
            ],
            [
              -7.994788927120884,
              41.66238850781483
            ],
            [
              -7.994777425447803,
              41.66237696847378
            ],
            [
              -7.994710122337912,
              41.66223787377792
            ],
            [
              -7.994694915883657,
              41.662159980687576
            ],
            [
              -7.994751500324061,
              41.66191497279722
            ],
            [
              -7.994776558225381,
              41.66187727429772
            ],
            [
              -7.9949649591194785,
              41.66169400943928
            ],
            [
              -7.995190522296087,
              41.66154238697719
            ],
            [
              -7.995447699092547,
              41.66136685417373
            ],
            [
              -7.995667953061009,
              41.661166152113125
            ],
            [
              -7.9958148597356695,
              41.66096159042983
            ],
            [
              -7.99590415468465,
              41.66074722960966
            ],
            [
              -7.995938287816978,
              41.66050039445204
            ],
            [
              -7.995951926911581,
              41.66023390878106
            ],
            [
              -7.996018030230279,
              41.65996982391561
            ],
            [
              -7.996077691217405,
              41.659745618155824
            ],
            [
              -7.996129702358701,
              41.65950231021094
            ],
            [
              -7.996193207932844,
              41.65927703212392
            ],
            [
              -7.996260439032099,
              41.65904697931838
            ],
            [
              -7.9963682913957195,
              41.65879500871608
            ],
            [
              -7.996498498377143,
              41.65859339379046
            ],
            [
              -7.996672404640535,
              41.65838957608756
            ],
            [
              -7.996880639246211,
              41.6581875148903
            ],
            [
              -7.9970308618947765,
              41.65805776638528
            ],
            [
              -7.9970869963603315,
              41.65802353001197
            ],
            [
              -7.9970726121506805,
              41.658014416652016
            ],
            [
              -7.997036650360048,
              41.657986824870164
            ],
            [
              -7.997005141410781,
              41.65795645083498
            ],
            [
              -7.9968874494920925,
              41.65774058605539
            ],
            [
              -7.996877996314912,
              41.657494962029745
            ],
            [
              -7.996898797311448,
              41.65742151729817
            ],
            [
              -7.997002615690803,
              41.657203031942835
            ],
            [
              -7.997033242400495,
              41.65696564593515
            ],
            [
              -7.9969675477992,
              41.65674435775131
            ],
            [
              -7.996959051893639,
              41.65667402775576
            ],
            [
              -7.996962366830714,
              41.65663801907447
            ],
            [
              -7.99698688796451,
              41.656566289406584
            ],
            [
              -7.997047856733488,
              41.6564585893726
            ],
            [
              -7.997252106763148,
              41.65626669048387
            ],
            [
              -7.997498439108056,
              41.6560996016901
            ],
            [
              -7.997715527346713,
              41.6559101516851
            ],
            [
              -7.99771973569844,
              41.655905924948485
            ],
            [
              -7.9979098015497145,
              41.6557224751523
            ],
            [
              -7.998372729323984,
              41.65519036370371
            ],
            [
              -7.998479535853745,
              41.6549763840324
            ],
            [
              -7.998484692134223,
              41.6547451810966
            ],
            [
              -7.998419846167695,
              41.65452091535705
            ],
            [
              -7.998405565538512,
              41.65428086519517
            ],
            [
              -7.998426824103832,
              41.65421868149127
            ],
            [
              -7.99853050805354,
              41.654002715482854
            ],
            [
              -7.9986810342076025,
              41.65377672102452
            ],
            [
              -7.998839919471229,
              41.65356927995358
            ],
            [
              -7.998938700771189,
              41.653345118143505
            ],
            [
              -7.998950252199804,
              41.6530944765929
            ],
            [
              -7.998941692361237,
              41.653055300007594
            ],
            [
              -7.9989277270344985,
              41.65301539772319
            ],
            [
              -7.99888646810246,
              41.652938731549675
            ],
            [
              -7.9986965594693435,
              41.65275790175823
            ],
            [
              -7.998419302769066,
              41.6526149663584
            ],
            [
              -7.99811175285545,
              41.65255384111739
            ],
            [
              -7.997793544513571,
              41.65253456658554
            ],
            [
              -7.997466478753227,
              41.65250807513288
            ],
            [
              -7.997166532181941,
              41.65242273122449
            ],
            [
              -7.997082950777444,
              41.65237959869698
            ],
            [
              -7.997046744941409,
              41.65235479772207
            ],
            [
              -7.997015354733846,
              41.65232748322759
            ],
            [
              -7.9968674573064895,
              41.65209555872884
            ],
            [
              -7.996793871114611,
              41.651861924159675
            ],
            [
              -7.996734325465057,
              41.65163199407151
            ],
            [
              -7.996712199554467,
              41.65159451190075
            ],
            [
              -7.996502532019392,
              41.65139538217018
            ],
            [
              -7.996238309710321,
              41.65128252812765
            ],
            [
              -7.99593150035674,
              41.65121410229771
            ],
            [
              -7.99563833749417,
              41.65116135825219
            ],
            [
              -7.9953450746488315,
              41.651101676056705
            ],
            [
              -7.995022583849022,
              41.65101495167377
            ],
            [
              -7.99469386795461,
              41.65091552649868
            ],
            [
              -7.994509817649574,
              41.65092656193909
            ],
            [
              -7.994143929093201,
              41.65069959652631
            ],
            [
              -7.994113239541061,
              41.65067732320113
            ],
            [
              -7.994088322281165,
              41.65065424562361
            ],
            [
              -7.9940679649006166,
              41.65063090254769
            ],
            [
              -7.9940552940397245,
              41.65060585808068
            ],
            [
              -7.994048383718184,
              41.650581000653524
            ],
            [
              -7.994067007007693,
              41.650345039419456
            ],
            [
              -7.994091680068524,
              41.65031580842336
            ],
            [
              -7.994115991777847,
              41.65028657608452
            ],
            [
              -7.99413104324385,
              41.65026462366959
            ],
            [
              -7.99417408440757,
              41.6501743712722
            ],
            [
              -7.994280933993824,
              41.64994292746011
            ],
            [
              -7.994382732008953,
              41.64971400295605
            ],
            [
              -7.994506277773258,
              41.649475374372905
            ],
            [
              -7.994573501531246,
              41.649247308347604
            ],
            [
              -7.994575731517488,
              41.649099563534065
            ],
            [
              -7.994496574149595,
              41.64884115712075
            ],
            [
              -7.9943904722512595,
              41.64860495795673
            ],
            [
              -7.9943058737524755,
              41.64836437558299
            ],
            [
              -7.994285713853275,
              41.6481335903807
            ],
            [
              -7.994289499665621,
              41.64810406759605
            ],
            [
              -7.994322826345133,
              41.64801064940956
            ],
            [
              -7.994364130258019,
              41.64794767396225
            ],
            [
              -7.9943914455295575,
              41.64791844607843
            ],
            [
              -7.994503008795238,
              41.64783790375755
            ],
            [
              -7.9947658659306935,
              41.64767975587134
            ],
            [
              -7.995038873877489,
              41.647545024473054
            ],
            [
              -7.9951199394324215,
              41.647524321661706
            ],
            [
              -7.995262924933034,
              41.6475146801772
            ],
            [
              -7.9955900177341865,
              41.647520106783446
            ],
            [
              -7.995756400551294,
              41.64751355120264
            ],
            [
              -7.995967848561263,
              41.64748534863917
            ],
            [
              -7.996176534452091,
              41.64739924914165
            ],
            [
              -7.996259591487008,
              41.647342531630734
            ],
            [
              -7.996402854377958,
              41.64720026398123
            ],
            [
              -7.9965396587067845,
              41.646988030370416
            ],
            [
              -7.996854584720683,
              41.64654830816926
            ],
            [
              -7.996959109758336,
              41.64632685567824
            ],
            [
              -7.997098253255503,
              41.64608563518855
            ],
            [
              -7.997177452669155,
              41.64586594963429
            ],
            [
              -7.997245024582913,
              41.645635000251886
            ],
            [
              -7.997354852785569,
              41.64540418536635
            ],
            [
              -7.9974860210956145,
              41.645186545333665
            ],
            [
              -7.997645441693071,
              41.64494561546181
            ],
            [
              -7.997656680873526,
              41.64490817094351
            ],
            [
              -7.997711566906592,
              41.6447748955848
            ],
            [
              -7.9977672597234895,
              41.64442805615233
            ],
            [
              -7.9977528588752715,
              41.64419313741094
            ],
            [
              -7.997753890519279,
              41.644099952940806
            ],
            [
              -7.997745925372199,
              41.6440625776302
            ],
            [
              -7.99765636207697,
              41.64383846921219
            ],
            [
              -7.997581246683022,
              41.643594745351784
            ],
            [
              -7.997540464715241,
              41.64334854271519
            ],
            [
              -7.997464273480298,
              41.64310032017913
            ],
            [
              -7.997369730143605,
              41.64284927848648
            ],
            [
              -7.997367537055475,
              41.64280759362012
            ],
            [
              -7.997387816206304,
              41.64269200653163
            ],
            [
              -7.997421935644834,
              41.64262002231985
            ],
            [
              -7.997446611412805,
              41.642587368288424
            ],
            [
              -7.997506369019506,
              41.64253656832037
            ],
            [
              -7.9976046086024715,
              41.64245223017076
            ],
            [
              -7.997661096973393,
              41.64241546831996
            ],
            [
              -7.998696079975457,
              41.64236318275547
            ],
            [
              -7.999455102854937,
              41.64226249518891
            ],
            [
              -8.000394682678763,
              41.64214309639264
            ],
            [
              -8.000798157739089,
              41.64192972270779
            ],
            [
              -8.000956273238028,
              41.641670779347095
            ],
            [
              -8.001238084763742,
              41.640899315726415
            ],
            [
              -8.00137431555069,
              41.6398168865124
            ],
            [
              -8.001306115757513,
              41.6386950650264
            ],
            [
              -8.001570359460155,
              41.63703403556163
            ],
            [
              -8.00144695474775,
              41.63572586522254
            ],
            [
              -8.000965612254815,
              41.63504978453016
            ],
            [
              -8.001179196276821,
              41.63447092044268
            ],
            [
              -8.001388670770242,
              41.634026477305426
            ],
            [
              -8.00158519780563,
              41.63345155171211
            ],
            [
              -8.001558319962863,
              41.63273015567625
            ],
            [
              -8.001530544322895,
              41.63245407768368
            ],
            [
              -8.001514818441384,
              41.63113684495799
            ],
            [
              -8.001781980179565,
              41.62908010953449
            ],
            [
              -8.001832265245787,
              41.628956098531624
            ],
            [
              -8.001847295106199,
              41.62888129809786
            ],
            [
              -8.002158005072868,
              41.62826634145717
            ],
            [
              -8.002250064023734,
              41.62801777185571
            ],
            [
              -8.002329489629215,
              41.62778286704012
            ],
            [
              -8.002443434221703,
              41.62762885055841
            ],
            [
              -8.002475954481728,
              41.62756892682343
            ],
            [
              -8.002490472890983,
              41.627510958926536
            ],
            [
              -8.002493966158678,
              41.627443169026215
            ],
            [
              -8.002469012783308,
              41.62719779305227
            ],
            [
              -8.00240923664406,
              41.62708490938774
            ],
            [
              -8.002257397550585,
              41.626862172756084
            ],
            [
              -8.002171430243983,
              41.626644012787295
            ],
            [
              -8.002154638891694,
              41.62639837499776
            ],
            [
              -8.00218780308485,
              41.62613623008301
            ],
            [
              -8.002187819045998,
              41.62564607856161
            ],
            [
              -8.002297566066115,
              41.625308120889734
            ],
            [
              -8.00242838791106,
              41.62414482670359
            ],
            [
              -8.002567746759972,
              41.62351725928824
            ],
            [
              -8.002586091712876,
              41.62291854247041
            ],
            [
              -8.002645347824958,
              41.62232446838928
            ],
            [
              -8.00287061817623,
              41.621329287594975
            ],
            [
              -8.002949075629452,
              41.62109384165801
            ],
            [
              -8.003018843700957,
              41.6208848565813
            ],
            [
              -8.000875911771962,
              41.61619826632136
            ],
            [
              -8.000424317489436,
              41.615536895798265
            ],
            [
              -7.999955056814616,
              41.61139931629911
            ],
            [
              -8.00003232132012,
              41.61068524515229
            ],
            [
              -7.999846445770896,
              41.60993584844992
            ],
            [
              -7.999770885542337,
              41.60921520383661
            ],
            [
              -7.999700469965124,
              41.608679141347736
            ],
            [
              -7.9996138294266705,
              41.60809921471421
            ],
            [
              -7.9991564868078955,
              41.606939845290185
            ],
            [
              -7.99854916461499,
              41.60586007009974
            ],
            [
              -7.997826258383417,
              41.604589281059916
            ],
            [
              -7.997535367534949,
              41.60394491926015
            ],
            [
              -7.997211620070804,
              41.60347104222769
            ],
            [
              -7.996701524355034,
              41.60314461185826
            ],
            [
              -7.996605925584235,
              41.60308345610188
            ],
            [
              -7.996024901435517,
              41.60295195202375
            ],
            [
              -7.995003522283098,
              41.60276221765281
            ],
            [
              -7.994258194612331,
              41.60261700432633
            ],
            [
              -7.992240394121043,
              41.602361315578506
            ],
            [
              -7.989544720787698,
              41.60189804117696
            ],
            [
              -7.989099594129627,
              41.60161730321371
            ],
            [
              -7.988509159742082,
              41.601302887128114
            ],
            [
              -7.987851608593221,
              41.600964708016065
            ],
            [
              -7.986989678383267,
              41.600786082845055
            ],
            [
              -7.986617843901428,
              41.60078228100249
            ],
            [
              -7.986022077211898,
              41.600769376175315
            ],
            [
              -7.985862432032739,
              41.60076611597014
            ],
            [
              -7.984521662148216,
              41.60069544972588
            ],
            [
              -7.983408539107686,
              41.60068421062238
            ],
            [
              -7.9824838474752315,
              41.60078602309131
            ],
            [
              -7.98184245012168,
              41.600796448207234
            ],
            [
              -7.977598239226337,
              41.60297216036093
            ],
            [
              -7.9688442860306266,
              41.60374454115019
            ],
            [
              -7.966488012146074,
              41.60392469139596
            ],
            [
              -7.965537939618125,
              41.603836621287506
            ],
            [
              -7.96494105705625,
              41.60354575641204
            ],
            [
              -7.964232486682913,
              41.60321637502919
            ],
            [
              -7.963522533567356,
              41.602867620297374
            ],
            [
              -7.9624654940771435,
              41.60212949804457
            ],
            [
              -7.9621215510229755,
              41.60177587416022
            ],
            [
              -7.960979984531156,
              41.60062344453359
            ],
            [
              -7.960079463170899,
              41.59982511234825
            ],
            [
              -7.959402742594638,
              41.59913334860714
            ],
            [
              -7.9588367746100595,
              41.59838628959774
            ],
            [
              -7.9580290616034794,
              41.59757502454951
            ],
            [
              -7.956888111337397,
              41.59660667910059
            ],
            [
              -7.956594688411751,
              41.59635557333404
            ],
            [
              -7.956073009595987,
              41.595838430019114
            ],
            [
              -7.95503544752247,
              41.59475866836127
            ],
            [
              -7.954825547098544,
              41.59440918598504
            ],
            [
              -7.954798799399072,
              41.5943646689397
            ],
            [
              -7.954474172506664,
              41.593861500258036
            ],
            [
              -7.954157738746978,
              41.59352337937555
            ],
            [
              -7.953882034244391,
              41.593338382191725
            ],
            [
              -7.953528356219722,
              41.59315722420627
            ],
            [
              -7.952958425061711,
              41.59310907578149
            ],
            [
              -7.952737086981708,
              41.593130607745984
            ],
            [
              -7.952434662025015,
              41.593326871834684
            ],
            [
              -7.95217709835085,
              41.59352310848687
            ],
            [
              -7.951931084697823,
              41.59370424014392
            ],
            [
              -7.951609864907761,
              41.59384356544717
            ],
            [
              -7.9512231884731674,
              41.593887436251336
            ],
            [
              -7.9507313465886575,
              41.59396400518165
            ],
            [
              -7.950385616175254,
              41.59403297379418
            ],
            [
              -7.950018424784974,
              41.5941836571668
            ],
            [
              -7.949653709470451,
              41.59438989342517
            ],
            [
              -7.949354016674673,
              41.59455121667436
            ],
            [
              -7.94917054841781,
              41.594621785096976
            ],
            [
              -7.948685965640541,
              41.594845025296664
            ],
            [
              -7.947984674975506,
              41.59531182754024
            ],
            [
              -7.947091515906862,
              41.595849716295156
            ],
            [
              -7.946713630729259,
              41.59608491644771
            ],
            [
              -7.946360368356481,
              41.59609587601937
            ],
            [
              -7.94565159868858,
              41.59589782708565
            ],
            [
              -7.944918934771022,
              41.59566840090989
            ],
            [
              -7.9441680505889165,
              41.595519257581785
            ],
            [
              -7.943597245749236,
              41.5953140350804
            ],
            [
              -7.942989400602515,
              41.595143955646954
            ],
            [
              -7.941962701743159,
              41.59481868567672
            ],
            [
              -7.941112717951699,
              41.59456176340619
            ],
            [
              -7.94055564835689,
              41.594505197947235
            ],
            [
              -7.940184116643942,
              41.5945324046404
            ],
            [
              -7.939106614512539,
              41.5947259006166
            ],
            [
              -7.938103352298684,
              41.59483559618115
            ],
            [
              -7.936134493443944,
              41.594971831424054
            ],
            [
              -7.9344253232497195,
              41.595136389858865
            ],
            [
              -7.932939261763071,
              41.59521739799407
            ],
            [
              -7.932122056494801,
              41.5952719888014
            ],
            [
              -7.931639231060146,
              41.59521515156528
            ],
            [
              -7.93085934614158,
              41.59518588435204
            ],
            [
              -7.930154262229154,
              41.59501727847962
            ],
            [
              -7.929561003010278,
              41.594681845956586
            ],
            [
              -7.928820016829856,
              41.594066591293085
            ],
            [
              -7.928264124524074,
              41.59367503985103
            ],
            [
              -7.927671499669635,
              41.593144223800394
            ],
            [
              -7.926892872375965,
              41.59272444513897
            ],
            [
              -7.926002930739314,
              41.5922763727779
            ],
            [
              -7.925038429026265,
              41.591856346473485
            ],
            [
              -7.923851430025785,
              41.59140799674288
            ],
            [
              -7.923220789213965,
              41.59115556834231
            ],
            [
              -7.9225900925160175,
              41.59095913849196
            ],
            [
              -7.921453671598114,
              41.590681115646255
            ],
            [
              -7.920760790392828,
              41.590506171042335
            ],
            [
              -7.9199755487739845,
              41.59022706372864
            ],
            [
              -7.918744564476944,
              41.58979118391658
            ],
            [
              -7.9171357439422785,
              41.58926887912882
            ],
            [
              -7.916044830584049,
              41.58895261979818
            ],
            [
              -7.915587826208254,
              41.58879500881966
            ],
            [
              -7.915449770028646,
              41.5886211651379
            ],
            [
              -7.915081304481113,
              41.5882037845656
            ],
            [
              -7.914638037151866,
              41.58788359523112
            ],
            [
              -7.914365476205059,
              41.58780124052217
            ],
            [
              -7.913682935709344,
              41.58781372822216
            ],
            [
              -7.9128628707910424,
              41.58788699363307
            ],
            [
              -7.912261567504483,
              41.587955362317636
            ],
            [
              -7.911337052045455,
              41.587919025650564
            ],
            [
              -7.909766126842193,
              41.58760340949019
            ],
            [
              -7.907779196544215,
              41.58728696452407
            ],
            [
              -7.905607244155988,
              41.58697012376282
            ],
            [
              -7.905219001027385,
              41.58694910645948
            ],
            [
              -7.904266612100531,
              41.586897983451195
            ],
            [
              -7.902231976493684,
              41.586963459533195
            ],
            [
              -7.900335091642165,
              41.58734178632008
            ],
            [
              -7.898157939627451,
              41.58844852848077
            ],
            [
              -7.896026751784891,
              41.58965967864608
            ],
            [
              -7.894429103494377,
              41.59184607819339
            ],
            [
              -7.894218660496895,
              41.59193180831602
            ],
            [
              -7.893758037807597,
              41.592314052166564
            ],
            [
              -7.89334895737101,
              41.59250507489348
            ],
            [
              -7.8928886201575175,
              41.59277224767887
            ],
            [
              -7.89263269417846,
              41.592963675068056
            ],
            [
              -7.892479112405047,
              41.59307815265446
            ],
            [
              -7.892070576185853,
              41.59315410471648
            ],
            [
              -7.8916105525120654,
              41.593268216494046
            ],
            [
              -7.891274573839777,
              41.59337546368827
            ],
            [
              -7.890812790682984,
              41.59325304420367
            ],
            [
              -7.890234001412903,
              41.59289196149978
            ],
            [
              -7.8900343454056125,
              41.59275252700336
            ],
            [
              -7.889464469098471,
              41.59241343096241
            ],
            [
              -7.889053838456209,
              41.592148939916285
            ],
            [
              -7.888471509065729,
              41.59177739647818
            ],
            [
              -7.887673183121017,
              41.591342458737586
            ],
            [
              -7.886758223921222,
              41.59070153286843
            ],
            [
              -7.886446303022345,
              41.59041059385343
            ],
            [
              -7.88587836602245,
              41.58976086003788
            ],
            [
              -7.885308907237571,
              41.58907140924635
            ],
            [
              -7.8846985064399995,
              41.58858894955399
            ],
            [
              -7.8837228163077695,
              41.58807338234984
            ],
            [
              -7.883408764369118,
              41.588031380936705
            ],
            [
              -7.882787282811204,
              41.58794306817755
            ],
            [
              -7.882159058010244,
              41.58792541460671
            ],
            [
              -7.881238750404706,
              41.587952946970304
            ],
            [
              -7.8803822527075935,
              41.588039410923415
            ],
            [
              -7.880045181578585,
              41.58809017969486
            ],
            [
              -7.879381911865601,
              41.58823332546415
            ],
            [
              -7.878408497054326,
              41.58859304728601
            ],
            [
              -7.876487194722046,
              41.58955444440955
            ],
            [
              -7.875644471287739,
              41.59003481200717
            ],
            [
              -7.875270475978086,
              41.59029229001553
            ],
            [
              -7.8747722434634575,
              41.590635301054924
            ],
            [
              -7.874166549544961,
              41.59109871207808
            ],
            [
              -7.8729196441832805,
              41.59205363462169
            ],
            [
              -7.871705667485541,
              41.59247299126148
            ],
            [
              -7.870729984354658,
              41.59283318010503
            ],
            [
              -7.869838029674369,
              41.593249196121064
            ],
            [
              -7.869014131601724,
              41.59373720469159
            ],
            [
              -7.867474950215689,
              41.59456750874135
            ],
            [
              -7.866671110676555,
              41.59501134311234
            ],
            [
              -7.865942758496086,
              41.595468939230564
            ],
            [
              -7.865429517073177,
              41.59643897153297
            ],
            [
              -7.8654459186796375,
              41.596827871783546
            ],
            [
              -7.865423166921022,
              41.597139794769035
            ],
            [
              -7.865129036463694,
              41.59755723716874
            ],
            [
              -7.865042335818915,
              41.5979027765863
            ],
            [
              -7.864595110284007,
              41.598415485935156
            ],
            [
              -7.864078591824969,
              41.59897583912961
            ],
            [
              -7.863188211372496,
              41.59950047936605
            ],
            [
              -7.862860854708675,
              41.59953465183911
            ],
            [
              -7.862159758203976,
              41.599533015207406
            ],
            [
              -7.861130897350657,
              41.599636123452164
            ],
            [
              -7.860148097008057,
              41.59987943364788
            ],
            [
              -7.859305756263652,
              41.60012306101802
            ],
            [
              -7.858602795661257,
              41.60050774441253
            ],
            [
              -7.8579937731107075,
              41.60085743761258
            ],
            [
              -7.857337318162358,
              41.60141733704935
            ],
            [
              -7.8570075082662445,
              41.6019429950822
            ],
            [
              -7.856630497134697,
              41.602679308404156
            ],
            [
              -7.856111938385462,
              41.60369628056393
            ],
            [
              -7.855781277882825,
              41.604502659278296
            ],
            [
              -7.855544943407872,
              41.60509885154891
            ],
            [
              -7.855121891483939,
              41.6056245406686
            ],
            [
              -7.8544614057752264,
              41.60702697155316
            ],
            [
              -7.853801642177766,
              41.60825391944319
            ],
            [
              -7.853424558717588,
              41.60899022211887
            ],
            [
              -7.852810822141612,
              41.61035772851472
            ],
            [
              -7.852440357598754,
              41.61099887328696
            ],
            [
              -7.8519574499561635,
              41.6118699691136
            ],
            [
              -7.851773308568526,
              41.6125070607388
            ],
            [
              -7.851502538247561,
              41.61333941109417
            ],
            [
              -7.851119429799436,
              41.614457799732314
            ],
            [
              -7.850912807906624,
              41.615072868314535
            ],
            [
              -7.85084629674008,
              41.61505523883655
            ],
            [
              -7.850417962274066,
              41.614893303611574
            ],
            [
              -7.850166856040014,
              41.61480940653934
            ],
            [
              -7.849861663426709,
              41.6147191667489
            ],
            [
              -7.849613198099646,
              41.6146358169926
            ],
            [
              -7.8492829155039505,
              41.6145219242057
            ],
            [
              -7.848922756204088,
              41.61441020573131
            ],
            [
              -7.848784014620791,
              41.614365390010676
            ],
            [
              -7.8486100890990125,
              41.6143022051296
            ],
            [
              -7.848468256715856,
              41.61425125889074
            ],
            [
              -7.848395065655962,
              41.61422541992538
            ],
            [
              -7.848163751835236,
              41.614142466952714
            ],
            [
              -7.848003805154054,
              41.6140933669093
            ],
            [
              -7.8478851200215125,
              41.614072276761284
            ],
            [
              -7.847734247107619,
              41.61405920628613
            ],
            [
              -7.847635275076063,
              41.614057251668726
            ],
            [
              -7.8475490029643025,
              41.614059559331764
            ],
            [
              -7.847430688309909,
              41.614064132763104
            ],
            [
              -7.847186746927074,
              41.614043814609396
            ],
            [
              -7.847086350527519,
              41.61401205116562
            ],
            [
              -7.847009253222989,
              41.613973866586356
            ],
            [
              -7.846919374776964,
              41.613922417461076
            ],
            [
              -7.8468574583936865,
              41.61389750144674
            ],
            [
              -7.846712657416764,
              41.61389543281477
            ],
            [
              -7.846601706506915,
              41.61388903477201
            ],
            [
              -7.846473716390496,
              41.61385720922409
            ],
            [
              -7.846422462021876,
              41.61383457317411
            ],
            [
              -7.846285532328772,
              41.61376247516619
            ],
            [
              -7.846205627704016,
              41.613734726386895
            ],
            [
              -7.845988032077191,
              41.613672244274234
            ],
            [
              -7.845864498145149,
              41.61363511071513
            ],
            [
              -7.845669954241993,
              41.613569354240155
            ],
            [
              -7.845471883099197,
              41.61351258956861
            ],
            [
              -7.845334727523029,
              41.613464980714085
            ],
            [
              -7.845109180718742,
              41.61338140666875
            ],
            [
              -7.844883634477229,
              41.613298376002525
            ],
            [
              -7.8447855499361765,
              41.61325986539893
            ],
            [
              -7.84465524635708,
              41.61320786112347
            ],
            [
              -7.844462156343845,
              41.61313787002738
            ],
            [
              -7.84430381842719,
              41.61307760523248
            ],
            [
              -7.844146828654201,
              41.61301130665364
            ],
            [
              -7.844035095809855,
              41.612965198928336
            ],
            [
              -7.843779505530928,
              41.612868315842846
            ],
            [
              -7.843591977697531,
              41.61278906441094
            ],
            [
              -7.8433929248245615,
              41.612712939411985
            ],
            [
              -7.843164573414114,
              41.612640337141215
            ],
            [
              -7.8430053238844115,
              41.61259744081815
            ],
            [
              -7.84282060524593,
              41.61253476285012
            ],
            [
              -7.84260640010132,
              41.61243833728819
            ],
            [
              -7.842453950726571,
              41.612376912543475
            ],
            [
              -7.84227350589612,
              41.6122973194181
            ],
            [
              -7.8421028501744505,
              41.61222972565732
            ],
            [
              -7.84193771151709,
              41.61216232118738
            ],
            [
              -7.8418330920194625,
              41.6121091209426
            ],
            [
              -7.841683525147652,
              41.61201960835262
            ],
            [
              -7.841578330130463,
              41.61196163177445
            ],
            [
              -7.841391171694632,
              41.611855093884934
            ],
            [
              -7.841273128946538,
              41.6117996063503
            ],
            [
              -7.841123535320256,
              41.6117432273355
            ],
            [
              -7.840971841655705,
              41.611675322604015
            ],
            [
              -7.840834205834294,
              41.61159988583433
            ],
            [
              -7.840701138837415,
              41.61152418860929
            ],
            [
              -7.8406049774734665,
              41.61145840002675
            ],
            [
              -7.840503380235587,
              41.61137485851269
            ],
            [
              -7.840389138373952,
              41.61130190993485
            ],
            [
              -7.840187818608022,
              41.611223524485546
            ],
            [
              -7.8400600924942525,
              41.61118718342661
            ],
            [
              -7.839850660919457,
              41.61112524800842
            ],
            [
              -7.839625190037491,
              41.61102987037659
            ],
            [
              -7.839544666065266,
              41.61098186163828
            ],
            [
              -7.839400248626927,
              41.61086948630812
            ],
            [
              -7.83928188806121,
              41.61072459223708
            ],
            [
              -7.839191288665305,
              41.610597502633624
            ],
            [
              -7.839124840424154,
              41.61048739890364
            ],
            [
              -7.839078097709891,
              41.610424526531396
            ],
            [
              -7.839001209343106,
              41.61031484980964
            ],
            [
              -7.8388986143072055,
              41.61018745736816
            ],
            [
              -7.838826246848482,
              41.610086252837945
            ],
            [
              -7.838751022782054,
              41.61000809032676
            ],
            [
              -7.838585529038557,
              41.6098875656962
            ],
            [
              -7.838417828151224,
              41.60977792329918
            ],
            [
              -7.838287759038518,
              41.609704485463325
            ],
            [
              -7.838159849005871,
              41.60962960883104
            ],
            [
              -7.837998975402196,
              41.609549249747225
            ],
            [
              -7.837835982633454,
              41.609487247969234
            ],
            [
              -7.837721877758542,
              41.60943851783228
            ],
            [
              -7.837580501323726,
              41.60937126266859
            ],
            [
              -7.837427082128424,
              41.60928839551542
            ],
            [
              -7.837319820303474,
              41.60923716155154
            ],
            [
              -7.837157423185269,
              41.609150402963074
            ],
            [
              -7.837054322449308,
              41.60908207339831
            ],
            [
              -7.8369550304759406,
              41.60901960503422
            ],
            [
              -7.836861879965059,
              41.60895238226754
            ],
            [
              -7.83676859093718,
              41.60886408868906
            ],
            [
              -7.836743321434154,
              41.608748418281415
            ],
            [
              -7.836742163578812,
              41.60863443068533
            ],
            [
              -7.836720052108436,
              41.60853623732235
            ],
            [
              -7.836676141946099,
              41.6084584233703
            ],
            [
              -7.836626356368429,
              41.60837816055757
            ],
            [
              -7.836590159249655,
              41.608292176726295
            ],
            [
              -7.836561969812065,
              41.60818631003225
            ],
            [
              -7.836503436658953,
              41.608000239614434
            ],
            [
              -7.836466092832493,
              41.60787580441996
            ],
            [
              -7.836444874334033,
              41.607793637122604
            ],
            [
              -7.836371316170203,
              41.6076125699068
            ],
            [
              -7.836343179260495,
              41.60752156023493
            ],
            [
              -7.836329144757071,
              41.60736342139774
            ],
            [
              -7.836328798032881,
              41.60730714667657
            ],
            [
              -7.836324819992912,
              41.60720584964142
            ],
            [
              -7.836311074363105,
              41.607143327797445
            ],
            [
              -7.836279000524049,
              41.60704708581115
            ],
            [
              -7.836155992136092,
              41.606846983945026
            ],
            [
              -7.836098002540238,
              41.60675085683536
            ],
            [
              -7.836003113081698,
              41.606645724309985
            ],
            [
              -7.8358901101827305,
              41.60654072134978
            ],
            [
              -7.835761286222341,
              41.60640479747318
            ],
            [
              -7.835686063538331,
              41.606327804292995
            ],
            [
              -7.835549704208521,
              41.60621464086532
            ],
            [
              -7.835462574101688,
              41.606144277631955
            ],
            [
              -7.835313546196277,
              41.60602072239924
            ],
            [
              -7.835244440526759,
              41.60597102859197
            ],
            [
              -7.834993059542077,
              41.605800933346785
            ],
            [
              -7.834895407855644,
              41.605749273631766
            ],
            [
              -7.834784967997127,
              41.6056870409537
            ],
            [
              -7.834672777797084,
              41.605614725816864
            ],
            [
              -7.8345923369097825,
              41.60555068455247
            ],
            [
              -7.834446498224825,
              41.605438304619504
            ],
            [
              -7.834354794882654,
              41.60537162196397
            ],
            [
              -7.834171221801334,
              41.60522348997809
            ],
            [
              -7.834076357361205,
              41.60513852052565
            ],
            [
              -7.8339823735433685,
              41.60507228002137
            ],
            [
              -7.8338920048879634,
              41.60502928192259
            ],
            [
              -7.833771223385884,
              41.604972696362644
            ],
            [
              -7.8336975199118974,
              41.604932528136494
            ],
            [
              -7.8335568386963095,
              41.60484663039118
            ],
            [
              -7.833442602830033,
              41.60477655873276
            ],
            [
              -7.833351562550105,
              41.6047220319561
            ],
            [
              -7.833251554871736,
              41.604662713373806
            ],
            [
              -7.833144182542702,
              41.60458590116209
            ],
            [
              -7.8330757649027865,
              41.60454322619871
            ],
            [
              -7.832902029254314,
              41.60444625870014
            ],
            [
              -7.832811119963152,
              41.60439110337874
            ],
            [
              -7.832689385839123,
              41.604333975769535
            ],
            [
              -7.832602112642072,
              41.604243439948
            ],
            [
              -7.832565868007047,
              41.60416933861663
            ],
            [
              -7.832513009851889,
              41.60405530666495
            ],
            [
              -7.832458515347376,
              41.60395891400537
            ],
            [
              -7.832411824380346,
              41.60388703892278
            ],
            [
              -7.832337000629847,
              41.603775736969155
            ],
            [
              -7.83228130519037,
              41.6037060873917
            ],
            [
              -7.832206795459249,
              41.60363134288714
            ],
            [
              -7.8321330853984374,
              41.60356524935581
            ],
            [
              -7.832076478200778,
              41.60351170576258
            ],
            [
              -7.832017719731781,
              41.60345492328777
            ],
            [
              -7.8319651353196305,
              41.60341237825767
            ],
            [
              -7.831890741652831,
              41.603365188692685
            ],
            [
              -7.831822313096023,
              41.60332557239558
            ],
            [
              -7.8315861482626925,
              41.6031637955923
            ],
            [
              -7.831464335388274,
              41.60307227423454
            ],
            [
              -7.831370280486298,
              41.60302250721236
            ],
            [
              -7.831221669722767,
              41.602941089412376
            ],
            [
              -7.831132156181146,
              41.60289529843722
            ],
            [
              -7.831041901989753,
              41.60285427649331
            ],
            [
              -7.8309248282115576,
              41.602802200405534
            ],
            [
              -7.830725825981152,
              41.60272344154081
            ],
            [
              -7.830571760323558,
              41.60268251878459
            ],
            [
              -7.830473582422828,
              41.602668220057865
            ],
            [
              -7.830309122609317,
              41.60264276041069
            ],
            [
              -7.830182311735218,
              41.60262045738274
            ],
            [
              -7.830061493716573,
              41.60257512240466
            ],
            [
              -7.829922996821198,
              41.60248751524394
            ],
            [
              -7.8298396137445385,
              41.60243804791977
            ],
            [
              -7.829712610251862,
              41.602355063596065
            ],
            [
              -7.829646476345154,
              41.60231239260525
            ],
            [
              -7.829520935833941,
              41.60222347040449
            ],
            [
              -7.829391913502827,
              41.602032708196084
            ],
            [
              -7.829296045212003,
              41.60185796635912
            ],
            [
              -7.82916783901694,
              41.60167251551271
            ],
            [
              -7.829123920333746,
              41.60157336165803
            ],
            [
              -7.8290693442405646,
              41.60141817853353
            ],
            [
              -7.829031437180945,
              41.6013153490297
            ],
            [
              -7.8289655855858635,
              41.601160759981276
            ],
            [
              -7.828911847709,
              41.60103285833027
            ],
            [
              -7.8288726384220695,
              41.60095199609555
            ],
            [
              -7.828824994169826,
              41.60085454295478
            ],
            [
              -7.828768992163417,
              41.60074833500181
            ],
            [
              -7.828705574461934,
              41.60063814216569
            ],
            [
              -7.828648961875133,
              41.600533552295566
            ],
            [
              -7.828620239764403,
              41.60046765934362
            ],
            [
              -7.828578504237774,
              41.60036374269489
            ],
            [
              -7.828409716681525,
              41.600110926880504
            ],
            [
              -7.828356134463918,
              41.60002633305545
            ],
            [
              -7.828300262270366,
              41.599944344199955
            ],
            [
              -7.828192393765984,
              41.59979721176308
            ],
            [
              -7.828120771019505,
              41.59969771390562
            ],
            [
              -7.828070180250443,
              41.599614566665295
            ],
            [
              -7.828008380646968,
              41.599517343016224
            ],
            [
              -7.827938236374158,
              41.59940992932746
            ],
            [
              -7.827827315854554,
              41.59924901370445
            ],
            [
              -7.827783636439071,
              41.599175967004705
            ],
            [
              -7.827710324326291,
              41.59905242546943
            ],
            [
              -7.827601049616041,
              41.59889961820358
            ],
            [
              -7.827537067236245,
              41.59883390407297
            ],
            [
              -7.827474488184892,
              41.59875018087311
            ],
            [
              -7.827446648161868,
              41.59870113043842
            ],
            [
              -7.827408005500534,
              41.59862873083945
            ],
            [
              -7.82737844315835,
              41.598563916664894
            ],
            [
              -7.826810233393609,
              41.59803147518328
            ],
            [
              -7.8264944164421175,
              41.59757289606983
            ],
            [
              -7.826137346230105,
              41.59718903012432
            ],
            [
              -7.825299652889623,
              41.596554215941545
            ],
            [
              -7.824522947227314,
              41.59598699060237
            ],
            [
              -7.8239866399782825,
              41.59536431541769
            ],
            [
              -7.823249266246187,
              41.594297942587886
            ],
            [
              -7.822990600699482,
              41.59368392836944
            ],
            [
              -7.822735303555762,
              41.59316896227927
            ],
            [
              -7.822449110184069,
              41.59209010192209
            ],
            [
              -7.822325273277821,
              41.59182695761314
            ],
            [
              -7.8220531116537995,
              41.59115455882836
            ],
            [
              -7.822013484431969,
              41.5910633378489
            ],
            [
              -7.82192413466662,
              41.59088806427259
            ],
            [
              -7.821804586122916,
              41.59078195355814
            ],
            [
              -7.821625027146045,
              41.59066109057055
            ],
            [
              -7.821405134908945,
              41.59057298774212
            ],
            [
              -7.820982797686762,
              41.59043337237684
            ],
            [
              -7.820813085079333,
              41.590360078847766
            ],
            [
              -7.820598543714838,
              41.59023173979755
            ],
            [
              -7.8203788024240986,
              41.59008735512469
            ],
            [
              -7.8201946284587915,
              41.589904359055005
            ],
            [
              -7.820035396415478,
              41.589696303095224
            ],
            [
              -7.81997094377878,
              41.58955738424643
            ],
            [
              -7.819946578902764,
              41.589411642610564
            ],
            [
              -7.819957910909406,
              41.58914912753718
            ],
            [
              -7.819998766361227,
              41.589007158697264
            ],
            [
              -7.820094610646872,
              41.58882869631809
            ],
            [
              -7.820231449332183,
              41.58845262605565
            ],
            [
              -7.82025757630433,
              41.58825579261712
            ],
            [
              -7.82025876452522,
              41.5880079267842
            ],
            [
              -7.820244281288575,
              41.5879020011976
            ],
            [
              -7.82014942877744,
              41.587825307964756
            ],
            [
              -7.819990737443102,
              41.58778094145984
            ],
            [
              -7.819800592289985,
              41.58776943895788
            ],
            [
              -7.8193904267678365,
              41.58774672515092
            ],
            [
              -7.819015104739063,
              41.5877127532119
            ],
            [
              -7.818669911557035,
              41.58767156675378
            ],
            [
              -7.818270098491072,
              41.58759395200838
            ],
            [
              -7.817965067991108,
              41.587505604895064
            ],
            [
              -7.817480529680349,
              41.587314671402474
            ],
            [
              -7.817182044093704,
              41.58719005617462
            ],
            [
              -7.816599938216064,
              41.58696427842831
            ],
            [
              -7.816256150357231,
              41.586807754818565
            ],
            [
              -7.815930034855142,
              41.58656970812384
            ],
            [
              -7.815720756936388,
              41.5863746561149
            ],
            [
              -7.815574079889304,
              41.58612917673582
            ],
            [
              -7.815462679858369,
              41.58593088577563
            ],
            [
              -7.8153215120407395,
              41.585712971698506
            ],
            [
              -7.815206969773097,
              41.585568328442804
            ],
            [
              -7.815092541683776,
              41.585400275764734
            ],
            [
              -7.815091674391686,
              41.58516032834848
            ],
            [
              -7.8153716869175,
              41.584841201010455
            ],
            [
              -7.815612595263181,
              41.58469582287174
            ],
            [
              -7.815866172587682,
              41.58453445529267
            ],
            [
              -7.816100016635082,
              41.58428803599394
            ],
            [
              -7.816314260682471,
              41.58400275804792
            ],
            [
              -7.816589566931697,
              41.58371071314932
            ],
            [
              -7.816841560065073,
              41.58350431960784
            ],
            [
              -7.817129907711,
              41.58329298334634
            ],
            [
              -7.817382097874589,
              41.58309468977673
            ],
            [
              -7.817766113846167,
              41.582838593343006
            ],
            [
              -7.818017261058604,
              41.58268090671236
            ],
            [
              -7.818420361348749,
              41.58239551009088
            ],
            [
              -7.818710523371237,
              41.58220334817414
            ],
            [
              -7.819016097773332,
              41.581947845132106
            ],
            [
              -7.81928611639291,
              41.58170458200259
            ],
            [
              -7.819561455742393,
              41.581452955688015
            ],
            [
              -7.819790187810225,
              41.581216692583034
            ],
            [
              -7.819928101777661,
              41.58086448312832
            ],
            [
              -7.82002922413609,
              41.58053171405826
            ],
            [
              -7.81998486336487,
              41.58028066619962
            ],
            [
              -7.819763941395546,
              41.57993901104558
            ],
            [
              -7.819555016254348,
              41.579747659180974
            ],
            [
              -7.819121437473604,
              41.579543633189836
            ],
            [
              -7.818716773319587,
              41.57938587005649
            ],
            [
              -7.818421997052009,
              41.57929386507671
            ],
            [
              -7.818153296361485,
              41.57926531238953
            ],
            [
              -7.817846523689966,
              41.579274020988414
            ],
            [
              -7.817630871152475,
              41.57933393891869
            ],
            [
              -7.817199053403261,
              41.57948663389461
            ],
            [
              -7.816675777033064,
              41.57973028225223
            ],
            [
              -7.816575243689498,
              41.5798392187228
            ],
            [
              -7.816464127132642,
              41.580028534481215
            ],
            [
              -7.81649243655652,
              41.58042251568741
            ],
            [
              -7.816521035178878,
              41.58070701977292
            ],
            [
              -7.816559635695401,
              41.58100586456799
            ],
            [
              -7.8165387945310245,
              41.581173540851296
            ],
            [
              -7.81644823493119,
              41.58125342446931
            ],
            [
              -7.81622808624326,
              41.58127479329419
            ],
            [
              -7.816110160394328,
              41.58121117396898
            ],
            [
              -7.815689146901649,
              41.58093820223174
            ],
            [
              -7.815105343671757,
              41.580582759541706
            ],
            [
              -7.8144463513931814,
              41.580227288283524
            ],
            [
              -7.813897316544323,
              41.5799486446788
            ],
            [
              -7.813830249226883,
              41.579907943573296
            ],
            [
              -7.813292960455903,
              41.57958116164418
            ],
            [
              -7.8127903849786,
              41.57917127782349
            ],
            [
              -7.812483666318716,
              41.57882766069009
            ],
            [
              -7.812149293779777,
              41.5784990053276
            ],
            [
              -7.812120165787157,
              41.577569660848695
            ],
            [
              -7.812020819934941,
              41.57716755677252
            ],
            [
              -7.811764079633838,
              41.57675753972428
            ],
            [
              -7.81153392195982,
              41.57642880992593
            ],
            [
              -7.811374721142715,
              41.576008260258114
            ],
            [
              -7.811483209760218,
              41.575502377617
            ],
            [
              -7.811632823711967,
              41.57506953991914
            ],
            [
              -7.81155510452898,
              41.57463526152862
            ],
            [
              -7.8112080082000315,
              41.57421787740792
            ],
            [
              -7.810820349340731,
              41.573759597984036
            ],
            [
              -7.8106767165466895,
              41.57334584358766
            ],
            [
              -7.810956154207889,
              41.57289391805122
            ],
            [
              -7.811459911957272,
              41.57244261412386
            ],
            [
              -7.8119007888936824,
              41.57192865278372
            ],
            [
              -7.812311641125686,
              41.571276582480074
            ],
            [
              -7.812544496843203,
              41.57066381278051
            ],
            [
              -7.8126442742017055,
              41.570389478247456
            ],
            [
              -7.812779667430147,
              41.570016470187014
            ],
            [
              -7.8129540904695265,
              41.569360593448444
            ],
            [
              -7.8131412996394465,
              41.56873760834651
            ],
            [
              -7.813267745050943,
              41.568083575581575
            ],
            [
              -7.81340201796144,
              41.5673259305513
            ],
            [
              -7.813508049172536,
              41.56667823504395
            ],
            [
              -7.813575226609336,
              41.56593508099206
            ],
            [
              -7.813784511566176,
              41.565328814508206
            ],
            [
              -7.81412257973155,
              41.56488893103749
            ],
            [
              -7.814612828055119,
              41.564486735507955
            ],
            [
              -7.815248600059368,
              41.56425916246984
            ],
            [
              -7.816017977596369,
              41.56414206378087
            ],
            [
              -7.816689579234958,
              41.56408898118206
            ],
            [
              -7.817542067941841,
              41.564089591590246
            ],
            [
              -7.818265147993324,
              41.563900506391505
            ],
            [
              -7.818620435797557,
              41.56363559477398
            ],
            [
              -7.819245502485598,
              41.56308698623553
            ],
            [
              -7.819735750257463,
              41.56267550205596
            ],
            [
              -7.8201015733781425,
              41.56206037003249
            ],
            [
              -7.820293427993355,
              41.56147484332435
            ],
            [
              -7.820515120037334,
              41.56079062903102
            ],
            [
              -7.8209463355618825,
              41.56025949487738
            ],
            [
              -7.82143217282008,
              41.55981116326273
            ],
            [
              -7.8218203698583935,
              41.55934906235982
            ],
            [
              -7.822072617641463,
              41.5589389906315
            ],
            [
              -7.82206848998977,
              41.5588998167878
            ],
            [
              -7.822030114413786,
              41.55865112324013
            ],
            [
              -7.821840681252479,
              41.558432005129276
            ],
            [
              -7.821475186398905,
              41.558206742728395
            ],
            [
              -7.821092194331784,
              41.55793028951621
            ],
            [
              -7.820759509332951,
              41.557613364792424
            ],
            [
              -7.820530983155201,
              41.55724783194067
            ],
            [
              -7.820406450414979,
              41.5569453339654
            ],
            [
              -7.820402975860194,
              41.55669430368902
            ],
            [
              -7.820462023180759,
              41.5564798140432
            ],
            [
              -7.820748897682667,
              41.55622227798873
            ],
            [
              -7.821069278955709,
              41.556077459105786
            ],
            [
              -7.821478884168173,
              41.55594792192258
            ],
            [
              -7.821953642360478,
              41.55590561952846
            ],
            [
              -7.822537947681123,
              41.55591673140516
            ],
            [
              -7.822931684535531,
              41.55592228972892
            ],
            [
              -7.8230672180960745,
              41.55593003381263
            ],
            [
              -7.823377154426812,
              41.55593815759548
            ],
            [
              -7.824161374053842,
              41.55595483712693
            ],
            [
              -7.824645680369417,
              41.55597080441619
            ],
            [
              -7.8251680620471475,
              41.556023155839085
            ],
            [
              -7.825627952165323,
              41.55608254350342
            ],
            [
              -7.826140952304652,
              41.556167547222216
            ],
            [
              -7.826513999494535,
              41.55621463085766
            ],
            [
              -7.826919963059619,
              41.556271440347466
            ],
            [
              -7.827331366114336,
              41.55631979574483
            ],
            [
              -7.827616937338278,
              41.55633513364141
            ],
            [
              -7.828081648799391,
              41.55636534855871
            ],
            [
              -7.828129955715509,
              41.556365475789526
            ],
            [
              -7.8284345306380185,
              41.556367721987726
            ],
            [
              -7.829219497389894,
              41.556379327807406
            ],
            [
              -7.829494067163178,
              41.55641552246219
            ],
            [
              -7.830082359949414,
              41.55647243200562
            ],
            [
              -7.830765828431888,
              41.55660594330186
            ],
            [
              -7.831427190483867,
              41.55677819418643
            ],
            [
              -7.8316976652609,
              41.55682022527087
            ],
            [
              -7.832174523180417,
              41.55689295767295
            ],
            [
              -7.832562369358949,
              41.55690494760357
            ],
            [
              -7.832840521498742,
              41.556867044594874
            ],
            [
              -7.8332358238527995,
              41.55676902503545
            ],
            [
              -7.833632130577625,
              41.55660663804044
            ],
            [
              -7.834144986033213,
              41.556359191819354
            ],
            [
              -7.83454084815408,
              41.55616240170177
            ],
            [
              -7.834934957272156,
              41.555956333607114
            ],
            [
              -7.835438868707936,
              41.5557742229031
            ],
            [
              -7.835819785171925,
              41.55564888393693
            ],
            [
              -7.836259337609893,
              41.55549046765365
            ],
            [
              -7.836647889619924,
              41.55534344030759
            ],
            [
              -7.8371537890987675,
              41.55509182183872
            ],
            [
              -7.837703761450447,
              41.55474136494156
            ],
            [
              -7.838327649734891,
              41.55429214096866
            ],
            [
              -7.838724360799163,
              41.55395497364541
            ],
            [
              -7.839132258650192,
              41.55352725307773
            ],
            [
              -7.839306878618065,
              41.553318902334304
            ],
            [
              -7.839381107330176,
              41.553099041135454
            ],
            [
              -7.839366824644996,
              41.55302193342221
            ],
            [
              -7.839338057254246,
              41.552862588933074
            ],
            [
              -7.839251006701662,
              41.55273577823263
            ],
            [
              -7.839088739615961,
              41.55262390057478
            ],
            [
              -7.838937190265487,
              41.55255373838742
            ],
            [
              -7.83859397876065,
              41.55240430602744
            ],
            [
              -7.838134102105817,
              41.55223827933706
            ],
            [
              -7.837885701868414,
              41.552116902425944
            ],
            [
              -7.837653116642633,
              41.55186322211712
            ],
            [
              -7.837435548204494,
              41.55141752352892
            ],
            [
              -7.837361498821796,
              41.55106817554621
            ],
            [
              -7.837387035891438,
              41.55080182006371
            ],
            [
              -7.837541855375969,
              41.55057118349915
            ],
            [
              -7.837744659656371,
              41.55011845633576
            ],
            [
              -7.837930888846314,
              41.549674064228604
            ],
            [
              -7.8380465403668085,
              41.54933140876214
            ],
            [
              -7.838078306339282,
              41.54909090801506
            ],
            [
              -7.837951760641365,
              41.54876708628842
            ],
            [
              -7.837655011573584,
              41.548155162471396
            ],
            [
              -7.837574946913602,
              41.547890789980755
            ],
            [
              -7.837487228463117,
              41.547648909852484
            ],
            [
              -7.837304755399123,
              41.54739688450774
            ],
            [
              -7.8371196216057815,
              41.547256851616595
            ],
            [
              -7.836884248045464,
              41.547120388663934
            ],
            [
              -7.836698687794319,
              41.54707462248578
            ],
            [
              -7.836497614912041,
              41.54709292458682
            ],
            [
              -7.836261285048295,
              41.54716804360915
            ],
            [
              -7.836055157705976,
              41.54724287191395
            ],
            [
              -7.835884047836884,
              41.54731419335996
            ],
            [
              -7.835604508886099,
              41.54750759340455
            ],
            [
              -7.835201644753961,
              41.54778036022703
            ],
            [
              -7.8348765095028226,
              41.54803811088053
            ],
            [
              -7.834500523787487,
              41.548405661780095
            ],
            [
              -7.834192816967716,
              41.54870396634062
            ],
            [
              -7.833910802264304,
              41.5489117653942
            ],
            [
              -7.833684005121664,
              41.548998963526756
            ],
            [
              -7.8335123719473145,
              41.548998520093136
            ],
            [
              -7.833406849680913,
              41.54895719248263
            ],
            [
              -7.83325747125662,
              41.54886082659316
            ],
            [
              -7.833097611930289,
              41.54869834286785
            ],
            [
              -7.832672652900115,
              41.548140999096816
            ],
            [
              -7.832079846594188,
              41.54730995387943
            ],
            [
              -7.83162657290094,
              41.54655588891717
            ],
            [
              -7.831548143226142,
              41.54627963329547
            ],
            [
              -7.831633000060513,
              41.54609725856862
            ],
            [
              -7.831788528442391,
              41.54600114495785
            ],
            [
              -7.832147438563298,
              41.54590537812355
            ],
            [
              -7.832678010850954,
              41.54574892231375
            ],
            [
              -7.833307520450698,
              41.5455260023339
            ],
            [
              -7.8338910390998215,
              41.54540092110014
            ],
            [
              -7.834181192157335,
              41.54534710659693
            ],
            [
              -7.834551834160249,
              41.54530583641809
            ],
            [
              -7.835441908425838,
              41.54523555638533
            ],
            [
              -7.836602197745093,
              41.54509330161888
            ],
            [
              -7.836965026478651,
              41.54500338227579
            ],
            [
              -7.837223164329701,
              41.54490104367918
            ],
            [
              -7.837416985411514,
              41.544762250358744
            ],
            [
              -7.83754663507738,
              41.544581156865036
            ],
            [
              -7.837806074519578,
              41.54424301253967
            ],
            [
              -7.838081480291963,
              41.54387150189134
            ],
            [
              -7.838489379826152,
              41.54356389218533
            ],
            [
              -7.839056771473848,
              41.54320797856622
            ],
            [
              -7.83955114249243,
              41.54290986271628
            ],
            [
              -7.839587486786979,
              41.5429037401869
            ],
            [
              -7.840128222460699,
              41.54263499972179
            ],
            [
              -7.841014558295465,
              41.5423186029295
            ],
            [
              -7.841299671528671,
              41.54212961102229
            ],
            [
              -7.841612136546841,
              41.54185245438001
            ],
            [
              -7.841768451769087,
              41.541655306860605
            ],
            [
              -7.841796211363311,
              41.54142155283385
            ],
            [
              -7.841745067587999,
              41.54130780016255
            ],
            [
              -7.8416098884542915,
              41.54114710130077
            ],
            [
              -7.841343860875191,
              41.54095447612979
            ],
            [
              -7.840791241296667,
              41.540640747148096
            ],
            [
              -7.8400564105116155,
              41.54026082826015
            ],
            [
              -7.839656315164924,
              41.540117105374684
            ],
            [
              -7.839085447103792,
              41.53994683634962
            ],
            [
              -7.838288953059672,
              41.53963949895607
            ],
            [
              -7.837968920202838,
              41.539468066418166
            ],
            [
              -7.837805357655573,
              41.53933232698963
            ],
            [
              -7.837665919908586,
              41.53910795762106
            ],
            [
              -7.837477569107145,
              41.538782265307056
            ],
            [
              -7.83721904833681,
              41.53839300645769
            ],
            [
              -7.837117088789092,
              41.538202496977014
            ],
            [
              -7.836947847992135,
              41.537839667333856
            ],
            [
              -7.836878754754042,
              41.53753678958342
            ],
            [
              -7.836865302935084,
              41.537121415159646
            ],
            [
              -7.83694730509144,
              41.53671591971354
            ],
            [
              -7.837072273067789,
              41.53648106097128
            ],
            [
              -7.837313565453635,
              41.53633347875665
            ],
            [
              -7.837568784076624,
              41.536312163911695
            ],
            [
              -7.83787748480599,
              41.53638867051966
            ],
            [
              -7.838071906996028,
              41.53648190030987
            ],
            [
              -7.838460799821909,
              41.53665990267566
            ],
            [
              -7.838706432333412,
              41.53674516098822
            ],
            [
              -7.839567272443993,
              41.536886095382414
            ],
            [
              -7.840102230376268,
              41.536960558629445
            ],
            [
              -7.8403232642057095,
              41.536974082530584
            ],
            [
              -7.8405168917364385,
              41.53695152476653
            ],
            [
              -7.840925816095303,
              41.536832355914164
            ],
            [
              -7.84108129267291,
              41.53676665769437
            ],
            [
              -7.841413550961857,
              41.53658598475686
            ],
            [
              -7.841771139250666,
              41.536369446342846
            ],
            [
              -7.842030505553442,
              41.536196234731605
            ],
            [
              -7.842177485236862,
              41.53604588518126
            ],
            [
              -7.842560350105548,
              41.53558648622109
            ],
            [
              -7.842890428236926,
              41.5351661218953
            ],
            [
              -7.843464313060245,
              41.534429794304515
            ],
            [
              -7.843863114877196,
              41.53402085399304
            ],
            [
              -7.844050894244573,
              41.53388257782784
            ],
            [
              -7.844528847990297,
              41.53359205017776
            ],
            [
              -7.845578561287008,
              41.53333859657079
            ],
            [
              -7.846382444890419,
              41.533263786977514
            ],
            [
              -7.846832515609767,
              41.53315235191917
            ],
            [
              -7.847371838308332,
              41.532826217424265
            ],
            [
              -7.847873119014641,
              41.5326226230024
            ],
            [
              -7.8487999271213065,
              41.53249182494792
            ],
            [
              -7.849557753000598,
              41.53256147737609
            ],
            [
              -7.849941646681452,
              41.53262319253553
            ],
            [
              -7.850275190548454,
              41.5326625414405
            ],
            [
              -7.850487208290558,
              41.53262290489349
            ],
            [
              -7.850600360491177,
              41.53250325157682
            ],
            [
              -7.85081236732281,
              41.5317441280511
            ],
            [
              -7.85090316810206,
              41.531084019358545
            ],
            [
              -7.851178948318994,
              41.53031676435226
            ],
            [
              -7.851345241291666,
              41.52965188900316
            ],
            [
              -7.851547763571227,
              41.529172303743884
            ],
            [
              -7.852042569058705,
              41.52834489596208
            ],
            [
              -7.852333302772282,
              41.527857152129336
            ],
            [
              -7.852785348073689,
              41.52727471715283
            ],
            [
              -7.8528077115913115,
              41.527255320763395
            ],
            [
              -7.852873494232927,
              41.527198668030515
            ],
            [
              -7.852911979096188,
              41.52716562513418
            ],
            [
              -7.853591093562143,
              41.52713629297427
            ],
            [
              -7.854612430556374,
              41.5272110550822
            ],
            [
              -7.855082921409518,
              41.52721695468249
            ],
            [
              -7.856094660172761,
              41.52721118559059
            ],
            [
              -7.8567440438149605,
              41.52712891181284
            ],
            [
              -7.857669726858705,
              41.52673161704833
            ],
            [
              -7.858798686638782,
              41.525884076933814
            ],
            [
              -7.859657789455661,
              41.52547167083155
            ],
            [
              -7.86014002812657,
              41.525443003081634
            ],
            [
              -7.860451594346887,
              41.52545859304303
            ],
            [
              -7.861679090242641,
              41.525827564127
            ],
            [
              -7.862200874804905,
              41.52576908935619
            ],
            [
              -7.862500810587265,
              41.52567047820347
            ],
            [
              -7.86284488538106,
              41.52547319832914
            ],
            [
              -7.863463623516286,
              41.52499996411209
            ],
            [
              -7.864002722815925,
              41.52442894350096
            ],
            [
              -7.862958921844285,
              41.51908948833726
            ],
            [
              -7.862471137850159,
              41.517745088311194
            ],
            [
              -7.86153068821999,
              41.51515414551248
            ],
            [
              -7.861352168418063,
              41.5117830105406
            ],
            [
              -7.864919825109207,
              41.51059778272902
            ],
            [
              -7.871663936638137,
              41.509630159372364
            ],
            [
              -7.8885844647417604,
              41.508965939734225
            ],
            [
              -7.888613457429544,
              41.50896483447496
            ],
            [
              -7.891211608800575,
              41.509391828969626
            ],
            [
              -7.892747598615033,
              41.51065878211257
            ],
            [
              -7.892351157603181,
              41.51374758392286
            ],
            [
              -7.892357352047781,
              41.51382160648804
            ],
            [
              -7.893450812513952,
              41.51365226031959
            ],
            [
              -7.894303646959906,
              41.51321085814015
            ],
            [
              -7.89475526374535,
              41.512811658861835
            ],
            [
              -7.8948620112930525,
              41.512576880293594
            ],
            [
              -7.895136830774893,
              41.51220676459814
            ],
            [
              -7.8959989067772804,
              41.511187146881646
            ],
            [
              -7.896151965978429,
              41.51102989720461
            ],
            [
              -7.896331087786694,
              41.51071936313994
            ],
            [
              -7.896389730501652,
              41.51033484043942
            ],
            [
              -7.896436096089772,
              41.509834148463156
            ],
            [
              -7.896506914532147,
              41.50956049410879
            ],
            [
              -7.896692886964037,
              41.50917488247099
            ],
            [
              -7.896910320895397,
              41.50876736398006
            ],
            [
              -7.897294941907685,
              41.50793359283889
            ],
            [
              -7.897640652665397,
              41.50722471109794
            ],
            [
              -7.897877643816375,
              41.506737012836794
            ],
            [
              -7.897974231505689,
              41.5063894805647
            ],
            [
              -7.89794492259821,
              41.50574511810211
            ],
            [
              -7.897756866310923,
              41.50494601507476
            ],
            [
              -7.8971543394267725,
              41.50456465847905
            ],
            [
              -7.896329970196168,
              41.504225067502865
            ],
            [
              -7.895001748564767,
              41.50302296227598
            ],
            [
              -7.894506963417514,
              41.50246596525107
            ],
            [
              -7.894161019926615,
              41.50172407000493
            ],
            [
              -7.894086945698497,
              41.50085199507247
            ],
            [
              -7.894285389702582,
              41.50026158157305
            ],
            [
              -7.894483177988384,
              41.49991732504374
            ],
            [
              -7.894905093582185,
              41.4994593593214
            ],
            [
              -7.896211689875125,
              41.498437231438366
            ],
            [
              -7.897223836452871,
              41.49719425543826
            ],
            [
              -7.897607153855987,
              41.49663635133747
            ],
            [
              -7.898208104628978,
              41.49566372402707
            ],
            [
              -7.898922754058687,
              41.49494180756236
            ],
            [
              -7.899514815257597,
              41.49420469216528
            ],
            [
              -7.8995626044969605,
              41.49410007802296
            ],
            [
              -7.90006539726394,
              41.493003083469084
            ],
            [
              -7.9001129721718355,
              41.49279068981598
            ],
            [
              -7.90020086640704,
              41.492521383391654
            ],
            [
              -7.9003787976307205,
              41.492256398172835
            ],
            [
              -7.900541663801639,
              41.49208619549567
            ],
            [
              -7.900849136532054,
              41.491828226074034
            ],
            [
              -7.900990552963698,
              41.49169462242159
            ],
            [
              -7.901162484972373,
              41.491533437395844
            ],
            [
              -7.901272992804216,
              41.491437405371165
            ],
            [
              -7.901378297350911,
              41.4913557734268
            ],
            [
              -7.901487710046475,
              41.49126478474698
            ],
            [
              -7.901718770271733,
              41.491009176538434
            ],
            [
              -7.9018224680277,
              41.49087460187372
            ],
            [
              -7.9019053584652355,
              41.49076510064727
            ],
            [
              -7.902038257915176,
              41.49060104462236
            ],
            [
              -7.902225908102603,
              41.490325993455045
            ],
            [
              -7.902290287997796,
              41.490169187230926
            ],
            [
              -7.902328783545612,
              41.49001728025625
            ],
            [
              -7.9023644569407185,
              41.48988346445751
            ],
            [
              -7.902389654960167,
              41.48979987096268
            ],
            [
              -7.902441824251453,
              41.48964078647953
            ],
            [
              -7.902475484280834,
              41.489535327854135
            ],
            [
              -7.902530558971421,
              41.48940236574191
            ],
            [
              -7.902580282524461,
              41.4893256624925
            ],
            [
              -7.90264430942405,
              41.48926726211278
            ],
            [
              -7.902805494082235,
              41.48923129670476
            ],
            [
              -7.9029853429612515,
              41.48923300634555
            ],
            [
              -7.903123769654341,
              41.48923156977665
            ],
            [
              -7.903487560978603,
              41.48916224026909
            ],
            [
              -7.903771446626273,
              41.48903341848461
            ],
            [
              -7.904196254456759,
              41.48894277828741
            ],
            [
              -7.904294969286969,
              41.488172881731984
            ],
            [
              -7.904515776215448,
              41.48765812252427
            ],
            [
              -7.904636844018377,
              41.487173686968276
            ],
            [
              -7.904628681999379,
              41.486731048059674
            ],
            [
              -7.904657056958369,
              41.486421913548874
            ],
            [
              -7.904914089159271,
              41.48626422227204
            ],
            [
              -7.9053531102669305,
              41.48607492719375
            ],
            [
              -7.905535217762123,
              41.486011449337724
            ],
            [
              -7.906083561279111,
              41.4858887180821
            ],
            [
              -7.906495047489054,
              41.48576599017928
            ],
            [
              -7.906687387621944,
              41.48558061742016
            ],
            [
              -7.906721843166693,
              41.48541636829928
            ],
            [
              -7.906703280040677,
              41.48524472258626
            ],
            [
              -7.906656220143218,
              41.48507076529757
            ],
            [
              -7.906443623840162,
              41.48477655670284
            ],
            [
              -7.906115973138598,
              41.484446199779676
            ],
            [
              -7.905733103221512,
              41.48425970280166
            ],
            [
              -7.905295819260094,
              41.483950017519255
            ],
            [
              -7.905077207763401,
              41.483633918635526
            ],
            [
              -7.905030911372098,
              41.48331140012022
            ],
            [
              -7.90507978428192,
              41.48306326485641
            ],
            [
              -7.9051633554180025,
              41.48265123516219
            ],
            [
              -7.905082217276684,
              41.4823624174768
            ],
            [
              -7.904983662573753,
              41.482230228923854
            ],
            [
              -7.9044860918605195,
              41.48184100494213
            ],
            [
              -7.904099439462481,
              41.48137114940562
            ],
            [
              -7.903857338299417,
              41.481202750337594
            ],
            [
              -7.9036229183260165,
              41.48099385225764
            ],
            [
              -7.903477497103839,
              41.4808079066947
            ],
            [
              -7.903344559478099,
              41.48061289376828
            ],
            [
              -7.903256763265145,
              41.48031586157175
            ],
            [
              -7.903213645983713,
              41.47991006716747
            ],
            [
              -7.903233361344745,
              41.47971535727748
            ],
            [
              -7.903272187814145,
              41.47953481714611
            ],
            [
              -7.903483146040725,
              41.47919201346928
            ],
            [
              -7.903623917001113,
              41.47889093469791
            ],
            [
              -7.9037904142379265,
              41.478491139010686
            ],
            [
              -7.903835635744583,
              41.47829656445075
            ],
            [
              -7.903786094478508,
              41.47791137439015
            ],
            [
              -7.903685845126044,
              41.47754535505609
            ],
            [
              -7.903572266751375,
              41.47729473512967
            ],
            [
              -7.903518556328097,
              41.47717865889008
            ],
            [
              -7.903720445675944,
              41.47696297129636
            ],
            [
              -7.903775719759778,
              41.47693948864761
            ],
            [
              -7.903866779287731,
              41.47688537677055
            ],
            [
              -7.9038975179027595,
              41.476858967523356
            ],
            [
              -7.903991195357577,
              41.47674066130698
            ],
            [
              -7.904052319535466,
              41.47668739093889
            ],
            [
              -7.904099348614421,
              41.47665929793558
            ],
            [
              -7.904118682234809,
              41.47664241183392
            ],
            [
              -7.904179034635107,
              41.476570589168944
            ],
            [
              -7.904195553455456,
              41.476535689693634
            ],
            [
              -7.904214827051061,
              41.47646846906979
            ],
            [
              -7.904293983880186,
              41.47625676527255
            ],
            [
              -7.904343631517513,
              41.476025556149544
            ],
            [
              -7.90434635838721,
              41.4759994494202
            ],
            [
              -7.904507281959121,
              41.475752163537585
            ],
            [
              -7.905144820260226,
              41.47512342362603
            ],
            [
              -7.905874855992661,
              41.47426004340602
            ],
            [
              -7.905867627619625,
              41.4742394111351
            ],
            [
              -7.905855144475459,
              41.473970712402334
            ],
            [
              -7.905900612294411,
              41.473839707478064
            ],
            [
              -7.906002423716537,
              41.47361679049312
            ],
            [
              -7.906130510400795,
              41.473411574672625
            ],
            [
              -7.906422226183258,
              41.473003913793875
            ],
            [
              -7.906748383780927,
              41.472571198184184
            ],
            [
              -7.906900687114316,
              41.47235486519984
            ],
            [
              -7.907031256014208,
              41.47212246327368
            ],
            [
              -7.907167201137908,
              41.47189258923615
            ],
            [
              -7.9074053295381015,
              41.471747553007354
            ],
            [
              -7.907594181885542,
              41.47155406611193
            ],
            [
              -7.907828030253565,
              41.4713998339409
            ],
            [
              -7.908077421179182,
              41.47128606275376
            ],
            [
              -7.90812680646489,
              41.471267341228796
            ],
            [
              -7.90826386419304,
              41.47123663493596
            ],
            [
              -7.908291684072948,
              41.47122317987745
            ],
            [
              -7.908462557540258,
              41.47117425973909
            ],
            [
              -7.908554731590683,
              41.4711413063036
            ],
            [
              -7.908652575839648,
              41.47102381464778
            ],
            [
              -7.908943093610182,
              41.47050305781
            ],
            [
              -7.9090190248741425,
              41.469651176678376
            ],
            [
              -7.909866324118605,
              41.469086469518395
            ],
            [
              -7.909732568625763,
              41.467690719090044
            ],
            [
              -7.90965138193841,
              41.46706335555749
            ],
            [
              -7.909525131996786,
              41.46652513562598
            ],
            [
              -7.909415642302358,
              41.46588007455283
            ],
            [
              -7.909279183634183,
              41.46559871466955
            ],
            [
              -7.906572366844553,
              41.464004027217335
            ],
            [
              -7.902832359321989,
              41.46015385572761
            ],
            [
              -7.902588127298763,
              41.45986470677989
            ],
            [
              -7.902230167399974,
              41.45982068732787
            ],
            [
              -7.902193803597042,
              41.45981467176227
            ],
            [
              -7.902123717663188,
              41.45979958997544
            ],
            [
              -7.902085689557335,
              41.45978969845417
            ],
            [
              -7.9020515019511555,
              41.45977756545872
            ],
            [
              -7.902022587402927,
              41.45976255999531
            ],
            [
              -7.902000386420926,
              41.45974450848535
            ],
            [
              -7.901985622503699,
              41.45972224097819
            ],
            [
              -7.901975414043415,
              41.45969863023548
            ],
            [
              -7.901969994265831,
              41.459674397939835
            ],
            [
              -7.901969624525444,
              41.45964234329345
            ],
            [
              -7.9019702217267165,
              41.45960966121675
            ],
            [
              -7.90197368255179,
              41.45957815720208
            ],
            [
              -7.901982139044015,
              41.45955683673733
            ],
            [
              -7.901995137556885,
              41.4595366013638
            ],
            [
              -7.902080864137769,
              41.45945969832682
            ],
            [
              -7.902106530907683,
              41.4594448060881
            ],
            [
              -7.902231581826037,
              41.45938373963279
            ],
            [
              -7.902322274505178,
              41.45932422301861
            ],
            [
              -7.90247412527635,
              41.45923232756317
            ],
            [
              -7.9025381707093425,
              41.45919445856422
            ],
            [
              -7.902566255873132,
              41.459172904577144
            ],
            [
              -7.902604914928123,
              41.459138044188805
            ],
            [
              -7.902630131150947,
              41.459114774595434
            ],
            [
              -7.902649005232128,
              41.45909176420896
            ],
            [
              -7.9026642857444624,
              41.459069556071825
            ],
            [
              -7.902675982100187,
              41.459044816057705
            ],
            [
              -7.902682415754108,
              41.4590183583602
            ],
            [
              -7.902683467683048,
              41.45899134874762
            ],
            [
              -7.902680927646223,
              41.45896604628379
            ],
            [
              -7.9026714387836865,
              41.45894063355857
            ],
            [
              -7.902656206653089,
              41.45891503465134
            ],
            [
              -7.902636312719111,
              41.45888906444528
            ],
            [
              -7.902612097150721,
              41.458865696709516
            ],
            [
              -7.902585360955488,
              41.45884367270273
            ],
            [
              -7.902485981717167,
              41.458786389643734
            ],
            [
              -7.902450244178498,
              41.45877200448171
            ],
            [
              -7.9024153345930905,
              41.45876176186572
            ],
            [
              -7.902093391864096,
              41.45872114385072
            ],
            [
              -7.901965488802107,
              41.458709362825914
            ],
            [
              -7.901884145269533,
              41.458696869403546
            ],
            [
              -7.901667760482926,
              41.45866015212191
            ],
            [
              -7.9015946987824695,
              41.45863947439812
            ],
            [
              -7.901477944068606,
              41.45858827995473
            ],
            [
              -7.901437090839984,
              41.458565959838225
            ],
            [
              -7.9013999531391015,
              41.45854085507948
            ],
            [
              -7.901331199747587,
              41.45848777360056
            ],
            [
              -7.901106191968042,
              41.45831715698792
            ],
            [
              -7.900879744320305,
              41.458147880407104
            ],
            [
              -7.900760032659627,
              41.45805165972294
            ],
            [
              -7.9006684053447325,
              41.45797044305021
            ],
            [
              -7.900425724242985,
              41.45778880191251
            ],
            [
              -7.900159415775972,
              41.4576205255377
            ],
            [
              -7.900082371018934,
              41.45757652316366
            ],
            [
              -7.899997541693783,
              41.45753691777901
            ],
            [
              -7.89969665750622,
              41.45739873335221
            ],
            [
              -7.899649686225652,
              41.457380360102476
            ],
            [
              -7.899561985968251,
              41.457339128766016
            ],
            [
              -7.899481957586837,
              41.457293947621835
            ],
            [
              -7.899311855008626,
              41.45720014506467
            ],
            [
              -7.899177051823994,
              41.457110105645114
            ],
            [
              -7.899108898531039,
              41.457056485613215
            ],
            [
              -7.899080274654208,
              41.457028066871715
            ],
            [
              -7.899029377476822,
              41.456970250958925
            ],
            [
              -7.898879316476765,
              41.4567950058556
            ],
            [
              -7.898865500771837,
              41.45677579849637
            ],
            [
              -7.898844048656259,
              41.45675072484418
            ],
            [
              -7.898802915107306,
              41.45670643187464
            ],
            [
              -7.8987588158512025,
              41.456655472656365
            ],
            [
              -7.898733658320137,
              41.45662840877359
            ],
            [
              -7.898558451804997,
              41.45649101757017
            ],
            [
              -7.898287921187483,
              41.45636892098348
            ],
            [
              -7.898150065328889,
              41.45632902589902
            ],
            [
              -7.898018167974353,
              41.45629697622815
            ],
            [
              -7.897873353751998,
              41.45626408604013
            ],
            [
              -7.897564905687539,
              41.456169732291684
            ],
            [
              -7.8973420227105615,
              41.456111023115575
            ],
            [
              -7.897130393260215,
              41.45605287952808
            ],
            [
              -7.897093219053023,
              41.45603902818333
            ],
            [
              -7.896974056339139,
              41.45599403780885
            ],
            [
              -7.896905133806678,
              41.455955992549875
            ],
            [
              -7.896845103995658,
              41.45590968371621
            ],
            [
              -7.896631628907025,
              41.4557306083911
            ],
            [
              -7.896524943169594,
              41.45561244229837
            ],
            [
              -7.896501228275967,
              41.45558430492269
            ],
            [
              -7.896289536069055,
              41.45537759601419
            ],
            [
              -7.896258640207715,
              41.455349166483956
            ],
            [
              -7.896177397469755,
              41.45527688325502
            ],
            [
              -7.89607310363517,
              41.4551908620255
            ],
            [
              -7.896008792047259,
              41.455135900171776
            ],
            [
              -7.89589239384276,
              41.45502230365761
            ],
            [
              -7.895754573635892,
              41.454875978624415
            ],
            [
              -7.895692393429837,
              41.45479365089528
            ],
            [
              -7.893989532818445,
              41.45342076554641
            ],
            [
              -7.89285702650593,
              41.45174857934802
            ],
            [
              -7.892181148594308,
              41.450917118983114
            ],
            [
              -7.890733683038549,
              41.4491984275109
            ],
            [
              -7.890010704783667,
              41.44791810741826
            ],
            [
              -7.890015268033092,
              41.44720150289606
            ],
            [
              -7.890032539493953,
              41.44696464614473
            ],
            [
              -7.890043303700806,
              41.446804312594004
            ],
            [
              -7.890039268857458,
              41.446568226562206
            ],
            [
              -7.8900691271702135,
              41.446325454682345
            ],
            [
              -7.890107504136987,
              41.44607567681579
            ],
            [
              -7.890108188229831,
              41.44582753636319
            ],
            [
              -7.890084013149107,
              41.445599869639764
            ],
            [
              -7.890046379499812,
              41.44535776638415
            ],
            [
              -7.890037928457614,
              41.44528184812531
            ],
            [
              -7.88997524424575,
              41.445114516339196
            ],
            [
              -7.889965885697204,
              41.445088113252574
            ],
            [
              -7.889955789075699,
              41.445068374212525
            ],
            [
              -7.889938139438889,
              41.44505114120682
            ],
            [
              -7.889918247262436,
              41.44502750706784
            ],
            [
              -7.8899134467183085,
              41.44499823505605
            ],
            [
              -7.889908668545587,
              41.44496329331803
            ],
            [
              -7.889862143553343,
              41.44482759760622
            ],
            [
              -7.889823952413447,
              41.444768722101
            ],
            [
              -7.88979976248717,
              41.444741120725126
            ],
            [
              -7.889753365483375,
              41.44469906158421
            ],
            [
              -7.8897169701572665,
              41.44467170629014
            ],
            [
              -7.889545471834587,
              41.444483705972495
            ],
            [
              -7.8894363332717585,
              41.44438947654897
            ],
            [
              -7.889404472966139,
              41.444365461313325
            ],
            [
              -7.8893694894560715,
              41.44434368773273
            ],
            [
              -7.889270124926446,
              41.444291798221606
            ],
            [
              -7.889242667799823,
              41.444273999581775
            ],
            [
              -7.889193871230276,
              41.4442357248792
            ],
            [
              -7.889170113820061,
              41.444219288256775
            ],
            [
              -7.889123722396115,
              41.4441778636474
            ],
            [
              -7.88910680424765,
              41.44415810556068
            ],
            [
              -7.889083897576104,
              41.444139783501186
            ],
            [
              -7.888994645774616,
              41.44390891709305
            ],
            [
              -7.888993391750645,
              41.44389198434418
            ],
            [
              -7.889014160964451,
              41.443810727434524
            ],
            [
              -7.8890591697163694,
              41.44367720191011
            ],
            [
              -7.8890724079529395,
              41.443655801540594
            ],
            [
              -7.88906458640394,
              41.44363579532502
            ],
            [
              -7.888785317323259,
              41.443501592357684
            ],
            [
              -7.88866945619246,
              41.443445073480646
            ],
            [
              -7.888639694617317,
              41.44343627732955
            ],
            [
              -7.88827844518935,
              41.44324274667191
            ],
            [
              -7.88821693355921,
              41.44321083367762
            ],
            [
              -7.888127088989764,
              41.44317435925535
            ],
            [
              -7.88785897256083,
              41.44303477362042
            ],
            [
              -7.8876900625958335,
              41.442958243766974
            ],
            [
              -7.8874436031728905,
              41.44281924089231
            ],
            [
              -7.887419123512732,
              41.442805146085725
            ],
            [
              -7.887393925255375,
              41.44279185649127
            ],
            [
              -7.8873574895467975,
              41.442775748967335
            ],
            [
              -7.887321886172477,
              41.44276073088491
            ],
            [
              -7.887282449854998,
              41.44274831123925
            ],
            [
              -7.887213934350353,
              41.44273349020899
            ],
            [
              -7.887095450250678,
              41.4427087462096
            ],
            [
              -7.886781888117932,
              41.44272275796514
            ],
            [
              -7.88673770600191,
              41.44272968732276
            ],
            [
              -7.886676747711793,
              41.44274477790762
            ],
            [
              -7.886495045398752,
              41.44279193200231
            ],
            [
              -7.886417549938548,
              41.44281175097838
            ],
            [
              -7.886303570667648,
              41.44282978719502
            ],
            [
              -7.886260972826584,
              41.44282943018593
            ],
            [
              -7.886133372748231,
              41.442808269008964
            ],
            [
              -7.885966760221818,
              41.44275640872442
            ],
            [
              -7.8858739265571165,
              41.44271884924936
            ],
            [
              -7.885797868248626,
              41.44267591620079
            ],
            [
              -7.885773385923009,
              41.44266263139194
            ],
            [
              -7.885741496876166,
              41.44264707696836
            ],
            [
              -7.885656837797087,
              41.44259935685074
            ],
            [
              -7.8851218999848705,
              41.44229802384002
            ],
            [
              -7.88509911732307,
              41.4422793392915
            ],
            [
              -7.884833277828712,
              41.44211139001402
            ],
            [
              -7.884651888566193,
              41.44201196057354
            ],
            [
              -7.884580127891071,
              41.44197210003489
            ],
            [
              -7.884307536723468,
              41.44181655767446
            ],
            [
              -7.884162997427697,
              41.44171945722909
            ],
            [
              -7.88394198496446,
              41.441530983865796
            ],
            [
              -7.883918772828411,
              41.44150023288182
            ],
            [
              -7.883903703140463,
              41.44146643549282
            ],
            [
              -7.883847048733252,
              41.441228430656345
            ],
            [
              -7.883848513798556,
              41.44118953594011
            ],
            [
              -7.883854413210138,
              41.44114849438908
            ],
            [
              -7.883889997572074,
              41.441041061817714
            ],
            [
              -7.8839287119822306,
              41.44089798583904
            ],
            [
              -7.883931257685131,
              41.44066947512044
            ],
            [
              -7.883884412493035,
              41.44052675313723
            ],
            [
              -7.883861912833823,
              41.440496904073484
            ],
            [
              -7.883833413794488,
              41.44046920024915
            ],
            [
              -7.8838014386864605,
              41.44044526873648
            ],
            [
              -7.883762389587075,
              41.4404260102316
            ],
            [
              -7.883719845937266,
              41.44041159995987
            ],
            [
              -7.883676323838151,
              41.440403043709765
            ],
            [
              -7.883632892430525,
              41.44040267851874
            ],
            [
              -7.883336880184528,
              41.44046029979373
            ],
            [
              -7.883013134094058,
              41.440512455858205
            ],
            [
              -7.882883852601427,
              41.44052739139094
            ],
            [
              -7.882794840163939,
              41.440525217788746
            ],
            [
              -7.882752020505496,
              41.440520083311995
            ],
            [
              -7.882615166387796,
              41.44047980974934
            ],
            [
              -7.8825709676254805,
              41.440461169903074
            ],
            [
              -7.882311976598026,
              41.440319070059516
            ],
            [
              -7.882043923129298,
              41.44016911643053
            ],
            [
              -7.881802868808568,
              41.44003155744469
            ],
            [
              -7.881535183576958,
              41.4398804320168
            ],
            [
              -7.881268316466817,
              41.439734352658526
            ],
            [
              -7.880953269151277,
              41.439640836506946
            ],
            [
              -7.880858241311249,
              41.43961559994911
            ],
            [
              -7.880715262020975,
              41.439583235055046
            ],
            [
              -7.880404866598445,
              41.439554650480645
            ],
            [
              -7.8800823361772725,
              41.43951063804956
            ],
            [
              -7.879771295409515,
              41.439463857895255
            ],
            [
              -7.879453932823689,
              41.43941301299155
            ],
            [
              -7.87913752198205,
              41.439363703583844
            ],
            [
              -7.879003362336979,
              41.43933999980923
            ],
            [
              -7.87883213301495,
              41.43931009037567
            ],
            [
              -7.8785300383942785,
              41.43927062162604
            ],
            [
              -7.878203859629411,
              41.43921110998612
            ],
            [
              -7.878112620859605,
              41.43919740549273
            ],
            [
              -7.87804622483879,
              41.4392240008978
            ],
            [
              -7.878014737972621,
              41.43922978364376
            ],
            [
              -7.877898079884833,
              41.4392295267172
            ],
            [
              -7.87781363288943,
              41.43922096839581
            ],
            [
              -7.877693461354309,
              41.43920098214524
            ],
            [
              -7.877653029811008,
              41.43919774369935
            ],
            [
              -7.8776057621708775,
              41.43919854002755
            ],
            [
              -7.8772856343967685,
              41.439213048871274
            ],
            [
              -7.8771416083481105,
              41.43923551297523
            ],
            [
              -7.876826096296339,
              41.43929388267558
            ],
            [
              -7.876520688697342,
              41.439338223405315
            ],
            [
              -7.87622019212975,
              41.439381139062455
            ],
            [
              -7.875911675374583,
              41.43945419918662
            ],
            [
              -7.875819928824885,
              41.43947821102466
            ],
            [
              -7.875769037492175,
              41.43948908650259
            ],
            [
              -7.87545757992909,
              41.43954971159806
            ],
            [
              -7.8751570729342495,
              41.43959514015166
            ],
            [
              -7.875098806803327,
              41.43959249019387
            ],
            [
              -7.875014244030976,
              41.43958473991257
            ],
            [
              -7.874965581072457,
              41.43957643535029
            ],
            [
              -7.874918481078155,
              41.439565347557284
            ],
            [
              -7.874832195529989,
              41.43953823301546
            ],
            [
              -7.874788916758621,
              41.43952940743276
            ],
            [
              -7.874743226035103,
              41.43952534039904
            ],
            [
              -7.874427745854731,
              41.439544356393775
            ],
            [
              -7.87411536871629,
              41.43959542981482
            ],
            [
              -7.873791749362602,
              41.43964504001924
            ],
            [
              -7.873484856064396,
              41.439700356836894
            ],
            [
              -7.873272669432489,
              41.439741209459925
            ],
            [
              -7.873221191546506,
              41.43974838907129
            ],
            [
              -7.8730761702597025,
              41.43977822725888
            ],
            [
              -7.872938018421419,
              41.43982599592626
            ],
            [
              -7.872662224925773,
              41.43997484080691
            ],
            [
              -7.8725362269092765,
              41.44003668444095
            ],
            [
              -7.872230136877007,
              41.44012972440613
            ],
            [
              -7.871907362385121,
              41.440206343918966
            ],
            [
              -7.871864818271798,
              41.44022317381266
            ],
            [
              -7.8716219218901555,
              41.44037425362878
            ],
            [
              -7.871373636639401,
              41.44052315252045
            ],
            [
              -7.871315487722436,
              41.44055309875161
            ],
            [
              -7.871285378595155,
              41.44057184755157
            ],
            [
              -7.871352999134145,
              41.4406584373776
            ],
            [
              -7.871076581545053,
              41.44078098372735
            ],
            [
              -7.869361449732974,
              41.441433834678556
            ],
            [
              -7.869180970488277,
              41.44150239269162
            ],
            [
              -7.86496911383092,
              41.44283475450914
            ],
            [
              -7.864904560257889,
              41.44290717659757
            ],
            [
              -7.863874046558259,
              41.4434056670535
            ],
            [
              -7.861624756663565,
              41.443962532285475
            ],
            [
              -7.86114333438488,
              41.44402731384805
            ],
            [
              -7.86058367835379,
              41.443996466475156
            ],
            [
              -7.860150011329294,
              41.443972664720214
            ],
            [
              -7.859032532861217,
              41.443962648095294
            ],
            [
              -7.8580686230076715,
              41.443913726241036
            ],
            [
              -7.856823190869026,
              41.44414063293011
            ],
            [
              -7.85656094317371,
              41.44421338932126
            ],
            [
              -7.856058271908421,
              41.44434922682529
            ],
            [
              -7.855103141141031,
              41.44428814416622
            ],
            [
              -7.854812321323245,
              41.44381924678832
            ],
            [
              -7.854257426579398,
              41.443288940457435
            ],
            [
              -7.853824336810744,
              41.442904423435834
            ],
            [
              -7.853693742767479,
              41.44274762616979
            ],
            [
              -7.853555735633539,
              41.44250373915276
            ],
            [
              -7.8497752513453145,
              41.44030861296665
            ],
            [
              -7.84867221057885,
              41.439578675969415
            ],
            [
              -7.8476503195988565,
              41.4390941878352
            ],
            [
              -7.846998796173356,
              41.438769523583474
            ],
            [
              -7.846071532135546,
              41.43845911992614
            ],
            [
              -7.8460312271031,
              41.43845478931114
            ],
            [
              -7.845989357517145,
              41.43845387537179
            ],
            [
              -7.84595344386523,
              41.43845738911126
            ],
            [
              -7.845919782161814,
              41.438465767884054
            ],
            [
              -7.8458911394751665,
              41.438476680278704
            ],
            [
              -7.845856021698346,
              41.43849100249581
            ],
            [
              -7.845817953117212,
              41.438495049247635
            ],
            [
              -7.8457828984838605,
              41.43849532006126
            ],
            [
              -7.84574460804628,
              41.438494866969094
            ],
            [
              -7.845478767037046,
              41.43835239698769
            ],
            [
              -7.8453660959973,
              41.43828936142375
            ],
            [
              -7.845251236435105,
              41.43823316416326
            ],
            [
              -7.845221373460163,
              41.438221834521784
            ],
            [
              -7.845087981658571,
              41.43818935840672
            ],
            [
              -7.84476624783982,
              41.43816127417197
            ],
            [
              -7.844465797312999,
              41.43816277984326
            ],
            [
              -7.844168337900764,
              41.43819157236121
            ],
            [
              -7.842237141730197,
              41.437982175268964
            ],
            [
              -7.842136458466961,
              41.43791385002558
            ],
            [
              -7.842053608049061,
              41.437845573411494
            ],
            [
              -7.841939017864828,
              41.437756690142564
            ],
            [
              -7.841809600709162,
              41.43766542459271
            ],
            [
              -7.8416982464997895,
              41.43757654927509
            ],
            [
              -7.841663536848966,
              41.43755143131319
            ],
            [
              -7.8414038457322395,
              41.4374286833968
            ],
            [
              -7.841129488167375,
              41.437321837337166
            ],
            [
              -7.84098156587775,
              41.437249165631656
            ],
            [
              -7.840936578175284,
              41.437221500248974
            ],
            [
              -7.840872430719395,
              41.437143998021476
            ],
            [
              -7.836855053540442,
              41.43431848014969
            ],
            [
              -7.832666378886842,
              41.43271239613571
            ],
            [
              -7.832193569278296,
              41.432631036181846
            ],
            [
              -7.83165530640612,
              41.43229280312517
            ],
            [
              -7.829783107943583,
              41.43021037457627
            ],
            [
              -7.829458257932098,
              41.4294436564628
            ],
            [
              -7.829032671474993,
              41.42875482899989
            ],
            [
              -7.8276710052717755,
              41.427623604580624
            ],
            [
              -7.827273285431548,
              41.42732938755458
            ],
            [
              -7.826739921934087,
              41.42710909690522
            ],
            [
              -7.825907381820404,
              41.42698759081514
            ],
            [
              -7.823836458267295,
              41.42251959889316
            ],
            [
              -7.821320058947313,
              41.41615379023142
            ],
            [
              -7.8207715127171475,
              41.4144714715332
            ],
            [
              -7.82039076184399,
              41.414154232333615
            ],
            [
              -7.819989035577059,
              41.41394632580457
            ],
            [
              -7.81870380775767,
              41.41370928684693
            ],
            [
              -7.8122330505621855,
              41.41274622865957
            ],
            [
              -7.809604055443512,
              41.41244908219689
            ],
            [
              -7.805786842802014,
              41.412246484544156
            ],
            [
              -7.7947130686271855,
              41.41165758471374
            ],
            [
              -7.788743638153022,
              41.411401115136194
            ],
            [
              -7.788687376491727,
              41.41141049184296
            ]
          ]
        ]
      },
      "properties": {
        "fid": 5,
        "id": 5,
        "codigo": "11B",
        "nuts3": "Alto Tâmega e Barroso",
        "nuts2": "Norte",
        "nuts1": "Continente",
        "area_ha": 292190.84,
        "perimetro_km": 363,
        "n_municipios": 6,
        "n_freguesias": 118
      },
      "id": 5
    }
  ]
}