{
  "type": "FeatureCollection",
  "features": [
    {
      "type": "Feature",
      "geometry": {
        "type": "MultiPolygon",
        "coordinates": [
          [
            [
              [
                -6.4427488,
                40.3719652
              ],
              [
                -6.4448965,
                40.3713607
              ],
              [
                -6.4470673,
                40.3709807
              ],
              [
                -6.4488861,
                40.3708543
              ],
              [
                -6.450241,
                40.3708679
              ],
              [
                -6.452891,
                40.3708788
              ],
              [
                -6.4553283,
                40.3711031
              ],
              [
                -6.4574188,
                40.3714548
              ],
              [
                -6.4608988,
                40.3724943
              ],
              [
                -6.4620761,
                40.3727202
              ],
              [
                -6.4632127,
                40.3728392
              ],
              [
                -6.465792,
                40.3726177
              ],
              [
                -6.4675432,
                40.372322
              ],
              [
                -6.4685839,
                40.3719485
              ],
              [
                -6.4707402,
                40.37083
              ],
              [
                -6.4713776,
                40.3706307
              ],
              [
                -6.4747189,
                40.3701159
              ],
              [
                -6.4759856,
                40.3693302
              ],
              [
                -6.4777902,
                40.3684743
              ],
              [
                -6.4789542,
                40.3677548
              ],
              [
                -6.4806628,
                40.3664064
              ],
              [
                -6.4826227,
                40.3651405
              ],
              [
                -6.4858452,
                40.363242
              ],
              [
                -6.48818,
                40.3630814
              ],
              [
                -6.4912146,
                40.3625664
              ],
              [
                -6.4934348,
                40.3620129
              ],
              [
                -6.4974309,
                40.3607391
              ],
              [
                -6.5015728,
                40.3592924
              ],
              [
                -6.5027389,
                40.3588851
              ],
              [
                -6.5092009,
                40.3568156
              ],
              [
                -6.5128353,
                40.3553901
              ],
              [
                -6.5154591,
                40.3544547
              ],
              [
                -6.5163778,
                40.3542376
              ],
              [
                -6.5180462,
                40.353043
              ],
              [
                -6.5210566,
                40.352528
              ],
              [
                -6.523232,
                40.3520293
              ],
              [
                -6.5268103,
                40.3508934
              ],
              [
                -6.5298549,
                40.3497047
              ],
              [
                -6.5305492,
                40.3494552
              ],
              [
                -6.5323831,
                40.3488671
              ],
              [
                -6.5345213,
                40.3474604
              ],
              [
                -6.5349549,
                40.3473224
              ],
              [
                -6.5351688,
                40.3473083
              ],
              [
                -6.5362841,
                40.3472443
              ],
              [
                -6.5367645,
                40.3467523
              ],
              [
                -6.5386039,
                40.3452369
              ],
              [
                -6.5405616,
                40.3441862
              ],
              [
                -6.5415191,
                40.3435895
              ],
              [
                -6.5434716,
                40.3422147
              ],
              [
                -6.5462398,
                40.3397881
              ],
              [
                -6.5480286,
                40.3384362
              ],
              [
                -6.5529621,
                40.3351144
              ],
              [
                -6.5550179,
                40.333475
              ],
              [
                -6.5569669,
                40.3318209
              ],
              [
                -6.5582016,
                40.3306841
              ],
              [
                -6.5593208,
                40.3298121
              ],
              [
                -6.5601764,
                40.3292994
              ],
              [
                -6.5604104,
                40.329049
              ],
              [
                -6.5602153,
                40.3262361
              ],
              [
                -6.5607876,
                40.3248135
              ],
              [
                -6.5612042,
                40.3240081
              ],
              [
                -6.5615307,
                40.322611
              ],
              [
                -6.5624298,
                40.3204669
              ],
              [
                -6.5628503,
                40.3190669
              ],
              [
                -6.5630012,
                40.3167927
              ],
              [
                -6.5631444,
                40.316383
              ],
              [
                -6.563482,
                40.3158683
              ],
              [
                -6.5647454,
                40.3146134
              ],
              [
                -6.5640064,
                40.3139347
              ],
              [
                -6.5639295,
                40.3138641
              ],
              [
                -6.5577094,
                40.3072201
              ],
              [
                -6.5567372,
                40.3064035
              ],
              [
                -6.556157,
                40.3047642
              ],
              [
                -6.5560201,
                40.304174
              ],
              [
                -6.5568098,
                40.3024115
              ],
              [
                -6.5575475,
                40.3012269
              ],
              [
                -6.5594054,
                40.2965135
              ],
              [
                -6.5595912,
                40.2957963
              ],
              [
                -6.5595154,
                40.2952492
              ],
              [
                -6.5585362,
                40.2942977
              ],
              [
                -6.5574988,
                40.2931318
              ],
              [
                -6.5569583,
                40.2920227
              ],
              [
                -6.5561755,
                40.2907769
              ],
              [
                -6.5573435,
                40.2906239
              ],
              [
                -6.5583335,
                40.2902151
              ],
              [
                -6.5590069,
                40.2896
              ],
              [
                -6.5601146,
                40.2887463
              ],
              [
                -6.5617398,
                40.2876695
              ],
              [
                -6.5643279,
                40.2856713
              ],
              [
                -6.5665667,
                40.2844134
              ],
              [
                -6.5684265,
                40.2831041
              ],
              [
                -6.5688091,
                40.2827771
              ],
              [
                -6.5695347,
                40.281818
              ],
              [
                -6.5700998,
                40.280936
              ],
              [
                -6.5705366,
                40.2800759
              ],
              [
                -6.5710449,
                40.2794568
              ],
              [
                -6.5713373,
                40.2792046
              ],
              [
                -6.5746759,
                40.2776243
              ],
              [
                -6.5768813,
                40.2770787
              ],
              [
                -6.5794406,
                40.276333
              ],
              [
                -6.583085,
                40.274761
              ],
              [
                -6.583599,
                40.2744749
              ],
              [
                -6.5855183,
                40.272524
              ],
              [
                -6.587022,
                40.2707212
              ],
              [
                -6.5923871,
                40.2707886
              ],
              [
                -6.5955737,
                40.2712389
              ],
              [
                -6.5966182,
                40.2714225
              ],
              [
                -6.5974175,
                40.2716408
              ],
              [
                -6.5986581,
                40.2710888
              ],
              [
                -6.6013891,
                40.2702652
              ],
              [
                -6.6029437,
                40.2696494
              ],
              [
                -6.604725,
                40.2690985
              ],
              [
                -6.606831,
                40.2682402
              ],
              [
                -6.6100006,
                40.2672676
              ],
              [
                -6.6139126,
                40.2663258
              ],
              [
                -6.6148039,
                40.2660638
              ],
              [
                -6.6192077,
                40.2664122
              ],
              [
                -6.6225488,
                40.2664516
              ],
              [
                -6.6252354,
                40.2665655
              ],
              [
                -6.6327005,
                40.2648
              ],
              [
                -6.634597,
                40.2646503
              ],
              [
                -6.6349866,
                40.2648992
              ],
              [
                -6.6355885,
                40.2656008
              ],
              [
                -6.6360949,
                40.2664945
              ],
              [
                -6.6369366,
                40.2670624
              ],
              [
                -6.6384989,
                40.2679138
              ],
              [
                -6.6399521,
                40.2689217
              ],
              [
                -6.6407504,
                40.2686805
              ],
              [
                -6.6423828,
                40.2679896
              ],
              [
                -6.6430554,
                40.2678153
              ],
              [
                -6.6445524,
                40.267669
              ],
              [
                -6.6471602,
                40.2671904
              ],
              [
                -6.6492251,
                40.2668911
              ],
              [
                -6.6545672,
                40.2658847
              ],
              [
                -6.659979,
                40.265083
              ],
              [
                -6.6632502,
                40.264484
              ],
              [
                -6.6697513,
                40.2633951
              ],
              [
                -6.6717528,
                40.2632324
              ],
              [
                -6.6723353,
                40.2627006
              ],
              [
                -6.6733987,
                40.261496
              ],
              [
                -6.6762895,
                40.2590895
              ],
              [
                -6.6777233,
                40.2579992
              ],
              [
                -6.6776923,
                40.2574288
              ],
              [
                -6.6776779,
                40.2571631
              ],
              [
                -6.6777645,
                40.2509552
              ],
              [
                -6.6827305,
                40.2486806
              ],
              [
                -6.6848098,
                40.2480109
              ],
              [
                -6.6870816,
                40.247209
              ],
              [
                -6.6882545,
                40.2467303
              ],
              [
                -6.6884588,
                40.2465977
              ],
              [
                -6.689769,
                40.2447546
              ],
              [
                -6.6901371,
                40.2426625
              ],
              [
                -6.6914864,
                40.2429998
              ],
              [
                -6.6923412,
                40.2432135
              ],
              [
                -6.6928638,
                40.2437462
              ],
              [
                -6.6930458,
                40.2438678
              ],
              [
                -6.6952055,
                40.2453104
              ],
              [
                -6.6961525,
                40.2458655
              ],
              [
                -6.6966746,
                40.2463892
              ],
              [
                -6.6972681,
                40.2464963
              ],
              [
                -6.6979516,
                40.2467446
              ],
              [
                -6.6990536,
                40.2475559
              ],
              [
                -6.6995533,
                40.2480982
              ],
              [
                -6.7005757,
                40.2489571
              ],
              [
                -6.7019936,
                40.2499564
              ],
              [
                -6.7032195,
                40.2510969
              ],
              [
                -6.7034826,
                40.2516108
              ],
              [
                -6.7039939,
                40.2534406
              ],
              [
                -6.7049457,
                40.2549411
              ],
              [
                -6.7061675,
                40.2566491
              ],
              [
                -6.7082045,
                40.2588623
              ],
              [
                -6.7093734,
                40.2598154
              ],
              [
                -6.7097119,
                40.2602008
              ],
              [
                -6.7098572,
                40.2604933
              ],
              [
                -6.7099459,
                40.2610399
              ],
              [
                -6.7097585,
                40.2623427
              ],
              [
                -6.7100841,
                40.2635661
              ],
              [
                -6.7101263,
                40.2641231
              ],
              [
                -6.7100713,
                40.2650525
              ],
              [
                -6.7103337,
                40.2657645
              ],
              [
                -6.7115258,
                40.2669241
              ],
              [
                -6.7130179,
                40.2673354
              ],
              [
                -6.7135945,
                40.2675601
              ],
              [
                -6.7148207,
                40.2682681
              ],
              [
                -6.7161388,
                40.2687211
              ],
              [
                -6.7182247,
                40.2692394
              ],
              [
                -6.7185753,
                40.2692011
              ],
              [
                -6.7199066,
                40.2686088
              ],
              [
                -6.7229929,
                40.2670054
              ],
              [
                -6.7250272,
                40.2661564
              ],
              [
                -6.7267385,
                40.2649935
              ],
              [
                -6.727482,
                40.2637627
              ],
              [
                -6.7281842,
                40.2628484
              ],
              [
                -6.7285915,
                40.2621328
              ],
              [
                -6.7289605,
                40.2617877
              ],
              [
                -6.7311619,
                40.2603477
              ],
              [
                -6.7338007,
                40.2581011
              ],
              [
                -6.73522,
                40.2571906
              ],
              [
                -6.7376643,
                40.2567514
              ],
              [
                -6.7406044,
                40.25635
              ],
              [
                -6.7414295,
                40.2561792
              ],
              [
                -6.7420195,
                40.2558008
              ],
              [
                -6.7443131,
                40.2543297
              ],
              [
                -6.7449444,
                40.2538409
              ],
              [
                -6.7455008,
                40.2532735
              ],
              [
                -6.7459066,
                40.252747
              ],
              [
                -6.7464055,
                40.2524156
              ],
              [
                -6.7472798,
                40.2520721
              ],
              [
                -6.7483324,
                40.2515516
              ],
              [
                -6.7489471,
                40.2511848
              ],
              [
                -6.7495613,
                40.2508183
              ],
              [
                -6.7496893,
                40.2507725
              ],
              [
                -6.7510021,
                40.2503033
              ],
              [
                -6.7514439,
                40.2502169
              ],
              [
                -6.7517765,
                40.2498548
              ],
              [
                -6.7522564,
                40.2491362
              ],
              [
                -6.7522867,
                40.2490908
              ],
              [
                -6.7534256,
                40.2481047
              ],
              [
                -6.7555505,
                40.246265
              ],
              [
                -6.7556111,
                40.2452363
              ],
              [
                -6.7556105,
                40.2451881
              ],
              [
                -6.7555746,
                40.2424028
              ],
              [
                -6.7555683,
                40.2419145
              ],
              [
                -6.7553669,
                40.2393364
              ],
              [
                -6.7556025,
                40.2389235
              ],
              [
                -6.7557922,
                40.2389797
              ],
              [
                -6.7563954,
                40.2391584
              ],
              [
                -6.7566563,
                40.2392357
              ],
              [
                -6.7570597,
                40.2393552
              ],
              [
                -6.7578792,
                40.239598
              ],
              [
                -6.7580092,
                40.2396365
              ],
              [
                -6.7586065,
                40.2398135
              ],
              [
                -6.7591912,
                40.2399867
              ],
              [
                -6.7629637,
                40.2411043
              ],
              [
                -6.7634222,
                40.2412402
              ],
              [
                -6.7634796,
                40.2412572
              ],
              [
                -6.7657199,
                40.2419209
              ],
              [
                -6.7676649,
                40.2424971
              ],
              [
                -6.7692049,
                40.2429533
              ],
              [
                -6.7774567,
                40.2453979
              ],
              [
                -6.7779616,
                40.2454948
              ],
              [
                -6.7780982,
                40.245521
              ],
              [
                -6.7782036,
                40.2457247
              ],
              [
                -6.7778901,
                40.2460052
              ],
              [
                -6.7796337,
                40.2477673
              ],
              [
                -6.7815528,
                40.2490914
              ],
              [
                -6.7834969,
                40.2493881
              ],
              [
                -6.7849478,
                40.2490614
              ],
              [
                -6.786603,
                40.2490251
              ],
              [
                -6.7885123,
                40.2489085
              ],
              [
                -6.7899091,
                40.2489456
              ],
              [
                -6.7912431,
                40.2489811
              ],
              [
                -6.7913773,
                40.2489975
              ],
              [
                -6.7919055,
                40.2490621
              ],
              [
                -6.7921977,
                40.2490979
              ],
              [
                -6.793681,
                40.2492793
              ],
              [
                -6.7960004,
                40.2497705
              ],
              [
                -6.7964662,
                40.2498249
              ],
              [
                -6.7981655,
                40.2500236
              ],
              [
                -6.7988132,
                40.2499483
              ],
              [
                -6.8021591,
                40.2495591
              ],
              [
                -6.8018454,
                40.2484706
              ],
              [
                -6.8008169,
                40.2449022
              ],
              [
                -6.8006792,
                40.2443309
              ],
              [
                -6.8001279,
                40.242043
              ],
              [
                -6.8004641,
                40.2421888
              ],
              [
                -6.8016335,
                40.2426959
              ],
              [
                -6.8021979,
                40.2425346
              ],
              [
                -6.8034148,
                40.242187
              ],
              [
                -6.8058693,
                40.241737
              ],
              [
                -6.8066916,
                40.2415208
              ],
              [
                -6.8070166,
                40.2420774
              ],
              [
                -6.8074514,
                40.2424954
              ],
              [
                -6.8079867,
                40.24282
              ],
              [
                -6.8085766,
                40.2430707
              ],
              [
                -6.8092517,
                40.2425351
              ],
              [
                -6.80994,
                40.2437012
              ],
              [
                -6.810566,
                40.244383
              ],
              [
                -6.8119212,
                40.2442393
              ],
              [
                -6.8136284,
                40.2438768
              ],
              [
                -6.8144353,
                40.2438051
              ],
              [
                -6.8153992,
                40.2438093
              ],
              [
                -6.8163117,
                40.2437341
              ],
              [
                -6.8182416,
                40.2437785
              ],
              [
                -6.8212177,
                40.2446617
              ],
              [
                -6.8224257,
                40.2452432
              ],
              [
                -6.823268,
                40.2458007
              ],
              [
                -6.8233761,
                40.2460493
              ],
              [
                -6.8227106,
                40.2482147
              ],
              [
                -6.8255928,
                40.2486777
              ],
              [
                -6.8258473,
                40.2486062
              ],
              [
                -6.8261764,
                40.2483972
              ],
              [
                -6.82707,
                40.2481965
              ],
              [
                -6.8284096,
                40.2475667
              ],
              [
                -6.8316429,
                40.2475137
              ],
              [
                -6.8321789,
                40.2475049
              ],
              [
                -6.834522,
                40.2475802
              ],
              [
                -6.8371883,
                40.2485904
              ],
              [
                -6.8373734,
                40.2489535
              ],
              [
                -6.8375476,
                40.2499564
              ],
              [
                -6.837745,
                40.2503281
              ],
              [
                -6.8380836,
                40.2507041
              ],
              [
                -6.8387384,
                40.2510606
              ],
              [
                -6.8390506,
                40.2513834
              ],
              [
                -6.8385473,
                40.2537056
              ],
              [
                -6.8396275,
                40.2547234
              ],
              [
                -6.8398636,
                40.2551568
              ],
              [
                -6.8399355,
                40.2555957
              ],
              [
                -6.8441984,
                40.255526
              ],
              [
                -6.8446493,
                40.255394
              ],
              [
                -6.8468045,
                40.2544307
              ],
              [
                -6.8470306,
                40.2546372
              ],
              [
                -6.8474867,
                40.2550539
              ],
              [
                -6.8494342,
                40.2571122
              ],
              [
                -6.8514717,
                40.2592656
              ],
              [
                -6.8521343,
                40.2595813
              ],
              [
                -6.8535043,
                40.2606353
              ],
              [
                -6.8540215,
                40.2612119
              ],
              [
                -6.8545285,
                40.2617261
              ],
              [
                -6.8553992,
                40.2625642
              ],
              [
                -6.8560479,
                40.262979
              ],
              [
                -6.8561386,
                40.2630189
              ],
              [
                -6.857197,
                40.2634856
              ],
              [
                -6.858362,
                40.26454
              ],
              [
                -6.8590608,
                40.2651542
              ],
              [
                -6.8590903,
                40.2651801
              ],
              [
                -6.8628564,
                40.2684903
              ],
              [
                -6.8648892,
                40.270277
              ],
              [
                -6.8636973,
                40.2726583
              ],
              [
                -6.8634193,
                40.2736817
              ],
              [
                -6.8632455,
                40.2742992
              ],
              [
                -6.8627011,
                40.2761086
              ],
              [
                -6.862412,
                40.2771074
              ],
              [
                -6.8622195,
                40.2791709
              ],
              [
                -6.862857,
                40.2810618
              ],
              [
                -6.8643995,
                40.2842229
              ],
              [
                -6.8644338,
                40.2849528
              ],
              [
                -6.8645466,
                40.2862333
              ],
              [
                -6.8641504,
                40.2877114
              ],
              [
                -6.86415,
                40.2904601
              ],
              [
                -6.8641564,
                40.2918436
              ],
              [
                -6.86413,
                40.2933722
              ],
              [
                -6.864078,
                40.2951354
              ],
              [
                -6.8639191,
                40.2961873
              ],
              [
                -6.8630742,
                40.2973643
              ],
              [
                -6.8625408,
                40.2980412
              ],
              [
                -6.861783,
                40.2988833
              ],
              [
                -6.8613774,
                40.2996115
              ],
              [
                -6.8611148,
                40.2997488
              ],
              [
                -6.8610798,
                40.2997674
              ],
              [
                -6.8559034,
                40.30251
              ],
              [
                -6.8550085,
                40.3029464
              ],
              [
                -6.8542547,
                40.3033722
              ],
              [
                -6.8503585,
                40.3054263
              ],
              [
                -6.8477065,
                40.3068905
              ],
              [
                -6.8451595,
                40.3090016
              ],
              [
                -6.8442923,
                40.3099173
              ],
              [
                -6.843174,
                40.3110853
              ],
              [
                -6.8428397,
                40.3118503
              ],
              [
                -6.8402758,
                40.3134502
              ],
              [
                -6.8400549,
                40.3137229
              ],
              [
                -6.8398618,
                40.31362
              ],
              [
                -6.8396663,
                40.3135953
              ],
              [
                -6.8393574,
                40.3136245
              ],
              [
                -6.8387003,
                40.3138419
              ],
              [
                -6.8383878,
                40.3138842
              ],
              [
                -6.8380587,
                40.3138622
              ],
              [
                -6.8378037,
                40.313731
              ],
              [
                -6.8374383,
                40.3137269
              ],
              [
                -6.8372092,
                40.3138022
              ],
              [
                -6.8368973,
                40.3138263
              ],
              [
                -6.8360415,
                40.3140872
              ],
              [
                -6.8355153,
                40.3143474
              ],
              [
                -6.8352384,
                40.3144176
              ],
              [
                -6.8348308,
                40.3144269
              ],
              [
                -6.8346922,
                40.3144757
              ],
              [
                -6.834422,
                40.3146408
              ],
              [
                -6.8343282,
                40.3146981
              ],
              [
                -6.8338183,
                40.3150575
              ],
              [
                -6.833574,
                40.3152978
              ],
              [
                -6.8334809,
                40.3154332
              ],
              [
                -6.8333829,
                40.3155755
              ],
              [
                -6.8333155,
                40.3158008
              ],
              [
                -6.8332682,
                40.3159319
              ],
              [
                -6.83317,
                40.3160592
              ],
              [
                -6.8331329,
                40.3164302
              ],
              [
                -6.8330765,
                40.3165626
              ],
              [
                -6.8326006,
                40.3171541
              ],
              [
                -6.8323005,
                40.3173518
              ],
              [
                -6.8313452,
                40.3177997
              ],
              [
                -6.8311332,
                40.3179212
              ],
              [
                -6.8308934,
                40.3179322
              ],
              [
                -6.8304568,
                40.3178906
              ],
              [
                -6.8301677,
                40.3178572
              ],
              [
                -6.8299908,
                40.31792
              ],
              [
                -6.8297019,
                40.3179156
              ],
              [
                -6.8295363,
                40.3178451
              ],
              [
                -6.8293562,
                40.3175954
              ],
              [
                -6.829216,
                40.317548
              ],
              [
                -6.8291357,
                40.3175826
              ],
              [
                -6.8287943,
                40.3177297
              ],
              [
                -6.8285126,
                40.3177357
              ],
              [
                -6.8283439,
                40.3177843
              ],
              [
                -6.8281554,
                40.3179243
              ],
              [
                -6.8279058,
                40.3181894
              ],
              [
                -6.8274105,
                40.3183378
              ],
              [
                -6.8269551,
                40.3186537
              ],
              [
                -6.8268255,
                40.3188495
              ],
              [
                -6.8265557,
                40.3188647
              ],
              [
                -6.8264636,
                40.3189783
              ],
              [
                -6.8264238,
                40.3191085
              ],
              [
                -6.8262382,
                40.3191684
              ],
              [
                -6.8261457,
                40.3193096
              ],
              [
                -6.8261107,
                40.3194381
              ],
              [
                -6.8261945,
                40.3198834
              ],
              [
                -6.8261971,
                40.3202071
              ],
              [
                -6.8260677,
                40.3205695
              ],
              [
                -6.8258093,
                40.3209063
              ],
              [
                -6.825648,
                40.3215894
              ],
              [
                -6.8253176,
                40.3221423
              ],
              [
                -6.8250785,
                40.3223534
              ],
              [
                -6.8247348,
                40.3227733
              ],
              [
                -6.8246036,
                40.3228585
              ],
              [
                -6.8244626,
                40.3228927
              ],
              [
                -6.8241725,
                40.322889
              ],
              [
                -6.8240395,
                40.3228276
              ],
              [
                -6.8236613,
                40.3228023
              ],
              [
                -6.8235275,
                40.322763
              ],
              [
                -6.8232864,
                40.3227901
              ],
              [
                -6.8229411,
                40.3229145
              ],
              [
                -6.8228575,
                40.3228641
              ],
              [
                -6.8227007,
                40.3226254
              ],
              [
                -6.822496,
                40.3224511
              ],
              [
                -6.8218587,
                40.3223409
              ],
              [
                -6.8216641,
                40.3223465
              ],
              [
                -6.8215024,
                40.3223985
              ],
              [
                -6.8211382,
                40.3227551
              ],
              [
                -6.820829,
                40.3229092
              ],
              [
                -6.8203312,
                40.3232239
              ],
              [
                -6.8196468,
                40.3235397
              ],
              [
                -6.819628,
                40.3235482
              ],
              [
                -6.8194534,
                40.3236273
              ],
              [
                -6.8193319,
                40.3237745
              ],
              [
                -6.8192258,
                40.3238211
              ],
              [
                -6.8188802,
                40.3238363
              ],
              [
                -6.8187279,
                40.3239629
              ],
              [
                -6.818642,
                40.3241232
              ],
              [
                -6.8185706,
                40.3244342
              ],
              [
                -6.8184119,
                40.3247098
              ],
              [
                -6.8182165,
                40.3249097
              ],
              [
                -6.8179921,
                40.3250453
              ],
              [
                -6.8175926,
                40.325037
              ],
              [
                -6.8174298,
                40.3250856
              ],
              [
                -6.8169782,
                40.3252995
              ],
              [
                -6.8167898,
                40.3252888
              ],
              [
                -6.8166642,
                40.3250218
              ],
              [
                -6.8163346,
                40.3250039
              ],
              [
                -6.816239,
                40.3249699
              ],
              [
                -6.8161563,
                40.3248922
              ],
              [
                -6.8160471,
                40.3246616
              ],
              [
                -6.815958,
                40.3246526
              ],
              [
                -6.8158664,
                40.3246907
              ],
              [
                -6.81559,
                40.324918
              ],
              [
                -6.8154443,
                40.3249203
              ],
              [
                -6.8150766,
                40.3246965
              ],
              [
                -6.8148618,
                40.3246482
              ],
              [
                -6.8146521,
                40.3246504
              ],
              [
                -6.8142846,
                40.3247174
              ],
              [
                -6.8138073,
                40.3249572
              ],
              [
                -6.8130865,
                40.3250498
              ],
              [
                -6.8126789,
                40.3250544
              ],
              [
                -6.812333,
                40.3249679
              ],
              [
                -6.8119723,
                40.3250279
              ],
              [
                -6.8117757,
                40.3249753
              ],
              [
                -6.811458,
                40.3246736
              ],
              [
                -6.8113326,
                40.3246446
              ],
              [
                -6.8105531,
                40.324677
              ],
              [
                -6.8102518,
                40.3247607
              ],
              [
                -6.8099373,
                40.324913
              ],
              [
                -6.809733,
                40.3249474
              ],
              [
                -6.8085721,
                40.3249565
              ],
              [
                -6.8083145,
                40.3251696
              ],
              [
                -6.808151,
                40.3252549
              ],
              [
                -6.8078459,
                40.3252331
              ],
              [
                -6.8069582,
                40.3249707
              ],
              [
                -6.8062158,
                40.3246319
              ],
              [
                -6.8059419,
                40.3245417
              ],
              [
                -6.8056115,
                40.3245838
              ],
              [
                -6.8051861,
                40.3245881
              ],
              [
                -6.8044163,
                40.3244233
              ],
              [
                -6.8039966,
                40.3244368
              ],
              [
                -6.8028637,
                40.3247677
              ],
              [
                -6.8026456,
                40.3248936
              ],
              [
                -6.8024823,
                40.3249788
              ],
              [
                -6.8023383,
                40.3249727
              ],
              [
                -6.8021177,
                40.3249196
              ],
              [
                -6.8020035,
                40.3249413
              ],
              [
                -6.8016286,
                40.3251112
              ],
              [
                -6.800989,
                40.3252555
              ],
              [
                -6.8006092,
                40.3254253
              ],
              [
                -6.8001408,
                40.3261725
              ],
              [
                -6.7999783,
                40.3263
              ],
              [
                -6.7997703,
                40.3263694
              ],
              [
                -6.7991467,
                40.3263943
              ],
              [
                -6.7989782,
                40.326429
              ],
              [
                -6.7986767,
                40.3265802
              ],
              [
                -6.7983107,
                40.3266425
              ],
              [
                -6.7978161,
                40.3273014
              ],
              [
                -6.7976932,
                40.3273813
              ],
              [
                -6.7974883,
                40.3276094
              ],
              [
                -6.7968323,
                40.3280197
              ],
              [
                -6.7967751,
                40.3281451
              ],
              [
                -6.7967588,
                40.3283138
              ],
              [
                -6.7965154,
                40.3285015
              ],
              [
                -6.7962846,
                40.3284941
              ],
              [
                -6.795759,
                40.328412
              ],
              [
                -6.7951102,
                40.3282757
              ],
              [
                -6.7945391,
                40.3282775
              ],
              [
                -6.7941067,
                40.3283999
              ],
              [
                -6.7941404,
                40.3285126
              ],
              [
                -6.7941214,
                40.3286419
              ],
              [
                -6.7932764,
                40.3297053
              ],
              [
                -6.792669,
                40.3306533
              ],
              [
                -6.7926705,
                40.3307221
              ],
              [
                -6.7920966,
                40.331792
              ],
              [
                -6.791917,
                40.3320834
              ],
              [
                -6.7905536,
                40.3339089
              ],
              [
                -6.7903323,
                40.3342262
              ],
              [
                -6.7905651,
                40.3367025
              ],
              [
                -6.7906307,
                40.3378378
              ],
              [
                -6.7906441,
                40.3394566
              ],
              [
                -6.790681,
                40.3398795
              ],
              [
                -6.7907287,
                40.3410712
              ],
              [
                -6.7906211,
                40.3415312
              ],
              [
                -6.7908179,
                40.3425232
              ],
              [
                -6.7908589,
                40.3430682
              ],
              [
                -6.7910423,
                40.3438856
              ],
              [
                -6.7913193,
                40.344955
              ],
              [
                -6.7916472,
                40.34614
              ],
              [
                -6.7917457,
                40.3465319
              ],
              [
                -6.7924159,
                40.3478389
              ],
              [
                -6.7927222,
                40.3486051
              ],
              [
                -6.7933016,
                40.3493924
              ],
              [
                -6.7937921,
                40.3500874
              ],
              [
                -6.7938965,
                40.350648
              ],
              [
                -6.7939743,
                40.3514274
              ],
              [
                -6.7940219,
                40.3520409
              ],
              [
                -6.7942506,
                40.3535918
              ],
              [
                -6.7943672,
                40.353722
              ],
              [
                -6.7941306,
                40.3542122
              ],
              [
                -6.7941231,
                40.3546574
              ],
              [
                -6.7939041,
                40.3554424
              ],
              [
                -6.7934233,
                40.3564832
              ],
              [
                -6.7925357,
                40.3570491
              ],
              [
                -6.79226,
                40.3573514
              ],
              [
                -6.7915959,
                40.3578258
              ],
              [
                -6.7914165,
                40.3581748
              ],
              [
                -6.7906225,
                40.3591217
              ],
              [
                -6.7895688,
                40.3599554
              ],
              [
                -6.789221,
                40.3601636
              ],
              [
                -6.7861826,
                40.3618976
              ],
              [
                -6.78539,
                40.3623392
              ],
              [
                -6.7850282,
                40.3624545
              ],
              [
                -6.7845216,
                40.362616
              ],
              [
                -6.7834873,
                40.3627272
              ],
              [
                -6.7830851,
                40.362826
              ],
              [
                -6.7817487,
                40.363448
              ],
              [
                -6.781215,
                40.3638032
              ],
              [
                -6.7809774,
                40.3643297
              ],
              [
                -6.7809607,
                40.3645563
              ],
              [
                -6.7811367,
                40.3652408
              ],
              [
                -6.7816345,
                40.3660787
              ],
              [
                -6.7821256,
                40.3667312
              ],
              [
                -6.7825704,
                40.3674304
              ],
              [
                -6.7828046,
                40.3682145
              ],
              [
                -6.7830559,
                40.3683683
              ],
              [
                -6.7832193,
                40.3685474
              ],
              [
                -6.7840456,
                40.3696676
              ],
              [
                -6.7842143,
                40.3698848
              ],
              [
                -6.7849753,
                40.3699777
              ],
              [
                -6.7859581,
                40.3705715
              ],
              [
                -6.7864713,
                40.3705694
              ],
              [
                -6.7865864,
                40.3706812
              ],
              [
                -6.7875707,
                40.3706708
              ],
              [
                -6.7878523,
                40.3708098
              ],
              [
                -6.788711,
                40.3709868
              ],
              [
                -6.7899959,
                40.371523
              ],
              [
                -6.7908336,
                40.3717767
              ],
              [
                -6.7922727,
                40.3718153
              ],
              [
                -6.7934234,
                40.3721439
              ],
              [
                -6.7945802,
                40.3728455
              ],
              [
                -6.7948421,
                40.3730718
              ],
              [
                -6.7957797,
                40.3737513
              ],
              [
                -6.7961123,
                40.374128
              ],
              [
                -6.7962569,
                40.3744243
              ],
              [
                -6.7965109,
                40.3751304
              ],
              [
                -6.7969343,
                40.3754794
              ],
              [
                -6.7971646,
                40.3756317
              ],
              [
                -6.7970888,
                40.3757378
              ],
              [
                -6.7976425,
                40.3762691
              ],
              [
                -6.7977987,
                40.376287
              ],
              [
                -6.7979538,
                40.3766593
              ],
              [
                -6.7982811,
                40.3770809
              ],
              [
                -6.7984074,
                40.3774737
              ],
              [
                -6.7986659,
                40.3777943
              ],
              [
                -6.7993009,
                40.378331
              ],
              [
                -6.8002759,
                40.3787718
              ],
              [
                -6.8036554,
                40.3815449
              ],
              [
                -6.8052048,
                40.3820862
              ],
              [
                -6.8061226,
                40.3823077
              ],
              [
                -6.8064636,
                40.3823051
              ],
              [
                -6.8070969,
                40.3826125
              ],
              [
                -6.8085888,
                40.3838561
              ],
              [
                -6.8091852,
                40.3837331
              ],
              [
                -6.8104556,
                40.3849547
              ],
              [
                -6.8102046,
                40.3850589
              ],
              [
                -6.8094422,
                40.3853444
              ],
              [
                -6.8091811,
                40.385535
              ],
              [
                -6.8091584,
                40.385829
              ],
              [
                -6.8094567,
                40.3872796
              ],
              [
                -6.8097597,
                40.3874128
              ],
              [
                -6.8103258,
                40.3884814
              ],
              [
                -6.8110334,
                40.3894045
              ],
              [
                -6.8113071,
                40.3895894
              ],
              [
                -6.8117634,
                40.3897974
              ],
              [
                -6.8118966,
                40.389909
              ],
              [
                -6.8119917,
                40.3899882
              ],
              [
                -6.8122023,
                40.390287
              ],
              [
                -6.8124344,
                40.3907104
              ],
              [
                -6.8125119,
                40.3909438
              ],
              [
                -6.8127947,
                40.3911698
              ],
              [
                -6.8130858,
                40.3912597
              ],
              [
                -6.813143,
                40.3913707
              ],
              [
                -6.8135831,
                40.3915779
              ],
              [
                -6.8143182,
                40.3918243
              ],
              [
                -6.8152955,
                40.3921978
              ],
              [
                -6.8156525,
                40.3924581
              ],
              [
                -6.8161138,
                40.3925218
              ],
              [
                -6.8168219,
                40.3927732
              ],
              [
                -6.8174122,
                40.3931174
              ],
              [
                -6.8178701,
                40.393433
              ],
              [
                -6.8183127,
                40.3936598
              ],
              [
                -6.8192138,
                40.3940216
              ],
              [
                -6.8194581,
                40.394192
              ],
              [
                -6.8199086,
                40.3944469
              ],
              [
                -6.8203428,
                40.3947471
              ],
              [
                -6.8206704,
                40.3948471
              ],
              [
                -6.821442,
                40.3953989
              ],
              [
                -6.8219282,
                40.3956423
              ],
              [
                -6.8227367,
                40.396627
              ],
              [
                -6.8234164,
                40.3972524
              ],
              [
                -6.8237219,
                40.397549
              ],
              [
                -6.8242691,
                40.3978537
              ],
              [
                -6.8255925,
                40.3984754
              ],
              [
                -6.8261967,
                40.3989873
              ],
              [
                -6.8264618,
                40.3993991
              ],
              [
                -6.8270694,
                40.3998765
              ],
              [
                -6.8280417,
                40.4008079
              ],
              [
                -6.8284,
                40.4010823
              ],
              [
                -6.8293151,
                40.4019028
              ],
              [
                -6.8293383,
                40.4023119
              ],
              [
                -6.8294306,
                40.402738
              ],
              [
                -6.8294337,
                40.4032378
              ],
              [
                -6.8295222,
                40.4035686
              ],
              [
                -6.8305899,
                40.4051338
              ],
              [
                -6.8314679,
                40.4061236
              ],
              [
                -6.832008,
                40.4064358
              ],
              [
                -6.8320693,
                40.4064884
              ],
              [
                -6.8326314,
                40.4068333
              ],
              [
                -6.8331345,
                40.4069417
              ],
              [
                -6.8339222,
                40.4072545
              ],
              [
                -6.8344639,
                40.4077062
              ],
              [
                -6.8350671,
                40.4084939
              ],
              [
                -6.8357056,
                40.4095123
              ],
              [
                -6.8359492,
                40.4101597
              ],
              [
                -6.8359985,
                40.4102698
              ],
              [
                -6.8363047,
                40.4109554
              ],
              [
                -6.8367981,
                40.4119365
              ],
              [
                -6.8371165,
                40.4124517
              ],
              [
                -6.8374091,
                40.4130563
              ],
              [
                -6.8378625,
                40.4136227
              ],
              [
                -6.8381571,
                40.414049
              ],
              [
                -6.8382716,
                40.4141874
              ],
              [
                -6.8387213,
                40.4147313
              ],
              [
                -6.8387996,
                40.4153033
              ],
              [
                -6.8390524,
                40.4162882
              ],
              [
                -6.8392738,
                40.4164064
              ],
              [
                -6.8390249,
                40.4166913
              ],
              [
                -6.8391281,
                40.4172884
              ],
              [
                -6.8398297,
                40.4187813
              ],
              [
                -6.8408281,
                40.4216338
              ],
              [
                -6.8408655,
                40.421748
              ],
              [
                -6.8413629,
                40.4232654
              ],
              [
                -6.8414159,
                40.4238998
              ],
              [
                -6.8422233,
                40.4260893
              ],
              [
                -6.8425518,
                40.428227
              ],
              [
                -6.8427286,
                40.4290488
              ],
              [
                -6.8430288,
                40.4302993
              ],
              [
                -6.8432615,
                40.4308653
              ],
              [
                -6.8433799,
                40.4313361
              ],
              [
                -6.8437307,
                40.4324573
              ],
              [
                -6.8440419,
                40.4332839
              ],
              [
                -6.8442725,
                40.4343312
              ],
              [
                -6.8446756,
                40.4350139
              ],
              [
                -6.8449458,
                40.435986
              ],
              [
                -6.8450404,
                40.436371
              ],
              [
                -6.8451524,
                40.4373295
              ],
              [
                -6.8454332,
                40.4382671
              ],
              [
                -6.8456848,
                40.4389557
              ],
              [
                -6.8460717,
                40.4395267
              ],
              [
                -6.8463529,
                40.4400685
              ],
              [
                -6.8464918,
                40.4407276
              ],
              [
                -6.8467049,
                40.4414793
              ],
              [
                -6.8468962,
                40.442242
              ],
              [
                -6.8475977,
                40.444359
              ],
              [
                -6.8478703,
                40.4457313
              ],
              [
                -6.8483883,
                40.4471518
              ],
              [
                -6.8484221,
                40.4475307
              ],
              [
                -6.8488358,
                40.4488559
              ],
              [
                -6.8491765,
                40.4496298
              ],
              [
                -6.849229,
                40.4499906
              ],
              [
                -6.849409,
                40.4505052
              ],
              [
                -6.8494022,
                40.450715
              ],
              [
                -6.8495021,
                40.4510427
              ],
              [
                -6.8496927,
                40.4515196
              ],
              [
                -6.8497089,
                40.4520076
              ],
              [
                -6.8496493,
                40.4523174
              ],
              [
                -6.8490741,
                40.4535959
              ],
              [
                -6.8484102,
                40.4549276
              ],
              [
                -6.8480678,
                40.4554144
              ],
              [
                -6.848058,
                40.4554286
              ],
              [
                -6.8479528,
                40.4557983
              ],
              [
                -6.8476236,
                40.456383
              ],
              [
                -6.8466683,
                40.4579488
              ],
              [
                -6.8463502,
                40.4584272
              ],
              [
                -6.8456225,
                40.4596431
              ],
              [
                -6.8452623,
                40.4602657
              ],
              [
                -6.8449333,
                40.4606948
              ],
              [
                -6.8439644,
                40.4621429
              ],
              [
                -6.8433621,
                40.4627046
              ],
              [
                -6.842978,
                40.4634071
              ],
              [
                -6.8425055,
                40.4640495
              ],
              [
                -6.8422942,
                40.4645151
              ],
              [
                -6.8420298,
                40.4656237
              ],
              [
                -6.8417485,
                40.4664449
              ],
              [
                -6.8413629,
                40.467016
              ],
              [
                -6.8410198,
                40.4674921
              ],
              [
                -6.8408717,
                40.4678097
              ],
              [
                -6.8406312,
                40.4682168
              ],
              [
                -6.8401573,
                40.4687285
              ],
              [
                -6.8390493,
                40.4693336
              ],
              [
                -6.8384483,
                40.4696151
              ],
              [
                -6.8379877,
                40.4699092
              ],
              [
                -6.8374642,
                40.4704696
              ],
              [
                -6.8369917,
                40.4709092
              ],
              [
                -6.8367326,
                40.4713912
              ],
              [
                -6.8365175,
                40.4716348
              ],
              [
                -6.8362793,
                40.4721272
              ],
              [
                -6.8362435,
                40.4729621
              ],
              [
                -6.8363329,
                40.4737805
              ],
              [
                -6.8362624,
                40.4740991
              ],
              [
                -6.8361253,
                40.4742541
              ],
              [
                -6.8356386,
                40.4744715
              ],
              [
                -6.8356326,
                40.4746473
              ],
              [
                -6.83523,
                40.4754058
              ],
              [
                -6.8350842,
                40.4755387
              ],
              [
                -6.8343374,
                40.4758758
              ],
              [
                -6.8339154,
                40.4761491
              ],
              [
                -6.8334862,
                40.4764842
              ],
              [
                -6.8331741,
                40.4766803
              ],
              [
                -6.8324114,
                40.4771407
              ],
              [
                -6.8322261,
                40.4770153
              ],
              [
                -6.8319082,
                40.4776801
              ],
              [
                -6.8316325,
                40.477871
              ],
              [
                -6.8311235,
                40.4780635
              ],
              [
                -6.8308398,
                40.4783112
              ],
              [
                -6.8300559,
                40.4789392
              ],
              [
                -6.8296343,
                40.4793245
              ],
              [
                -6.8293126,
                40.479537
              ],
              [
                -6.8284021,
                40.4799991
              ],
              [
                -6.8273512,
                40.4803594
              ],
              [
                -6.82666,
                40.4806879
              ],
              [
                -6.8260776,
                40.4811716
              ],
              [
                -6.8253506,
                40.4815692
              ],
              [
                -6.8240337,
                40.4822618
              ],
              [
                -6.8226645,
                40.4831615
              ],
              [
                -6.8225238,
                40.4837956
              ],
              [
                -6.8226502,
                40.4842493
              ],
              [
                -6.822299,
                40.4848399
              ],
              [
                -6.8213065,
                40.4866031
              ],
              [
                -6.8206423,
                40.4871743
              ],
              [
                -6.8198729,
                40.487892
              ],
              [
                -6.8184726,
                40.489038
              ],
              [
                -6.8176363,
                40.4900691
              ],
              [
                -6.81769,
                40.4909268
              ],
              [
                -6.8181153,
                40.4917097
              ],
              [
                -6.8182371,
                40.4924017
              ],
              [
                -6.8180766,
                40.492984
              ],
              [
                -6.81785,
                40.4934842
              ],
              [
                -6.8179909,
                40.494614
              ],
              [
                -6.8175078,
                40.4954467
              ],
              [
                -6.8171198,
                40.4970047
              ],
              [
                -6.8163759,
                40.4977584
              ],
              [
                -6.815865,
                40.4985328
              ],
              [
                -6.8154334,
                40.4993397
              ],
              [
                -6.8153019,
                40.4997093
              ],
              [
                -6.8154519,
                40.5002983
              ],
              [
                -6.8151324,
                40.5010326
              ],
              [
                -6.8146993,
                40.5015644
              ],
              [
                -6.814363,
                40.5018103
              ],
              [
                -6.8134943,
                40.5023804
              ],
              [
                -6.8123311,
                40.5032369
              ],
              [
                -6.8118789,
                40.5034794
              ],
              [
                -6.8113698,
                40.5037256
              ],
              [
                -6.8112751,
                40.5048231
              ],
              [
                -6.8108264,
                40.5051669
              ],
              [
                -6.8087385,
                40.5057766
              ],
              [
                -6.8082719,
                40.5056891
              ],
              [
                -6.8077411,
                40.5057811
              ],
              [
                -6.8073596,
                40.5062142
              ],
              [
                -6.8071643,
                40.5066674
              ],
              [
                -6.8064787,
                40.5067565
              ],
              [
                -6.8060535,
                40.5066831
              ],
              [
                -6.8055927,
                40.5068603
              ],
              [
                -6.8048543,
                40.5076752
              ],
              [
                -6.8037811,
                40.5082343
              ],
              [
                -6.8029806,
                40.5081977
              ],
              [
                -6.8025549,
                40.5085586
              ],
              [
                -6.8020003,
                40.5088095
              ],
              [
                -6.8015833,
                40.5091473
              ],
              [
                -6.8007794,
                40.5096377
              ],
              [
                -6.7997302,
                40.5096077
              ],
              [
                -6.7990581,
                40.5097191
              ],
              [
                -6.7983962,
                40.5095228
              ],
              [
                -6.7980266,
                40.5097726
              ],
              [
                -6.7977155,
                40.5097153
              ],
              [
                -6.7969315,
                40.5099645
              ],
              [
                -6.7962788,
                40.5104852
              ],
              [
                -6.7957622,
                40.5111792
              ],
              [
                -6.7952681,
                40.5113686
              ],
              [
                -6.7956396,
                40.5124925
              ],
              [
                -6.796009,
                40.513647
              ],
              [
                -6.796426,
                40.5153229
              ],
              [
                -6.7968199,
                40.516426
              ],
              [
                -6.7970634,
                40.5171742
              ],
              [
                -6.7971612,
                40.5176782
              ],
              [
                -6.7973428,
                40.5180599
              ],
              [
                -6.7974507,
                40.5182636
              ],
              [
                -6.7975632,
                40.5186518
              ],
              [
                -6.7976369,
                40.5191798
              ],
              [
                -6.7973878,
                40.5203904
              ],
              [
                -6.7973085,
                40.5214607
              ],
              [
                -6.7974482,
                40.5224291
              ],
              [
                -6.7976126,
                40.5227082
              ],
              [
                -6.798453,
                40.5238028
              ],
              [
                -6.7993634,
                40.5252018
              ],
              [
                -6.8006353,
                40.5259987
              ],
              [
                -6.8007908,
                40.5263115
              ],
              [
                -6.8013648,
                40.527324
              ],
              [
                -6.8020035,
                40.5277963
              ],
              [
                -6.8026255,
                40.5291139
              ],
              [
                -6.8032,
                40.5298954
              ],
              [
                -6.8033594,
                40.5302199
              ],
              [
                -6.8038107,
                40.5307363
              ],
              [
                -6.8041804,
                40.5311855
              ],
              [
                -6.8044433,
                40.5318707
              ],
              [
                -6.8044378,
                40.5328501
              ],
              [
                -6.8046462,
                40.5334228
              ],
              [
                -6.8049608,
                40.5346389
              ],
              [
                -6.8052015,
                40.535951
              ],
              [
                -6.8051657,
                40.5366507
              ],
              [
                -6.8050114,
                40.5376031
              ],
              [
                -6.8052229,
                40.5386513
              ],
              [
                -6.8054777,
                40.5393965
              ],
              [
                -6.8053608,
                40.5407699
              ],
              [
                -6.8049854,
                40.541861
              ],
              [
                -6.8046934,
                40.5426547
              ],
              [
                -6.8038401,
                40.5439427
              ],
              [
                -6.8034617,
                40.5446268
              ],
              [
                -6.8029336,
                40.5456867
              ],
              [
                -6.8020677,
                40.5469798
              ],
              [
                -6.8016278,
                40.5479098
              ],
              [
                -6.801573,
                40.5492144
              ],
              [
                -6.8012063,
                40.5499313
              ],
              [
                -6.8008621,
                40.5503533
              ],
              [
                -6.8016817,
                40.550698
              ],
              [
                -6.8020795,
                40.5507827
              ],
              [
                -6.8029288,
                40.5506122
              ],
              [
                -6.8046337,
                40.5504367
              ],
              [
                -6.804544,
                40.5512687
              ],
              [
                -6.8047316,
                40.5521301
              ],
              [
                -6.8047616,
                40.5528451
              ],
              [
                -6.8047796,
                40.5535486
              ],
              [
                -6.8051112,
                40.5546046
              ],
              [
                -6.8056115,
                40.5548897
              ],
              [
                -6.808273,
                40.5543615
              ],
              [
                -6.8090159,
                40.5546093
              ],
              [
                -6.8096166,
                40.554923
              ],
              [
                -6.8106758,
                40.5553926
              ],
              [
                -6.8118718,
                40.5555171
              ],
              [
                -6.8130471,
                40.5559153
              ],
              [
                -6.8145488,
                40.5563088
              ],
              [
                -6.8156831,
                40.5566918
              ],
              [
                -6.8176062,
                40.5571712
              ],
              [
                -6.8186199,
                40.5573244
              ],
              [
                -6.8208394,
                40.5577609
              ],
              [
                -6.8231913,
                40.5581901
              ],
              [
                -6.8237956,
                40.558679
              ],
              [
                -6.8245019,
                40.5593649
              ],
              [
                -6.8250233,
                40.5600997
              ],
              [
                -6.8258401,
                40.5607299
              ],
              [
                -6.8263999,
                40.5611773
              ],
              [
                -6.8278748,
                40.5618553
              ],
              [
                -6.8290819,
                40.5625288
              ],
              [
                -6.8299609,
                40.5630302
              ],
              [
                -6.8306438,
                40.5632102
              ],
              [
                -6.8321827,
                40.5636054
              ],
              [
                -6.8331586,
                40.5637734
              ],
              [
                -6.8349288,
                40.5643345
              ],
              [
                -6.8355697,
                40.5644298
              ],
              [
                -6.8366981,
                40.5645063
              ],
              [
                -6.8378196,
                40.5646784
              ],
              [
                -6.8387277,
                40.5649822
              ],
              [
                -6.8395208,
                40.5651749
              ],
              [
                -6.840603,
                40.5653874
              ],
              [
                -6.8422348,
                40.5655742
              ],
              [
                -6.8433044,
                40.5656653
              ],
              [
                -6.8438531,
                40.5656855
              ],
              [
                -6.8445468,
                40.5658245
              ],
              [
                -6.8453574,
                40.565954
              ],
              [
                -6.845319,
                40.5660691
              ],
              [
                -6.8450928,
                40.5667461
              ],
              [
                -6.8451144,
                40.5670571
              ],
              [
                -6.8448315,
                40.5675407
              ],
              [
                -6.8445539,
                40.5682128
              ],
              [
                -6.8444213,
                40.5687726
              ],
              [
                -6.8443984,
                40.5695062
              ],
              [
                -6.8440786,
                40.5703713
              ],
              [
                -6.8437842,
                40.5711203
              ],
              [
                -6.8433828,
                40.5719469
              ],
              [
                -6.84326,
                40.5724406
              ],
              [
                -6.8431635,
                40.572664
              ],
              [
                -6.842591,
                40.5733555
              ],
              [
                -6.8422224,
                40.5737301
              ],
              [
                -6.8419791,
                40.5741579
              ],
              [
                -6.8419245,
                40.5746533
              ],
              [
                -6.8413322,
                40.5766044
              ],
              [
                -6.8407989,
                40.577313
              ],
              [
                -6.8399844,
                40.5780771
              ],
              [
                -6.8394395,
                40.5785309
              ],
              [
                -6.8384754,
                40.5791811
              ],
              [
                -6.838072,
                40.579536
              ],
              [
                -6.8378422,
                40.5798803
              ],
              [
                -6.8377662,
                40.580351
              ],
              [
                -6.8378996,
                40.5813
              ],
              [
                -6.8377433,
                40.5820488
              ],
              [
                -6.8373955,
                40.5830544
              ],
              [
                -6.8370804,
                40.583721
              ],
              [
                -6.8367939,
                40.5846175
              ],
              [
                -6.8369542,
                40.5853649
              ],
              [
                -6.8372082,
                40.5856375
              ],
              [
                -6.8372606,
                40.5864557
              ],
              [
                -6.8371922,
                40.5868119
              ],
              [
                -6.8374167,
                40.5875368
              ],
              [
                -6.8376813,
                40.5884396
              ],
              [
                -6.837889,
                40.589415
              ],
              [
                -6.8381807,
                40.5910438
              ],
              [
                -6.8384176,
                40.5915167
              ],
              [
                -6.8384116,
                40.5919534
              ],
              [
                -6.8387213,
                40.5927308
              ],
              [
                -6.8381117,
                40.5942354
              ],
              [
                -6.8374699,
                40.5950125
              ],
              [
                -6.8369663,
                40.5952867
              ],
              [
                -6.8362169,
                40.5959474
              ],
              [
                -6.8358229,
                40.5963713
              ],
              [
                -6.8338977,
                40.5977774
              ],
              [
                -6.8330695,
                40.5986286
              ],
              [
                -6.8321773,
                40.5996922
              ],
              [
                -6.8317409,
                40.6006277
              ],
              [
                -6.8315895,
                40.6007706
              ],
              [
                -6.8306428,
                40.6011692
              ],
              [
                -6.8300154,
                40.6017675
              ],
              [
                -6.8295117,
                40.6021178
              ],
              [
                -6.8280632,
                40.6025612
              ],
              [
                -6.8275719,
                40.6029773
              ],
              [
                -6.8273857,
                40.6033654
              ],
              [
                -6.8265597,
                40.6042251
              ],
              [
                -6.8263952,
                40.6045719
              ],
              [
                -6.826218,
                40.6049457
              ],
              [
                -6.825982,
                40.6055916
              ],
              [
                -6.8259781,
                40.6056861
              ],
              [
                -6.825975,
                40.6057982
              ],
              [
                -6.8259736,
                40.6058384
              ],
              [
                -6.8261416,
                40.6060462
              ],
              [
                -6.8256385,
                40.6065808
              ],
              [
                -6.8255999,
                40.6066241
              ],
              [
                -6.8248503,
                40.6075111
              ],
              [
                -6.824777,
                40.6075982
              ],
              [
                -6.8235931,
                40.6083625
              ],
              [
                -6.8233747,
                40.6083859
              ],
              [
                -6.8213485,
                40.6099324
              ],
              [
                -6.820859,
                40.6104702
              ],
              [
                -6.8197162,
                40.6130555
              ],
              [
                -6.8194346,
                40.6135839
              ],
              [
                -6.818468,
                40.6149676
              ],
              [
                -6.8178555,
                40.6157699
              ],
              [
                -6.8168624,
                40.6167813
              ],
              [
                -6.8159009,
                40.6176671
              ],
              [
                -6.8153604,
                40.6182265
              ],
              [
                -6.8148421,
                40.6191348
              ],
              [
                -6.8143472,
                40.6204889
              ],
              [
                -6.8133624,
                40.6218857
              ],
              [
                -6.8122261,
                40.623695
              ],
              [
                -6.8119749,
                40.6245023
              ],
              [
                -6.8114282,
                40.6257987
              ],
              [
                -6.8102597,
                40.627236
              ],
              [
                -6.8090543,
                40.6285994
              ],
              [
                -6.8084528,
                40.6290659
              ],
              [
                -6.8081254,
                40.6294412
              ],
              [
                -6.8075099,
                40.6303087
              ],
              [
                -6.8069702,
                40.6312086
              ],
              [
                -6.8066376,
                40.6320012
              ],
              [
                -6.8062249,
                40.6327487
              ],
              [
                -6.8060228,
                40.6332932
              ],
              [
                -6.8053981,
                40.6355437
              ],
              [
                -6.804997,
                40.6365501
              ],
              [
                -6.8047877,
                40.6375342
              ],
              [
                -6.8045424,
                40.6382811
              ],
              [
                -6.8041701,
                40.6395025
              ],
              [
                -6.8039299,
                40.6408105
              ],
              [
                -6.8040141,
                40.6412862
              ],
              [
                -6.8037892,
                40.6426218
              ],
              [
                -6.8036357,
                40.6431335
              ],
              [
                -6.8025712,
                40.6453823
              ],
              [
                -6.8025896,
                40.6455473
              ],
              [
                -6.8024752,
                40.6456832
              ],
              [
                -6.8024336,
                40.6458807
              ],
              [
                -6.8019784,
                40.6464969
              ],
              [
                -6.8017472,
                40.6467279
              ],
              [
                -6.8012395,
                40.6474707
              ],
              [
                -6.8009515,
                40.6475556
              ],
              [
                -6.8008106,
                40.6475223
              ],
              [
                -6.8007649,
                40.6475788
              ],
              [
                -6.7997697,
                40.6507072
              ],
              [
                -6.7998499,
                40.6514367
              ],
              [
                -6.799627,
                40.6526056
              ],
              [
                -6.7997894,
                40.6536094
              ],
              [
                -6.799488,
                40.6544893
              ],
              [
                -6.7989015,
                40.655314
              ],
              [
                -6.7956585,
                40.6586155
              ],
              [
                -6.7948601,
                40.659615
              ],
              [
                -6.7941152,
                40.6607641
              ],
              [
                -6.7940144,
                40.6612974
              ],
              [
                -6.7953529,
                40.6625772
              ],
              [
                -6.7956164,
                40.6627239
              ],
              [
                -6.7959725,
                40.6628998
              ],
              [
                -6.796223,
                40.662966
              ],
              [
                -6.7970982,
                40.6633353
              ],
              [
                -6.7990299,
                40.6643411
              ],
              [
                -6.8007063,
                40.6653018
              ],
              [
                -6.8047184,
                40.6671827
              ],
              [
                -6.8048431,
                40.6673886
              ],
              [
                -6.8051197,
                40.6676297
              ],
              [
                -6.8053598,
                40.6679277
              ],
              [
                -6.8053907,
                40.6681978
              ],
              [
                -6.8057659,
                40.6687259
              ],
              [
                -6.8056439,
                40.6688402
              ],
              [
                -6.8051012,
                40.669667
              ],
              [
                -6.8049026,
                40.6698211
              ],
              [
                -6.8048079,
                40.6700068
              ],
              [
                -6.8046652,
                40.6701281
              ],
              [
                -6.8046093,
                40.670207
              ],
              [
                -6.8046007,
                40.6705177
              ],
              [
                -6.8044668,
                40.6707716
              ],
              [
                -6.8040896,
                40.6712001
              ],
              [
                -6.804315,
                40.67149
              ],
              [
                -6.8041288,
                40.6716336
              ],
              [
                -6.8043019,
                40.6719544
              ],
              [
                -6.8044031,
                40.6720857
              ],
              [
                -6.8044118,
                40.6722126
              ],
              [
                -6.8044309,
                40.6724894
              ],
              [
                -6.8045305,
                40.6726851
              ],
              [
                -6.8045221,
                40.6727554
              ],
              [
                -6.8045121,
                40.672839
              ],
              [
                -6.8044203,
                40.6729631
              ],
              [
                -6.8042037,
                40.6732031
              ],
              [
                -6.8035895,
                40.6738195
              ],
              [
                -6.8031442,
                40.6743443
              ],
              [
                -6.8030219,
                40.6745001
              ],
              [
                -6.8029243,
                40.6748244
              ],
              [
                -6.8029618,
                40.6749648
              ],
              [
                -6.8030798,
                40.6750726
              ],
              [
                -6.8032204,
                40.6750944
              ],
              [
                -6.8033293,
                40.6751112
              ],
              [
                -6.8034419,
                40.6752313
              ],
              [
                -6.8034044,
                40.6755384
              ],
              [
                -6.8031523,
                40.675752
              ],
              [
                -6.802876,
                40.6759005
              ],
              [
                -6.8026105,
                40.6760287
              ],
              [
                -6.8024844,
                40.6763257
              ],
              [
                -6.8024173,
                40.6766593
              ],
              [
                -6.8023342,
                40.6769481
              ],
              [
                -6.8020955,
                40.6773244
              ],
              [
                -6.8018729,
                40.6776275
              ],
              [
                -6.8017495,
                40.6777699
              ],
              [
                -6.8017495,
                40.6780181
              ],
              [
                -6.8021575,
                40.6784924
              ],
              [
                -6.8021733,
                40.6786975
              ],
              [
                -6.8021411,
                40.6788643
              ],
              [
                -6.8020767,
                40.679023
              ],
              [
                -6.8021143,
                40.6796779
              ],
              [
                -6.8021679,
                40.680158
              ],
              [
                -6.8022054,
                40.6803166
              ],
              [
                -6.802186,
                40.6805646
              ],
              [
                -6.8024039,
                40.6808414
              ],
              [
                -6.8024802,
                40.6809426
              ],
              [
                -6.8026614,
                40.6811832
              ],
              [
                -6.8030584,
                40.6815818
              ],
              [
                -6.8032622,
                40.6819968
              ],
              [
                -6.8033061,
                40.6822641
              ],
              [
                -6.8030245,
                40.6826458
              ],
              [
                -6.8030959,
                40.6828409
              ],
              [
                -6.8032741,
                40.6829546
              ],
              [
                -6.8034017,
                40.6830951
              ],
              [
                -6.8034446,
                40.6832823
              ],
              [
                -6.80334,
                40.6834775
              ],
              [
                -6.8032756,
                40.6835426
              ],
              [
                -6.8032193,
                40.683624
              ],
              [
                -6.8031781,
                40.6837994
              ],
              [
                -6.8030959,
                40.6841487
              ],
              [
                -6.8031281,
                40.6843399
              ],
              [
                -6.8031178,
                40.6843705
              ],
              [
                -6.8033171,
                40.6847397
              ],
              [
                -6.80386,
                40.6854494
              ],
              [
                -6.8042291,
                40.6858657
              ],
              [
                -6.804255,
                40.6860342
              ],
              [
                -6.8046903,
                40.6869369
              ],
              [
                -6.8046803,
                40.6870851
              ],
              [
                -6.8044345,
                40.6873907
              ],
              [
                -6.8042967,
                40.6875839
              ],
              [
                -6.8042525,
                40.6876679
              ],
              [
                -6.8041511,
                40.6878604
              ],
              [
                -6.8040998,
                40.688097
              ],
              [
                -6.8041693,
                40.6882676
              ],
              [
                -6.8046788,
                40.6886907
              ],
              [
                -6.8049151,
                40.688954
              ],
              [
                -6.8050022,
                40.6893113
              ],
              [
                -6.8052544,
                40.6896322
              ],
              [
                -6.8052876,
                40.6898299
              ],
              [
                -6.8054929,
                40.6901073
              ],
              [
                -6.8058175,
                40.6906598
              ],
              [
                -6.8058802,
                40.6909586
              ],
              [
                -6.8057981,
                40.6911106
              ],
              [
                -6.8054509,
                40.6913307
              ],
              [
                -6.8052849,
                40.6921107
              ],
              [
                -6.8050684,
                40.6925858
              ],
              [
                -6.8050236,
                40.692817
              ],
              [
                -6.8050519,
                40.6929114
              ],
              [
                -6.8052013,
                40.6930049
              ],
              [
                -6.8056541,
                40.693141
              ],
              [
                -6.8064821,
                40.693149
              ],
              [
                -6.8066814,
                40.6931787
              ],
              [
                -6.806833,
                40.6932922
              ],
              [
                -6.8068894,
                40.6938214
              ],
              [
                -6.8068549,
                40.6940295
              ],
              [
                -6.8066822,
                40.6943117
              ],
              [
                -6.8065185,
                40.6944619
              ],
              [
                -6.8061386,
                40.6948281
              ],
              [
                -6.8060676,
                40.6950266
              ],
              [
                -6.8061058,
                40.6952541
              ],
              [
                -6.8062245,
                40.6954363
              ],
              [
                -6.8066448,
                40.6958351
              ],
              [
                -6.8070829,
                40.6964324
              ],
              [
                -6.8071866,
                40.6966796
              ],
              [
                -6.8071278,
                40.6970402
              ],
              [
                -6.8069782,
                40.6974758
              ],
              [
                -6.8069619,
                40.6976658
              ],
              [
                -6.8069952,
                40.6978739
              ],
              [
                -6.8070956,
                40.6980315
              ],
              [
                -6.8073365,
                40.6982216
              ],
              [
                -6.8075556,
                40.6983232
              ],
              [
                -6.8083076,
                40.6985668
              ],
              [
                -6.8086708,
                40.6987843
              ],
              [
                -6.8092738,
                40.699249
              ],
              [
                -6.8097759,
                40.6998659
              ],
              [
                -6.8103548,
                40.700454
              ],
              [
                -6.8106187,
                40.7009243
              ],
              [
                -6.8113439,
                40.7018931
              ],
              [
                -6.8115684,
                40.7025437
              ],
              [
                -6.8115843,
                40.702738
              ],
              [
                -6.8114478,
                40.7032663
              ],
              [
                -6.8113699,
                40.7034441
              ],
              [
                -6.8115352,
                40.7035946
              ],
              [
                -6.8119849,
                40.7039624
              ],
              [
                -6.8120781,
                40.7042038
              ],
              [
                -6.8120758,
                40.7047817
              ],
              [
                -6.8120651,
                40.705345
              ],
              [
                -6.8122072,
                40.7062938
              ],
              [
                -6.8126149,
                40.7068863
              ],
              [
                -6.8126576,
                40.7070632
              ],
              [
                -6.8130337,
                40.7078166
              ],
              [
                -6.8132413,
                40.7083865
              ],
              [
                -6.8132529,
                40.708725
              ],
              [
                -6.8131204,
                40.7089553
              ],
              [
                -6.8129078,
                40.7091554
              ],
              [
                -6.8128497,
                40.7097125
              ],
              [
                -6.8127535,
                40.7099525
              ],
              [
                -6.8123601,
                40.7104394
              ],
              [
                -6.8120867,
                40.7107052
              ],
              [
                -6.8119951,
                40.7110287
              ],
              [
                -6.8113986,
                40.7122318
              ],
              [
                -6.8112438,
                40.7126659
              ],
              [
                -6.811291,
                40.7130512
              ],
              [
                -6.811198,
                40.7134442
              ],
              [
                -6.8111615,
                40.7140604
              ],
              [
                -6.8111487,
                40.7141137
              ],
              [
                -6.8110685,
                40.7144487
              ],
              [
                -6.8112688,
                40.7154107
              ],
              [
                -6.811112,
                40.7162527
              ],
              [
                -6.8110119,
                40.7164142
              ],
              [
                -6.8108249,
                40.7165924
              ],
              [
                -6.8107432,
                40.7167214
              ],
              [
                -6.8107705,
                40.7168792
              ],
              [
                -6.8110606,
                40.7173091
              ],
              [
                -6.8115511,
                40.7180595
              ],
              [
                -6.8117516,
                40.7184204
              ],
              [
                -6.8120698,
                40.7187473
              ],
              [
                -6.8121884,
                40.7188992
              ],
              [
                -6.8122019,
                40.7189165
              ],
              [
                -6.8123471,
                40.7191031
              ],
              [
                -6.8125253,
                40.7195922
              ],
              [
                -6.8129913,
                40.7199116
              ],
              [
                -6.8131292,
                40.7200861
              ],
              [
                -6.8134582,
                40.7207399
              ],
              [
                -6.8136704,
                40.7209523
              ],
              [
                -6.8140975,
                40.721201
              ],
              [
                -6.8142457,
                40.7214114
              ],
              [
                -6.8144243,
                40.7216174
              ],
              [
                -6.8155336,
                40.7223036
              ],
              [
                -6.8156765,
                40.722392
              ],
              [
                -6.8158004,
                40.722602
              ],
              [
                -6.8159461,
                40.7232481
              ],
              [
                -6.8160512,
                40.7234765
              ],
              [
                -6.8163641,
                40.72399
              ],
              [
                -6.8167349,
                40.7246618
              ],
              [
                -6.8170748,
                40.7250366
              ],
              [
                -6.8172464,
                40.7252934
              ],
              [
                -6.8174132,
                40.7254901
              ],
              [
                -6.8177861,
                40.7257401
              ],
              [
                -6.8179131,
                40.7257888
              ],
              [
                -6.8180048,
                40.7257294
              ],
              [
                -6.8181566,
                40.725533
              ],
              [
                -6.8184159,
                40.7254771
              ],
              [
                -6.8188269,
                40.7254923
              ],
              [
                -6.8193155,
                40.7257528
              ],
              [
                -6.8194042,
                40.7258882
              ],
              [
                -6.8194219,
                40.7268481
              ],
              [
                -6.8197492,
                40.7275565
              ],
              [
                -6.8197926,
                40.7278259
              ],
              [
                -6.8198022,
                40.7279558
              ],
              [
                -6.8199159,
                40.7280684
              ],
              [
                -6.82007,
                40.7281292
              ],
              [
                -6.8205743,
                40.7280863
              ],
              [
                -6.820805,
                40.728097
              ],
              [
                -6.8212591,
                40.7282505
              ],
              [
                -6.8218838,
                40.7284014
              ],
              [
                -6.8225702,
                40.7285406
              ],
              [
                -6.8233301,
                40.7286125
              ],
              [
                -6.8234991,
                40.7286979
              ],
              [
                -6.8237195,
                40.7289554
              ],
              [
                -6.8238751,
                40.7290962
              ],
              [
                -6.8241523,
                40.7292616
              ],
              [
                -6.8243046,
                40.7293831
              ],
              [
                -6.8245003,
                40.7295391
              ],
              [
                -6.8247361,
                40.7299451
              ],
              [
                -6.8247913,
                40.7302424
              ],
              [
                -6.8247393,
                40.7304041
              ],
              [
                -6.8244789,
                40.7309435
              ],
              [
                -6.8244279,
                40.7312562
              ],
              [
                -6.8242252,
                40.7315332
              ],
              [
                -6.8241154,
                40.7317646
              ],
              [
                -6.8240918,
                40.7320425
              ],
              [
                -6.8241737,
                40.732215
              ],
              [
                -6.8246505,
                40.7327628
              ],
              [
                -6.8247224,
                40.7331391
              ],
              [
                -6.8246596,
                40.7335417
              ],
              [
                -6.8247827,
                40.7337935
              ],
              [
                -6.825209,
                40.7344335
              ],
              [
                -6.8253671,
                40.7347598
              ],
              [
                -6.8253385,
                40.7349774
              ],
              [
                -6.8252076,
                40.7351289
              ],
              [
                -6.8249887,
                40.7354138
              ],
              [
                -6.8249729,
                40.7355944
              ],
              [
                -6.8250778,
                40.735846
              ],
              [
                -6.8248938,
                40.7368313
              ],
              [
                -6.8249119,
                40.7371515
              ],
              [
                -6.8250862,
                40.7372786
              ],
              [
                -6.8255642,
                40.7374601
              ],
              [
                -6.8260194,
                40.737558
              ],
              [
                -6.8266314,
                40.7377412
              ],
              [
                -6.8278944,
                40.7382979
              ],
              [
                -6.8283741,
                40.7383914
              ],
              [
                -6.8286269,
                40.7385518
              ],
              [
                -6.8286517,
                40.7388395
              ],
              [
                -6.8286145,
                40.7391869
              ],
              [
                -6.8288704,
                40.7395096
              ],
              [
                -6.8294324,
                40.740063
              ],
              [
                -6.8295691,
                40.7402407
              ],
              [
                -6.8295469,
                40.7404444
              ],
              [
                -6.8293528,
                40.7407112
              ],
              [
                -6.8292677,
                40.7410115
              ],
              [
                -6.829139,
                40.7412527
              ],
              [
                -6.8291606,
                40.7415017
              ],
              [
                -6.8292457,
                40.7418272
              ],
              [
                -6.8293566,
                40.7420789
              ],
              [
                -6.8294938,
                40.7422287
              ],
              [
                -6.8295699,
                40.7422706
              ],
              [
                -6.8296869,
                40.7423329
              ],
              [
                -6.8301227,
                40.7424908
              ],
              [
                -6.8303644,
                40.7425956
              ],
              [
                -6.8303818,
                40.7426124
              ],
              [
                -6.830544,
                40.7427691
              ],
              [
                -6.8305281,
                40.7429544
              ],
              [
                -6.8303159,
                40.743207
              ],
              [
                -6.8295964,
                40.7438478
              ],
              [
                -6.8292317,
                40.7439935
              ],
              [
                -6.828907,
                40.7441878
              ],
              [
                -6.8286523,
                40.7444306
              ],
              [
                -6.8286123,
                40.7446109
              ],
              [
                -6.8287323,
                40.744705
              ],
              [
                -6.8291669,
                40.7449279
              ],
              [
                -6.8291994,
                40.7451369
              ],
              [
                -6.8291722,
                40.7455908
              ],
              [
                -6.829359,
                40.7466407
              ],
              [
                -6.8293058,
                40.7468673
              ],
              [
                -6.8292452,
                40.7471633
              ],
              [
                -6.8292223,
                40.7473995
              ],
              [
                -6.8293458,
                40.747628
              ],
              [
                -6.8300428,
                40.7487717
              ],
              [
                -6.8300635,
                40.748962
              ],
              [
                -6.8298728,
                40.7493632
              ],
              [
                -6.8296458,
                40.7497501
              ],
              [
                -6.8296302,
                40.7499215
              ],
              [
                -6.829676,
                40.750075
              ],
              [
                -6.8299467,
                40.7502634
              ],
              [
                -6.8302526,
                40.7505173
              ],
              [
                -6.830181,
                40.7507528
              ],
              [
                -6.8300312,
                40.7509274
              ],
              [
                -6.8299618,
                40.7510518
              ],
              [
                -6.8299715,
                40.751177
              ],
              [
                -6.8300053,
                40.7513211
              ],
              [
                -6.8301917,
                40.7514531
              ],
              [
                -6.8305893,
                40.7516986
              ],
              [
                -6.8308634,
                40.7520215
              ],
              [
                -6.8311394,
                40.7525625
              ],
              [
                -6.8311713,
                40.7528039
              ],
              [
                -6.8310767,
                40.7529651
              ],
              [
                -6.8305264,
                40.7536729
              ],
              [
                -6.8304059,
                40.7539079
              ],
              [
                -6.8302831,
                40.7542681
              ],
              [
                -6.829996,
                40.7546126
              ],
              [
                -6.8299848,
                40.7548674
              ],
              [
                -6.8300001,
                40.7549057
              ],
              [
                -6.8300602,
                40.7550559
              ],
              [
                -6.8300541,
                40.7550676
              ],
              [
                -6.8299965,
                40.7552107
              ],
              [
                -6.8297977,
                40.7553985
              ],
              [
                -6.8292088,
                40.7558972
              ],
              [
                -6.8290769,
                40.7560951
              ],
              [
                -6.8289873,
                40.7563119
              ],
              [
                -6.8290391,
                40.7564701
              ],
              [
                -6.8291891,
                40.7565923
              ],
              [
                -6.8298478,
                40.7572071
              ],
              [
                -6.8299431,
                40.7573241
              ],
              [
                -6.8296258,
                40.7579603
              ],
              [
                -6.8295592,
                40.7582469
              ],
              [
                -6.829366,
                40.7584627
              ],
              [
                -6.829042,
                40.7586942
              ],
              [
                -6.8287217,
                40.7589886
              ],
              [
                -6.8286334,
                40.7594465
              ],
              [
                -6.8285016,
                40.7596397
              ],
              [
                -6.827876,
                40.7604578
              ],
              [
                -6.8276647,
                40.7607806
              ],
              [
                -6.8276561,
                40.7607938
              ],
              [
                -6.8275464,
                40.7610939
              ],
              [
                -6.8274021,
                40.7613056
              ],
              [
                -6.8273992,
                40.7614539
              ],
              [
                -6.8275116,
                40.7616267
              ],
              [
                -6.8275212,
                40.7617612
              ],
              [
                -6.8272739,
                40.7619392
              ],
              [
                -6.8272042,
                40.7620683
              ],
              [
                -6.8272856,
                40.7622732
              ],
              [
                -6.8276099,
                40.7625272
              ],
              [
                -6.8278976,
                40.7627854
              ],
              [
                -6.8280142,
                40.7630556
              ],
              [
                -6.8283751,
                40.7636207
              ],
              [
                -6.8282983,
                40.7638052
              ],
              [
                -6.827986,
                40.7641864
              ],
              [
                -6.8274842,
                40.764904
              ],
              [
                -6.827105,
                40.7655859
              ],
              [
                -6.8269564,
                40.7660107
              ],
              [
                -6.8268948,
                40.7663577
              ],
              [
                -6.8266796,
                40.7667586
              ],
              [
                -6.8260918,
                40.7675076
              ],
              [
                -6.8259276,
                40.7677932
              ],
              [
                -6.825924,
                40.7679786
              ],
              [
                -6.8259798,
                40.7682435
              ],
              [
                -6.8259683,
                40.7685169
              ],
              [
                -6.8258565,
                40.7698647
              ],
              [
                -6.8258585,
                40.770078
              ],
              [
                -6.8259472,
                40.7702181
              ],
              [
                -6.8261519,
                40.7703594
              ],
              [
                -6.8262511,
                40.7704023
              ],
              [
                -6.8266476,
                40.7705737
              ],
              [
                -6.8267652,
                40.7707976
              ],
              [
                -6.8268519,
                40.7710396
              ],
              [
                -6.8269122,
                40.7713834
              ],
              [
                -6.827059,
                40.7716817
              ],
              [
                -6.8272049,
                40.7720125
              ],
              [
                -6.8274365,
                40.7723351
              ],
              [
                -6.827612,
                40.7727125
              ],
              [
                -6.8277418,
                40.7732472
              ],
              [
                -6.8278004,
                40.7736743
              ],
              [
                -6.8277693,
                40.7743369
              ],
              [
                -6.827739,
                40.7746379
              ],
              [
                -6.827662,
                40.7748318
              ],
              [
                -6.8276504,
                40.7751144
              ],
              [
                -6.8277169,
                40.7754536
              ],
              [
                -6.8277718,
                40.7760801
              ],
              [
                -6.8276984,
                40.7763992
              ],
              [
                -6.8275576,
                40.776736
              ],
              [
                -6.8273754,
                40.7770121
              ],
              [
                -6.8271693,
                40.7772601
              ],
              [
                -6.8271232,
                40.7774358
              ],
              [
                -6.8270948,
                40.7776394
              ],
              [
                -6.8269754,
                40.7778189
              ],
              [
                -6.8267164,
                40.7780679
              ],
              [
                -6.8262358,
                40.7784673
              ],
              [
                -6.82616,
                40.7786626
              ],
              [
                -6.8262263,
                40.7790111
              ],
              [
                -6.8262147,
                40.7796044
              ],
              [
                -6.8261559,
                40.7798031
              ],
              [
                -6.8260963,
                40.7803541
              ],
              [
                -6.8259762,
                40.7805706
              ],
              [
                -6.8255129,
                40.7811819
              ],
              [
                -6.8254115,
                40.7813755
              ],
              [
                -6.8253776,
                40.7815513
              ],
              [
                -6.8254352,
                40.7817235
              ],
              [
                -6.8255962,
                40.7819154
              ],
              [
                -6.8255987,
                40.7819218
              ],
              [
                -6.8256775,
                40.7821203
              ],
              [
                -6.8256233,
                40.7823033
              ],
              [
                -6.8256187,
                40.7823189
              ],
              [
                -6.8254392,
                40.7827666
              ],
              [
                -6.8254092,
                40.7830612
              ],
              [
                -6.8255095,
                40.7832264
              ],
              [
                -6.8255865,
                40.7834202
              ],
              [
                -6.8255997,
                40.783603
              ],
              [
                -6.8254935,
                40.7840422
              ],
              [
                -6.8255578,
                40.7841819
              ],
              [
                -6.8256764,
                40.7843548
              ],
              [
                -6.8257521,
                40.7845365
              ],
              [
                -6.8256665,
                40.7848647
              ],
              [
                -6.8254743,
                40.7853308
              ],
              [
                -6.825326,
                40.7855269
              ],
              [
                -6.8249384,
                40.7859088
              ],
              [
                -6.8245512,
                40.7862087
              ],
              [
                -6.8241959,
                40.7864461
              ],
              [
                -6.8230404,
                40.7871021
              ],
              [
                -6.8229967,
                40.7871269
              ],
              [
                -6.8225385,
                40.7873317
              ],
              [
                -6.8222341,
                40.7875796
              ],
              [
                -6.8221016,
                40.7878006
              ],
              [
                -6.8221234,
                40.7881227
              ],
              [
                -6.822237,
                40.788363
              ],
              [
                -6.8223729,
                40.7885872
              ],
              [
                -6.8223758,
                40.7887448
              ],
              [
                -6.8222619,
                40.7888186
              ],
              [
                -6.821685,
                40.7890695
              ],
              [
                -6.8215062,
                40.7892017
              ],
              [
                -6.8214609,
                40.7893404
              ],
              [
                -6.8215322,
                40.789463
              ],
              [
                -6.8216315,
                40.7896913
              ],
              [
                -6.8215673,
                40.7898203
              ],
              [
                -6.8215655,
                40.789824
              ],
              [
                -6.8212344,
                40.7900299
              ],
              [
                -6.8211837,
                40.7901267
              ],
              [
                -6.8212526,
                40.7903408
              ],
              [
                -6.8212362,
                40.7905538
              ],
              [
                -6.8211164,
                40.7907564
              ],
              [
                -6.8206045,
                40.7912025
              ],
              [
                -6.819969,
                40.7916511
              ],
              [
                -6.8199168,
                40.7918879
              ],
              [
                -6.8198357,
                40.7921538
              ],
              [
                -6.81976,
                40.792319
              ],
              [
                -6.819605,
                40.7924059
              ],
              [
                -6.8192449,
                40.7924124
              ],
              [
                -6.819191,
                40.7925055
              ],
              [
                -6.8192309,
                40.792645
              ],
              [
                -6.8196714,
                40.7935077
              ],
              [
                -6.8197681,
                40.7938611
              ],
              [
                -6.8197251,
                40.7941944
              ],
              [
                -6.8195967,
                40.7944464
              ],
              [
                -6.8194955,
                40.7945606
              ],
              [
                -6.8192987,
                40.7946668
              ],
              [
                -6.8190565,
                40.7950028
              ],
              [
                -6.8189103,
                40.7952931
              ],
              [
                -6.8187781,
                40.7958155
              ],
              [
                -6.8186768,
                40.7960044
              ],
              [
                -6.8184607,
                40.7961364
              ],
              [
                -6.8179108,
                40.7964918
              ],
              [
                -6.8172715,
                40.7967348
              ],
              [
                -6.8170064,
                40.7968755
              ],
              [
                -6.8169289,
                40.7970879
              ],
              [
                -6.8169968,
                40.7973622
              ],
              [
                -6.81699,
                40.7977052
              ],
              [
                -6.816924,
                40.7990222
              ],
              [
                -6.8169229,
                40.7990443
              ],
              [
                -6.816978,
                40.799366
              ],
              [
                -6.8172334,
                40.7999008
              ],
              [
                -6.8173457,
                40.8000828
              ],
              [
                -6.8174536,
                40.8001861
              ],
              [
                -6.8176097,
                40.8003084
              ],
              [
                -6.8177644,
                40.8005095
              ],
              [
                -6.8179073,
                40.8006826
              ],
              [
                -6.8180196,
                40.8008694
              ],
              [
                -6.8181191,
                40.8010838
              ],
              [
                -6.8181702,
                40.801585
              ],
              [
                -6.8182054,
                40.8018314
              ],
              [
                -6.8181593,
                40.802016
              ],
              [
                -6.8178825,
                40.8022118
              ],
              [
                -6.8178047,
                40.8023221
              ],
              [
                -6.817733,
                40.8026027
              ],
              [
                -6.8176701,
                40.803201
              ],
              [
                -6.8176474,
                40.8032925
              ],
              [
                -6.817569,
                40.8036088
              ],
              [
                -6.817541,
                40.805027
              ],
              [
                -6.8173217,
                40.8059379
              ],
              [
                -6.8173559,
                40.8059884
              ],
              [
                -6.817458,
                40.8061388
              ],
              [
                -6.8174341,
                40.8067675
              ],
              [
                -6.8173151,
                40.8070717
              ],
              [
                -6.8173401,
                40.8074772
              ],
              [
                -6.8175737,
                40.8076978
              ],
              [
                -6.818062,
                40.8086166
              ],
              [
                -6.8184192,
                40.8090657
              ],
              [
                -6.818751,
                40.8095656
              ],
              [
                -6.8189115,
                40.8097853
              ],
              [
                -6.8189852,
                40.8098984
              ],
              [
                -6.8188641,
                40.8101276
              ],
              [
                -6.8188489,
                40.81035
              ],
              [
                -6.8189481,
                40.8107175
              ],
              [
                -6.8190603,
                40.8109043
              ],
              [
                -6.8194196,
                40.8112514
              ],
              [
                -6.8195497,
                40.8114569
              ],
              [
                -6.8196061,
                40.811798
              ],
              [
                -6.8196836,
                40.8120935
              ],
              [
                -6.8197469,
                40.8121857
              ],
              [
                -6.8199681,
                40.8125187
              ],
              [
                -6.8203365,
                40.8130189
              ],
              [
                -6.8206069,
                40.8132352
              ],
              [
                -6.8209526,
                40.8133749
              ],
              [
                -6.821137,
                40.8135843
              ],
              [
                -6.8218865,
                40.814571
              ],
              [
                -6.8220218,
                40.8148228
              ],
              [
                -6.822021,
                40.8148311
              ],
              [
                -6.8219938,
                40.8151038
              ],
              [
                -6.8219914,
                40.8151284
              ],
              [
                -6.821896,
                40.8156374
              ],
              [
                -6.8216448,
                40.8160007
              ],
              [
                -6.821665,
                40.8162096
              ],
              [
                -6.8217761,
                40.8164612
              ],
              [
                -6.8218899,
                40.8165645
              ],
              [
                -6.8220356,
                40.8165986
              ],
              [
                -6.8225521,
                40.8165944
              ],
              [
                -6.8227553,
                40.8166253
              ],
              [
                -6.8230429,
                40.816828
              ],
              [
                -6.8230683,
                40.8168421
              ],
              [
                -6.8233611,
                40.8171607
              ],
              [
                -6.823422,
                40.8174335
              ],
              [
                -6.8235102,
                40.8176445
              ],
              [
                -6.8236821,
                40.8179015
              ],
              [
                -6.823765,
                40.8183381
              ],
              [
                -6.8236621,
                40.8186105
              ],
              [
                -6.8236188,
                40.8189484
              ],
              [
                -6.8236605,
                40.8196212
              ],
              [
                -6.8236278,
                40.8200427
              ],
              [
                -6.8234849,
                40.8210476
              ],
              [
                -6.8234791,
                40.8210887
              ],
              [
                -6.8234221,
                40.8218087
              ],
              [
                -6.8231531,
                40.8230101
              ],
              [
                -6.8230976,
                40.8240582
              ],
              [
                -6.8230972,
                40.8240653
              ],
              [
                -6.8233976,
                40.8243051
              ],
              [
                -6.8235675,
                40.8244522
              ],
              [
                -6.8236797,
                40.8245494
              ],
              [
                -6.8241366,
                40.824587
              ],
              [
                -6.8244334,
                40.8247017
              ],
              [
                -6.8246372,
                40.8248894
              ],
              [
                -6.8247513,
                40.8250933
              ],
              [
                -6.8247488,
                40.8251086
              ],
              [
                -6.8247269,
                40.8252937
              ],
              [
                -6.8246067,
                40.8255103
              ],
              [
                -6.8246613,
                40.8256782
              ],
              [
                -6.8246642,
                40.8256871
              ],
              [
                -6.8249495,
                40.8257692
              ],
              [
                -6.8251365,
                40.8258779
              ],
              [
                -6.8251143,
                40.8260816
              ],
              [
                -6.8250172,
                40.8262247
              ],
              [
                -6.8248536,
                40.8262966
              ],
              [
                -6.824505,
                40.826339
              ],
              [
                -6.8243458,
                40.8264425
              ],
              [
                -6.8242116,
                40.826618
              ],
              [
                -6.8240934,
                40.8267131
              ],
              [
                -6.8235883,
                40.8269516
              ],
              [
                -6.8233996,
                40.8272044
              ],
              [
                -6.8233253,
                40.8276747
              ],
              [
                -6.8233404,
                40.8280266
              ],
              [
                -6.8233352,
                40.8284119
              ],
              [
                -6.8233448,
                40.8285496
              ],
              [
                -6.823345,
                40.8285525
              ],
              [
                -6.8236981,
                40.82887
              ],
              [
                -6.8237001,
                40.8288771
              ],
              [
                -6.8237441,
                40.8290332
              ],
              [
                -6.8235123,
                40.8296471
              ],
              [
                -6.8235315,
                40.8302544
              ],
              [
                -6.8235346,
                40.8303706
              ],
              [
                -6.8236654,
                40.8308588
              ],
              [
                -6.8238718,
                40.8316983
              ],
              [
                -6.8238839,
                40.8325082
              ],
              [
                -6.8237375,
                40.8329472
              ],
              [
                -6.8233834,
                40.8343403
              ],
              [
                -6.8231062,
                40.8346405
              ],
              [
                -6.8228059,
                40.8347665
              ],
              [
                -6.8225081,
                40.8347631
              ],
              [
                -6.8224203,
                40.8347028
              ],
              [
                -6.8221695,
                40.8340639
              ],
              [
                -6.8218494,
                40.8334244
              ],
              [
                -6.8217123,
                40.8332768
              ],
              [
                -6.821469,
                40.8331654
              ],
              [
                -6.8212978,
                40.8331649
              ],
              [
                -6.8212118,
                40.8332016
              ],
              [
                -6.821096,
                40.8333269
              ],
              [
                -6.8209888,
                40.8335413
              ],
              [
                -6.8209358,
                40.8339201
              ],
              [
                -6.8209408,
                40.8344375
              ],
              [
                -6.8209511,
                40.8346848
              ],
              [
                -6.8210754,
                40.8349047
              ],
              [
                -6.8216162,
                40.8353726
              ],
              [
                -6.8218068,
                40.8355903
              ],
              [
                -6.8218891,
                40.8357556
              ],
              [
                -6.8219009,
                40.8358736
              ],
              [
                -6.8218559,
                40.8359913
              ],
              [
                -6.8213826,
                40.8364128
              ],
              [
                -6.8212508,
                40.8366173
              ],
              [
                -6.8212091,
                40.8369277
              ],
              [
                -6.8212495,
                40.8370461
              ],
              [
                -6.8221117,
                40.8377211
              ],
              [
                -6.8224601,
                40.8379555
              ],
              [
                -6.8229564,
                40.8382079
              ],
              [
                -6.8233772,
                40.838363
              ],
              [
                -6.8236046,
                40.8385059
              ],
              [
                -6.8237107,
                40.8386273
              ],
              [
                -6.8238794,
                40.8390383
              ],
              [
                -6.8238869,
                40.8393342
              ],
              [
                -6.8238245,
                40.8397564
              ],
              [
                -6.8238672,
                40.8399736
              ],
              [
                -6.8240629,
                40.8401187
              ],
              [
                -6.8245927,
                40.8402707
              ],
              [
                -6.8252287,
                40.8403745
              ],
              [
                -6.8257462,
                40.8403491
              ],
              [
                -6.8266659,
                40.8400775
              ],
              [
                -6.8268032,
                40.8400636
              ],
              [
                -6.8268986,
                40.8400942
              ],
              [
                -6.8269395,
                40.8401647
              ],
              [
                -6.826916,
                40.840283
              ],
              [
                -6.8265587,
                40.8407052
              ],
              [
                -6.8265455,
                40.8407208
              ],
              [
                -6.8262446,
                40.8412321
              ],
              [
                -6.8256063,
                40.8416937
              ],
              [
                -6.825466,
                40.8419192
              ],
              [
                -6.8254723,
                40.8420703
              ],
              [
                -6.825541,
                40.8422501
              ],
              [
                -6.8259536,
                40.8429216
              ],
              [
                -6.8260268,
                40.8431926
              ],
              [
                -6.8260024,
                40.8433767
              ],
              [
                -6.8258996,
                40.8436291
              ],
              [
                -6.8257255,
                40.8439079
              ],
              [
                -6.8254819,
                40.8441252
              ],
              [
                -6.8249558,
                40.8450106
              ],
              [
                -6.824798,
                40.8450674
              ],
              [
                -6.8245999,
                40.8450764
              ],
              [
                -6.8238808,
                40.844938
              ],
              [
                -6.8237453,
                40.8448579
              ],
              [
                -6.8236559,
                40.8448051
              ],
              [
                -6.8235726,
                40.8444812
              ],
              [
                -6.8234399,
                40.8442022
              ],
              [
                -6.8233937,
                40.8435537
              ],
              [
                -6.8233348,
                40.8434007
              ],
              [
                -6.8231889,
                40.843248
              ],
              [
                -6.8229675,
                40.843143
              ],
              [
                -6.8222302,
                40.8430058
              ],
              [
                -6.8218925,
                40.8430335
              ],
              [
                -6.8218084,
                40.8431088
              ],
              [
                -6.8216061,
                40.8434681
              ],
              [
                -6.8213287,
                40.8437424
              ],
              [
                -6.821126,
                40.8438164
              ],
              [
                -6.8209489,
                40.8438166
              ],
              [
                -6.8208192,
                40.8437794
              ],
              [
                -6.8206996,
                40.8437015
              ],
              [
                -6.8205761,
                40.8435138
              ],
              [
                -6.8203639,
                40.843024
              ],
              [
                -6.8198245,
                40.8424902
              ],
              [
                -6.8195098,
                40.8422531
              ],
              [
                -6.8192699,
                40.8421337
              ],
              [
                -6.8188362,
                40.8420881
              ],
              [
                -6.8186514,
                40.8421401
              ],
              [
                -6.8183749,
                40.8423153
              ],
              [
                -6.8178418,
                40.8430178
              ],
              [
                -6.8177466,
                40.8433355
              ],
              [
                -6.8169353,
                40.8438541
              ],
              [
                -6.8164576,
                40.843934
              ],
              [
                -6.8162625,
                40.843925
              ],
              [
                -6.8159528,
                40.8437307
              ],
              [
                -6.8159273,
                40.8436718
              ],
              [
                -6.8159926,
                40.8435175
              ],
              [
                -6.8161706,
                40.843349
              ],
              [
                -6.8162028,
                40.8432191
              ],
              [
                -6.8161679,
                40.8431849
              ],
              [
                -6.8155443,
                40.8430164
              ],
              [
                -6.8154438,
                40.8429641
              ],
              [
                -6.8153716,
                40.8429266
              ],
              [
                -6.8152589,
                40.8427973
              ],
              [
                -6.8151249,
                40.8425467
              ],
              [
                -6.8148531,
                40.8422155
              ],
              [
                -6.8146006,
                40.842075
              ],
              [
                -6.8143826,
                40.8420167
              ],
              [
                -6.8143578,
                40.8420101
              ],
              [
                -6.8141329,
                40.8420075
              ],
              [
                -6.8138929,
                40.8420408
              ],
              [
                -6.813437,
                40.8422317
              ],
              [
                -6.8132555,
                40.8422699
              ],
              [
                -6.8130105,
                40.8422727
              ],
              [
                -6.8127296,
                40.8422407
              ],
              [
                -6.812481,
                40.8421053
              ],
              [
                -6.8122896,
                40.8420585
              ],
              [
                -6.8121621,
                40.8420793
              ],
              [
                -6.8120686,
                40.8421755
              ],
              [
                -6.8120875,
                40.8422971
              ],
              [
                -6.8122343,
                40.84242
              ],
              [
                -6.8122439,
                40.8425675
              ],
              [
                -6.812392,
                40.8426885
              ],
              [
                -6.8124505,
                40.8427835
              ],
              [
                -6.8124252,
                40.8429745
              ],
              [
                -6.8122946,
                40.8433025
              ],
              [
                -6.8121894,
                40.8434353
              ],
              [
                -6.8121692,
                40.8434441
              ],
              [
                -6.8119527,
                40.8435389
              ],
              [
                -6.8117318,
                40.8438057
              ],
              [
                -6.8114762,
                40.8440074
              ],
              [
                -6.8111959,
                40.8441299
              ],
              [
                -6.8109788,
                40.8441626
              ],
              [
                -6.8104497,
                40.8440164
              ],
              [
                -6.8101094,
                40.8438884
              ],
              [
                -6.8097122,
                40.8437915
              ],
              [
                -6.8093292,
                40.843788
              ],
              [
                -6.809132,
                40.8438299
              ],
              [
                -6.8090351,
                40.8439514
              ],
              [
                -6.8090567,
                40.8440379
              ],
              [
                -6.8090581,
                40.8440435
              ],
              [
                -6.8092863,
                40.8443818
              ],
              [
                -6.8093404,
                40.844518
              ],
              [
                -6.8093428,
                40.844524
              ],
              [
                -6.8093201,
                40.844773
              ],
              [
                -6.8091855,
                40.8449583
              ],
              [
                -6.808987,
                40.845014
              ],
              [
                -6.8083812,
                40.8448385
              ],
              [
                -6.8082664,
                40.8448169
              ],
              [
                -6.8081269,
                40.8448502
              ],
              [
                -6.8080839,
                40.844926
              ],
              [
                -6.8080843,
                40.8452017
              ],
              [
                -6.8079239,
                40.8454019
              ],
              [
                -6.8077912,
                40.8456683
              ],
              [
                -6.807558,
                40.8458004
              ],
              [
                -6.8071912,
                40.8457962
              ],
              [
                -6.8065072,
                40.8456896
              ],
              [
                -6.8061933,
                40.8457085
              ],
              [
                -6.8055815,
                40.8458405
              ],
              [
                -6.804709,
                40.8461276
              ],
              [
                -6.8044454,
                40.8461783
              ],
              [
                -6.8035108,
                40.8462351
              ],
              [
                -6.8032806,
                40.8462217
              ],
              [
                -6.8028105,
                40.8460247
              ],
              [
                -6.8020442,
                40.8455851
              ],
              [
                -6.8019402,
                40.845635
              ],
              [
                -6.801819,
                40.8459311
              ],
              [
                -6.8013121,
                40.8468754
              ],
              [
                -6.8005596,
                40.8479822
              ],
              [
                -6.8003123,
                40.8482309
              ],
              [
                -6.8001553,
                40.848484
              ],
              [
                -6.8001631,
                40.8486324
              ],
              [
                -6.8002847,
                40.8487604
              ],
              [
                -6.8008484,
                40.8489242
              ],
              [
                -6.8017044,
                40.8492932
              ],
              [
                -6.8019441,
                40.8495368
              ],
              [
                -6.8020416,
                40.8497911
              ],
              [
                -6.802094,
                40.8501688
              ],
              [
                -6.8020937,
                40.8505543
              ],
              [
                -6.8019694,
                40.8511196
              ],
              [
                -6.8013598,
                40.8523206
              ],
              [
                -6.8012898,
                40.8525621
              ],
              [
                -6.8013695,
                40.8527293
              ],
              [
                -6.8020221,
                40.8532126
              ],
              [
                -6.8024869,
                40.8536313
              ],
              [
                -6.8029596,
                40.8539601
              ],
              [
                -6.8031331,
                40.854145
              ],
              [
                -6.8031516,
                40.8542744
              ],
              [
                -6.8030742,
                40.8544373
              ],
              [
                -6.802917,
                40.8546063
              ],
              [
                -6.802867,
                40.8547356
              ],
              [
                -6.8030467,
                40.8552228
              ],
              [
                -6.8032451,
                40.8556011
              ],
              [
                -6.8032533,
                40.8556167
              ],
              [
                -6.8034168,
                40.8559277
              ],
              [
                -6.8038987,
                40.8566877
              ],
              [
                -6.8039591,
                40.8572002
              ],
              [
                -6.8039083,
                40.8573881
              ],
              [
                -6.8037683,
                40.8575886
              ],
              [
                -6.8035691,
                40.8577796
              ],
              [
                -6.8032759,
                40.8579513
              ],
              [
                -6.8031431,
                40.858089
              ],
              [
                -6.8029769,
                40.8584149
              ],
              [
                -6.8029004,
                40.8586789
              ],
              [
                -6.802909,
                40.8588453
              ],
              [
                -6.8029982,
                40.859129
              ],
              [
                -6.8032245,
                40.8596303
              ],
              [
                -6.8032632,
                40.8597742
              ],
              [
                -6.8032373,
                40.8598817
              ],
              [
                -6.8031703,
                40.8599707
              ],
              [
                -6.8030032,
                40.8600633
              ],
              [
                -6.8021414,
                40.860234
              ],
              [
                -6.8019735,
                40.8603048
              ],
              [
                -6.801911,
                40.8604145
              ],
              [
                -6.8019213,
                40.8607148
              ],
              [
                -6.8022559,
                40.8619217
              ],
              [
                -6.8023859,
                40.8622273
              ],
              [
                -6.8030275,
                40.8632238
              ],
              [
                -6.8033334,
                40.8636105
              ],
              [
                -6.8040962,
                40.8643175
              ],
              [
                -6.8043685,
                40.864445
              ],
              [
                -6.8049837,
                40.8648933
              ],
              [
                -6.8052035,
                40.8651898
              ],
              [
                -6.8052823,
                40.8654445
              ],
              [
                -6.8054102,
                40.8661864
              ],
              [
                -6.8049827,
                40.8687545
              ],
              [
                -6.8047945,
                40.8692892
              ],
              [
                -6.8046758,
                40.8703534
              ],
              [
                -6.8046759,
                40.8707024
              ],
              [
                -6.8047558,
                40.8708752
              ],
              [
                -6.805108,
                40.8711139
              ],
              [
                -6.8052628,
                40.8713279
              ],
              [
                -6.8058522,
                40.87171
              ],
              [
                -6.8062002,
                40.8720669
              ],
              [
                -6.8062995,
                40.8725937
              ],
              [
                -6.8062204,
                40.8731935
              ],
              [
                -6.8062651,
                40.8733859
              ],
              [
                -6.8064268,
                40.873697
              ],
              [
                -6.8065204,
                40.8749728
              ],
              [
                -6.8066079,
                40.8754724
              ],
              [
                -6.8069237,
                40.8760174
              ],
              [
                -6.8071069,
                40.8764784
              ],
              [
                -6.8070943,
                40.8768925
              ],
              [
                -6.8072786,
                40.8773522
              ],
              [
                -6.8075778,
                40.8777969
              ],
              [
                -6.8080133,
                40.8783311
              ],
              [
                -6.8082316,
                40.8786899
              ],
              [
                -6.8084791,
                40.8792957
              ],
              [
                -6.8086766,
                40.8799356
              ],
              [
                -6.8086834,
                40.8802973
              ],
              [
                -6.8085723,
                40.8811103
              ],
              [
                -6.8085764,
                40.8814471
              ],
              [
                -6.8086213,
                40.8816877
              ],
              [
                -6.809034,
                40.8823956
              ],
              [
                -6.8093444,
                40.882633
              ],
              [
                -6.8096977,
                40.8828176
              ],
              [
                -6.8099551,
                40.882911
              ],
              [
                -6.8103114,
                40.8829278
              ],
              [
                -6.8106566,
                40.8828859
              ],
              [
                -6.8110216,
                40.8828065
              ],
              [
                -6.8127738,
                40.8822983
              ],
              [
                -6.8133944,
                40.8821692
              ],
              [
                -6.8145798,
                40.8820871
              ],
              [
                -6.8159025,
                40.8818894
              ],
              [
                -6.8180936,
                40.8812923
              ],
              [
                -6.819615,
                40.881048
              ],
              [
                -6.8199881,
                40.8810227
              ],
              [
                -6.8202789,
                40.8811048
              ],
              [
                -6.8205549,
                40.8813099
              ],
              [
                -6.8207049,
                40.8815244
              ],
              [
                -6.8212437,
                40.8832492
              ],
              [
                -6.821458,
                40.8837311
              ],
              [
                -6.821929,
                40.8844458
              ],
              [
                -6.8221421,
                40.8846553
              ],
              [
                -6.8225078,
                40.8848725
              ],
              [
                -6.8228143,
                40.8849557
              ],
              [
                -6.8235699,
                40.8850692
              ],
              [
                -6.8239692,
                40.8850687
              ],
              [
                -6.8245668,
                40.8849221
              ],
              [
                -6.8254527,
                40.8847675
              ],
              [
                -6.8262459,
                40.884718
              ],
              [
                -6.8273501,
                40.8847141
              ],
              [
                -6.8284981,
                40.8848348
              ],
              [
                -6.8289088,
                40.884934
              ],
              [
                -6.8303402,
                40.8855349
              ],
              [
                -6.8306362,
                40.8856969
              ],
              [
                -6.8310053,
                40.8862563
              ],
              [
                -6.8322932,
                40.8877416
              ],
              [
                -6.8325201,
                40.8879516
              ],
              [
                -6.8331307,
                40.8882401
              ],
              [
                -6.8334076,
                40.8884131
              ],
              [
                -6.8337032,
                40.8886985
              ],
              [
                -6.834043,
                40.8888775
              ],
              [
                -6.8348994,
                40.8892048
              ],
              [
                -6.8354775,
                40.8892331
              ],
              [
                -6.8357566,
                40.8893541
              ],
              [
                -6.8360077,
                40.8895435
              ],
              [
                -6.8371145,
                40.8897903
              ],
              [
                -6.838053,
                40.8901292
              ],
              [
                -6.8384797,
                40.8905167
              ],
              [
                -6.8387292,
                40.8910139
              ],
              [
                -6.8388686,
                40.8913982
              ],
              [
                -6.8390753,
                40.8926709
              ],
              [
                -6.839278,
                40.8930506
              ],
              [
                -6.8403889,
                40.8939187
              ],
              [
                -6.8409215,
                40.8944973
              ],
              [
                -6.8412033,
                40.8949006
              ],
              [
                -6.8413971,
                40.8954818
              ],
              [
                -6.8424539,
                40.8971446
              ],
              [
                -6.84275,
                40.8975331
              ],
              [
                -6.8440456,
                40.898596
              ],
              [
                -6.8444017,
                40.8990147
              ],
              [
                -6.844687,
                40.8994844
              ],
              [
                -6.8456842,
                40.9004309
              ],
              [
                -6.8460511,
                40.9006531
              ],
              [
                -6.8468437,
                40.9009807
              ],
              [
                -6.8473287,
                40.901252
              ],
              [
                -6.8479922,
                40.901706
              ],
              [
                -6.8484475,
                40.9020777
              ],
              [
                -6.8488737,
                40.9025022
              ],
              [
                -6.8491062,
                40.9027885
              ],
              [
                -6.8491662,
                40.9030072
              ],
              [
                -6.8491817,
                40.903202
              ],
              [
                -6.8491936,
                40.9033511
              ],
              [
                -6.8491802,
                40.9033931
              ],
              [
                -6.8491724,
                40.9034176
              ],
              [
                -6.849037,
                40.9038437
              ],
              [
                -6.8488254,
                40.9042877
              ],
              [
                -6.8488719,
                40.9046262
              ],
              [
                -6.8490064,
                40.9050764
              ],
              [
                -6.8490526,
                40.9055632
              ],
              [
                -6.8493692,
                40.9068332
              ],
              [
                -6.8492895,
                40.9078064
              ],
              [
                -6.8492313,
                40.9081899
              ],
              [
                -6.8491222,
                40.9084067
              ],
              [
                -6.8489269,
                40.9085717
              ],
              [
                -6.8486387,
                40.9089754
              ],
              [
                -6.8483219,
                40.9093053
              ],
              [
                -6.8481911,
                40.9095484
              ],
              [
                -6.8481156,
                40.9098292
              ],
              [
                -6.84814,
                40.9103717
              ],
              [
                -6.8483422,
                40.9107885
              ],
              [
                -6.8484753,
                40.9115361
              ],
              [
                -6.8485429,
                40.9127255
              ],
              [
                -6.8489994,
                40.9142014
              ],
              [
                -6.848855,
                40.9146903
              ],
              [
                -6.8488116,
                40.9150913
              ],
              [
                -6.8483112,
                40.9155522
              ],
              [
                -6.8480359,
                40.9159046
              ],
              [
                -6.8477793,
                40.916337
              ],
              [
                -6.847472,
                40.9173262
              ],
              [
                -6.8473498,
                40.9179108
              ],
              [
                -6.8474986,
                40.9192678
              ],
              [
                -6.8476212,
                40.9194498
              ],
              [
                -6.8480813,
                40.9199229
              ],
              [
                -6.8484693,
                40.9203525
              ],
              [
                -6.8485716,
                40.9206723
              ],
              [
                -6.8485858,
                40.9210127
              ],
              [
                -6.8484514,
                40.9214471
              ],
              [
                -6.8484506,
                40.9218512
              ],
              [
                -6.8487159,
                40.9224948
              ],
              [
                -6.8487777,
                40.9228501
              ],
              [
                -6.8486257,
                40.9230909
              ],
              [
                -6.8484421,
                40.9232225
              ],
              [
                -6.8480258,
                40.9233412
              ],
              [
                -6.8475779,
                40.9237554
              ],
              [
                -6.8475695,
                40.9241903
              ],
              [
                -6.8476434,
                40.9245648
              ],
              [
                -6.847833,
                40.9250634
              ],
              [
                -6.8482792,
                40.9258582
              ],
              [
                -6.8485151,
                40.9262201
              ],
              [
                -6.8494706,
                40.9274412
              ],
              [
                -6.8497828,
                40.9278947
              ],
              [
                -6.8510965,
                40.9291192
              ],
              [
                -6.851771,
                40.9296934
              ],
              [
                -6.8526376,
                40.9303561
              ],
              [
                -6.8532321,
                40.9312139
              ],
              [
                -6.8533227,
                40.9316927
              ],
              [
                -6.8532555,
                40.9319472
              ],
              [
                -6.852872,
                40.9327468
              ],
              [
                -6.8524469,
                40.9347661
              ],
              [
                -6.8523489,
                40.9356302
              ],
              [
                -6.8523529,
                40.9359753
              ],
              [
                -6.8524578,
                40.9363653
              ],
              [
                -6.8532956,
                40.9376173
              ],
              [
                -6.8536676,
                40.9380519
              ],
              [
                -6.8541213,
                40.9384635
              ],
              [
                -6.8546141,
                40.938826
              ],
              [
                -6.8550372,
                40.9393437
              ],
              [
                -6.855282,
                40.9398346
              ],
              [
                -6.8554524,
                40.9405826
              ],
              [
                -6.8558839,
                40.9414906
              ],
              [
                -6.8559522,
                40.9418412
              ],
              [
                -6.8559106,
                40.9423157
              ],
              [
                -6.856484,
                40.9436865
              ],
              [
                -6.8573179,
                40.945398
              ],
              [
                -6.8575678,
                40.9457036
              ],
              [
                -6.8580632,
                40.9462054
              ],
              [
                -6.8581839,
                40.946415
              ],
              [
                -6.8582178,
                40.9465997
              ],
              [
                -6.858118,
                40.9472173
              ],
              [
                -6.8581592,
                40.947527
              ],
              [
                -6.8583913,
                40.9482899
              ],
              [
                -6.8589011,
                40.949331
              ],
              [
                -6.8591307,
                40.9497261
              ],
              [
                -6.8599586,
                40.9507755
              ],
              [
                -6.8604769,
                40.9511549
              ],
              [
                -6.8610288,
                40.9516384
              ],
              [
                -6.8618591,
                40.9522776
              ],
              [
                -6.8631933,
                40.9531897
              ],
              [
                -6.8637788,
                40.9535461
              ],
              [
                -6.8642803,
                40.9540623
              ],
              [
                -6.8647472,
                40.9547577
              ],
              [
                -6.8650476,
                40.9553711
              ],
              [
                -6.8655,
                40.9558443
              ],
              [
                -6.8665696,
                40.9573265
              ],
              [
                -6.8669005,
                40.957647
              ],
              [
                -6.8674917,
                40.9580412
              ],
              [
                -6.8685134,
                40.9585186
              ],
              [
                -6.8690409,
                40.9586682
              ],
              [
                -6.8704469,
                40.9589808
              ],
              [
                -6.8705415,
                40.9590035
              ],
              [
                -6.8714676,
                40.9592103
              ],
              [
                -6.8728519,
                40.9598923
              ],
              [
                -6.8739359,
                40.9603721
              ],
              [
                -6.8741725,
                40.9604608
              ],
              [
                -6.8745555,
                40.9605254
              ],
              [
                -6.8753925,
                40.9607994
              ],
              [
                -6.8755215,
                40.9609049
              ],
              [
                -6.8755938,
                40.9610239
              ],
              [
                -6.8755572,
                40.9613167
              ],
              [
                -6.8757351,
                40.962463
              ],
              [
                -6.8759444,
                40.9629382
              ],
              [
                -6.8761933,
                40.9632837
              ],
              [
                -6.8768748,
                40.9638845
              ],
              [
                -6.8770233,
                40.9639382
              ],
              [
                -6.8775084,
                40.964024
              ],
              [
                -6.8777429,
                40.9641447
              ],
              [
                -6.8778534,
                40.9642545
              ],
              [
                -6.877901,
                40.9643687
              ],
              [
                -6.8778043,
                40.964864
              ],
              [
                -6.8778805,
                40.9651156
              ],
              [
                -6.8785044,
                40.9657893
              ],
              [
                -6.8785877,
                40.9659933
              ],
              [
                -6.8788124,
                40.9663267
              ],
              [
                -6.8792077,
                40.9666044
              ],
              [
                -6.8796161,
                40.9670307
              ],
              [
                -6.8803072,
                40.9674307
              ],
              [
                -6.8808305,
                40.9678098
              ],
              [
                -6.8812773,
                40.9682688
              ],
              [
                -6.8815847,
                40.9685085
              ],
              [
                -6.8819176,
                40.968729
              ],
              [
                -6.8825606,
                40.9690154
              ],
              [
                -6.8827074,
                40.9691237
              ],
              [
                -6.8830497,
                40.9695599
              ],
              [
                -6.8839519,
                40.9703451
              ],
              [
                -6.8843975,
                40.9708103
              ],
              [
                -6.8845524,
                40.9709239
              ],
              [
                -6.8852141,
                40.9712336
              ],
              [
                -6.8856082,
                40.971517
              ],
              [
                -6.8857661,
                40.9717334
              ],
              [
                -6.8861969,
                40.9727102
              ],
              [
                -6.8865108,
                40.9732716
              ],
              [
                -6.8873284,
                40.9742594
              ],
              [
                -6.8886732,
                40.9757351
              ],
              [
                -6.88911,
                40.9760802
              ],
              [
                -6.8893605,
                40.9766787
              ],
              [
                -6.8896984,
                40.9771921
              ],
              [
                -6.8903802,
                40.9788695
              ],
              [
                -6.8905312,
                40.9791314
              ],
              [
                -6.890572,
                40.9792973
              ],
              [
                -6.8902933,
                40.979745
              ],
              [
                -6.8901785,
                40.9803238
              ],
              [
                -6.8902049,
                40.9805747
              ],
              [
                -6.8902936,
                40.9808777
              ],
              [
                -6.8904135,
                40.9810925
              ],
              [
                -6.890735,
                40.9813912
              ],
              [
                -6.8914056,
                40.9818224
              ],
              [
                -6.8919306,
                40.9820402
              ],
              [
                -6.8933565,
                40.9825164
              ],
              [
                -6.8938931,
                40.9828725
              ],
              [
                -6.8948667,
                40.983408
              ],
              [
                -6.895257,
                40.9837467
              ],
              [
                -6.8962659,
                40.9846879
              ],
              [
                -6.8965633,
                40.9847914
              ],
              [
                -6.8977582,
                40.9850795
              ],
              [
                -6.8993686,
                40.9862926
              ],
              [
                -6.9003401,
                40.9870689
              ],
              [
                -6.9014338,
                40.988098
              ],
              [
                -6.902923,
                40.9893396
              ],
              [
                -6.9035311,
                40.9897299
              ],
              [
                -6.9037844,
                40.9900855
              ],
              [
                -6.9041375,
                40.9908813
              ],
              [
                -6.9043213,
                40.9914905
              ],
              [
                -6.9047626,
                40.9936849
              ],
              [
                -6.905014,
                40.9942645
              ],
              [
                -6.9057516,
                40.9949687
              ],
              [
                -6.9065212,
                40.9957842
              ],
              [
                -6.9072758,
                40.9968232
              ],
              [
                -6.90795,
                40.9979604
              ],
              [
                -6.9083679,
                40.9985182
              ],
              [
                -6.90881,
                40.99892
              ],
              [
                -6.9092314,
                40.9992033
              ],
              [
                -6.9099338,
                40.9995655
              ],
              [
                -6.910905,
                40.9997872
              ],
              [
                -6.9120353,
                41.000004
              ],
              [
                -6.9129587,
                41.0000423
              ],
              [
                -6.9158492,
                41.0001944
              ],
              [
                -6.9185042,
                41.0008549
              ],
              [
                -6.9202051,
                41.0015103
              ],
              [
                -6.9209342,
                41.0019161
              ],
              [
                -6.9215794,
                41.0024809
              ],
              [
                -6.9220842,
                41.0033109
              ],
              [
                -6.922759,
                41.0047606
              ],
              [
                -6.9230211,
                41.0054539
              ],
              [
                -6.9232875,
                41.0072629
              ],
              [
                -6.9238554,
                41.0089901
              ],
              [
                -6.9242688,
                41.0101079
              ],
              [
                -6.9246534,
                41.0109687
              ],
              [
                -6.9253821,
                41.0115744
              ],
              [
                -6.9272106,
                41.0125909
              ],
              [
                -6.928044,
                41.0129322
              ],
              [
                -6.9289567,
                41.0134225
              ],
              [
                -6.9294337,
                41.0137708
              ],
              [
                -6.930311,
                41.0145582
              ],
              [
                -6.9306499,
                41.0150424
              ],
              [
                -6.9314469,
                41.0164461
              ],
              [
                -6.9316331,
                41.0168104
              ],
              [
                -6.9317054,
                41.0175044
              ],
              [
                -6.9316184,
                41.0181448
              ],
              [
                -6.9312686,
                41.0191998
              ],
              [
                -6.930881,
                41.0201049
              ],
              [
                -6.9304402,
                41.0213874
              ],
              [
                -6.9298775,
                41.0226685
              ],
              [
                -6.9296911,
                41.0233474
              ],
              [
                -6.929583,
                41.0237977
              ],
              [
                -6.9296716,
                41.024741
              ],
              [
                -6.9299323,
                41.0256683
              ],
              [
                -6.9301422,
                41.0263328
              ],
              [
                -6.9303989,
                41.0270019
              ],
              [
                -6.930673,
                41.0277697
              ],
              [
                -6.930843,
                41.0281181
              ],
              [
                -6.9310765,
                41.0286771
              ],
              [
                -6.9313566,
                41.0294111
              ],
              [
                -6.9306607,
                41.0297133
              ],
              [
                -6.9276471,
                41.0313998
              ],
              [
                -6.925617,
                41.0325001
              ],
              [
                -6.9232918,
                41.0340208
              ],
              [
                -6.9218187,
                41.0352412
              ],
              [
                -6.9209881,
                41.0360108
              ],
              [
                -6.919489,
                41.0369933
              ],
              [
                -6.9171484,
                41.0381079
              ],
              [
                -6.9161192,
                41.0383852
              ],
              [
                -6.9150043,
                41.0383969
              ],
              [
                -6.9131639,
                41.0382058
              ],
              [
                -6.9115212,
                41.0379253
              ],
              [
                -6.9088829,
                41.0370082
              ],
              [
                -6.9073284,
                41.0360593
              ],
              [
                -6.9061441,
                41.0352703
              ],
              [
                -6.9048413,
                41.0346269
              ],
              [
                -6.9036566,
                41.0341222
              ],
              [
                -6.902092,
                41.0337392
              ],
              [
                -6.8983377,
                41.0332412
              ],
              [
                -6.8964393,
                41.0329119
              ],
              [
                -6.8945141,
                41.0324221
              ],
              [
                -6.8914959,
                41.0317011
              ],
              [
                -6.8883022,
                41.0308215
              ],
              [
                -6.883564,
                41.0295817
              ],
              [
                -6.881312,
                41.0288347
              ],
              [
                -6.8798722,
                41.0282468
              ],
              [
                -6.8779604,
                41.0278599
              ],
              [
                -6.873282,
                41.027818
              ],
              [
                -6.8716791,
                41.0275739
              ],
              [
                -6.8700017,
                41.0271259
              ],
              [
                -6.8685256,
                41.0268691
              ],
              [
                -6.866588,
                41.0268933
              ],
              [
                -6.8651314,
                41.0271208
              ],
              [
                -6.8639761,
                41.0273503
              ],
              [
                -6.8629946,
                41.0274039
              ],
              [
                -6.860363,
                41.0274037
              ],
              [
                -6.8588202,
                41.0273073
              ],
              [
                -6.8579588,
                41.0273093
              ],
              [
                -6.8569414,
                41.0273713
              ],
              [
                -6.8562045,
                41.0275295
              ],
              [
                -6.855523,
                41.0276021
              ],
              [
                -6.8545882,
                41.0274772
              ],
              [
                -6.852869,
                41.0273788
              ],
              [
                -6.8515259,
                41.0272029
              ],
              [
                -6.8487893,
                41.0272641
              ],
              [
                -6.8470824,
                41.0272223
              ],
              [
                -6.8448118,
                41.027509
              ],
              [
                -6.8420732,
                41.0277063
              ],
              [
                -6.8403081,
                41.0279232
              ],
              [
                -6.8359325,
                41.028152
              ],
              [
                -6.8346116,
                41.0283872
              ],
              [
                -6.8337737,
                41.0284807
              ],
              [
                -6.8328689,
                41.0289276
              ],
              [
                -6.8317085,
                41.0294279
              ],
              [
                -6.8299686,
                41.0298878
              ],
              [
                -6.8274208,
                41.0306869
              ],
              [
                -6.8260219,
                41.0308585
              ],
              [
                -6.8247046,
                41.0311565
              ],
              [
                -6.8220295,
                41.031691
              ],
              [
                -6.8181467,
                41.0326258
              ],
              [
                -6.8165365,
                41.0335169
              ],
              [
                -6.814881,
                41.0346294
              ],
              [
                -6.8136041,
                41.0351943
              ],
              [
                -6.8119954,
                41.0356924
              ],
              [
                -6.8101892,
                41.0360232
              ],
              [
                -6.808931,
                41.0364965
              ],
              [
                -6.807721,
                41.0380972
              ],
              [
                -6.8075684,
                41.0397759
              ],
              [
                -6.8077082,
                41.040796
              ],
              [
                -6.808138,
                41.0414809
              ],
              [
                -6.8088706,
                41.0420669
              ],
              [
                -6.8094384,
                41.0428727
              ],
              [
                -6.8093546,
                41.0440876
              ],
              [
                -6.8089658,
                41.0447245
              ],
              [
                -6.8080941,
                41.0455343
              ],
              [
                -6.8070946,
                41.0460536
              ],
              [
                -6.8064066,
                41.0463583
              ],
              [
                -6.8051133,
                41.0468662
              ],
              [
                -6.8041105,
                41.0472863
              ],
              [
                -6.8039995,
                41.0473328
              ],
              [
                -6.8016345,
                41.0484511
              ],
              [
                -6.7999137,
                41.0496636
              ],
              [
                -6.7986011,
                41.0504621
              ],
              [
                -6.7962758,
                41.052877
              ],
              [
                -6.7944539,
                41.0538374
              ],
              [
                -6.7926272,
                41.0550128
              ],
              [
                -6.7907941,
                41.0565236
              ],
              [
                -6.7898559,
                41.0575659
              ],
              [
                -6.7882601,
                41.0598453
              ],
              [
                -6.7868941,
                41.0616965
              ],
              [
                -6.7858475,
                41.0629096
              ],
              [
                -6.7835445,
                41.0646495
              ],
              [
                -6.7810055,
                41.0672727
              ],
              [
                -6.7800605,
                41.0692356
              ],
              [
                -6.7794512,
                41.0703967
              ],
              [
                -6.77807,
                41.0725083
              ],
              [
                -6.7765119,
                41.0744529
              ],
              [
                -6.7743368,
                41.0770642
              ],
              [
                -6.7734784,
                41.0789634
              ],
              [
                -6.7725122,
                41.0807516
              ],
              [
                -6.7719464,
                41.0826335
              ],
              [
                -6.7709422,
                41.0856642
              ],
              [
                -6.7701758,
                41.0871847
              ],
              [
                -6.7692303,
                41.0885379
              ],
              [
                -6.7680781,
                41.0891707
              ],
              [
                -6.7668071,
                41.0897657
              ],
              [
                -6.7649284,
                41.0907866
              ],
              [
                -6.7643659,
                41.0912091
              ],
              [
                -6.7633676,
                41.0920351
              ],
              [
                -6.7625888,
                41.0929834
              ],
              [
                -6.7624785,
                41.0937241
              ],
              [
                -6.7627623,
                41.0952835
              ],
              [
                -6.7625928,
                41.0958319
              ],
              [
                -6.762378,
                41.0960229
              ],
              [
                -6.7621415,
                41.0962332
              ],
              [
                -6.7613421,
                41.0966309
              ],
              [
                -6.759684,
                41.0972336
              ],
              [
                -6.7586905,
                41.0978439
              ],
              [
                -6.7570742,
                41.0994763
              ],
              [
                -6.755867,
                41.1012334
              ],
              [
                -6.7545574,
                41.1033241
              ],
              [
                -6.7541938,
                41.1040617
              ],
              [
                -6.7541553,
                41.1043964
              ],
              [
                -6.7541773,
                41.1048516
              ],
              [
                -6.7544863,
                41.1052144
              ],
              [
                -6.7552387,
                41.1055585
              ],
              [
                -6.7565438,
                41.1059449
              ],
              [
                -6.7575325,
                41.10634
              ],
              [
                -6.7589627,
                41.1070652
              ],
              [
                -6.7596436,
                41.1077765
              ],
              [
                -6.7601409,
                41.1085973
              ],
              [
                -6.7604035,
                41.1098893
              ],
              [
                -6.7605463,
                41.1112126
              ],
              [
                -6.7606242,
                41.1124218
              ],
              [
                -6.7613179,
                41.1138651
              ],
              [
                -6.7622522,
                41.1149139
              ],
              [
                -6.76433,
                41.1167102
              ],
              [
                -6.7652137,
                41.1179437
              ],
              [
                -6.7654979,
                41.1186452
              ],
              [
                -6.7661216,
                41.1195044
              ],
              [
                -6.7672711,
                41.1206854
              ],
              [
                -6.7682004,
                41.1218818
              ],
              [
                -6.769733,
                41.1232134
              ],
              [
                -6.7707565,
                41.1240102
              ],
              [
                -6.7709569,
                41.1246142
              ],
              [
                -6.7711048,
                41.1250603
              ],
              [
                -6.7711434,
                41.1263634
              ],
              [
                -6.7708069,
                41.1270891
              ],
              [
                -6.770863,
                41.1280273
              ],
              [
                -6.7710973,
                41.1294707
              ],
              [
                -6.7710645,
                41.1301191
              ],
              [
                -6.7695751,
                41.1323193
              ],
              [
                -6.7686936,
                41.1337188
              ],
              [
                -6.7678712,
                41.1348371
              ],
              [
                -6.7670059,
                41.1354512
              ],
              [
                -6.7644344,
                41.1365266
              ],
              [
                -6.7625256,
                41.1377525
              ],
              [
                -6.7608659,
                41.1386695
              ],
              [
                -6.7595146,
                41.1392406
              ],
              [
                -6.7587698,
                41.1396659
              ],
              [
                -6.7581548,
                41.1398534
              ],
              [
                -6.7571568,
                41.1398778
              ],
              [
                -6.7557311,
                41.139581
              ],
              [
                -6.754815,
                41.1395338
              ],
              [
                -6.7542328,
                41.1396849
              ],
              [
                -6.7536302,
                41.139992
              ],
              [
                -6.7527488,
                41.1405564
              ],
              [
                -6.75056,
                41.1420425
              ],
              [
                -6.7497733,
                41.1425133
              ],
              [
                -6.749405,
                41.1429622
              ],
              [
                -6.7490885,
                41.1433448
              ],
              [
                -6.74804,
                41.144244
              ],
              [
                -6.7474797,
                41.1448698
              ],
              [
                -6.7463688,
                41.1463435
              ],
              [
                -6.7455019,
                41.147018
              ],
              [
                -6.7447898,
                41.1473183
              ],
              [
                -6.7435239,
                41.1474401
              ],
              [
                -6.7420848,
                41.1477754
              ],
              [
                -6.7412619,
                41.1482853
              ],
              [
                -6.7408015,
                41.1487538
              ],
              [
                -6.7404694,
                41.1492487
              ],
              [
                -6.7395446,
                41.1511346
              ],
              [
                -6.7392003,
                41.1521887
              ],
              [
                -6.7385164,
                41.1535001
              ],
              [
                -6.7374459,
                41.1550572
              ],
              [
                -6.7367588,
                41.1557832
              ],
              [
                -6.7344974,
                41.1577139
              ],
              [
                -6.7337097,
                41.1584339
              ],
              [
                -6.7331323,
                41.1590957
              ],
              [
                -6.7326843,
                41.1597348
              ],
              [
                -6.7321761,
                41.1601665
              ],
              [
                -6.7309416,
                41.161477
              ],
              [
                -6.7281091,
                41.1633252
              ],
              [
                -6.727193,
                41.1636812
              ],
              [
                -6.7267131,
                41.1637881
              ],
              [
                -6.7256408,
                41.1640272
              ],
              [
                -6.7244435,
                41.1641598
              ],
              [
                -6.7227622,
                41.1645913
              ],
              [
                -6.719731,
                41.1657646
              ],
              [
                -6.7185823,
                41.1665156
              ],
              [
                -6.7174105,
                41.1673316
              ],
              [
                -6.7160266,
                41.1680686
              ],
              [
                -6.7146399,
                41.1689516
              ],
              [
                -6.7135248,
                41.1698986
              ],
              [
                -6.7115033,
                41.1708444
              ],
              [
                -6.7099038,
                41.1721162
              ],
              [
                -6.7091069,
                41.1726558
              ],
              [
                -6.7085082,
                41.1733242
              ],
              [
                -6.7081006,
                41.174156
              ],
              [
                -6.7081086,
                41.1744585
              ],
              [
                -6.7083439,
                41.1750276
              ],
              [
                -6.7087356,
                41.175531
              ],
              [
                -6.7088071,
                41.1759455
              ],
              [
                -6.7086989,
                41.1764914
              ],
              [
                -6.7084141,
                41.1769986
              ],
              [
                -6.7078547,
                41.1775511
              ],
              [
                -6.7073154,
                41.1779339
              ],
              [
                -6.7064534,
                41.1783365
              ],
              [
                -6.7048159,
                41.1788879
              ],
              [
                -6.7034508,
                41.179479
              ],
              [
                -6.7014696,
                41.1802814
              ],
              [
                -6.7003745,
                41.181046
              ],
              [
                -6.6994379,
                41.1818076
              ],
              [
                -6.6989844,
                41.1823368
              ],
              [
                -6.6979444,
                41.1836944
              ],
              [
                -6.697757,
                41.184189
              ],
              [
                -6.6974957,
                41.1846101
              ],
              [
                -6.697469,
                41.1850962
              ],
              [
                -6.6970888,
                41.1862833
              ],
              [
                -6.6970502,
                41.1865867
              ],
              [
                -6.69677,
                41.1876295
              ],
              [
                -6.6966975,
                41.188736
              ],
              [
                -6.6968165,
                41.1891877
              ],
              [
                -6.6971271,
                41.1897025
              ],
              [
                -6.6976104,
                41.1902386
              ],
              [
                -6.698851,
                41.1913138
              ],
              [
                -6.6994256,
                41.1918647
              ],
              [
                -6.6994672,
                41.1923991
              ],
              [
                -6.6991408,
                41.1926971
              ],
              [
                -6.6983525,
                41.1930655
              ],
              [
                -6.6980299,
                41.1931307
              ],
              [
                -6.697287,
                41.1931575
              ],
              [
                -6.6955352,
                41.1929644
              ],
              [
                -6.69292,
                41.1929527
              ],
              [
                -6.6923199,
                41.1931145
              ],
              [
                -6.6909564,
                41.1952028
              ],
              [
                -6.6905791,
                41.1958776
              ],
              [
                -6.6903329,
                41.1964843
              ],
              [
                -6.6900735,
                41.1969951
              ],
              [
                -6.6897975,
                41.1977789
              ],
              [
                -6.689499,
                41.1984329
              ],
              [
                -6.6893999,
                41.1988584
              ],
              [
                -6.6892578,
                41.1992019
              ],
              [
                -6.6890863,
                41.1995301
              ],
              [
                -6.6888725,
                41.1998356
              ],
              [
                -6.6888355,
                41.2004049
              ],
              [
                -6.6887092,
                41.2009958
              ],
              [
                -6.6882981,
                41.202225
              ],
              [
                -6.6882632,
                41.2026762
              ],
              [
                -6.6884478,
                41.2035128
              ],
              [
                -6.6886143,
                41.2038576
              ],
              [
                -6.6888302,
                41.2041532
              ],
              [
                -6.6891202,
                41.204455
              ],
              [
                -6.6899673,
                41.2051767
              ],
              [
                -6.6899787,
                41.2051864
              ],
              [
                -6.690429,
                41.2055699
              ],
              [
                -6.6909535,
                41.2062332
              ],
              [
                -6.6914839,
                41.207024
              ],
              [
                -6.6918489,
                41.2080016
              ],
              [
                -6.6918816,
                41.2083424
              ],
              [
                -6.6917968,
                41.2089004
              ],
              [
                -6.6915715,
                41.2092687
              ],
              [
                -6.6914076,
                41.2096212
              ],
              [
                -6.6908978,
                41.2101849
              ],
              [
                -6.69042,
                41.2105318
              ],
              [
                -6.6901389,
                41.2106743
              ],
              [
                -6.6896345,
                41.2108221
              ],
              [
                -6.6880899,
                41.2111403
              ],
              [
                -6.6854339,
                41.2118529
              ],
              [
                -6.6848854,
                41.2121927
              ],
              [
                -6.6840939,
                41.2128896
              ],
              [
                -6.6836339,
                41.2134206
              ],
              [
                -6.6823407,
                41.2146129
              ],
              [
                -6.6816987,
                41.2155914
              ],
              [
                -6.6814977,
                41.2159831
              ],
              [
                -6.6807481,
                41.2182061
              ],
              [
                -6.680371,
                41.2189633
              ],
              [
                -6.6800725,
                41.2194165
              ],
              [
                -6.6794988,
                41.2199534
              ],
              [
                -6.6787751,
                41.2203579
              ],
              [
                -6.6778266,
                41.220647
              ],
              [
                -6.6767644,
                41.2208685
              ],
              [
                -6.6753469,
                41.2212723
              ],
              [
                -6.6730257,
                41.2224272
              ],
              [
                -6.672235,
                41.2227408
              ],
              [
                -6.6714434,
                41.2231818
              ],
              [
                -6.6706015,
                41.2239162
              ],
              [
                -6.6684831,
                41.2259679
              ],
              [
                -6.6675211,
                41.2269678
              ],
              [
                -6.6666938,
                41.2280048
              ],
              [
                -6.6661032,
                41.2286492
              ],
              [
                -6.6656486,
                41.2293303
              ],
              [
                -6.6652141,
                41.2301258
              ],
              [
                -6.6646135,
                41.2307704
              ],
              [
                -6.6629608,
                41.2322016
              ],
              [
                -6.6613486,
                41.2333589
              ],
              [
                -6.6604756,
                41.2339114
              ],
              [
                -6.6591578,
                41.2342521
              ],
              [
                -6.6577928,
                41.2345174
              ],
              [
                -6.6564613,
                41.2346491
              ],
              [
                -6.6554386,
                41.2346437
              ],
              [
                -6.653634,
                41.2350105
              ],
              [
                -6.6529499,
                41.2353562
              ],
              [
                -6.652541,
                41.2359019
              ],
              [
                -6.6518825,
                41.237188
              ],
              [
                -6.6518697,
                41.2382412
              ],
              [
                -6.6517759,
                41.2390611
              ],
              [
                -6.6515606,
                41.2397164
              ],
              [
                -6.6512974,
                41.241153
              ],
              [
                -6.6512491,
                41.2419099
              ],
              [
                -6.6511405,
                41.2423792
              ],
              [
                -6.6509679,
                41.2428209
              ],
              [
                -6.6505853,
                41.2435065
              ],
              [
                -6.6505132,
                41.243846
              ],
              [
                -6.6499911,
                41.2453052
              ],
              [
                -6.6496026,
                41.2458635
              ],
              [
                -6.6492683,
                41.2464377
              ],
              [
                -6.6488004,
                41.2470651
              ],
              [
                -6.6483775,
                41.2475503
              ],
              [
                -6.6482825,
                41.24761
              ],
              [
                -6.6479093,
                41.2478445
              ],
              [
                -6.6473144,
                41.2479894
              ],
              [
                -6.6466482,
                41.2480858
              ],
              [
                -6.6441334,
                41.2481514
              ],
              [
                -6.6435454,
                41.2481207
              ],
              [
                -6.6419369,
                41.2478861
              ],
              [
                -6.640908,
                41.2475523
              ],
              [
                -6.639502,
                41.2466095
              ],
              [
                -6.6390466,
                41.2462561
              ],
              [
                -6.6365084,
                41.2444849
              ],
              [
                -6.6358337,
                41.244143
              ],
              [
                -6.6349242,
                41.2438279
              ],
              [
                -6.6340861,
                41.2436842
              ],
              [
                -6.6331749,
                41.2436239
              ],
              [
                -6.6323295,
                41.2434412
              ],
              [
                -6.6313691,
                41.2431549
              ],
              [
                -6.630684,
                41.2429882
              ],
              [
                -6.6299378,
                41.2428397
              ],
              [
                -6.6292015,
                41.2427572
              ],
              [
                -6.628704,
                41.2427645
              ],
              [
                -6.6270091,
                41.2433814
              ],
              [
                -6.6260058,
                41.2436941
              ],
              [
                -6.6252624,
                41.2442339
              ],
              [
                -6.6249878,
                41.244584
              ],
              [
                -6.6242328,
                41.2452542
              ],
              [
                -6.6232224,
                41.2459418
              ],
              [
                -6.6218217,
                41.2467228
              ],
              [
                -6.6208459,
                41.2473493
              ],
              [
                -6.6203548,
                41.2475805
              ],
              [
                -6.6197664,
                41.2477151
              ],
              [
                -6.619097,
                41.2478181
              ],
              [
                -6.6176244,
                41.2479298
              ],
              [
                -6.6166704,
                41.2479511
              ],
              [
                -6.616202,
                41.2480043
              ],
              [
                -6.6155945,
                41.2480255
              ],
              [
                -6.6134572,
                41.2483839
              ],
              [
                -6.6118138,
                41.2488195
              ],
              [
                -6.6101543,
                41.2493583
              ],
              [
                -6.6098118,
                41.2494121
              ],
              [
                -6.6091102,
                41.2494568
              ],
              [
                -6.6084164,
                41.2494472
              ],
              [
                -6.6072488,
                41.249431
              ],
              [
                -6.6067171,
                41.2492762
              ],
              [
                -6.6056921,
                41.2487378
              ],
              [
                -6.6051678,
                41.2482884
              ],
              [
                -6.6046204,
                41.2473703
              ],
              [
                -6.6036056,
                41.2455283
              ],
              [
                -6.6027713,
                41.2446
              ],
              [
                -6.6013696,
                41.2438362
              ],
              [
                -6.5997629,
                41.2434685
              ],
              [
                -6.5987942,
                41.2436233
              ],
              [
                -6.5984214,
                41.2437689
              ],
              [
                -6.5978929,
                41.2442564
              ],
              [
                -6.5973997,
                41.2448638
              ],
              [
                -6.5967404,
                41.2459251
              ],
              [
                -6.5963261,
                41.2468166
              ],
              [
                -6.5961889,
                41.2473752
              ],
              [
                -6.5961428,
                41.2486109
              ],
              [
                -6.5959861,
                41.2494155
              ],
              [
                -6.5959062,
                41.2506116
              ],
              [
                -6.5955476,
                41.2519472
              ],
              [
                -6.5951953,
                41.2529037
              ],
              [
                -6.5936534,
                41.2547719
              ],
              [
                -6.5931806,
                41.2550779
              ],
              [
                -6.5926599,
                41.2552271
              ],
              [
                -6.5916086,
                41.2552373
              ],
              [
                -6.5904276,
                41.2549106
              ],
              [
                -6.5890423,
                41.2543325
              ],
              [
                -6.5875832,
                41.253324
              ],
              [
                -6.5866565,
                41.2524008
              ],
              [
                -6.5861682,
                41.2511841
              ],
              [
                -6.5860948,
                41.250281
              ],
              [
                -6.5863747,
                41.2493153
              ],
              [
                -6.5870786,
                41.2474824
              ],
              [
                -6.5870737,
                41.2469145
              ],
              [
                -6.5869121,
                41.2459703
              ],
              [
                -6.5865773,
                41.245384
              ],
              [
                -6.5863081,
                41.2430764
              ],
              [
                -6.5855755,
                41.2418035
              ],
              [
                -6.584614,
                41.2409703
              ],
              [
                -6.5830077,
                41.2403215
              ],
              [
                -6.5805233,
                41.2390583
              ],
              [
                -6.5796646,
                41.2389296
              ],
              [
                -6.5778696,
                41.23877
              ],
              [
                -6.5755266,
                41.2389516
              ],
              [
                -6.5731297,
                41.2389712
              ],
              [
                -6.5713298,
                41.239042
              ],
              [
                -6.5706456,
                41.2393932
              ],
              [
                -6.5691917,
                41.2403689
              ],
              [
                -6.5684806,
                41.2409124
              ],
              [
                -6.5675075,
                41.2423423
              ],
              [
                -6.5672857,
                41.2424904
              ],
              [
                -6.5670599,
                41.2426409
              ],
              [
                -6.5659494,
                41.2429534
              ],
              [
                -6.5641439,
                41.2433353
              ],
              [
                -6.5628504,
                41.2434837
              ],
              [
                -6.5620065,
                41.2434528
              ],
              [
                -6.5609064,
                41.2436376
              ],
              [
                -6.5591758,
                41.2435833
              ],
              [
                -6.5580589,
                41.2437891
              ],
              [
                -6.5567631,
                41.2438952
              ],
              [
                -6.5554786,
                41.24391
              ],
              [
                -6.5550716,
                41.2439827
              ],
              [
                -6.5537974,
                41.2446355
              ],
              [
                -6.5533215,
                41.2447068
              ],
              [
                -6.5526879,
                41.2448869
              ],
              [
                -6.5515834,
                41.2456395
              ],
              [
                -6.5508031,
                41.2465396
              ],
              [
                -6.5507315,
                41.2470071
              ],
              [
                -6.5505061,
                41.2477719
              ],
              [
                -6.5503439,
                41.249136
              ],
              [
                -6.5502185,
                41.2496939
              ],
              [
                -6.5497058,
                41.2505847
              ],
              [
                -6.5493325,
                41.2510351
              ],
              [
                -6.5491693,
                41.251371
              ],
              [
                -6.5489735,
                41.2519736
              ],
              [
                -6.548378,
                41.2534293
              ],
              [
                -6.5480154,
                41.2545174
              ],
              [
                -6.5479341,
                41.25503
              ],
              [
                -6.5479433,
                41.2559049
              ],
              [
                -6.5477865,
                41.2568631
              ],
              [
                -6.547497,
                41.2574249
              ],
              [
                -6.5471131,
                41.2579728
              ],
              [
                -6.546601,
                41.2584601
              ],
              [
                -6.545751,
                41.259021
              ],
              [
                -6.5446332,
                41.2596043
              ],
              [
                -6.542232,
                41.2601437
              ],
              [
                -6.5417606,
                41.2603778
              ],
              [
                -6.5404546,
                41.2608935
              ],
              [
                -6.5398686,
                41.2612365
              ],
              [
                -6.5383785,
                41.2622375
              ],
              [
                -6.5368828,
                41.2631147
              ],
              [
                -6.5363743,
                41.2634461
              ],
              [
                -6.5358905,
                41.2635599
              ],
              [
                -6.5352703,
                41.2638829
              ],
              [
                -6.5349831,
                41.2642081
              ],
              [
                -6.5345912,
                41.2644657
              ],
              [
                -6.5341713,
                41.2646842
              ],
              [
                -6.5327498,
                41.2656926
              ],
              [
                -6.5314117,
                41.2662811
              ],
              [
                -6.5308111,
                41.2666869
              ],
              [
                -6.5303059,
                41.2669397
              ],
              [
                -6.5287781,
                41.2681145
              ],
              [
                -6.5279072,
                41.2687157
              ],
              [
                -6.5269656,
                41.2694897
              ],
              [
                -6.5257355,
                41.2704096
              ],
              [
                -6.5253606,
                41.2708258
              ],
              [
                -6.5249408,
                41.2711224
              ],
              [
                -6.5241425,
                41.2720724
              ],
              [
                -6.5237276,
                41.2726708
              ],
              [
                -6.5232811,
                41.2736479
              ],
              [
                -6.522831,
                41.2751771
              ],
              [
                -6.5225985,
                41.2756267
              ],
              [
                -6.5219632,
                41.2758288
              ],
              [
                -6.520029,
                41.2755738
              ],
              [
                -6.519344,
                41.2753693
              ],
              [
                -6.519132,
                41.2752792
              ],
              [
                -6.5178696,
                41.274722
              ],
              [
                -6.5174081,
                41.2744766
              ],
              [
                -6.5167599,
                41.273843
              ],
              [
                -6.5157691,
                41.2727489
              ],
              [
                -6.5152367,
                41.2719541
              ],
              [
                -6.5149005,
                41.2709019
              ],
              [
                -6.5145158,
                41.2700637
              ],
              [
                -6.5143181,
                41.2693386
              ],
              [
                -6.5142893,
                41.2689784
              ],
              [
                -6.5139961,
                41.2674782
              ],
              [
                -6.5135321,
                41.2662436
              ],
              [
                -6.512832,
                41.2652644
              ],
              [
                -6.512443,
                41.2649489
              ],
              [
                -6.5114639,
                41.2644506
              ],
              [
                -6.5100596,
                41.2640707
              ],
              [
                -6.5096749,
                41.2640374
              ],
              [
                -6.5092578,
                41.2640428
              ],
              [
                -6.5087984,
                41.264134
              ],
              [
                -6.5061092,
                41.2651371
              ],
              [
                -6.5053635,
                41.2652956
              ],
              [
                -6.5041868,
                41.2654548
              ],
              [
                -6.5025221,
                41.2654768
              ],
              [
                -6.5020142,
                41.2654434
              ],
              [
                -6.501419,
                41.265448
              ],
              [
                -6.5007922,
                41.2653415
              ],
              [
                -6.5002009,
                41.2651838
              ],
              [
                -6.499548,
                41.2650963
              ],
              [
                -6.499116,
                41.2651292
              ],
              [
                -6.4987173,
                41.265208
              ],
              [
                -6.4975813,
                41.26581
              ],
              [
                -6.4962876,
                41.2661625
              ],
              [
                -6.4956831,
                41.2665168
              ],
              [
                -6.4934935,
                41.268231
              ],
              [
                -6.4923294,
                41.2689268
              ],
              [
                -6.4911822,
                41.2692748
              ],
              [
                -6.4896308,
                41.2699294
              ],
              [
                -6.488535,
                41.2703039
              ],
              [
                -6.4870232,
                41.2707508
              ],
              [
                -6.4859772,
                41.2711914
              ],
              [
                -6.4851592,
                41.2714791
              ],
              [
                -6.4836127,
                41.2719384
              ],
              [
                -6.4828118,
                41.2722392
              ],
              [
                -6.4803657,
                41.2734793
              ],
              [
                -6.479661,
                41.2740679
              ],
              [
                -6.4787916,
                41.2750314
              ],
              [
                -6.478427,
                41.2758067
              ],
              [
                -6.4783747,
                41.2763915
              ],
              [
                -6.4786399,
                41.276929
              ],
              [
                -6.4800758,
                41.2781339
              ],
              [
                -6.4817168,
                41.2794066
              ],
              [
                -6.4830056,
                41.2801142
              ],
              [
                -6.4851068,
                41.2809093
              ],
              [
                -6.4870778,
                41.2816139
              ],
              [
                -6.4879724,
                41.2820687
              ],
              [
                -6.488596,
                41.2824893
              ],
              [
                -6.4889853,
                41.2828454
              ],
              [
                -6.4894123,
                41.2831348
              ],
              [
                -6.4902722,
                41.2834588
              ],
              [
                -6.4904509,
                41.2836198
              ],
              [
                -6.4906415,
                41.2839323
              ],
              [
                -6.4907054,
                41.2841825
              ],
              [
                -6.4909358,
                41.2844863
              ],
              [
                -6.4913399,
                41.2848986
              ],
              [
                -6.4914866,
                41.285282
              ],
              [
                -6.4914508,
                41.2857122
              ],
              [
                -6.4912615,
                41.2863153
              ],
              [
                -6.4911082,
                41.2871303
              ],
              [
                -6.4910007,
                41.2873989
              ],
              [
                -6.4901877,
                41.2887016
              ],
              [
                -6.4895659,
                41.2893097
              ],
              [
                -6.4888837,
                41.2897973
              ],
              [
                -6.4885144,
                41.2901245
              ],
              [
                -6.4868777,
                41.291347
              ],
              [
                -6.4848713,
                41.2925385
              ],
              [
                -6.4830244,
                41.2932782
              ],
              [
                -6.4815603,
                41.293786
              ],
              [
                -6.4804255,
                41.2939671
              ],
              [
                -6.4794226,
                41.2942184
              ],
              [
                -6.4790259,
                41.2929889
              ],
              [
                -6.4788375,
                41.2923642
              ],
              [
                -6.4794981,
                41.2906422
              ],
              [
                -6.4796185,
                41.2895398
              ],
              [
                -6.4790676,
                41.2883857
              ],
              [
                -6.477556,
                41.2875759
              ],
              [
                -6.4759195,
                41.2873372
              ],
              [
                -6.4741519,
                41.2873276
              ],
              [
                -6.4733485,
                41.287487
              ],
              [
                -6.472504,
                41.2875485
              ],
              [
                -6.4702515,
                41.2874004
              ],
              [
                -6.4668156,
                41.2860992
              ],
              [
                -6.4653532,
                41.2862153
              ],
              [
                -6.4647801,
                41.2864397
              ],
              [
                -6.4625842,
                41.2878117
              ],
              [
                -6.4591012,
                41.2892314
              ],
              [
                -6.455513,
                41.291825
              ],
              [
                -6.4548811,
                41.2920691
              ],
              [
                -6.4543084,
                41.2920773
              ],
              [
                -6.4536923,
                41.2919427
              ],
              [
                -6.4508941,
                41.2900545
              ],
              [
                -6.4499309,
                41.2880931
              ],
              [
                -6.4487608,
                41.2865072
              ],
              [
                -6.4465094,
                41.2843413
              ],
              [
                -6.4453495,
                41.2838537
              ],
              [
                -6.4445609,
                41.2838413
              ],
              [
                -6.4431294,
                41.2840913
              ],
              [
                -6.4391338,
                41.2839407
              ],
              [
                -6.4368067,
                41.283506
              ],
              [
                -6.4346376,
                41.2828954
              ],
              [
                -6.4295268,
                41.2812829
              ],
              [
                -6.4281647,
                41.2810353
              ],
              [
                -6.4270124,
                41.2809166
              ],
              [
                -6.426406,
                41.2807365
              ],
              [
                -6.424479,
                41.2797312
              ],
              [
                -6.4237968,
                41.2796975
              ],
              [
                -6.4235526,
                41.2798219
              ],
              [
                -6.423206,
                41.2811831
              ],
              [
                -6.4227704,
                41.2815293
              ],
              [
                -6.4221656,
                41.2818354
              ],
              [
                -6.4215205,
                41.2825121
              ],
              [
                -6.4208365,
                41.2829017
              ],
              [
                -6.4181766,
                41.2831789
              ],
              [
                -6.4177353,
                41.2829579
              ],
              [
                -6.4169253,
                41.2827658
              ],
              [
                -6.4158496,
                41.2822845
              ],
              [
                -6.4145255,
                41.281162
              ],
              [
                -6.4139282,
                41.2809276
              ],
              [
                -6.4138494,
                41.2805607
              ],
              [
                -6.4141522,
                41.2799573
              ],
              [
                -6.4152628,
                41.2785915
              ],
              [
                -6.4157303,
                41.2770286
              ],
              [
                -6.4156611,
                41.2766164
              ],
              [
                -6.4154049,
                41.2762818
              ],
              [
                -6.4147324,
                41.2759775
              ],
              [
                -6.4135723,
                41.2761651
              ],
              [
                -6.4108939,
                41.2772262
              ],
              [
                -6.4097251,
                41.277477
              ],
              [
                -6.4077803,
                41.2774987
              ],
              [
                -6.4070492,
                41.2776734
              ],
              [
                -6.4055142,
                41.2784574
              ],
              [
                -6.4040406,
                41.2788163
              ],
              [
                -6.4027906,
                41.2786551
              ],
              [
                -6.4000724,
                41.2787265
              ],
              [
                -6.3965735,
                41.278938
              ],
              [
                -6.3956725,
                41.2788296
              ],
              [
                -6.3952231,
                41.2786807
              ],
              [
                -6.3927729,
                41.278627
              ],
              [
                -6.3913675,
                41.2789206
              ],
              [
                -6.3907553,
                41.2793169
              ],
              [
                -6.3903238,
                41.2797439
              ],
              [
                -6.3890772,
                41.2814918
              ],
              [
                -6.3883591,
                41.2819182
              ],
              [
                -6.386617,
                41.2821677
              ],
              [
                -6.3857268,
                41.2825001
              ],
              [
                -6.385303,
                41.2828458
              ],
              [
                -6.3850225,
                41.2836556
              ],
              [
                -6.3840276,
                41.2849637
              ],
              [
                -6.3826338,
                41.2857162
              ],
              [
                -6.3812111,
                41.2859112
              ],
              [
                -6.3777113,
                41.2861131
              ],
              [
                -6.3761326,
                41.2862946
              ],
              [
                -6.3722764,
                41.2862997
              ],
              [
                -6.3682381,
                41.2846259
              ],
              [
                -6.3677672,
                41.2845226
              ],
              [
                -6.3659785,
                41.284566
              ],
              [
                -6.3646102,
                41.2834983
              ],
              [
                -6.3640509,
                41.2826051
              ],
              [
                -6.363641,
                41.2815994
              ],
              [
                -6.3631765,
                41.2813878
              ],
              [
                -6.3617578,
                41.2811952
              ],
              [
                -6.3591133,
                41.2803809
              ],
              [
                -6.3586736,
                41.2804207
              ],
              [
                -6.3568579,
                41.2801676
              ],
              [
                -6.3544656,
                41.2791477
              ],
              [
                -6.3538525,
                41.2785982
              ],
              [
                -6.3526391,
                41.277751
              ],
              [
                -6.3519984,
                41.2771302
              ],
              [
                -6.3499933,
                41.2759729
              ],
              [
                -6.348764,
                41.2755134
              ],
              [
                -6.3482913,
                41.2751399
              ],
              [
                -6.3477509,
                41.2736787
              ],
              [
                -6.3476284,
                41.2726826
              ],
              [
                -6.3472011,
                41.2724969
              ],
              [
                -6.3443724,
                41.2720389
              ],
              [
                -6.3419298,
                41.2718938
              ],
              [
                -6.3401442,
                41.2719908
              ],
              [
                -6.3349211,
                41.2716291
              ],
              [
                -6.3331681,
                41.2711936
              ],
              [
                -6.3319707,
                41.2704178
              ],
              [
                -6.3309759,
                41.269402
              ],
              [
                -6.3294784,
                41.2683557
              ],
              [
                -6.3288604,
                41.2681754
              ],
              [
                -6.3276619,
                41.2680377
              ],
              [
                -6.3263355,
                41.2680504
              ],
              [
                -6.3251532,
                41.2682737
              ],
              [
                -6.3244362,
                41.2684926
              ],
              [
                -6.3224276,
                41.2693702
              ],
              [
                -6.3203772,
                41.2706002
              ],
              [
                -6.3200685,
                41.2706992
              ],
              [
                -6.31905,
                41.2710258
              ],
              [
                -6.3176825,
                41.2708942
              ],
              [
                -6.316802,
                41.2702441
              ],
              [
                -6.3148395,
                41.2684996
              ],
              [
                -6.3141847,
                41.2675909
              ],
              [
                -6.3129194,
                41.2652318
              ],
              [
                -6.3114423,
                41.2634011
              ],
              [
                -6.3091878,
                41.2624844
              ],
              [
                -6.3057672,
                41.2618714
              ],
              [
                -6.30295,
                41.2609167
              ],
              [
                -6.3013728,
                41.2599353
              ],
              [
                -6.3007373,
                41.2594042
              ],
              [
                -6.3001593,
                41.2585922
              ],
              [
                -6.2994845,
                41.2579902
              ],
              [
                -6.2989496,
                41.2573211
              ],
              [
                -6.296745,
                41.2564387
              ],
              [
                -6.2926008,
                41.2554318
              ],
              [
                -6.2915098,
                41.2550938
              ],
              [
                -6.2902096,
                41.2548698
              ],
              [
                -6.2885666,
                41.2547097
              ],
              [
                -6.2875363,
                41.2546311
              ],
              [
                -6.2840324,
                41.2540107
              ],
              [
                -6.2822747,
                41.2539439
              ],
              [
                -6.2776013,
                41.2547526
              ],
              [
                -6.2765328,
                41.2558188
              ],
              [
                -6.2751668,
                41.2569024
              ],
              [
                -6.2742613,
                41.2571713
              ],
              [
                -6.2726169,
                41.256984
              ],
              [
                -6.2709901,
                41.2561928
              ],
              [
                -6.2703861,
                41.2560478
              ],
              [
                -6.2692826,
                41.2559351
              ],
              [
                -6.2681682,
                41.2556066
              ],
              [
                -6.2678982,
                41.255218
              ],
              [
                -6.2674904,
                41.2542209
              ],
              [
                -6.2670646,
                41.2538187
              ],
              [
                -6.2639682,
                41.2520335
              ],
              [
                -6.2633555,
                41.2512313
              ],
              [
                -6.2632501,
                41.250793
              ],
              [
                -6.2628048,
                41.2502383
              ],
              [
                -6.2613089,
                41.2494342
              ],
              [
                -6.2582278,
                41.2474682
              ],
              [
                -6.2545952,
                41.2454456
              ],
              [
                -6.2528386,
                41.2429917
              ],
              [
                -6.2523223,
                41.2424479
              ],
              [
                -6.2511061,
                41.2417438
              ],
              [
                -6.2487007,
                41.2411184
              ],
              [
                -6.2466573,
                41.2408159
              ],
              [
                -6.2455345,
                41.2405504
              ],
              [
                -6.2419758,
                41.2402455
              ],
              [
                -6.2401602,
                41.2402066
              ],
              [
                -6.2388782,
                41.2400986
              ],
              [
                -6.2360003,
                41.2393241
              ],
              [
                -6.2344511,
                41.238395
              ],
              [
                -6.2341315,
                41.2382059
              ],
              [
                -6.2334275,
                41.2374782
              ],
              [
                -6.2331811,
                41.2368367
              ],
              [
                -6.2324923,
                41.2354511
              ],
              [
                -6.2319783,
                41.2339796
              ],
              [
                -6.2312287,
                41.2328119
              ],
              [
                -6.2304935,
                41.2321751
              ],
              [
                -6.2294965,
                41.2310683
              ],
              [
                -6.2251807,
                41.2277312
              ],
              [
                -6.2242276,
                41.2272716
              ],
              [
                -6.222385,
                41.2266748
              ],
              [
                -6.2175546,
                41.2254772
              ],
              [
                -6.2153402,
                41.2243503
              ],
              [
                -6.2144666,
                41.2238073
              ],
              [
                -6.2139191,
                41.2235885
              ],
              [
                -6.2132101,
                41.2234822
              ],
              [
                -6.2115499,
                41.2234385
              ],
              [
                -6.2106472,
                41.2232746
              ],
              [
                -6.2091861,
                41.222667
              ],
              [
                -6.2052176,
                41.220301
              ],
              [
                -6.2040688,
                41.2199818
              ],
              [
                -6.2030343,
                41.2198035
              ],
              [
                -6.2023112,
                41.2198956
              ],
              [
                -6.2010498,
                41.2202009
              ],
              [
                -6.1995473,
                41.2197204
              ],
              [
                -6.1966475,
                41.218225
              ],
              [
                -6.1961147,
                41.2178165
              ],
              [
                -6.1958074,
                41.2173838
              ],
              [
                -6.1944707,
                41.2161421
              ],
              [
                -6.1930239,
                41.2151312
              ],
              [
                -6.1913963,
                41.2139939
              ],
              [
                -6.1909275,
                41.2136737
              ],
              [
                -6.1893381,
                41.2136098
              ],
              [
                -6.1888715,
                41.2133345
              ],
              [
                -6.1876934,
                41.2128988
              ],
              [
                -6.1857045,
                41.2117291
              ],
              [
                -6.1828159,
                41.2111877
              ],
              [
                -6.1818487,
                41.2109173
              ],
              [
                -6.1811776,
                41.2103595
              ],
              [
                -6.1807606,
                41.2098757
              ],
              [
                -6.1799003,
                41.2093501
              ],
              [
                -6.1784389,
                41.208724
              ],
              [
                -6.1759097,
                41.2079654
              ],
              [
                -6.1732201,
                41.2075893
              ],
              [
                -6.1722121,
                41.2077072
              ],
              [
                -6.1673964,
                41.2075067
              ],
              [
                -6.1649742,
                41.2077265
              ],
              [
                -6.164291,
                41.2076552
              ],
              [
                -6.1634443,
                41.2074083
              ],
              [
                -6.1579351,
                41.204939
              ],
              [
                -6.1556737,
                41.2035421
              ],
              [
                -6.1538781,
                41.2021594
              ],
              [
                -6.1517642,
                41.2020912
              ],
              [
                -6.1504162,
                41.2013356
              ],
              [
                -6.1493775,
                41.2005625
              ],
              [
                -6.1472361,
                41.1994234
              ],
              [
                -6.1458358,
                41.1985701
              ],
              [
                -6.1435565,
                41.1977858
              ],
              [
                -6.140663,
                41.195127
              ],
              [
                -6.1381929,
                41.1925917
              ],
              [
                -6.1344988,
                41.1903869
              ],
              [
                -6.1337315,
                41.1910472
              ],
              [
                -6.130954,
                41.192807
              ],
              [
                -6.1300986,
                41.1943703
              ],
              [
                -6.1295396,
                41.1951511
              ],
              [
                -6.1288981,
                41.1956999
              ],
              [
                -6.1281871,
                41.1960434
              ],
              [
                -6.1268914,
                41.1963759
              ],
              [
                -6.1263547,
                41.1966246
              ],
              [
                -6.1260313,
                41.1973449
              ],
              [
                -6.1249883,
                41.1982288
              ],
              [
                -6.1248168,
                41.1991341
              ],
              [
                -6.1249772,
                41.2004987
              ],
              [
                -6.124177,
                41.2014751
              ],
              [
                -6.1245103,
                41.2022135
              ],
              [
                -6.1242587,
                41.2029408
              ],
              [
                -6.1220349,
                41.2040729
              ],
              [
                -6.121148,
                41.2037278
              ],
              [
                -6.12067,
                41.2042091
              ],
              [
                -6.119896,
                41.2047344
              ],
              [
                -6.119521,
                41.205375
              ],
              [
                -6.1189503,
                41.2059128
              ],
              [
                -6.1179827,
                41.2061282
              ],
              [
                -6.1166155,
                41.2077233
              ],
              [
                -6.1157831,
                41.2080251
              ],
              [
                -6.1147989,
                41.2086461
              ],
              [
                -6.1127161,
                41.2104947
              ],
              [
                -6.1102418,
                41.2121377
              ],
              [
                -6.1093102,
                41.2126132
              ],
              [
                -6.1075473,
                41.2119044
              ],
              [
                -6.1064748,
                41.2116722
              ],
              [
                -6.1054845,
                41.2116629
              ],
              [
                -6.1045703,
                41.2114985
              ],
              [
                -6.1017597,
                41.2105746
              ],
              [
                -6.1003964,
                41.2102422
              ],
              [
                -6.0999833,
                41.2103343
              ],
              [
                -6.0991644,
                41.2109238
              ],
              [
                -6.0972403,
                41.2118492
              ],
              [
                -6.0956212,
                41.2116587
              ],
              [
                -6.0939919,
                41.2120087
              ],
              [
                -6.0924884,
                41.2124995
              ],
              [
                -6.0912731,
                41.212271
              ],
              [
                -6.0875908,
                41.2120817
              ],
              [
                -6.0849959,
                41.211683
              ],
              [
                -6.0836378,
                41.2112061
              ],
              [
                -6.0809917,
                41.2114932
              ],
              [
                -6.0787486,
                41.2114722
              ],
              [
                -6.0762494,
                41.211332
              ],
              [
                -6.0740424,
                41.2113189
              ],
              [
                -6.0707289,
                41.2149288
              ],
              [
                -6.070427,
                41.2153602
              ],
              [
                -6.0701454,
                41.2162233
              ],
              [
                -6.0694674,
                41.2167727
              ],
              [
                -6.0680253,
                41.2173066
              ],
              [
                -6.0667033,
                41.217603
              ],
              [
                -6.0656431,
                41.2176313
              ],
              [
                -6.0620099,
                41.2210513
              ],
              [
                -6.0584935,
                41.2147056
              ],
              [
                -6.056565,
                41.2142705
              ],
              [
                -6.0552025,
                41.2129288
              ],
              [
                -6.0500173,
                41.2106799
              ],
              [
                -6.0487702,
                41.2100195
              ],
              [
                -6.0477849,
                41.2096043
              ],
              [
                -6.0467198,
                41.2090111
              ],
              [
                -6.045764,
                41.2089734
              ],
              [
                -6.0426409,
                41.2079754
              ],
              [
                -6.042141,
                41.2079976
              ],
              [
                -6.0409965,
                41.208262
              ],
              [
                -6.0400884,
                41.208223
              ],
              [
                -6.0373213,
                41.2069272
              ],
              [
                -6.0361929,
                41.2067679
              ],
              [
                -6.0352048,
                41.206803
              ],
              [
                -6.0306656,
                41.2056078
              ],
              [
                -6.0293638,
                41.2050477
              ],
              [
                -6.0289314,
                41.2044647
              ],
              [
                -6.0272402,
                41.2037348
              ],
              [
                -6.0260897,
                41.2033508
              ],
              [
                -6.0249651,
                41.2032723
              ],
              [
                -6.0244065,
                41.2030528
              ],
              [
                -6.0229678,
                41.2031447
              ],
              [
                -6.0225937,
                41.2033076
              ],
              [
                -6.0216085,
                41.2034056
              ],
              [
                -6.0210785,
                41.2030322
              ],
              [
                -6.0203872,
                41.2027802
              ],
              [
                -6.0190163,
                41.2027892
              ],
              [
                -6.0164456,
                41.2023793
              ],
              [
                -6.0153473,
                41.202354
              ],
              [
                -6.0129259,
                41.2013007
              ],
              [
                -6.0124133,
                41.2011795
              ],
              [
                -6.0094185,
                41.2003218
              ],
              [
                -6.0093739,
                41.1998895
              ],
              [
                -6.0093847,
                41.1995343
              ],
              [
                -6.0094544,
                41.1989491
              ],
              [
                -6.0096378,
                41.198325
              ],
              [
                -6.0098675,
                41.1971448
              ],
              [
                -6.0099909,
                41.1966322
              ],
              [
                -6.0106185,
                41.1949934
              ],
              [
                -6.0108867,
                41.1939156
              ],
              [
                -6.0111496,
                41.1934998
              ],
              [
                -6.0130754,
                41.192971
              ],
              [
                -6.0135475,
                41.1927167
              ],
              [
                -6.0138693,
                41.1924664
              ],
              [
                -6.0167554,
                41.1910172
              ],
              [
                -6.0177371,
                41.1903754
              ],
              [
                -6.0189012,
                41.1892168
              ],
              [
                -6.0192874,
                41.1887606
              ],
              [
                -6.0198292,
                41.1877836
              ],
              [
                -6.0203656,
                41.1870126
              ],
              [
                -6.0222271,
                41.1860194
              ],
              [
                -6.0230854,
                41.1851999
              ],
              [
                -6.0233053,
                41.184994
              ],
              [
                -6.0239598,
                41.1840775
              ],
              [
                -6.0242011,
                41.1835781
              ],
              [
                -6.0242441,
                41.1834154
              ],
              [
                -6.0237345,
                41.1826685
              ],
              [
                -6.0237617,
                41.1820586
              ],
              [
                -6.025317,
                41.1805731
              ],
              [
                -6.0265937,
                41.179378
              ],
              [
                -6.0274789,
                41.1789056
              ],
              [
                -6.027387,
                41.1787443
              ],
              [
                -6.0273555,
                41.1779083
              ],
              [
                -6.0275415,
                41.1766455
              ],
              [
                -6.0280046,
                41.175405
              ],
              [
                -6.0279831,
                41.1752596
              ],
              [
                -6.027783,
                41.1741265
              ],
              [
                -6.0281601,
                41.1708744
              ],
              [
                -6.0282084,
                41.170297
              ],
              [
                -6.0274833,
                41.1683975
              ],
              [
                -6.027495,
                41.1669251
              ],
              [
                -6.0273501,
                41.1660003
              ],
              [
                -6.0261802,
                41.1634236
              ],
              [
                -6.0258528,
                41.1622351
              ],
              [
                -6.0252554,
                41.1616834
              ],
              [
                -6.0253245,
                41.1611142
              ],
              [
                -6.0256923,
                41.1596872
              ],
              [
                -6.0249628,
                41.1590612
              ],
              [
                -6.0242853,
                41.1579533
              ],
              [
                -6.023889,
                41.1573693
              ],
              [
                -6.0233456,
                41.1567169
              ],
              [
                -6.021939,
                41.1552293
              ],
              [
                -6.020757,
                41.1545605
              ],
              [
                -6.0193876,
                41.1538039
              ],
              [
                -6.018028,
                41.1532825
              ],
              [
                -6.0164018,
                41.1527988
              ],
              [
                -6.014426,
                41.1524008
              ],
              [
                -6.012442,
                41.1521253
              ],
              [
                -6.0106695,
                41.1517764
              ],
              [
                -6.009027,
                41.1517764
              ],
              [
                -6.0064983,
                41.1524315
              ],
              [
                -6.0051079,
                41.1528416
              ],
              [
                -6.0039289,
                41.1530314
              ],
              [
                -6.0029858,
                41.1530192
              ],
              [
                -6.0024166,
                41.152658
              ],
              [
                -6.0021239,
                41.1528294
              ],
              [
                -6.0016767,
                41.1536192
              ],
              [
                -6.0008798,
                41.1545497
              ],
              [
                -6.0007836,
                41.1546418
              ],
              [
                -6.0005803,
                41.1549418
              ],
              [
                -5.9999908,
                41.1557866
              ],
              [
                -5.9998445,
                41.1565702
              ],
              [
                -5.9993322,
                41.1573691
              ],
              [
                -5.9989135,
                41.1576813
              ],
              [
                -5.9983972,
                41.1579201
              ],
              [
                -5.9973361,
                41.1582353
              ],
              [
                -5.9970013,
                41.1583677
              ],
              [
                -5.9967813,
                41.1585353
              ],
              [
                -5.9966687,
                41.1588059
              ],
              [
                -5.9960583,
                41.1605167
              ],
              [
                -5.9954414,
                41.1613123
              ],
              [
                -5.9941646,
                41.1631822
              ],
              [
                -5.9932902,
                41.1639818
              ],
              [
                -5.9924728,
                41.1648819
              ],
              [
                -5.9919277,
                41.1655366
              ],
              [
                -5.9914932,
                41.1663201
              ],
              [
                -5.9911069,
                41.1667199
              ],
              [
                -5.9889075,
                41.1683231
              ],
              [
                -5.9884837,
                41.168735
              ],
              [
                -5.9870782,
                41.1707338
              ],
              [
                -5.9858367,
                41.1725231
              ],
              [
                -5.985029,
                41.1729666
              ],
              [
                -5.9845663,
                41.1731275
              ],
              [
                -5.9792293,
                41.1740326
              ],
              [
                -5.9780684,
                41.173894
              ],
              [
                -5.9771695,
                41.173553
              ],
              [
                -5.9759661,
                41.1728178
              ],
              [
                -5.9746283,
                41.1721517
              ],
              [
                -5.973694,
                41.1713046
              ],
              [
                -5.973156,
                41.1706705
              ],
              [
                -5.9724977,
                41.1695302
              ],
              [
                -5.9719598,
                41.1688216
              ],
              [
                -5.9716412,
                41.167937
              ],
              [
                -5.9714997,
                41.1670365
              ],
              [
                -5.971075,
                41.1665569
              ],
              [
                -5.9712519,
                41.1658322
              ],
              [
                -5.9715138,
                41.1650489
              ],
              [
                -5.9716554,
                41.1645907
              ],
              [
                -5.9716979,
                41.1634982
              ],
              [
                -5.9716129,
                41.163381
              ],
              [
                -5.9716412,
                41.1632105
              ],
              [
                -5.9717333,
                41.163056
              ],
              [
                -5.9718111,
                41.1627575
              ],
              [
                -5.9713086,
                41.1618463
              ],
              [
                -5.9711033,
                41.1613187
              ],
              [
                -5.9698462,
                41.1595932
              ],
              [
                -5.9689776,
                41.1585877
              ],
              [
                -5.9686227,
                41.157568
              ],
              [
                -5.9683259,
                41.1566896
              ],
              [
                -5.9678364,
                41.1567636
              ],
              [
                -5.9668225,
                41.1565172
              ],
              [
                -5.9662431,
                41.1558427
              ],
              [
                -5.9654707,
                41.1550389
              ],
              [
                -5.9650104,
                41.1541062
              ],
              [
                -5.9643141,
                41.1537211
              ],
              [
                -5.9646037,
                41.1534474
              ],
              [
                -5.9642771,
                41.1528952
              ],
              [
                -5.9637842,
                41.1524266
              ],
              [
                -5.962599,
                41.1498894
              ],
              [
                -5.9623654,
                41.1492019
              ],
              [
                -5.9620469,
                41.1482531
              ],
              [
                -5.9627547,
                41.1474163
              ],
              [
                -5.9621955,
                41.1470538
              ],
              [
                -5.9627618,
                41.1464195
              ],
              [
                -5.9631746,
                41.1460417
              ],
              [
                -5.958292,
                41.1443362
              ],
              [
                -5.9558924,
                41.1438671
              ],
              [
                -5.9548062,
                41.1437943
              ],
              [
                -5.9539034,
                41.1433394
              ],
              [
                -5.9530226,
                41.1415916
              ],
              [
                -5.9523324,
                41.140269
              ],
              [
                -5.951707,
                41.1408097
              ],
              [
                -5.9503975,
                41.1405173
              ],
              [
                -5.9469905,
                41.1426341
              ],
              [
                -5.9468457,
                41.1426516
              ],
              [
                -5.9460518,
                41.1422331
              ],
              [
                -5.9446945,
                41.1437898
              ],
              [
                -5.9441212,
                41.1443282
              ],
              [
                -5.9445005,
                41.1445044
              ],
              [
                -5.9448998,
                41.1451011
              ],
              [
                -5.9455935,
                41.1457088
              ],
              [
                -5.9452112,
                41.145986
              ],
              [
                -5.9459403,
                41.1467908
              ],
              [
                -5.9469525,
                41.1477982
              ],
              [
                -5.945367,
                41.1489762
              ],
              [
                -5.9437389,
                41.1505592
              ],
              [
                -5.9398033,
                41.1504632
              ],
              [
                -5.9395556,
                41.1507031
              ],
              [
                -5.9379488,
                41.1506658
              ],
              [
                -5.9355487,
                41.1509465
              ],
              [
                -5.9338676,
                41.1514577
              ],
              [
                -5.9366767,
                41.1567268
              ],
              [
                -5.9371307,
                41.1575528
              ],
              [
                -5.9371861,
                41.1579927
              ],
              [
                -5.9371217,
                41.1584177
              ],
              [
                -5.9369766,
                41.1586375
              ],
              [
                -5.9366941,
                41.1587168
              ],
              [
                -5.9316433,
                41.1576927
              ],
              [
                -5.9310761,
                41.158869
              ],
              [
                -5.9306062,
                41.1595564
              ],
              [
                -5.9322619,
                41.1640805
              ],
              [
                -5.9325653,
                41.1660722
              ],
              [
                -5.9318689,
                41.1668255
              ],
              [
                -5.927703,
                41.1700957
              ],
              [
                -5.9266466,
                41.1711778
              ],
              [
                -5.9263508,
                41.1716834
              ],
              [
                -5.9261271,
                41.1726326
              ],
              [
                -5.9257337,
                41.1737844
              ],
              [
                -5.9250407,
                41.1745495
              ],
              [
                -5.9220939,
                41.1758312
              ],
              [
                -5.9205938,
                41.1753379
              ],
              [
                -5.917172,
                41.174515
              ],
              [
                -5.9151111,
                41.1741707
              ],
              [
                -5.9151819,
                41.1754121
              ],
              [
                -5.9150384,
                41.1762098
              ],
              [
                -5.9147836,
                41.1767905
              ],
              [
                -5.9141465,
                41.1774459
              ],
              [
                -5.9135384,
                41.177979
              ],
              [
                -5.913192,
                41.1781135
              ],
              [
                -5.9132725,
                41.1783315
              ],
              [
                -5.9141381,
                41.179229
              ],
              [
                -5.9142898,
                41.1794812
              ],
              [
                -5.9142898,
                41.1801583
              ],
              [
                -5.9143799,
                41.1811888
              ],
              [
                -5.9145933,
                41.1821549
              ],
              [
                -5.9147971,
                41.1825627
              ],
              [
                -5.9147596,
                41.1828292
              ],
              [
                -5.9146523,
                41.1832046
              ],
              [
                -5.9145182,
                41.184
              ],
              [
                -5.9148079,
                41.1840282
              ],
              [
                -5.9157224,
                41.186585
              ],
              [
                -5.9163195,
                41.1877279
              ],
              [
                -5.9164482,
                41.1884525
              ],
              [
                -5.9166855,
                41.1892654
              ],
              [
                -5.9167337,
                41.1898023
              ],
              [
                -5.9170127,
                41.1905531
              ],
              [
                -5.9171093,
                41.1910739
              ],
              [
                -5.9172876,
                41.1921774
              ],
              [
                -5.9173824,
                41.1937728
              ],
              [
                -5.9172301,
                41.1943569
              ],
              [
                -5.9171151,
                41.1987153
              ],
              [
                -5.9171976,
                41.2003337
              ],
              [
                -5.9174256,
                41.2011775
              ],
              [
                -5.9174749,
                41.2018405
              ],
              [
                -5.9175796,
                41.2023087
              ],
              [
                -5.9178446,
                41.2039222
              ],
              [
                -5.9177275,
                41.2042513
              ],
              [
                -5.9182143,
                41.2053223
              ],
              [
                -5.918584,
                41.2065879
              ],
              [
                -5.9189796,
                41.2079458
              ],
              [
                -5.9192927,
                41.2092675
              ],
              [
                -5.9203217,
                41.2114509
              ],
              [
                -5.9204241,
                41.2119421
              ],
              [
                -5.9204635,
                41.2127349
              ],
              [
                -5.9205621,
                41.2135415
              ],
              [
                -5.9206175,
                41.213713
              ],
              [
                -5.9205313,
                41.2150017
              ],
              [
                -5.9208209,
                41.2158824
              ],
              [
                -5.9209934,
                41.2172915
              ],
              [
                -5.9205905,
                41.2185011
              ],
              [
                -5.9202157,
                41.2193908
              ],
              [
                -5.9191979,
                41.2202995
              ],
              [
                -5.9183992,
                41.2212453
              ],
              [
                -5.9178507,
                41.2220517
              ],
              [
                -5.9166799,
                41.2250273
              ],
              [
                -5.915657,
                41.2258383
              ],
              [
                -5.9146957,
                41.2266262
              ],
              [
                -5.9132624,
                41.2279856
              ],
              [
                -5.9138229,
                41.2293223
              ],
              [
                -5.9138266,
                41.2299437
              ],
              [
                -5.9135055,
                41.2307714
              ],
              [
                -5.9117066,
                41.2314361
              ],
              [
                -5.908403,
                41.2321974
              ],
              [
                -5.9067873,
                41.2338477
              ],
              [
                -5.9044722,
                41.2345683
              ],
              [
                -5.9029792,
                41.2351206
              ],
              [
                -5.9018331,
                41.2357415
              ],
              [
                -5.9015519,
                41.2365541
              ],
              [
                -5.9012029,
                41.2370839
              ],
              [
                -5.9007517,
                41.2373958
              ],
              [
                -5.8977883,
                41.2388044
              ],
              [
                -5.8967564,
                41.2386012
              ],
              [
                -5.8952603,
                41.2371671
              ],
              [
                -5.8934844,
                41.2369416
              ],
              [
                -5.8913118,
                41.2358344
              ],
              [
                -5.8906893,
                41.2358527
              ],
              [
                -5.8894589,
                41.2355956
              ],
              [
                -5.888345,
                41.2356935
              ],
              [
                -5.8849625,
                41.2357791
              ],
              [
                -5.8815719,
                41.236574
              ],
              [
                -5.8805755,
                41.2366891
              ],
              [
                -5.8784659,
                41.2370753
              ],
              [
                -5.8773113,
                41.2373199
              ],
              [
                -5.8769129,
                41.2373016
              ],
              [
                -5.8757583,
                41.2366718
              ],
              [
                -5.8740345,
                41.2354856
              ],
              [
                -5.8720994,
                41.2338346
              ],
              [
                -5.8712212,
                41.2333455
              ],
              [
                -5.8696032,
                41.233052
              ],
              [
                -5.8687819,
                41.2326362
              ],
              [
                -5.8678469,
                41.2313276
              ],
              [
                -5.8661711,
                41.2295196
              ],
              [
                -5.8660996,
                41.229431
              ],
              [
                -5.8655656,
                41.2287691
              ],
              [
                -5.8651555,
                41.2282334
              ],
              [
                -5.8644481,
                41.2281111
              ],
              [
                -5.862204,
                41.2282334
              ],
              [
                -5.8613584,
                41.2281233
              ],
              [
                -5.861334,
                41.2280988
              ],
              [
                -5.8596102,
                41.2271938
              ],
              [
                -5.858228,
                41.2268024
              ],
              [
                -5.8567481,
                41.2259768
              ],
              [
                -5.8564252,
                41.2257091
              ],
              [
                -5.8554472,
                41.224399
              ],
              [
                -5.8542601,
                41.2244541
              ],
              [
                -5.8536909,
                41.2245641
              ],
              [
                -5.8523412,
                41.2249983
              ],
              [
                -5.8507543,
                41.2250571
              ],
              [
                -5.8489262,
                41.2247537
              ],
              [
                -5.8471374,
                41.2240321
              ],
              [
                -5.846495,
                41.2238119
              ],
              [
                -5.845812,
                41.223818
              ],
              [
                -5.8448445,
                41.2236162
              ],
              [
                -5.8437549,
                41.2219222
              ],
              [
                -5.843262,
                41.2220207
              ],
              [
                -5.8418136,
                41.2222265
              ],
              [
                -5.8389955,
                41.2213392
              ],
              [
                -5.8374549,
                41.2212465
              ],
              [
                -5.8351996,
                41.2206347
              ],
              [
                -5.8347601,
                41.2206227
              ],
              [
                -5.8339549,
                41.2208479
              ],
              [
                -5.833277,
                41.2211075
              ],
              [
                -5.8328278,
                41.2212669
              ],
              [
                -5.8299372,
                41.2220901
              ],
              [
                -5.8270817,
                41.2216244
              ],
              [
                -5.8249779,
                41.2215229
              ],
              [
                -5.823838,
                41.221756
              ],
              [
                -5.8226248,
                41.222004
              ],
              [
                -5.8191761,
                41.2225299
              ],
              [
                -5.8183243,
                41.2225771
              ],
              [
                -5.8180099,
                41.2225945
              ],
              [
                -5.8146434,
                41.2227391
              ],
              [
                -5.8135563,
                41.2238904
              ],
              [
                -5.8114678,
                41.2249098
              ],
              [
                -5.8087685,
                41.2250784
              ],
              [
                -5.8076197,
                41.2241862
              ],
              [
                -5.806172,
                41.2228796
              ],
              [
                -5.8049204,
                41.2220296
              ],
              [
                -5.8045282,
                41.2209758
              ],
              [
                -5.8043787,
                41.2208563
              ],
              [
                -5.8026772,
                41.2206544
              ],
              [
                -5.8018548,
                41.220778
              ],
              [
                -5.8012556,
                41.2207936
              ],
              [
                -5.7994846,
                41.2211163
              ],
              [
                -5.7988924,
                41.2210779
              ],
              [
                -5.7977498,
                41.2206341
              ],
              [
                -5.795459,
                41.2200133
              ],
              [
                -5.7941894,
                41.2195215
              ],
              [
                -5.7938713,
                41.218673
              ],
              [
                -5.7912286,
                41.2159103
              ],
              [
                -5.7851016,
                41.2162335
              ],
              [
                -5.7838967,
                41.2158611
              ],
              [
                -5.7823743,
                41.2160578
              ],
              [
                -5.7814403,
                41.2159735
              ],
              [
                -5.7805903,
                41.2164442
              ],
              [
                -5.7795723,
                41.2167674
              ],
              [
                -5.7779565,
                41.2171538
              ],
              [
                -5.7773587,
                41.2168026
              ],
              [
                -5.7767423,
                41.2164583
              ],
              [
                -5.7755934,
                41.2160508
              ],
              [
                -5.7743606,
                41.2158541
              ],
              [
                -5.7728101,
                41.2155871
              ],
              [
                -5.7698774,
                41.2153833
              ],
              [
                -5.7673077,
                41.2157013
              ],
              [
                -5.766048,
                41.2157979
              ],
              [
                -5.765581,
                41.2161281
              ],
              [
                -5.7645316,
                41.2166579
              ],
              [
                -5.7622197,
                41.2186994
              ],
              [
                -5.7599715,
                41.2210322
              ],
              [
                -5.7581105,
                41.2223485
              ],
              [
                -5.7567795,
                41.2238873
              ],
              [
                -5.7512952,
                41.2256206
              ],
              [
                -5.7493953,
                41.2257316
              ],
              [
                -5.7486955,
                41.2258294
              ],
              [
                -5.7474596,
                41.2262282
              ],
              [
                -5.7454782,
                41.226631
              ],
              [
                -5.7428285,
                41.2273169
              ],
              [
                -5.7414155,
                41.227183
              ],
              [
                -5.7390943,
                41.2271315
              ],
              [
                -5.7372456,
                41.2272057
              ],
              [
                -5.7357571,
                41.2272839
              ],
              [
                -5.7340298,
                41.2273807
              ],
              [
                -5.7324848,
                41.2277519
              ],
              [
                -5.7297061,
                41.2281473
              ],
              [
                -5.7209052,
                41.2296964
              ],
              [
                -5.7143102,
                41.2309553
              ],
              [
                -5.7122717,
                41.2315362
              ],
              [
                -5.7106624,
                41.232093
              ],
              [
                -5.7094822,
                41.2324641
              ],
              [
                -5.7059448,
                41.2331655
              ],
              [
                -5.7046971,
                41.233279
              ],
              [
                -5.7022832,
                41.2340213
              ],
              [
                -5.6976483,
                41.2340536
              ],
              [
                -5.697144,
                41.2340455
              ],
              [
                -5.6953631,
                41.2341827
              ],
              [
                -5.6933782,
                41.2336179
              ],
              [
                -5.6917153,
                41.2335049
              ],
              [
                -5.6901918,
                41.2332306
              ],
              [
                -5.6871662,
                41.2331822
              ],
              [
                -5.6849346,
                41.2328675
              ],
              [
                -5.6832609,
                41.2315604
              ],
              [
                -5.6805144,
                41.2314071
              ],
              [
                -5.6789402,
                41.2318702
              ],
              [
                -5.6773923,
                41.2334404
              ],
              [
                -5.6764374,
                41.2354171
              ],
              [
                -5.6760893,
                41.2357257
              ],
              [
                -5.6757669,
                41.2362749
              ],
              [
                -5.6744375,
                41.2374733
              ],
              [
                -5.6727433,
                41.2383948
              ],
              [
                -5.6715417,
                41.2392428
              ],
              [
                -5.6706729,
                41.2399564
              ],
              [
                -5.6696992,
                41.2419256
              ],
              [
                -5.6687996,
                41.2433203
              ],
              [
                -5.6676411,
                41.2447798
              ],
              [
                -5.6664765,
                41.244803
              ],
              [
                -5.6645724,
                41.2452756
              ],
              [
                -5.6640363,
                41.2456787
              ],
              [
                -5.6629641,
                41.2462624
              ],
              [
                -5.6608813,
                41.2462671
              ],
              [
                -5.6597536,
                41.2461929
              ],
              [
                -5.6566911,
                41.2456323
              ],
              [
                -5.6559393,
                41.2450068
              ],
              [
                -5.6541892,
                41.2436771
              ],
              [
                -5.6536223,
                41.2432832
              ],
              [
                -5.6516628,
                41.2422036
              ],
              [
                -5.6500052,
                41.2411194
              ],
              [
                -5.6493273,
                41.2405819
              ],
              [
                -5.6473431,
                41.2388489
              ],
              [
                -5.6449338,
                41.2373105
              ],
              [
                -5.6438924,
                41.2368888
              ],
              [
                -5.6428571,
                41.2363142
              ],
              [
                -5.6417172,
                41.2359157
              ],
              [
                -5.6384574,
                41.2329917
              ],
              [
                -5.6378658,
                41.2325978
              ],
              [
                -5.6374222,
                41.2323707
              ],
              [
                -5.6368368,
                41.2322687
              ],
              [
                -5.6352962,
                41.2322595
              ],
              [
                -5.6345075,
                41.232468
              ],
              [
                -5.6334908,
                41.2316246
              ],
              [
                -5.6335505,
                41.2305406
              ],
              [
                -5.6327602,
                41.2289826
              ],
              [
                -5.6325703,
                41.2281133
              ],
              [
                -5.6325677,
                41.2268614
              ],
              [
                -5.6315999,
                41.22474
              ],
              [
                -5.631203,
                41.2234701
              ],
              [
                -5.6308509,
                41.2230189
              ],
              [
                -5.6309098,
                41.2221078
              ],
              [
                -5.6305213,
                41.2198561
              ],
              [
                -5.6298233,
                41.2188093
              ],
              [
                -5.6292713,
                41.2169395
              ],
              [
                -5.628325,
                41.2144573
              ],
              [
                -5.6234048,
                41.2149028
              ],
              [
                -5.6212345,
                41.2152135
              ],
              [
                -5.6196517,
                41.2156008
              ],
              [
                -5.6186514,
                41.2153444
              ],
              [
                -5.615317,
                41.2151771
              ],
              [
                -5.6106002,
                41.2138432
              ],
              [
                -5.6072962,
                41.2102344
              ],
              [
                -5.605098,
                41.2083388
              ],
              [
                -5.6046201,
                41.2080163
              ],
              [
                -5.5997951,
                41.2066394
              ],
              [
                -5.5971498,
                41.2054923
              ],
              [
                -5.5922005,
                41.2036765
              ],
              [
                -5.5879301,
                41.2024396
              ],
              [
                -5.582435,
                41.2073547
              ],
              [
                -5.5807601,
                41.2093467
              ],
              [
                -5.5778235,
                41.2117093
              ],
              [
                -5.5757934,
                41.2125563
              ],
              [
                -5.5752446,
                41.2128568
              ],
              [
                -5.5745266,
                41.2134043
              ],
              [
                -5.5723348,
                41.2159122
              ],
              [
                -5.5715364,
                41.2162362
              ],
              [
                -5.5711578,
                41.2163167
              ],
              [
                -5.5684004,
                41.2168737
              ],
              [
                -5.5664789,
                41.2171508
              ],
              [
                -5.565067,
                41.2170382
              ],
              [
                -5.5640978,
                41.2166545
              ],
              [
                -5.562901,
                41.2156364
              ],
              [
                -5.5625515,
                41.2152388
              ],
              [
                -5.560888,
                41.2147895
              ],
              [
                -5.5563952,
                41.214277
              ],
              [
                -5.5555382,
                41.2140168
              ],
              [
                -5.5549676,
                41.2137593
              ],
              [
                -5.5516292,
                41.2116448
              ],
              [
                -5.5490554,
                41.2104769
              ],
              [
                -5.5471574,
                41.2088978
              ],
              [
                -5.5438783,
                41.205836
              ],
              [
                -5.5430818,
                41.2052862
              ],
              [
                -5.541823,
                41.2048096
              ],
              [
                -5.5409715,
                41.2046843
              ],
              [
                -5.539897,
                41.204654
              ],
              [
                -5.538891,
                41.2039286
              ],
              [
                -5.5360634,
                41.2023518
              ],
              [
                -5.5352816,
                41.2021799
              ],
              [
                -5.5312602,
                41.1996384
              ],
              [
                -5.5274901,
                41.1971094
              ],
              [
                -5.5251871,
                41.1958269
              ],
              [
                -5.5210182,
                41.1953239
              ],
              [
                -5.5180792,
                41.1948659
              ],
              [
                -5.5145525,
                41.1908899
              ],
              [
                -5.5146621,
                41.1903733
              ],
              [
                -5.5147445,
                41.1899851
              ],
              [
                -5.5131985,
                41.1851011
              ],
              [
                -5.5096802,
                41.1831964
              ],
              [
                -5.5084551,
                41.18171
              ],
              [
                -5.5064096,
                41.1802775
              ],
              [
                -5.4965816,
                41.1773297
              ],
              [
                -5.4910947,
                41.1788177
              ],
              [
                -5.4881458,
                41.1793318
              ],
              [
                -5.4852547,
                41.1788539
              ],
              [
                -5.4867767,
                41.177488
              ],
              [
                -5.4878407,
                41.1715835
              ],
              [
                -5.4878165,
                41.1668465
              ],
              [
                -5.4874629,
                41.164116
              ],
              [
                -5.4877695,
                41.1624521
              ],
              [
                -5.4883223,
                41.1613143
              ],
              [
                -5.4883236,
                41.1578827
              ],
              [
                -5.4880449,
                41.1568169
              ],
              [
                -5.4879734,
                41.1552422
              ],
              [
                -5.4882051,
                41.1547508
              ],
              [
                -5.4859023,
                41.1493154
              ],
              [
                -5.4854468,
                41.1479832
              ],
              [
                -5.4863779,
                41.1473957
              ],
              [
                -5.4843403,
                41.1455032
              ],
              [
                -5.4808019,
                41.1467774
              ],
              [
                -5.4797367,
                41.1485477
              ],
              [
                -5.4799161,
                41.1498319
              ],
              [
                -5.4779392,
                41.1508112
              ],
              [
                -5.476139,
                41.1507869
              ],
              [
                -5.4772162,
                41.1515473
              ],
              [
                -5.4743449,
                41.154095
              ],
              [
                -5.473368,
                41.1534675
              ],
              [
                -5.4725255,
                41.1541971
              ],
              [
                -5.4720342,
                41.1557118
              ],
              [
                -5.4710083,
                41.1563193
              ],
              [
                -5.4698301,
                41.1579478
              ],
              [
                -5.4714885,
                41.158948
              ],
              [
                -5.4717854,
                41.1608241
              ],
              [
                -5.4709888,
                41.1611925
              ],
              [
                -5.4721449,
                41.1630951
              ],
              [
                -5.4723659,
                41.163901
              ],
              [
                -5.4730765,
                41.1647323
              ],
              [
                -5.4755587,
                41.168615
              ],
              [
                -5.4758004,
                41.170285
              ],
              [
                -5.4752106,
                41.1723513
              ],
              [
                -5.4752849,
                41.1736917
              ],
              [
                -5.4750375,
                41.1756695
              ],
              [
                -5.4768779,
                41.178323
              ],
              [
                -5.4741358,
                41.1789494
              ],
              [
                -5.4684432,
                41.1794229
              ],
              [
                -5.461915,
                41.1811389
              ],
              [
                -5.4579422,
                41.1823407
              ],
              [
                -5.4552041,
                41.1827684
              ],
              [
                -5.4489945,
                41.1828196
              ],
              [
                -5.4469315,
                41.1834489
              ],
              [
                -5.4430995,
                41.1852416
              ],
              [
                -5.4373196,
                41.1856343
              ],
              [
                -5.4330939,
                41.1867865
              ],
              [
                -5.4307095,
                41.1867918
              ],
              [
                -5.426373,
                41.1875318
              ],
              [
                -5.4210041,
                41.1877619
              ],
              [
                -5.4181031,
                41.1876607
              ],
              [
                -5.4171228,
                41.1869428
              ],
              [
                -5.4143379,
                41.186758
              ],
              [
                -5.4130632,
                41.185812
              ],
              [
                -5.4075945,
                41.1855932
              ],
              [
                -5.4068552,
                41.1833119
              ],
              [
                -5.4051629,
                41.1810505
              ],
              [
                -5.4045144,
                41.1789655
              ],
              [
                -5.4029832,
                41.1765386
              ],
              [
                -5.4042549,
                41.1757825
              ],
              [
                -5.4037464,
                41.1755679
              ],
              [
                -5.4030117,
                41.1747096
              ],
              [
                -5.4034322,
                41.1744756
              ],
              [
                -5.402602,
                41.1700255
              ],
              [
                -5.4018069,
                41.1691414
              ],
              [
                -5.4002623,
                41.1686242
              ],
              [
                -5.3982926,
                41.1669089
              ],
              [
                -5.3980224,
                41.1666894
              ],
              [
                -5.3978107,
                41.1654598
              ],
              [
                -5.3973327,
                41.1641188
              ],
              [
                -5.3970252,
                41.1635307
              ],
              [
                -5.3965784,
                41.1630446
              ],
              [
                -5.3999808,
                41.1596052
              ],
              [
                -5.4001709,
                41.1576287
              ],
              [
                -5.4006939,
                41.1549788
              ],
              [
                -5.4010258,
                41.1519905
              ],
              [
                -5.4018537,
                41.1492081
              ],
              [
                -5.4015521,
                41.1478003
              ],
              [
                -5.4012036,
                41.1473933
              ],
              [
                -5.4007136,
                41.1470252
              ],
              [
                -5.3997255,
                41.1463973
              ],
              [
                -5.4001908,
                41.1454329
              ],
              [
                -5.396616,
                41.145102
              ],
              [
                -5.3928097,
                41.1426593
              ],
              [
                -5.3910859,
                41.1421096
              ],
              [
                -5.3905079,
                41.1409597
              ],
              [
                -5.3899048,
                41.1400986
              ],
              [
                -5.3887652,
                41.1379155
              ],
              [
                -5.3869629,
                41.1358543
              ],
              [
                -5.3854362,
                41.1364624
              ],
              [
                -5.3837743,
                41.1343261
              ],
              [
                -5.3815631,
                41.1347862
              ],
              [
                -5.3756723,
                41.1369435
              ],
              [
                -5.3730742,
                41.1372492
              ],
              [
                -5.3711506,
                41.1377572
              ],
              [
                -5.3707533,
                41.1383058
              ],
              [
                -5.3681535,
                41.1385665
              ],
              [
                -5.3640096,
                41.1392911
              ],
              [
                -5.3634005,
                41.1392496
              ],
              [
                -5.3620059,
                41.1388999
              ],
              [
                -5.3596422,
                41.139768
              ],
              [
                -5.3595676,
                41.140346
              ],
              [
                -5.3577812,
                41.1410311
              ],
              [
                -5.3569873,
                41.1408222
              ],
              [
                -5.3560509,
                41.1399586
              ],
              [
                -5.3551631,
                41.1387879
              ],
              [
                -5.3549127,
                41.1367845
              ],
              [
                -5.3534539,
                41.1356344
              ],
              [
                -5.352683,
                41.1333984
              ],
              [
                -5.3521238,
                41.1330856
              ],
              [
                -5.3516675,
                41.1329868
              ],
              [
                -5.3507406,
                41.1330508
              ],
              [
                -5.3496241,
                41.1334789
              ],
              [
                -5.3490328,
                41.133599
              ],
              [
                -5.3483899,
                41.1336121
              ],
              [
                -5.3477053,
                41.133455
              ],
              [
                -5.3464805,
                41.1321829
              ],
              [
                -5.3456793,
                41.1307581
              ],
              [
                -5.3431694,
                41.1271794
              ],
              [
                -5.3407938,
                41.1243545
              ],
              [
                -5.3407734,
                41.1234452
              ],
              [
                -5.3367302,
                41.1236354
              ],
              [
                -5.3325469,
                41.1245759
              ],
              [
                -5.3319507,
                41.1238854
              ],
              [
                -5.3314361,
                41.1234815
              ],
              [
                -5.331113,
                41.1231008
              ],
              [
                -5.330284,
                41.1229014
              ],
              [
                -5.3298065,
                41.1225328
              ],
              [
                -5.3287943,
                41.1211932
              ],
              [
                -5.3318488,
                41.1179789
              ],
              [
                -5.3296486,
                41.1180685
              ],
              [
                -5.3289499,
                41.1171729
              ],
              [
                -5.3174903,
                41.1188092
              ],
              [
                -5.3160474,
                41.1190994
              ],
              [
                -5.3127509,
                41.1205348
              ],
              [
                -5.3114186,
                41.1209218
              ],
              [
                -5.3087279,
                41.1219756
              ],
              [
                -5.305575,
                41.1231072
              ],
              [
                -5.2978581,
                41.1258769
              ],
              [
                -5.2963253,
                41.1294022
              ],
              [
                -5.2951139,
                41.1339479
              ],
              [
                -5.2934856,
                41.1398709
              ],
              [
                -5.2929439,
                41.1414219
              ],
              [
                -5.2924126,
                41.1453235
              ],
              [
                -5.291951,
                41.1454138
              ],
              [
                -5.2921905,
                41.1461296
              ],
              [
                -5.2905946,
                41.1468368
              ],
              [
                -5.2920507,
                41.1479337
              ],
              [
                -5.2919213,
                41.1490081
              ],
              [
                -5.2930708,
                41.1498499
              ],
              [
                -5.2922623,
                41.1505866
              ],
              [
                -5.2915081,
                41.1515113
              ],
              [
                -5.2925166,
                41.1544635
              ],
              [
                -5.2935759,
                41.1554512
              ],
              [
                -5.2942864,
                41.1563468
              ],
              [
                -5.2950759,
                41.1577992
              ],
              [
                -5.2956561,
                41.158373
              ],
              [
                -5.2959109,
                41.1585031
              ],
              [
                -5.2975395,
                41.1600918
              ],
              [
                -5.2986111,
                41.162106
              ],
              [
                -5.2986221,
                41.1627633
              ],
              [
                -5.298416,
                41.1636861
              ],
              [
                -5.2976093,
                41.1641346
              ],
              [
                -5.2971936,
                41.1638366
              ],
              [
                -5.2969049,
                41.1637613
              ],
              [
                -5.2965997,
                41.1638935
              ],
              [
                -5.2963016,
                41.1642327
              ],
              [
                -5.2958548,
                41.1650883
              ],
              [
                -5.2952561,
                41.1656947
              ],
              [
                -5.2944362,
                41.1661073
              ],
              [
                -5.293594,
                41.1669077
              ],
              [
                -5.2916981,
                41.1696205
              ],
              [
                -5.2922135,
                41.1710694
              ],
              [
                -5.2914142,
                41.1713916
              ],
              [
                -5.2922744,
                41.1728155
              ],
              [
                -5.2910052,
                41.1747052
              ],
              [
                -5.2898528,
                41.174476
              ],
              [
                -5.2894876,
                41.1756271
              ],
              [
                -5.2879612,
                41.1773237
              ],
              [
                -5.289261,
                41.1780184
              ],
              [
                -5.2895093,
                41.180013
              ],
              [
                -5.2885371,
                41.180852
              ],
              [
                -5.2887437,
                41.1819918
              ],
              [
                -5.2915877,
                41.1838897
              ],
              [
                -5.2905102,
                41.1844425
              ],
              [
                -5.2904146,
                41.186489
              ],
              [
                -5.291898,
                41.1873151
              ],
              [
                -5.2911948,
                41.1897159
              ],
              [
                -5.2898337,
                41.1906887
              ],
              [
                -5.2902527,
                41.1921035
              ],
              [
                -5.2890113,
                41.1924074
              ],
              [
                -5.2893957,
                41.1931744
              ],
              [
                -5.2884672,
                41.1956157
              ],
              [
                -5.2871615,
                41.1957857
              ],
              [
                -5.286725,
                41.195236
              ],
              [
                -5.2828459,
                41.1961596
              ],
              [
                -5.2825569,
                41.1950485
              ],
              [
                -5.2789185,
                41.1967238
              ],
              [
                -5.2781666,
                41.1956759
              ],
              [
                -5.273974,
                41.1971909
              ],
              [
                -5.2705992,
                41.1954652
              ],
              [
                -5.2696681,
                41.1957808
              ],
              [
                -5.27189,
                41.1979616
              ],
              [
                -5.2686194,
                41.1992511
              ],
              [
                -5.2671382,
                41.1984877
              ],
              [
                -5.2667549,
                41.1977476
              ],
              [
                -5.2642462,
                41.1976169
              ],
              [
                -5.2641742,
                41.197258
              ],
              [
                -5.2614654,
                41.1978967
              ],
              [
                -5.2556132,
                41.1976333
              ],
              [
                -5.2529678,
                41.1997747
              ],
              [
                -5.2520117,
                41.1990188
              ],
              [
                -5.2511234,
                41.1991983
              ],
              [
                -5.2477961,
                41.1981465
              ],
              [
                -5.2486581,
                41.1961571
              ],
              [
                -5.2443638,
                41.1961149
              ],
              [
                -5.2425029,
                41.1971419
              ],
              [
                -5.2413784,
                41.1966864
              ],
              [
                -5.2420177,
                41.1958544
              ],
              [
                -5.2388841,
                41.1948796
              ],
              [
                -5.2388265,
                41.1938899
              ],
              [
                -5.2347471,
                41.1931496
              ],
              [
                -5.2346062,
                41.1921616
              ],
              [
                -5.2307536,
                41.1900206
              ],
              [
                -5.2296023,
                41.1905293
              ],
              [
                -5.2292571,
                41.1898425
              ],
              [
                -5.2286879,
                41.189232
              ],
              [
                -5.2296228,
                41.1883222
              ],
              [
                -5.2276128,
                41.1867129
              ],
              [
                -5.2278557,
                41.1857895
              ],
              [
                -5.2284396,
                41.1854269
              ],
              [
                -5.2283666,
                41.1832757
              ],
              [
                -5.224943,
                41.1814595
              ],
              [
                -5.224556,
                41.1805933
              ],
              [
                -5.2244898,
                41.1793426
              ],
              [
                -5.2257112,
                41.1784453
              ],
              [
                -5.2253621,
                41.1779927
              ],
              [
                -5.2243958,
                41.1786779
              ],
              [
                -5.2236172,
                41.1782156
              ],
              [
                -5.2238647,
                41.1770759
              ],
              [
                -5.2245973,
                41.1765304
              ],
              [
                -5.2235677,
                41.1746408
              ],
              [
                -5.2222734,
                41.1705586
              ],
              [
                -5.219473,
                41.1695228
              ],
              [
                -5.2182602,
                41.1689067
              ],
              [
                -5.2187294,
                41.1683303
              ],
              [
                -5.2173445,
                41.1675553
              ],
              [
                -5.2204629,
                41.1653065
              ],
              [
                -5.2202957,
                41.1645892
              ],
              [
                -5.221519,
                41.1634037
              ],
              [
                -5.2224064,
                41.1621526
              ],
              [
                -5.2204147,
                41.1610561
              ],
              [
                -5.2182199,
                41.1595853
              ],
              [
                -5.2154958,
                41.1607996
              ],
              [
                -5.2134654,
                41.162442
              ],
              [
                -5.2117202,
                41.1637095
              ],
              [
                -5.2079277,
                41.1668357
              ],
              [
                -5.2071368,
                41.1649324
              ],
              [
                -5.2046696,
                41.1649346
              ],
              [
                -5.2028212,
                41.1656185
              ],
              [
                -5.2024889,
                41.1656609
              ],
              [
                -5.2018843,
                41.1661138
              ],
              [
                -5.2005012,
                41.1664555
              ],
              [
                -5.2003604,
                41.1658097
              ],
              [
                -5.2000799,
                41.1652656
              ],
              [
                -5.1989979,
                41.1657007
              ],
              [
                -5.1963742,
                41.1631567
              ],
              [
                -5.195075,
                41.1631545
              ],
              [
                -5.1946874,
                41.1626124
              ],
              [
                -5.191262,
                41.1621103
              ],
              [
                -5.1898635,
                41.1630646
              ],
              [
                -5.1894633,
                41.1632164
              ],
              [
                -5.1898431,
                41.1635244
              ],
              [
                -5.189526,
                41.1636655
              ],
              [
                -5.1897967,
                41.1639216
              ],
              [
                -5.1876702,
                41.165205
              ],
              [
                -5.1850627,
                41.1667227
              ],
              [
                -5.1816418,
                41.1660039
              ],
              [
                -5.1808763,
                41.1668111
              ],
              [
                -5.1806699,
                41.1672473
              ],
              [
                -5.1796583,
                41.1672935
              ],
              [
                -5.1788062,
                41.1668052
              ],
              [
                -5.1772589,
                41.1661049
              ],
              [
                -5.1766466,
                41.1652519
              ],
              [
                -5.1786033,
                41.1645933
              ],
              [
                -5.1779115,
                41.1631383
              ],
              [
                -5.1773338,
                41.1633294
              ],
              [
                -5.1769774,
                41.1626425
              ],
              [
                -5.174557,
                41.1633368
              ],
              [
                -5.1742327,
                41.1625413
              ],
              [
                -5.1751365,
                41.1621189
              ],
              [
                -5.1745132,
                41.161293
              ],
              [
                -5.1734299,
                41.1616918
              ],
              [
                -5.1713307,
                41.1609208
              ],
              [
                -5.1703661,
                41.1613082
              ],
              [
                -5.1700512,
                41.1604315
              ],
              [
                -5.1688669,
                41.160661
              ],
              [
                -5.1680276,
                41.1601454
              ],
              [
                -5.1660888,
                41.1602629
              ],
              [
                -5.1651191,
                41.1590472
              ],
              [
                -5.1641737,
                41.1589299
              ],
              [
                -5.1631143,
                41.1575177
              ],
              [
                -5.1616343,
                41.1567258
              ],
              [
                -5.1600891,
                41.1572142
              ],
              [
                -5.1583446,
                41.1559859
              ],
              [
                -5.1561604,
                41.1555224
              ],
              [
                -5.1545975,
                41.1536512
              ],
              [
                -5.1486797,
                41.1512488
              ],
              [
                -5.1485772,
                41.1499357
              ],
              [
                -5.1456159,
                41.1490182
              ],
              [
                -5.1450821,
                41.147632
              ],
              [
                -5.1422093,
                41.1472352
              ],
              [
                -5.1408525,
                41.1458193
              ],
              [
                -5.1361704,
                41.1440058
              ],
              [
                -5.136555,
                41.1430078
              ],
              [
                -5.1356307,
                41.1424305
              ],
              [
                -5.1364478,
                41.1411724
              ],
              [
                -5.1353969,
                41.1407325
              ],
              [
                -5.1342578,
                41.138673
              ],
              [
                -5.1330077,
                41.1383359
              ],
              [
                -5.1329249,
                41.1376168
              ],
              [
                -5.1318041,
                41.136854
              ],
              [
                -5.1323523,
                41.1361233
              ],
              [
                -5.1282927,
                41.1336403
              ],
              [
                -5.1285499,
                41.1323836
              ],
              [
                -5.1249292,
                41.1320451
              ],
              [
                -5.1266199,
                41.1257449
              ],
              [
                -5.1269436,
                41.1228567
              ],
              [
                -5.1279346,
                41.1181367
              ],
              [
                -5.1291658,
                41.1053776
              ],
              [
                -5.1395127,
                41.0998264
              ],
              [
                -5.1404138,
                41.0967741
              ],
              [
                -5.1426059,
                41.0964451
              ],
              [
                -5.1434495,
                41.097123
              ],
              [
                -5.1485861,
                41.0921542
              ],
              [
                -5.1488699,
                41.0895368
              ],
              [
                -5.1513997,
                41.0853371
              ],
              [
                -5.1501223,
                41.0837667
              ],
              [
                -5.1522649,
                41.0819342
              ],
              [
                -5.1522941,
                41.0810058
              ],
              [
                -5.1503456,
                41.0792948
              ],
              [
                -5.1512331,
                41.0776749
              ],
              [
                -5.1511531,
                41.0763163
              ],
              [
                -5.1515898,
                41.0732816
              ],
              [
                -5.1522432,
                41.0695944
              ],
              [
                -5.1526735,
                41.066731
              ],
              [
                -5.1529926,
                41.0637435
              ],
              [
                -5.1525536,
                41.0619593
              ],
              [
                -5.1491709,
                41.0593112
              ],
              [
                -5.1486525,
                41.0565465
              ],
              [
                -5.1492659,
                41.0552831
              ],
              [
                -5.1469567,
                41.0541641
              ],
              [
                -5.1469791,
                41.0522902
              ],
              [
                -5.1483276,
                41.0480225
              ],
              [
                -5.1453101,
                41.0467006
              ],
              [
                -5.1465433,
                41.0436421
              ],
              [
                -5.1448388,
                41.0431785
              ],
              [
                -5.1413974,
                41.0405132
              ],
              [
                -5.1421887,
                41.0388682
              ],
              [
                -5.1407918,
                41.0372458
              ],
              [
                -5.1387491,
                41.0384547
              ],
              [
                -5.1379472,
                41.0394063
              ],
              [
                -5.1341227,
                41.0373875
              ],
              [
                -5.1313142,
                41.0362505
              ],
              [
                -5.1292656,
                41.0361713
              ],
              [
                -5.1156447,
                41.032828
              ],
              [
                -5.1118425,
                41.0303576
              ],
              [
                -5.1066051,
                41.0294986
              ],
              [
                -5.1079275,
                41.0269523
              ],
              [
                -5.1047305,
                41.0259118
              ],
              [
                -5.1037503,
                41.0265062
              ],
              [
                -5.1040184,
                41.0252132
              ],
              [
                -5.1053467,
                41.0247206
              ],
              [
                -5.10456,
                41.023546
              ],
              [
                -5.1052611,
                41.0231549
              ],
              [
                -5.1046046,
                41.0227075
              ],
              [
                -5.1037939,
                41.0230195
              ],
              [
                -5.1019949,
                41.0218003
              ],
              [
                -5.1035191,
                41.0184937
              ],
              [
                -5.1028145,
                41.0180292
              ],
              [
                -5.1030146,
                41.0172149
              ],
              [
                -5.1026816,
                41.0168426
              ],
              [
                -5.1013071,
                41.0166245
              ],
              [
                -5.1008671,
                41.0170018
              ],
              [
                -5.1001254,
                41.0168622
              ],
              [
                -5.1002448,
                41.0161304
              ],
              [
                -5.1009839,
                41.0143155
              ],
              [
                -5.0996333,
                41.0144752
              ],
              [
                -5.099503,
                41.0129913
              ],
              [
                -5.0984378,
                41.0127765
              ],
              [
                -5.0956546,
                41.0101339
              ],
              [
                -5.096346,
                41.0094367
              ],
              [
                -5.0930809,
                41.0080909
              ],
              [
                -5.0929343,
                41.0068415
              ],
              [
                -5.092442,
                41.0070666
              ],
              [
                -5.0920215,
                41.0069301
              ],
              [
                -5.0921787,
                41.0047565
              ],
              [
                -5.0930016,
                41.004084
              ],
              [
                -5.0929559,
                41.0033912
              ],
              [
                -5.0911464,
                41.0025683
              ],
              [
                -5.0915407,
                41.0018766
              ],
              [
                -5.0926976,
                41.0019907
              ],
              [
                -5.090918,
                41.0006088
              ],
              [
                -5.0909411,
                41.0002121
              ],
              [
                -5.0920037,
                40.9984724
              ],
              [
                -5.0913186,
                40.9971067
              ],
              [
                -5.0898411,
                40.996629
              ],
              [
                -5.0915752,
                40.9943187
              ],
              [
                -5.0949438,
                40.9925731
              ],
              [
                -5.0996394,
                40.9895693
              ],
              [
                -5.0993539,
                40.9873136
              ],
              [
                -5.0963953,
                40.9847282
              ],
              [
                -5.0973241,
                40.9821532
              ],
              [
                -5.0975224,
                40.9801589
              ],
              [
                -5.0964709,
                40.9784847
              ],
              [
                -5.0974033,
                40.9779002
              ],
              [
                -5.0980688,
                40.9771495
              ],
              [
                -5.0999714,
                40.9726832
              ],
              [
                -5.1006666,
                40.9728687
              ],
              [
                -5.1020675,
                40.9716992
              ],
              [
                -5.1028255,
                40.9686228
              ],
              [
                -5.1041041,
                40.9673474
              ],
              [
                -5.1052541,
                40.9657681
              ],
              [
                -5.1045686,
                40.9655104
              ],
              [
                -5.1064137,
                40.9633689
              ],
              [
                -5.1048413,
                40.960254
              ],
              [
                -5.1066763,
                40.9596711
              ],
              [
                -5.1086963,
                40.9604178
              ],
              [
                -5.1086788,
                40.9583734
              ],
              [
                -5.1117523,
                40.9567588
              ],
              [
                -5.115082,
                40.955734
              ],
              [
                -5.1166753,
                40.9542816
              ],
              [
                -5.1212147,
                40.9561618
              ],
              [
                -5.1276007,
                40.9541165
              ],
              [
                -5.1280651,
                40.9515588
              ],
              [
                -5.1281712,
                40.9485753
              ],
              [
                -5.127778,
                40.9477989
              ],
              [
                -5.1259086,
                40.9487792
              ],
              [
                -5.123285,
                40.9484672
              ],
              [
                -5.1228925,
                40.9469702
              ],
              [
                -5.1228359,
                40.9463137
              ],
              [
                -5.1230905,
                40.9453632
              ],
              [
                -5.1235085,
                40.944689
              ],
              [
                -5.1241415,
                40.9440558
              ],
              [
                -5.1249333,
                40.9435548
              ],
              [
                -5.123389,
                40.9417007
              ],
              [
                -5.1220136,
                40.9399245
              ],
              [
                -5.1210395,
                40.9384381
              ],
              [
                -5.120093,
                40.9366991
              ],
              [
                -5.1194624,
                40.9351794
              ],
              [
                -5.1191156,
                40.9347354
              ],
              [
                -5.1183552,
                40.9339837
              ],
              [
                -5.1186118,
                40.9334656
              ],
              [
                -5.118206,
                40.9330317
              ],
              [
                -5.1215899,
                40.9315102
              ],
              [
                -5.1209303,
                40.9301982
              ],
              [
                -5.120377,
                40.9303525
              ],
              [
                -5.1186938,
                40.9304555
              ],
              [
                -5.1175294,
                40.9304409
              ],
              [
                -5.1164886,
                40.9305771
              ],
              [
                -5.1161026,
                40.9307643
              ],
              [
                -5.1148205,
                40.9292926
              ],
              [
                -5.1174154,
                40.9276146
              ],
              [
                -5.1168735,
                40.9273814
              ],
              [
                -5.1163279,
                40.9270311
              ],
              [
                -5.1147396,
                40.9263847
              ],
              [
                -5.1169614,
                40.9241821
              ],
              [
                -5.1156812,
                40.9223951
              ],
              [
                -5.112933,
                40.9192568
              ],
              [
                -5.1120726,
                40.9187141
              ],
              [
                -5.113271,
                40.9175662
              ],
              [
                -5.1124297,
                40.9168418
              ],
              [
                -5.1121445,
                40.9164969
              ],
              [
                -5.1116734,
                40.9162443
              ],
              [
                -5.111439,
                40.9159694
              ],
              [
                -5.1112716,
                40.9155581
              ],
              [
                -5.1112159,
                40.9149286
              ],
              [
                -5.1123729,
                40.9147182
              ],
              [
                -5.1134882,
                40.9143194
              ],
              [
                -5.1145941,
                40.9136236
              ],
              [
                -5.1142831,
                40.9131789
              ],
              [
                -5.1138407,
                40.9127096
              ],
              [
                -5.1126391,
                40.9122633
              ],
              [
                -5.1139066,
                40.911051
              ],
              [
                -5.1142625,
                40.9102969
              ],
              [
                -5.1155808,
                40.9069579
              ],
              [
                -5.1160406,
                40.9061118
              ],
              [
                -5.1164512,
                40.9055818
              ],
              [
                -5.1170123,
                40.9045626
              ],
              [
                -5.1164047,
                40.9041234
              ],
              [
                -5.1156386,
                40.9031827
              ],
              [
                -5.1150449,
                40.9028062
              ],
              [
                -5.1155271,
                40.902293
              ],
              [
                -5.1163053,
                40.9021256
              ],
              [
                -5.1170555,
                40.9018235
              ],
              [
                -5.1182493,
                40.9016575
              ],
              [
                -5.1215535,
                40.9010383
              ],
              [
                -5.1232242,
                40.9024217
              ],
              [
                -5.1239353,
                40.901643
              ],
              [
                -5.125562,
                40.9012797
              ],
              [
                -5.1271291,
                40.9001699
              ],
              [
                -5.1277926,
                40.9008692
              ],
              [
                -5.1300544,
                40.9003231
              ],
              [
                -5.1302292,
                40.8994821
              ],
              [
                -5.1324927,
                40.8982513
              ],
              [
                -5.1350487,
                40.8965196
              ],
              [
                -5.1339653,
                40.8953146
              ],
              [
                -5.1365012,
                40.8940696
              ],
              [
                -5.1388521,
                40.8937198
              ],
              [
                -5.1396401,
                40.8920207
              ],
              [
                -5.1369408,
                40.891134
              ],
              [
                -5.1375033,
                40.8909074
              ],
              [
                -5.1377125,
                40.8907684
              ],
              [
                -5.1386435,
                40.890562
              ],
              [
                -5.139096,
                40.8902383
              ],
              [
                -5.1394976,
                40.8898075
              ],
              [
                -5.1398935,
                40.8880977
              ],
              [
                -5.1401614,
                40.8875703
              ],
              [
                -5.1412101,
                40.8869653
              ],
              [
                -5.1419255,
                40.8863305
              ],
              [
                -5.1422053,
                40.8861722
              ],
              [
                -5.1427058,
                40.8866043
              ],
              [
                -5.144181,
                40.8859733
              ],
              [
                -5.1441456,
                40.8856137
              ],
              [
                -5.1454182,
                40.8849595
              ],
              [
                -5.1451138,
                40.884722
              ],
              [
                -5.1450365,
                40.8845342
              ],
              [
                -5.145918,
                40.8842656
              ],
              [
                -5.1455041,
                40.8832104
              ],
              [
                -5.1476678,
                40.8822243
              ],
              [
                -5.1494275,
                40.881588
              ],
              [
                -5.1499911,
                40.8795688
              ],
              [
                -5.1493173,
                40.8792842
              ],
              [
                -5.1496346,
                40.8788189
              ],
              [
                -5.1492292,
                40.8783941
              ],
              [
                -5.1496107,
                40.8780807
              ],
              [
                -5.1490163,
                40.8773171
              ],
              [
                -5.1501117,
                40.8766932
              ],
              [
                -5.1507226,
                40.8765016
              ],
              [
                -5.1515614,
                40.8763869
              ],
              [
                -5.1520314,
                40.876243
              ],
              [
                -5.1525394,
                40.8739726
              ],
              [
                -5.1576498,
                40.8709226
              ],
              [
                -5.1571963,
                40.8701114
              ],
              [
                -5.1576365,
                40.8701482
              ],
              [
                -5.1638087,
                40.8683842
              ],
              [
                -5.1626215,
                40.8680011
              ],
              [
                -5.162587,
                40.8676685
              ],
              [
                -5.1628137,
                40.86625
              ],
              [
                -5.1630033,
                40.8658771
              ],
              [
                -5.1633704,
                40.8654919
              ],
              [
                -5.1638084,
                40.8643668
              ],
              [
                -5.1636168,
                40.863947
              ],
              [
                -5.1629643,
                40.8632206
              ],
              [
                -5.1620353,
                40.8623823
              ],
              [
                -5.1615445,
                40.8622474
              ],
              [
                -5.162003,
                40.8610228
              ],
              [
                -5.1624933,
                40.8600498
              ],
              [
                -5.162944,
                40.8589514
              ],
              [
                -5.164228,
                40.8568466
              ],
              [
                -5.1631486,
                40.8564885
              ],
              [
                -5.1632673,
                40.856126
              ],
              [
                -5.1630127,
                40.8545004
              ],
              [
                -5.1631421,
                40.8541016
              ],
              [
                -5.1635787,
                40.8533007
              ],
              [
                -5.1639094,
                40.8528892
              ],
              [
                -5.1647754,
                40.8521613
              ],
              [
                -5.1648762,
                40.8519793
              ],
              [
                -5.1648188,
                40.8516741
              ],
              [
                -5.1646695,
                40.8514607
              ],
              [
                -5.1643904,
                40.8512678
              ],
              [
                -5.1644715,
                40.8501133
              ],
              [
                -5.1646738,
                40.8494069
              ],
              [
                -5.1651421,
                40.8484883
              ],
              [
                -5.1653292,
                40.8476741
              ],
              [
                -5.1657645,
                40.8468373
              ],
              [
                -5.1659686,
                40.8461849
              ],
              [
                -5.166043,
                40.8455529
              ],
              [
                -5.1655968,
                40.8442372
              ],
              [
                -5.1655984,
                40.8431923
              ],
              [
                -5.1665323,
                40.8420038
              ],
              [
                -5.1687094,
                40.8403865
              ],
              [
                -5.1688929,
                40.8401939
              ],
              [
                -5.1689576,
                40.8399945
              ],
              [
                -5.1684156,
                40.8397435
              ],
              [
                -5.1679745,
                40.8393104
              ],
              [
                -5.1679972,
                40.8389136
              ],
              [
                -5.1675193,
                40.8377156
              ],
              [
                -5.1675713,
                40.8374894
              ],
              [
                -5.1682022,
                40.8364687
              ],
              [
                -5.1674955,
                40.8362568
              ],
              [
                -5.1670516,
                40.8353734
              ],
              [
                -5.1668333,
                40.8344947
              ],
              [
                -5.166612,
                40.8342557
              ],
              [
                -5.1663845,
                40.8341879
              ],
              [
                -5.1654629,
                40.8342953
              ],
              [
                -5.1648342,
                40.8342891
              ],
              [
                -5.1638886,
                40.8343879
              ],
              [
                -5.1640259,
                40.8335026
              ],
              [
                -5.1641006,
                40.8317897
              ],
              [
                -5.1639329,
                40.8310092
              ],
              [
                -5.1628051,
                40.830607
              ],
              [
                -5.1618998,
                40.8301195
              ],
              [
                -5.1610992,
                40.8295671
              ],
              [
                -5.161932,
                40.8289209
              ],
              [
                -5.1618696,
                40.8280934
              ],
              [
                -5.1609898,
                40.8276595
              ],
              [
                -5.1608554,
                40.8268063
              ],
              [
                -5.1593015,
                40.8260607
              ],
              [
                -5.1591984,
                40.8254411
              ],
              [
                -5.1589503,
                40.8251035
              ],
              [
                -5.1574715,
                40.8241133
              ],
              [
                -5.1581014,
                40.8226963
              ],
              [
                -5.1581348,
                40.8222633
              ],
              [
                -5.1580237,
                40.821761
              ],
              [
                -5.1573987,
                40.8215024
              ],
              [
                -5.157451,
                40.8212853
              ],
              [
                -5.1583332,
                40.8207013
              ],
              [
                -5.1586758,
                40.8202985
              ],
              [
                -5.1593807,
                40.8193666
              ],
              [
                -5.1599332,
                40.8188518
              ],
              [
                -5.1606047,
                40.8183528
              ],
              [
                -5.1616811,
                40.8179093
              ],
              [
                -5.1615068,
                40.8140032
              ],
              [
                -5.1647393,
                40.8127806
              ],
              [
                -5.1659253,
                40.813524
              ],
              [
                -5.1666219,
                40.8123399
              ],
              [
                -5.1667855,
                40.8111748
              ],
              [
                -5.1776297,
                40.8052687
              ],
              [
                -5.1774755,
                40.804542
              ],
              [
                -5.1775682,
                40.8033873
              ],
              [
                -5.1780423,
                40.8019371
              ],
              [
                -5.1793446,
                40.7997147
              ],
              [
                -5.1805631,
                40.7974667
              ],
              [
                -5.1787982,
                40.7967795
              ],
              [
                -5.1782759,
                40.796393
              ],
              [
                -5.1794418,
                40.7947136
              ],
              [
                -5.1795546,
                40.7930901
              ],
              [
                -5.181723,
                40.7916258
              ],
              [
                -5.1848632,
                40.7890803
              ],
              [
                -5.184412,
                40.7886925
              ],
              [
                -5.1876707,
                40.7872345
              ],
              [
                -5.1892432,
                40.786403
              ],
              [
                -5.1899154,
                40.7855796
              ],
              [
                -5.1904572,
                40.7854792
              ],
              [
                -5.1924407,
                40.7848921
              ],
              [
                -5.1944457,
                40.7846017
              ],
              [
                -5.1957582,
                40.7844108
              ],
              [
                -5.196364,
                40.7838356
              ],
              [
                -5.1990916,
                40.7828198
              ],
              [
                -5.2011192,
                40.7817813
              ],
              [
                -5.2031983,
                40.7808678
              ],
              [
                -5.2052132,
                40.7801627
              ],
              [
                -5.2074223,
                40.779598
              ],
              [
                -5.2085436,
                40.7791082
              ],
              [
                -5.2117137,
                40.7771558
              ],
              [
                -5.2141492,
                40.7759201
              ],
              [
                -5.2164481,
                40.7748581
              ],
              [
                -5.218992,
                40.7729716
              ],
              [
                -5.2170327,
                40.7707033
              ],
              [
                -5.216957,
                40.7702094
              ],
              [
                -5.217168,
                40.7676471
              ],
              [
                -5.2164557,
                40.7658233
              ],
              [
                -5.2155085,
                40.7640579
              ],
              [
                -5.2152537,
                40.7631621
              ],
              [
                -5.2144368,
                40.7578272
              ],
              [
                -5.2172239,
                40.7572152
              ],
              [
                -5.2186431,
                40.75608
              ],
              [
                -5.2197841,
                40.7561931
              ],
              [
                -5.2203751,
                40.7554431
              ],
              [
                -5.2218804,
                40.7551169
              ],
              [
                -5.2227549,
                40.755055
              ],
              [
                -5.2245967,
                40.7541638
              ],
              [
                -5.226734,
                40.7536091
              ],
              [
                -5.2275855,
                40.7532143
              ],
              [
                -5.2287422,
                40.7513184
              ],
              [
                -5.2296475,
                40.7504091
              ],
              [
                -5.2307172,
                40.749812
              ],
              [
                -5.2322041,
                40.7485852
              ],
              [
                -5.2342647,
                40.7478697
              ],
              [
                -5.2352657,
                40.7476972
              ],
              [
                -5.2375984,
                40.7469764
              ],
              [
                -5.2394881,
                40.746111
              ],
              [
                -5.2415983,
                40.7454665
              ],
              [
                -5.2426383,
                40.7454013
              ],
              [
                -5.2482876,
                40.7436429
              ],
              [
                -5.2499437,
                40.742881
              ],
              [
                -5.2503473,
                40.7422066
              ],
              [
                -5.2503764,
                40.7416655
              ],
              [
                -5.2506456,
                40.7412189
              ],
              [
                -5.2525488,
                40.7407674
              ],
              [
                -5.2550508,
                40.7394574
              ],
              [
                -5.254614,
                40.7380968
              ],
              [
                -5.2537981,
                40.7342755
              ],
              [
                -5.2571952,
                40.7363349
              ],
              [
                -5.2587902,
                40.7348264
              ],
              [
                -5.2593947,
                40.7334454
              ],
              [
                -5.2594874,
                40.7326869
              ],
              [
                -5.2624074,
                40.7304499
              ],
              [
                -5.2640492,
                40.7292827
              ],
              [
                -5.2657166,
                40.7285203
              ],
              [
                -5.2684718,
                40.7273673
              ],
              [
                -5.2710776,
                40.7263522
              ],
              [
                -5.2721915,
                40.726033
              ],
              [
                -5.2740589,
                40.7252395
              ],
              [
                -5.2770876,
                40.7237836
              ],
              [
                -5.2788762,
                40.7206857
              ],
              [
                -5.2793562,
                40.7201808
              ],
              [
                -5.2803049,
                40.7195315
              ],
              [
                -5.2808881,
                40.7192768
              ],
              [
                -5.2821554,
                40.7189454
              ],
              [
                -5.2827265,
                40.7186819
              ],
              [
                -5.2847185,
                40.7166968
              ],
              [
                -5.2854605,
                40.7162408
              ],
              [
                -5.2860786,
                40.7159673
              ],
              [
                -5.2876727,
                40.7155033
              ],
              [
                -5.2889169,
                40.7148481
              ],
              [
                -5.2897262,
                40.7142826
              ],
              [
                -5.2903864,
                40.7135128
              ],
              [
                -5.2920261,
                40.7109311
              ],
              [
                -5.2928437,
                40.7102663
              ],
              [
                -5.2950413,
                40.7097993
              ],
              [
                -5.2962252,
                40.7094604
              ],
              [
                -5.2979096,
                40.7092197
              ],
              [
                -5.3006042,
                40.7084094
              ],
              [
                -5.301092,
                40.7081384
              ],
              [
                -5.3026996,
                40.7067012
              ],
              [
                -5.305013,
                40.7065109
              ],
              [
                -5.3060206,
                40.7065538
              ],
              [
                -5.306853,
                40.706321
              ],
              [
                -5.3076162,
                40.7058013
              ],
              [
                -5.3103887,
                40.7045117
              ],
              [
                -5.3130792,
                40.7035931
              ],
              [
                -5.3146069,
                40.7036165
              ],
              [
                -5.3175252,
                40.7034679
              ],
              [
                -5.3203025,
                40.7030067
              ],
              [
                -5.3217841,
                40.703067
              ],
              [
                -5.3220808,
                40.7054751
              ],
              [
                -5.3237778,
                40.7052607
              ],
              [
                -5.3252199,
                40.7052047
              ],
              [
                -5.3268326,
                40.7052893
              ],
              [
                -5.3278691,
                40.7054845
              ],
              [
                -5.3287547,
                40.7054216
              ],
              [
                -5.3298612,
                40.7021926
              ],
              [
                -5.3302702,
                40.7013646
              ],
              [
                -5.3312788,
                40.7007587
              ],
              [
                -5.3324409,
                40.700483
              ],
              [
                -5.333487,
                40.700615
              ],
              [
                -5.3348391,
                40.7006958
              ],
              [
                -5.335368,
                40.7002527
              ],
              [
                -5.3361584,
                40.6998404
              ],
              [
                -5.337069,
                40.6994796
              ],
              [
                -5.3364138,
                40.6986822
              ],
              [
                -5.3339639,
                40.6980022
              ],
              [
                -5.332993,
                40.6976525
              ],
              [
                -5.3327601,
                40.6964051
              ],
              [
                -5.3321421,
                40.695652
              ],
              [
                -5.3320833,
                40.6946443
              ],
              [
                -5.3338912,
                40.6932116
              ],
              [
                -5.3347114,
                40.6926365
              ],
              [
                -5.3353727,
                40.6919205
              ],
              [
                -5.3358103,
                40.6912361
              ],
              [
                -5.3365513,
                40.6897529
              ],
              [
                -5.3371617,
                40.6892721
              ],
              [
                -5.3408247,
                40.6870901
              ],
              [
                -5.3417058,
                40.68691
              ],
              [
                -5.3425553,
                40.6868388
              ],
              [
                -5.344677,
                40.6869398
              ],
              [
                -5.3475071,
                40.6863238
              ],
              [
                -5.3484843,
                40.6865201
              ],
              [
                -5.3492396,
                40.6871352
              ],
              [
                -5.3498477,
                40.6862581
              ],
              [
                -5.3503307,
                40.685861
              ],
              [
                -5.3514437,
                40.6852077
              ],
              [
                -5.3541547,
                40.6839004
              ],
              [
                -5.355811,
                40.6828848
              ],
              [
                -5.3563971,
                40.6827287
              ],
              [
                -5.3587548,
                40.6828156
              ],
              [
                -5.3598365,
                40.6826224
              ],
              [
                -5.360881,
                40.6820426
              ],
              [
                -5.3631379,
                40.6802849
              ],
              [
                -5.3640638,
                40.6796985
              ],
              [
                -5.3647761,
                40.6794317
              ],
              [
                -5.3656206,
                40.6792252
              ],
              [
                -5.3661041,
                40.6791792
              ],
              [
                -5.3669972,
                40.6796744
              ],
              [
                -5.3684986,
                40.6809767
              ],
              [
                -5.3695263,
                40.6805953
              ],
              [
                -5.3717677,
                40.6794053
              ],
              [
                -5.3742022,
                40.6783284
              ],
              [
                -5.3776986,
                40.677833
              ],
              [
                -5.3791654,
                40.6764967
              ],
              [
                -5.3791625,
                40.6757491
              ],
              [
                -5.3786336,
                40.6748502
              ],
              [
                -5.3786614,
                40.6739669
              ],
              [
                -5.3797116,
                40.6732247
              ],
              [
                -5.380575,
                40.6715585
              ],
              [
                -5.3820888,
                40.671212
              ],
              [
                -5.3843713,
                40.6711918
              ],
              [
                -5.385457,
                40.6714486
              ],
              [
                -5.3862929,
                40.6700082
              ],
              [
                -5.3870004,
                40.6692819
              ],
              [
                -5.3863519,
                40.6673497
              ],
              [
                -5.3863725,
                40.6669349
              ],
              [
                -5.3858068,
                40.6633436
              ],
              [
                -5.3841258,
                40.6616488
              ],
              [
                -5.3821779,
                40.6597614
              ],
              [
                -5.3814888,
                40.6593433
              ],
              [
                -5.3803727,
                40.6588889
              ],
              [
                -5.3797881,
                40.6587478
              ],
              [
                -5.378148,
                40.6585294
              ],
              [
                -5.374547,
                40.6563787
              ],
              [
                -5.3706204,
                40.6533788
              ],
              [
                -5.3710619,
                40.652487
              ],
              [
                -5.3668766,
                40.6498526
              ],
              [
                -5.3658924,
                40.6487738
              ],
              [
                -5.3690009,
                40.6473859
              ],
              [
                -5.3704997,
                40.6479677
              ],
              [
                -5.3719345,
                40.64774
              ],
              [
                -5.3725963,
                40.6473932
              ],
              [
                -5.3732207,
                40.6466597
              ],
              [
                -5.3742597,
                40.646278
              ],
              [
                -5.3748278,
                40.6466267
              ],
              [
                -5.3760045,
                40.6464583
              ],
              [
                -5.3775949,
                40.6449573
              ],
              [
                -5.378418,
                40.6454898
              ],
              [
                -5.3777498,
                40.6443236
              ],
              [
                -5.373167,
                40.6388062
              ],
              [
                -5.3751853,
                40.6377017
              ],
              [
                -5.3756656,
                40.6355751
              ],
              [
                -5.378339,
                40.6339437
              ],
              [
                -5.3809005,
                40.6324947
              ],
              [
                -5.3803972,
                40.6316403
              ],
              [
                -5.3817469,
                40.6306937
              ],
              [
                -5.3794638,
                40.6293266
              ],
              [
                -5.3791754,
                40.6271977
              ],
              [
                -5.3801093,
                40.6268632
              ],
              [
                -5.3806638,
                40.6265005
              ],
              [
                -5.3816353,
                40.6245618
              ],
              [
                -5.3829542,
                40.6207604
              ],
              [
                -5.3844648,
                40.6220173
              ],
              [
                -5.3857202,
                40.620424
              ],
              [
                -5.3866064,
                40.6197481
              ],
              [
                -5.388225,
                40.6193904
              ],
              [
                -5.3910423,
                40.6191699
              ],
              [
                -5.3924495,
                40.6188525
              ],
              [
                -5.3935287,
                40.6182897
              ],
              [
                -5.395648,
                40.6163992
              ],
              [
                -5.3958731,
                40.6154217
              ],
              [
                -5.3967749,
                40.6141959
              ],
              [
                -5.3978206,
                40.6136878
              ],
              [
                -5.3982491,
                40.6121206
              ],
              [
                -5.3993978,
                40.6115202
              ],
              [
                -5.400936,
                40.611236
              ],
              [
                -5.40175,
                40.6105345
              ],
              [
                -5.4020781,
                40.6094648
              ],
              [
                -5.4029885,
                40.6088153
              ],
              [
                -5.4043705,
                40.6084623
              ],
              [
                -5.4073777,
                40.6099219
              ],
              [
                -5.4086186,
                40.6089322
              ],
              [
                -5.4099013,
                40.6097611
              ],
              [
                -5.410898,
                40.6101997
              ],
              [
                -5.4121111,
                40.6104086
              ],
              [
                -5.4128605,
                40.6095552
              ],
              [
                -5.4143455,
                40.6097674
              ],
              [
                -5.4178847,
                40.6079458
              ],
              [
                -5.4193721,
                40.6078967
              ],
              [
                -5.4217456,
                40.6058742
              ],
              [
                -5.4227276,
                40.6052501
              ],
              [
                -5.4228107,
                40.6039513
              ],
              [
                -5.4237434,
                40.6013105
              ],
              [
                -5.423299,
                40.6001308
              ],
              [
                -5.4237883,
                40.5992828
              ],
              [
                -5.424173,
                40.5975003
              ],
              [
                -5.4257746,
                40.5976738
              ],
              [
                -5.4282968,
                40.5965128
              ],
              [
                -5.4294273,
                40.5957504
              ],
              [
                -5.4335768,
                40.590916
              ],
              [
                -5.4375542,
                40.5898143
              ],
              [
                -5.4387858,
                40.5889145
              ],
              [
                -5.440905,
                40.5900047
              ],
              [
                -5.4429558,
                40.5869438
              ],
              [
                -5.4461864,
                40.5857855
              ],
              [
                -5.4476501,
                40.5795933
              ],
              [
                -5.4514381,
                40.5794769
              ],
              [
                -5.4541721,
                40.5792927
              ],
              [
                -5.4559825,
                40.579047
              ],
              [
                -5.4573353,
                40.5782436
              ],
              [
                -5.4587533,
                40.5776099
              ],
              [
                -5.461544,
                40.5773613
              ],
              [
                -5.4643758,
                40.5775891
              ],
              [
                -5.4642882,
                40.5797078
              ],
              [
                -5.4667959,
                40.5804379
              ],
              [
                -5.4727781,
                40.5799136
              ],
              [
                -5.4753046,
                40.5811475
              ],
              [
                -5.477398,
                40.5812107
              ],
              [
                -5.4783271,
                40.581416
              ],
              [
                -5.480922,
                40.5816215
              ],
              [
                -5.4856708,
                40.5816094
              ],
              [
                -5.4877879,
                40.5832663
              ],
              [
                -5.4890144,
                40.5828886
              ],
              [
                -5.490685,
                40.5830147
              ],
              [
                -5.4915163,
                40.5831319
              ],
              [
                -5.4920904,
                40.5830024
              ],
              [
                -5.4957595,
                40.5812747
              ],
              [
                -5.4971154,
                40.5812004
              ],
              [
                -5.499658,
                40.5815867
              ],
              [
                -5.4996025,
                40.5854882
              ],
              [
                -5.4989046,
                40.589908
              ],
              [
                -5.50086,
                40.5973509
              ],
              [
                -5.5058925,
                40.5900358
              ],
              [
                -5.5077402,
                40.5901827
              ],
              [
                -5.509866,
                40.5903516
              ],
              [
                -5.5100758,
                40.5903683
              ],
              [
                -5.5124826,
                40.5877488
              ],
              [
                -5.5132041,
                40.5868233
              ],
              [
                -5.5162219,
                40.5853795
              ],
              [
                -5.5169025,
                40.5839955
              ],
              [
                -5.5173227,
                40.5829144
              ],
              [
                -5.5174136,
                40.5809308
              ],
              [
                -5.5167929,
                40.5772963
              ],
              [
                -5.5167919,
                40.5763235
              ],
              [
                -5.5175644,
                40.5732981
              ],
              [
                -5.5169971,
                40.5723467
              ],
              [
                -5.5161547,
                40.5713022
              ],
              [
                -5.5159817,
                40.5704682
              ],
              [
                -5.5160124,
                40.5690804
              ],
              [
                -5.5162949,
                40.5677952
              ],
              [
                -5.5165687,
                40.5672217
              ],
              [
                -5.5180082,
                40.5659203
              ],
              [
                -5.5183176,
                40.5637788
              ],
              [
                -5.5190638,
                40.5628887
              ],
              [
                -5.5199498,
                40.5622659
              ],
              [
                -5.5202988,
                40.5618079
              ],
              [
                -5.521029,
                40.5604949
              ],
              [
                -5.5226658,
                40.5587927
              ],
              [
                -5.523429,
                40.5583617
              ],
              [
                -5.5249209,
                40.5578337
              ],
              [
                -5.5255443,
                40.5574507
              ],
              [
                -5.528723,
                40.5540484
              ],
              [
                -5.5288399,
                40.5537035
              ],
              [
                -5.5289486,
                40.5528274
              ],
              [
                -5.5291778,
                40.552327
              ],
              [
                -5.5293333,
                40.5514409
              ],
              [
                -5.5291481,
                40.5505982
              ],
              [
                -5.5287077,
                40.5501935
              ],
              [
                -5.5283082,
                40.549932
              ],
              [
                -5.5274576,
                40.5496084
              ],
              [
                -5.5265918,
                40.549195
              ],
              [
                -5.5260871,
                40.5486475
              ],
              [
                -5.5262178,
                40.5480412
              ],
              [
                -5.5268826,
                40.5459369
              ],
              [
                -5.5268225,
                40.5452806
              ],
              [
                -5.5265935,
                40.544529
              ],
              [
                -5.5264936,
                40.5415587
              ],
              [
                -5.5261754,
                40.5412594
              ],
              [
                -5.5255778,
                40.5413806
              ],
              [
                -5.5251143,
                40.5413007
              ],
              [
                -5.5236005,
                40.5410243
              ],
              [
                -5.5210139,
                40.5434169
              ],
              [
                -5.5183712,
                40.5447357
              ],
              [
                -5.5174833,
                40.5456197
              ],
              [
                -5.5118989,
                40.5481644
              ],
              [
                -5.5107878,
                40.5484497
              ],
              [
                -5.5081674,
                40.5487949
              ],
              [
                -5.5037447,
                40.550206
              ],
              [
                -5.5004815,
                40.5513666
              ],
              [
                -5.4987512,
                40.5518364
              ],
              [
                -5.4954046,
                40.5517106
              ],
              [
                -5.4940109,
                40.5520199
              ],
              [
                -5.4912412,
                40.5534398
              ],
              [
                -5.4896096,
                40.5540245
              ],
              [
                -5.4859266,
                40.5550226
              ],
              [
                -5.4815844,
                40.5567193
              ],
              [
                -5.4799881,
                40.5569878
              ],
              [
                -5.4728006,
                40.5587183
              ],
              [
                -5.4692089,
                40.5596418
              ],
              [
                -5.4673336,
                40.5600332
              ],
              [
                -5.4651422,
                40.5601791
              ],
              [
                -5.4632488,
                40.5600754
              ],
              [
                -5.4606117,
                40.5593389
              ],
              [
                -5.4590993,
                40.5599656
              ],
              [
                -5.4548361,
                40.5602995
              ],
              [
                -5.4534662,
                40.5606259
              ],
              [
                -5.4489863,
                40.5614957
              ],
              [
                -5.4452868,
                40.562718
              ],
              [
                -5.443429,
                40.5635951
              ],
              [
                -5.439862,
                40.5655441
              ],
              [
                -5.4380463,
                40.566285
              ],
              [
                -5.4366615,
                40.5662062
              ],
              [
                -5.434941,
                40.5663145
              ],
              [
                -5.4335312,
                40.5665244
              ],
              [
                -5.4310764,
                40.5672337
              ],
              [
                -5.4285078,
                40.5644683
              ],
              [
                -5.4255557,
                40.5566397
              ],
              [
                -5.4298035,
                40.5519655
              ],
              [
                -5.430996,
                40.5473915
              ],
              [
                -5.4317075,
                40.5422512
              ],
              [
                -5.4328401,
                40.5341513
              ],
              [
                -5.4329537,
                40.5337361
              ],
              [
                -5.4331696,
                40.5329475
              ],
              [
                -5.433597,
                40.5321716
              ],
              [
                -5.434071,
                40.5315777
              ],
              [
                -5.4347703,
                40.5309722
              ],
              [
                -5.4363653,
                40.5293803
              ],
              [
                -5.439741,
                40.5267599
              ],
              [
                -5.4422168,
                40.5263472
              ],
              [
                -5.4469917,
                40.5200219
              ],
              [
                -5.446753,
                40.517676
              ],
              [
                -5.447134,
                40.5152445
              ],
              [
                -5.4476343,
                40.5120521
              ],
              [
                -5.4480461,
                40.5094246
              ],
              [
                -5.4505977,
                40.5030111
              ],
              [
                -5.450992,
                40.5002284
              ],
              [
                -5.450313,
                40.4974595
              ],
              [
                -5.4522141,
                40.4952303
              ],
              [
                -5.4523614,
                40.4940922
              ],
              [
                -5.4548077,
                40.4929052
              ],
              [
                -5.4591166,
                40.4920029
              ],
              [
                -5.4619537,
                40.4911859
              ],
              [
                -5.462859,
                40.4872302
              ],
              [
                -5.4618019,
                40.4850999
              ],
              [
                -5.4614134,
                40.4841534
              ],
              [
                -5.4611539,
                40.4815737
              ],
              [
                -5.4611454,
                40.4797273
              ],
              [
                -5.4604539,
                40.4740401
              ],
              [
                -5.464673,
                40.4694283
              ],
              [
                -5.4677247,
                40.4670932
              ],
              [
                -5.4657215,
                40.4660092
              ],
              [
                -5.4655469,
                40.4659147
              ],
              [
                -5.4671282,
                40.4640073
              ],
              [
                -5.4676757,
                40.4635719
              ],
              [
                -5.4679537,
                40.4633507
              ],
              [
                -5.4693742,
                40.4622209
              ],
              [
                -5.4713687,
                40.4614277
              ],
              [
                -5.4717919,
                40.4612594
              ],
              [
                -5.4730317,
                40.4609806
              ],
              [
                -5.4750597,
                40.460649
              ],
              [
                -5.4768812,
                40.4604748
              ],
              [
                -5.4780555,
                40.4600173
              ],
              [
                -5.4804438,
                40.457624
              ],
              [
                -5.4815946,
                40.4568517
              ],
              [
                -5.4825552,
                40.4566779
              ],
              [
                -5.4836596,
                40.4568884
              ],
              [
                -5.4855746,
                40.4579732
              ],
              [
                -5.4860812,
                40.4581919
              ],
              [
                -5.4863296,
                40.4582992
              ],
              [
                -5.4870362,
                40.458275
              ],
              [
                -5.4883375,
                40.4574273
              ],
              [
                -5.4889659,
                40.4573897
              ],
              [
                -5.4890434,
                40.4573851
              ],
              [
                -5.4912396,
                40.4584186
              ],
              [
                -5.4925226,
                40.4588024
              ],
              [
                -5.4933741,
                40.4590572
              ],
              [
                -5.4949533,
                40.4593474
              ],
              [
                -5.4966157,
                40.4593385
              ],
              [
                -5.4982466,
                40.4591141
              ],
              [
                -5.5003969,
                40.4589054
              ],
              [
                -5.5013987,
                40.459208
              ],
              [
                -5.5021591,
                40.459678
              ],
              [
                -5.5034758,
                40.4608385
              ],
              [
                -5.5039572,
                40.4610983
              ],
              [
                -5.5043618,
                40.4611976
              ],
              [
                -5.5054129,
                40.4612379
              ],
              [
                -5.5080322,
                40.4628565
              ],
              [
                -5.5098313,
                40.4636641
              ],
              [
                -5.5097948,
                40.4623678
              ],
              [
                -5.5100158,
                40.4613361
              ],
              [
                -5.5094263,
                40.459124
              ],
              [
                -5.5179194,
                40.4528771
              ],
              [
                -5.5185247,
                40.4520352
              ],
              [
                -5.5201732,
                40.4485043
              ],
              [
                -5.520256,
                40.447881
              ],
              [
                -5.5200924,
                40.4469748
              ],
              [
                -5.5196737,
                40.4464975
              ],
              [
                -5.5184105,
                40.4461377
              ],
              [
                -5.516017,
                40.4458205
              ],
              [
                -5.5144024,
                40.4455224
              ],
              [
                -5.5131736,
                40.4451347
              ],
              [
                -5.5122076,
                40.4445252
              ],
              [
                -5.5113673,
                40.4434896
              ],
              [
                -5.5106301,
                40.4420554
              ],
              [
                -5.5100781,
                40.440527
              ],
              [
                -5.5097089,
                40.4385263
              ],
              [
                -5.5096088,
                40.4374206
              ],
              [
                -5.509726,
                40.4367695
              ],
              [
                -5.5108803,
                40.435159
              ],
              [
                -5.5108843,
                40.4349796
              ],
              [
                -5.5109508,
                40.4319868
              ],
              [
                -5.5112021,
                40.4298735
              ],
              [
                -5.5111099,
                40.4280289
              ],
              [
                -5.5114696,
                40.4262917
              ],
              [
                -5.5120313,
                40.4252345
              ],
              [
                -5.5125705,
                40.4245202
              ],
              [
                -5.5135911,
                40.4237594
              ],
              [
                -5.5148621,
                40.4233895
              ],
              [
                -5.5170048,
                40.4233248
              ],
              [
                -5.5210173,
                40.4237778
              ],
              [
                -5.5222791,
                40.4237953
              ],
              [
                -5.5230648,
                40.4236881
              ],
              [
                -5.5243125,
                40.4233275
              ],
              [
                -5.5251866,
                40.42275
              ],
              [
                -5.5259265,
                40.4223645
              ],
              [
                -5.5271432,
                40.422437
              ],
              [
                -5.5288508,
                40.4223996
              ],
              [
                -5.5301661,
                40.422587
              ],
              [
                -5.5317607,
                40.4229935
              ],
              [
                -5.5321981,
                40.4230289
              ],
              [
                -5.5337627,
                40.4226343
              ],
              [
                -5.5342324,
                40.422588
              ],
              [
                -5.5346981,
                40.4227489
              ],
              [
                -5.5357895,
                40.4235627
              ],
              [
                -5.5363164,
                40.4237853
              ],
              [
                -5.5383065,
                40.4243632
              ],
              [
                -5.5389479,
                40.4244932
              ],
              [
                -5.5397921,
                40.4243756
              ],
              [
                -5.5411978,
                40.4238312
              ],
              [
                -5.543991,
                40.4232023
              ],
              [
                -5.5447531,
                40.4230954
              ],
              [
                -5.5459465,
                40.4247356
              ],
              [
                -5.5473826,
                40.4265595
              ],
              [
                -5.5484396,
                40.4277072
              ],
              [
                -5.55015,
                40.4292998
              ],
              [
                -5.5516156,
                40.4309609
              ],
              [
                -5.5532932,
                40.4326173
              ],
              [
                -5.5547445,
                40.4339004
              ],
              [
                -5.5564353,
                40.4352772
              ],
              [
                -5.5604293,
                40.4383234
              ],
              [
                -5.5625225,
                40.4397362
              ],
              [
                -5.5640281,
                40.4405766
              ],
              [
                -5.5653118,
                40.4411606
              ],
              [
                -5.568675,
                40.4421758
              ],
              [
                -5.5706589,
                40.4428793
              ],
              [
                -5.5732173,
                40.443498
              ],
              [
                -5.5746019,
                40.4442508
              ],
              [
                -5.5736217,
                40.4466777
              ],
              [
                -5.5734052,
                40.4474932
              ],
              [
                -5.5731562,
                40.4480752
              ],
              [
                -5.5730027,
                40.4493036
              ],
              [
                -5.5726995,
                40.4503192
              ],
              [
                -5.5724302,
                40.4516043
              ],
              [
                -5.5721438,
                40.4521331
              ],
              [
                -5.5720009,
                40.4536406
              ],
              [
                -5.5720082,
                40.4544511
              ],
              [
                -5.5713877,
                40.4551855
              ],
              [
                -5.5706814,
                40.4564533
              ],
              [
                -5.5671902,
                40.4570534
              ],
              [
                -5.5666544,
                40.4572274
              ],
              [
                -5.5636301,
                40.4595645
              ],
              [
                -5.562326,
                40.460314
              ],
              [
                -5.5610602,
                40.46145
              ],
              [
                -5.5599446,
                40.4628168
              ],
              [
                -5.5597073,
                40.4633986
              ],
              [
                -5.5596257,
                40.4643552
              ],
              [
                -5.5596655,
                40.4650929
              ],
              [
                -5.5601298,
                40.4667581
              ],
              [
                -5.560093,
                40.4682722
              ],
              [
                -5.5602065,
                40.4684678
              ],
              [
                -5.5606047,
                40.4687022
              ],
              [
                -5.5614311,
                40.4690352
              ],
              [
                -5.5632259,
                40.4703285
              ],
              [
                -5.5636589,
                40.4708593
              ],
              [
                -5.5638899,
                40.4713496
              ],
              [
                -5.5642287,
                40.4725041
              ],
              [
                -5.5640878,
                40.4728315
              ],
              [
                -5.5622444,
                40.4752234
              ],
              [
                -5.562004,
                40.4757241
              ],
              [
                -5.5611345,
                40.4767432
              ],
              [
                -5.5609197,
                40.4770966
              ],
              [
                -5.5623949,
                40.4773188
              ],
              [
                -5.5652342,
                40.477535
              ],
              [
                -5.5679113,
                40.4775206
              ],
              [
                -5.5696074,
                40.4774558
              ],
              [
                -5.5710569,
                40.4768021
              ],
              [
                -5.5726813,
                40.4764056
              ],
              [
                -5.5741289,
                40.4763193
              ],
              [
                -5.5750988,
                40.4763878
              ],
              [
                -5.5778414,
                40.47439
              ],
              [
                -5.5824221,
                40.4720358
              ],
              [
                -5.5859553,
                40.4700562
              ],
              [
                -5.5893674,
                40.4676919
              ],
              [
                -5.5897985,
                40.4672498
              ],
              [
                -5.5992623,
                40.4679921
              ],
              [
                -5.6072161,
                40.4681102
              ],
              [
                -5.6097739,
                40.4680705
              ],
              [
                -5.6120602,
                40.4677215
              ],
              [
                -5.6227635,
                40.4657586
              ],
              [
                -5.6240475,
                40.4648107
              ],
              [
                -5.6264309,
                40.4627209
              ],
              [
                -5.6282088,
                40.4623472
              ],
              [
                -5.6301115,
                40.4618445
              ],
              [
                -5.6341726,
                40.4604458
              ],
              [
                -5.6371517,
                40.4567118
              ],
              [
                -5.6376771,
                40.4562764
              ],
              [
                -5.6390851,
                40.4542896
              ],
              [
                -5.6400384,
                40.4533401
              ],
              [
                -5.6408351,
                40.4514033
              ],
              [
                -5.6413155,
                40.4501222
              ],
              [
                -5.6437233,
                40.446275
              ],
              [
                -5.6456297,
                40.4449793
              ],
              [
                -5.6475899,
                40.4435562
              ],
              [
                -5.6484426,
                40.442753
              ],
              [
                -5.6529072,
                40.43966
              ],
              [
                -5.6548307,
                40.4385079
              ],
              [
                -5.6565554,
                40.4368019
              ],
              [
                -5.6580424,
                40.4365425
              ],
              [
                -5.6589288,
                40.4357024
              ],
              [
                -5.6598222,
                40.4353396
              ],
              [
                -5.662766,
                40.4349565
              ],
              [
                -5.6653204,
                40.434267
              ],
              [
                -5.6665589,
                40.433689
              ],
              [
                -5.6685076,
                40.4325901
              ],
              [
                -5.6707931,
                40.4319608
              ],
              [
                -5.6727928,
                40.4297708
              ],
              [
                -5.6742899,
                40.4276914
              ],
              [
                -5.6749426,
                40.4272079
              ],
              [
                -5.6759279,
                40.4267888
              ],
              [
                -5.6777175,
                40.4261438
              ],
              [
                -5.6786781,
                40.4259954
              ],
              [
                -5.6796933,
                40.4251432
              ],
              [
                -5.6837545,
                40.4244184
              ],
              [
                -5.6841423,
                40.4243914
              ],
              [
                -5.6847921,
                40.4241331
              ],
              [
                -5.6863507,
                40.4233132
              ],
              [
                -5.6867453,
                40.4231599
              ],
              [
                -5.6880488,
                40.4230395
              ],
              [
                -5.688458,
                40.4229579
              ],
              [
                -5.6911893,
                40.4219936
              ],
              [
                -5.6914083,
                40.4215741
              ],
              [
                -5.691845,
                40.4198165
              ],
              [
                -5.6918774,
                40.4194464
              ],
              [
                -5.6906291,
                40.4182865
              ],
              [
                -5.6875673,
                40.4156825
              ],
              [
                -5.6873845,
                40.4149392
              ],
              [
                -5.6868277,
                40.4133848
              ],
              [
                -5.6869242,
                40.4122566
              ],
              [
                -5.6869467,
                40.4121153
              ],
              [
                -5.6871505,
                40.4108372
              ],
              [
                -5.6872407,
                40.4077725
              ],
              [
                -5.6866157,
                40.4056883
              ],
              [
                -5.6864783,
                40.4048988
              ],
              [
                -5.6860696,
                40.4035121
              ],
              [
                -5.6865965,
                40.4010588
              ],
              [
                -5.6866161,
                40.400662
              ],
              [
                -5.685973,
                40.3984161
              ],
              [
                -5.68543,
                40.3975009
              ],
              [
                -5.6854552,
                40.3963564
              ],
              [
                -5.6852333,
                40.3958121
              ],
              [
                -5.6849711,
                40.3954399
              ],
              [
                -5.683571,
                40.3945986
              ],
              [
                -5.683194,
                40.3943011
              ],
              [
                -5.6828712,
                40.3938853
              ],
              [
                -5.6821117,
                40.3925608
              ],
              [
                -5.6816059,
                40.3910953
              ],
              [
                -5.6805932,
                40.3887318
              ],
              [
                -5.6794138,
                40.3878043
              ],
              [
                -5.6789334,
                40.3875723
              ],
              [
                -5.6786281,
                40.3873001
              ],
              [
                -5.6784401,
                40.3870162
              ],
              [
                -5.678428,
                40.3867102
              ],
              [
                -5.6786858,
                40.3860827
              ],
              [
                -5.6788656,
                40.3858624
              ],
              [
                -5.6797258,
                40.385275
              ],
              [
                -5.6803609,
                40.3843595
              ],
              [
                -5.6808548,
                40.38315
              ],
              [
                -5.6812235,
                40.382646
              ],
              [
                -5.6819139,
                40.3822337
              ],
              [
                -5.6822948,
                40.3817384
              ],
              [
                -5.6824859,
                40.3812116
              ],
              [
                -5.6823692,
                40.3806468
              ],
              [
                -5.682382,
                40.3803763
              ],
              [
                -5.6828716,
                40.3796533
              ],
              [
                -5.6833373,
                40.3792191
              ],
              [
                -5.6841057,
                40.3786969
              ],
              [
                -5.684789,
                40.3784018
              ],
              [
                -5.6850114,
                40.3780723
              ],
              [
                -5.6868402,
                40.3763724
              ],
              [
                -5.6870141,
                40.3757108
              ],
              [
                -5.6871146,
                40.3746816
              ],
              [
                -5.6870762,
                40.3725297
              ],
              [
                -5.687149,
                40.3705103
              ],
              [
                -5.6870433,
                40.3687383
              ],
              [
                -5.687026,
                40.3671173
              ],
              [
                -5.6871629,
                40.3637453
              ],
              [
                -5.6873659,
                40.3620382
              ],
              [
                -5.6870735,
                40.3611983
              ],
              [
                -5.6866128,
                40.3602722
              ],
              [
                -5.6853891,
                40.3585171
              ],
              [
                -5.6851156,
                40.3578569
              ],
              [
                -5.6863592,
                40.3553689
              ],
              [
                -5.6832774,
                40.3539633
              ],
              [
                -5.6817221,
                40.3530446
              ],
              [
                -5.6796913,
                40.3514162
              ],
              [
                -5.6791267,
                40.3508348
              ],
              [
                -5.6730523,
                40.3485633
              ],
              [
                -5.6736169,
                40.348253
              ],
              [
                -5.674713,
                40.3479844
              ],
              [
                -5.6758058,
                40.3476348
              ],
              [
                -5.6783897,
                40.3471787
              ],
              [
                -5.6814222,
                40.3464598
              ],
              [
                -5.682119,
                40.3462185
              ],
              [
                -5.6827884,
                40.3458787
              ],
              [
                -5.6852761,
                40.3441905
              ],
              [
                -5.686037,
                40.3437855
              ],
              [
                -5.6883499,
                40.3385884
              ],
              [
                -5.6885851,
                40.3382857
              ],
              [
                -5.6889767,
                40.3380694
              ],
              [
                -5.6896303,
                40.3379281
              ],
              [
                -5.6900946,
                40.3377641
              ],
              [
                -5.6914677,
                40.3373629
              ],
              [
                -5.694889,
                40.3360761
              ],
              [
                -5.6962171,
                40.3354326
              ],
              [
                -5.70091,
                40.3338638
              ],
              [
                -5.7012185,
                40.3336314
              ],
              [
                -5.7011237,
                40.3336156
              ],
              [
                -5.7008582,
                40.3334507
              ],
              [
                -5.7078603,
                40.3301793
              ],
              [
                -5.7085743,
                40.3297842
              ],
              [
                -5.7143397,
                40.3253344
              ],
              [
                -5.7290962,
                40.3103857
              ],
              [
                -5.7288587,
                40.3039059
              ],
              [
                -5.7375829,
                40.2941518
              ],
              [
                -5.7382527,
                40.2934584
              ],
              [
                -5.7390104,
                40.293011
              ],
              [
                -5.7401599,
                40.2923323
              ],
              [
                -5.7412735,
                40.2919456
              ],
              [
                -5.7443836,
                40.2888633
              ],
              [
                -5.7451177,
                40.288981
              ],
              [
                -5.7456396,
                40.2887974
              ],
              [
                -5.7463194,
                40.288448
              ],
              [
                -5.7471925,
                40.2876436
              ],
              [
                -5.7482789,
                40.2871674
              ],
              [
                -5.7489847,
                40.2871687
              ],
              [
                -5.7495344,
                40.2870925
              ],
              [
                -5.7498356,
                40.2869773
              ],
              [
                -5.7508228,
                40.2863773
              ],
              [
                -5.7513194,
                40.2858611
              ],
              [
                -5.7520271,
                40.2853308
              ],
              [
                -5.7531307,
                40.284701
              ],
              [
                -5.7543414,
                40.2841047
              ],
              [
                -5.7550968,
                40.2838795
              ],
              [
                -5.7579086,
                40.2824524
              ],
              [
                -5.7588156,
                40.2821965
              ],
              [
                -5.7615526,
                40.2821132
              ],
              [
                -5.7623016,
                40.2820232
              ],
              [
                -5.7632556,
                40.2817663
              ],
              [
                -5.7649913,
                40.280779
              ],
              [
                -5.7767008,
                40.28239
              ],
              [
                -5.7814249,
                40.2837266
              ],
              [
                -5.7931445,
                40.2867048
              ],
              [
                -5.7939719,
                40.2879459
              ],
              [
                -5.7947268,
                40.2894229
              ],
              [
                -5.7966648,
                40.2916369
              ],
              [
                -5.7969905,
                40.2924037
              ],
              [
                -5.7972772,
                40.2927931
              ],
              [
                -5.7979883,
                40.2932082
              ],
              [
                -5.7987903,
                40.2938283
              ],
              [
                -5.7997967,
                40.2942723
              ],
              [
                -5.8002475,
                40.2946487
              ],
              [
                -5.801128,
                40.2957443
              ],
              [
                -5.8022434,
                40.296546
              ],
              [
                -5.8027354,
                40.297633
              ],
              [
                -5.8025283,
                40.2977461
              ],
              [
                -5.8015215,
                40.2975813
              ],
              [
                -5.800949,
                40.2976763
              ],
              [
                -5.7939041,
                40.2999995
              ],
              [
                -5.793303,
                40.3002572
              ],
              [
                -5.7930879,
                40.3004606
              ],
              [
                -5.792243,
                40.3019402
              ],
              [
                -5.7919404,
                40.3023078
              ],
              [
                -5.7911466,
                40.3030296
              ],
              [
                -5.7906625,
                40.3038429
              ],
              [
                -5.7902104,
                40.3051509
              ],
              [
                -5.7897504,
                40.3056934
              ],
              [
                -5.7893253,
                40.3065144
              ],
              [
                -5.7875605,
                40.3079441
              ],
              [
                -5.7863406,
                40.3091805
              ],
              [
                -5.7857222,
                40.3095917
              ],
              [
                -5.784559,
                40.3102052
              ],
              [
                -5.7841022,
                40.3105405
              ],
              [
                -5.7819923,
                40.3124558
              ],
              [
                -5.7828481,
                40.3163895
              ],
              [
                -5.7845276,
                40.323465
              ],
              [
                -5.7849519,
                40.3246257
              ],
              [
                -5.7855472,
                40.3259355
              ],
              [
                -5.7899778,
                40.3334939
              ],
              [
                -5.7900506,
                40.3335462
              ],
              [
                -5.7901909,
                40.3343805
              ],
              [
                -5.7905107,
                40.3355708
              ],
              [
                -5.7909764,
                40.3368746
              ],
              [
                -5.7915319,
                40.3403561
              ],
              [
                -5.7920403,
                40.3424065
              ],
              [
                -5.7927595,
                40.3441456
              ],
              [
                -5.7939635,
                40.3485031
              ],
              [
                -5.794959,
                40.3512263
              ],
              [
                -5.7952436,
                40.3515617
              ],
              [
                -5.7975148,
                40.3532452
              ],
              [
                -5.7991,
                40.3537113
              ],
              [
                -5.7993371,
                40.3537506
              ],
              [
                -5.7996528,
                40.3536979
              ],
              [
                -5.801854,
                40.3528339
              ],
              [
                -5.8030427,
                40.3522556
              ],
              [
                -5.8040636,
                40.3518885
              ],
              [
                -5.8055005,
                40.351052
              ],
              [
                -5.8070254,
                40.3503484
              ],
              [
                -5.8084601,
                40.3500253
              ],
              [
                -5.8103775,
                40.3499877
              ],
              [
                -5.8112174,
                40.3500844
              ],
              [
                -5.8132658,
                40.3506471
              ],
              [
                -5.8144955,
                40.3510585
              ],
              [
                -5.8150289,
                40.3511446
              ],
              [
                -5.8164873,
                40.351109
              ],
              [
                -5.816844,
                40.3509112
              ],
              [
                -5.8185645,
                40.3495361
              ],
              [
                -5.8192073,
                40.3491422
              ],
              [
                -5.8196813,
                40.3489324
              ],
              [
                -5.8217199,
                40.3484143
              ],
              [
                -5.8226508,
                40.3478691
              ],
              [
                -5.823165,
                40.3474963
              ],
              [
                -5.82348,
                40.3471463
              ],
              [
                -5.8239406,
                40.3460542
              ],
              [
                -5.8240702,
                40.3454925
              ],
              [
                -5.8249346,
                40.3442014
              ],
              [
                -5.8263655,
                40.3432296
              ],
              [
                -5.8268778,
                40.3428118
              ],
              [
                -5.8279802,
                40.3415868
              ],
              [
                -5.8283157,
                40.3411643
              ],
              [
                -5.8288418,
                40.3410793
              ],
              [
                -5.8294329,
                40.3408577
              ],
              [
                -5.8316513,
                40.3395783
              ],
              [
                -5.8332198,
                40.3382428
              ],
              [
                -5.8353652,
                40.336632
              ],
              [
                -5.8356672,
                40.3365345
              ],
              [
                -5.8365005,
                40.336478
              ],
              [
                -5.8368029,
                40.3363895
              ],
              [
                -5.8371239,
                40.3359042
              ],
              [
                -5.8372089,
                40.335686
              ],
              [
                -5.8381053,
                40.3351686
              ],
              [
                -5.8388325,
                40.3348264
              ],
              [
                -5.8402808,
                40.333719
              ],
              [
                -5.8404842,
                40.3335158
              ],
              [
                -5.8405414,
                40.3334784
              ],
              [
                -5.840741,
                40.3331852
              ],
              [
                -5.8416056,
                40.3321912
              ],
              [
                -5.8428774,
                40.3316465
              ],
              [
                -5.8471278,
                40.328047
              ],
              [
                -5.8482265,
                40.3287045
              ],
              [
                -5.8497863,
                40.3294137
              ],
              [
                -5.8529186,
                40.3311289
              ],
              [
                -5.8536749,
                40.3314795
              ],
              [
                -5.8528761,
                40.3334718
              ],
              [
                -5.852878,
                40.3335168
              ],
              [
                -5.8527184,
                40.3339171
              ],
              [
                -5.8522461,
                40.3344422
              ],
              [
                -5.8505093,
                40.3367999
              ],
              [
                -5.8499327,
                40.3382013
              ],
              [
                -5.8502611,
                40.3378959
              ],
              [
                -5.850931,
                40.3375912
              ],
              [
                -5.8512925,
                40.3375102
              ],
              [
                -5.8523087,
                40.3370437
              ],
              [
                -5.8535539,
                40.3375444
              ],
              [
                -5.8543725,
                40.3379746
              ],
              [
                -5.8549779,
                40.338374
              ],
              [
                -5.8575115,
                40.335375
              ],
              [
                -5.8577265,
                40.3348923
              ],
              [
                -5.8577985,
                40.3343681
              ],
              [
                -5.8587247,
                40.3340029
              ],
              [
                -5.8600776,
                40.3337082
              ],
              [
                -5.859985,
                40.3334673
              ],
              [
                -5.8609298,
                40.3329846
              ],
              [
                -5.8621225,
                40.3325227
              ],
              [
                -5.8630172,
                40.3322483
              ],
              [
                -5.8640488,
                40.3321507
              ],
              [
                -5.8652155,
                40.3321848
              ],
              [
                -5.8676305,
                40.3314044
              ],
              [
                -5.8716023,
                40.3290359
              ],
              [
                -5.8726609,
                40.32819
              ],
              [
                -5.8731827,
                40.3280059
              ],
              [
                -5.8734565,
                40.3278009
              ],
              [
                -5.8740663,
                40.3266418
              ],
              [
                -5.8748575,
                40.3267032
              ],
              [
                -5.8765612,
                40.3260844
              ],
              [
                -5.8780567,
                40.3266596
              ],
              [
                -5.8786381,
                40.3267713
              ],
              [
                -5.8813122,
                40.3268307
              ],
              [
                -5.8819922,
                40.327048
              ],
              [
                -5.8825485,
                40.3268449
              ],
              [
                -5.8832011,
                40.3266936
              ],
              [
                -5.8842447,
                40.3266045
              ],
              [
                -5.8850485,
                40.3261341
              ],
              [
                -5.8860417,
                40.3254157
              ],
              [
                -5.8869511,
                40.3246634
              ],
              [
                -5.8873889,
                40.3241661
              ],
              [
                -5.8888812,
                40.3235613
              ],
              [
                -5.890632,
                40.3221214
              ],
              [
                -5.8907855,
                40.3218564
              ],
              [
                -5.890986,
                40.3210407
              ],
              [
                -5.8912763,
                40.3206732
              ],
              [
                -5.8927498,
                40.3193573
              ],
              [
                -5.89346,
                40.3186279
              ],
              [
                -5.8937017,
                40.3182255
              ],
              [
                -5.893769,
                40.3164944
              ],
              [
                -5.8936349,
                40.315561
              ],
              [
                -5.8922512,
                40.3126413
              ],
              [
                -5.892199,
                40.3122463
              ],
              [
                -5.892302,
                40.3119014
              ],
              [
                -5.8933175,
                40.3108852
              ],
              [
                -5.894103,
                40.3099918
              ],
              [
                -5.8952274,
                40.3084955
              ],
              [
                -5.8954213,
                40.3075268
              ],
              [
                -5.8961262,
                40.3053024
              ],
              [
                -5.8968549,
                40.3047347
              ],
              [
                -5.9009939,
                40.3005596
              ],
              [
                -5.9018689,
                40.2995648
              ],
              [
                -5.9032745,
                40.2958546
              ],
              [
                -5.9035933,
                40.2953331
              ],
              [
                -5.9068599,
                40.2922336
              ],
              [
                -5.9070739,
                40.2914626
              ],
              [
                -5.9078027,
                40.2903544
              ],
              [
                -5.9083343,
                40.2901338
              ],
              [
                -5.9092309,
                40.2899221
              ],
              [
                -5.911115,
                40.2880552
              ],
              [
                -5.9127621,
                40.2869689
              ],
              [
                -5.9139784,
                40.2870824
              ],
              [
                -5.9140093,
                40.2864331
              ],
              [
                -5.9145511,
                40.2853565
              ],
              [
                -5.9159848,
                40.2817715
              ],
              [
                -5.9170267,
                40.2789259
              ],
              [
                -5.9171519,
                40.2782833
              ],
              [
                -5.9171737,
                40.2776972
              ],
              [
                -5.9208398,
                40.2809014
              ],
              [
                -5.9321322,
                40.2810115
              ],
              [
                -5.9377824,
                40.2810666
              ],
              [
                -5.9416677,
                40.2844176
              ],
              [
                -5.945686,
                40.2854052
              ],
              [
                -5.9537283,
                40.2875059
              ],
              [
                -5.9567936,
                40.2884814
              ],
              [
                -5.962379,
                40.2905993
              ],
              [
                -5.9649468,
                40.2914882
              ],
              [
                -5.9653837,
                40.2904502
              ],
              [
                -5.9661347,
                40.2898725
              ],
              [
                -5.9665506,
                40.2896997
              ],
              [
                -5.9684852,
                40.2895599
              ],
              [
                -5.9707407,
                40.2911053
              ],
              [
                -5.971525,
                40.2915535
              ],
              [
                -5.9732378,
                40.2919869
              ],
              [
                -5.9741646,
                40.2924674
              ],
              [
                -5.9749782,
                40.2927798
              ],
              [
                -5.9756422,
                40.293168
              ],
              [
                -5.9764594,
                40.2938315
              ],
              [
                -5.9780305,
                40.296124
              ],
              [
                -5.9788796,
                40.2969758
              ],
              [
                -5.9819063,
                40.2981228
              ],
              [
                -5.9824418,
                40.2982621
              ],
              [
                -5.984605,
                40.2982333
              ],
              [
                -5.9855393,
                40.2983443
              ],
              [
                -5.9899055,
                40.2991862
              ],
              [
                -5.9921446,
                40.2990112
              ],
              [
                -5.9932479,
                40.299487
              ],
              [
                -5.999737,
                40.3025704
              ],
              [
                -6.0053199,
                40.3053708
              ],
              [
                -6.0059392,
                40.3058051
              ],
              [
                -6.0062003,
                40.3061225
              ],
              [
                -6.006435,
                40.3066388
              ],
              [
                -6.0065807,
                40.3075358
              ],
              [
                -6.0067778,
                40.307999
              ],
              [
                -6.0070429,
                40.3084065
              ],
              [
                -6.0086803,
                40.3100392
              ],
              [
                -6.0095033,
                40.3113508
              ],
              [
                -6.0102646,
                40.3123308
              ],
              [
                -6.0108916,
                40.312936
              ],
              [
                -6.0113906,
                40.3133103
              ],
              [
                -6.0117699,
                40.3133725
              ],
              [
                -6.012651,
                40.3133405
              ],
              [
                -6.0129621,
                40.3134585
              ],
              [
                -6.0134766,
                40.3139135
              ],
              [
                -6.015654,
                40.3163066
              ],
              [
                -6.0164284,
                40.3165206
              ],
              [
                -6.0172089,
                40.3192474
              ],
              [
                -6.0195844,
                40.3226442
              ],
              [
                -6.0183736,
                40.3324395
              ],
              [
                -6.0181542,
                40.3335892
              ],
              [
                -6.0168508,
                40.3355057
              ],
              [
                -6.0163163,
                40.3367176
              ],
              [
                -6.016029,
                40.3381933
              ],
              [
                -6.0160164,
                40.3402916
              ],
              [
                -6.0251874,
                40.3397914
              ],
              [
                -6.0276828,
                40.3395279
              ],
              [
                -6.0326025,
                40.3410923
              ],
              [
                -6.0366075,
                40.3422031
              ],
              [
                -6.0456695,
                40.3429464
              ],
              [
                -6.0467638,
                40.3429356
              ],
              [
                -6.0483219,
                40.3425072
              ],
              [
                -6.0500019,
                40.3419134
              ],
              [
                -6.0521632,
                40.3415501
              ],
              [
                -6.0565266,
                40.3435515
              ],
              [
                -6.0629471,
                40.3460026
              ],
              [
                -6.0677253,
                40.3475332
              ],
              [
                -6.0722679,
                40.3482772
              ],
              [
                -6.0969411,
                40.3546711
              ],
              [
                -6.0984149,
                40.3549738
              ],
              [
                -6.099003,
                40.3552192
              ],
              [
                -6.1055765,
                40.3567742
              ],
              [
                -6.1049857,
                40.3577538
              ],
              [
                -6.1044532,
                40.3582095
              ],
              [
                -6.1039688,
                40.3584296
              ],
              [
                -6.1033741,
                40.3585537
              ],
              [
                -6.1028789,
                40.35854
              ],
              [
                -6.1020361,
                40.3583915
              ],
              [
                -6.1011296,
                40.3581366
              ],
              [
                -6.0991792,
                40.3566847
              ],
              [
                -6.0984337,
                40.3563445
              ],
              [
                -6.097863,
                40.3562247
              ],
              [
                -6.0971498,
                40.3563338
              ],
              [
                -6.0967915,
                40.3564786
              ],
              [
                -6.0963801,
                40.3567508
              ],
              [
                -6.0960417,
                40.3570751
              ],
              [
                -6.0953142,
                40.3581574
              ],
              [
                -6.0944419,
                40.3591625
              ],
              [
                -6.0931859,
                40.3607904
              ],
              [
                -6.0923207,
                40.3616963
              ],
              [
                -6.091674,
                40.3619748
              ],
              [
                -6.0909405,
                40.3621565
              ],
              [
                -6.0902134,
                40.362221
              ],
              [
                -6.0878355,
                40.3615281
              ],
              [
                -6.0861033,
                40.3608382
              ],
              [
                -6.0854403,
                40.3608354
              ],
              [
                -6.0847845,
                40.3609282
              ],
              [
                -6.0835641,
                40.362128
              ],
              [
                -6.0822391,
                40.3631906
              ],
              [
                -6.0819809,
                40.3634677
              ],
              [
                -6.0816066,
                40.3642973
              ],
              [
                -6.0813556,
                40.3660244
              ],
              [
                -6.0815116,
                40.3666057
              ],
              [
                -6.081607,
                40.3674048
              ],
              [
                -6.0817371,
                40.3686969
              ],
              [
                -6.0815993,
                40.3697467
              ],
              [
                -6.08156,
                40.3705115
              ],
              [
                -6.0813631,
                40.372521
              ],
              [
                -6.0817765,
                40.3731958
              ],
              [
                -6.0829857,
                40.3738801
              ],
              [
                -6.0862297,
                40.3750274
              ],
              [
                -6.0867861,
                40.375607
              ],
              [
                -6.0868861,
                40.3759916
              ],
              [
                -6.0867802,
                40.3765079
              ],
              [
                -6.0861892,
                40.3780098
              ],
              [
                -6.08555,
                40.3786534
              ],
              [
                -6.0850907,
                40.3791729
              ],
              [
                -6.0840329,
                40.3799151
              ],
              [
                -6.083484,
                40.3801536
              ],
              [
                -6.0820693,
                40.3803805
              ],
              [
                -6.0790239,
                40.38075
              ],
              [
                -6.076805,
                40.3809082
              ],
              [
                -6.0757049,
                40.3811504
              ],
              [
                -6.0747585,
                40.3817971
              ],
              [
                -6.0740316,
                40.3828555
              ],
              [
                -6.0727614,
                40.3847087
              ],
              [
                -6.072211,
                40.3860744
              ],
              [
                -6.0720166,
                40.3869802
              ],
              [
                -6.0721316,
                40.3874365
              ],
              [
                -6.072339,
                40.3875932
              ],
              [
                -6.0733014,
                40.3877747
              ],
              [
                -6.0744316,
                40.3877627
              ],
              [
                -6.0761225,
                40.3876456
              ],
              [
                -6.0786398,
                40.3875695
              ],
              [
                -6.0802224,
                40.3876624
              ],
              [
                -6.0820234,
                40.3878936
              ],
              [
                -6.0836502,
                40.3884357
              ],
              [
                -6.0845125,
                40.3890007
              ],
              [
                -6.0847094,
                40.3899152
              ],
              [
                -6.0845519,
                40.3904549
              ],
              [
                -6.0841385,
                40.3908297
              ],
              [
                -6.0836792,
                40.3913863
              ],
              [
                -6.0828024,
                40.39207
              ],
              [
                -6.0820369,
                40.3922396
              ],
              [
                -6.0811391,
                40.3922237
              ],
              [
                -6.0802795,
                40.3920113
              ],
              [
                -6.0796931,
                40.3918108
              ],
              [
                -6.0773179,
                40.3906131
              ],
              [
                -6.0768091,
                40.3905636
              ],
              [
                -6.07653,
                40.3906431
              ],
              [
                -6.0761224,
                40.3910052
              ],
              [
                -6.0756869,
                40.3915302
              ],
              [
                -6.0751312,
                40.392779
              ],
              [
                -6.0750249,
                40.3935474
              ],
              [
                -6.0747547,
                40.3945994
              ],
              [
                -6.0741858,
                40.3950932
              ],
              [
                -6.0736543,
                40.395438
              ],
              [
                -6.0730835,
                40.3956329
              ],
              [
                -6.0726111,
                40.3956179
              ],
              [
                -6.0714104,
                40.3956779
              ],
              [
                -6.0703081,
                40.3957828
              ],
              [
                -6.0696389,
                40.3956929
              ],
              [
                -6.0687531,
                40.395513
              ],
              [
                -6.0676601,
                40.3949793
              ],
              [
                -6.0671168,
                40.3947494
              ],
              [
                -6.0663923,
                40.3947188
              ],
              [
                -6.065708,
                40.3947647
              ],
              [
                -6.0650841,
                40.3951019
              ],
              [
                -6.0647219,
                40.3955311
              ],
              [
                -6.0648183,
                40.3962955
              ],
              [
                -6.0648196,
                40.3965837
              ],
              [
                -6.0649877,
                40.3969125
              ],
              [
                -6.06542,
                40.3973514
              ],
              [
                -6.0671684,
                40.3987551
              ],
              [
                -6.068017,
                40.399282
              ],
              [
                -6.0687601,
                40.3995595
              ],
              [
                -6.0699142,
                40.3998081
              ],
              [
                -6.0713945,
                40.3999759
              ],
              [
                -6.0730161,
                40.4004011
              ],
              [
                -6.0737524,
                40.4007869
              ],
              [
                -6.0740877,
                40.4011652
              ],
              [
                -6.0748488,
                40.4026131
              ],
              [
                -6.0750135,
                40.4033833
              ],
              [
                -6.0770422,
                40.4029849
              ],
              [
                -6.07917,
                40.402622
              ],
              [
                -6.0799353,
                40.4026106
              ],
              [
                -6.0822272,
                40.4027476
              ],
              [
                -6.0829435,
                40.4029537
              ],
              [
                -6.0833198,
                40.4031958
              ],
              [
                -6.0836954,
                40.4036812
              ],
              [
                -6.0839697,
                40.4042683
              ],
              [
                -6.0839784,
                40.4042993
              ],
              [
                -6.0842346,
                40.4052081
              ],
              [
                -6.0843921,
                40.4057669
              ],
              [
                -6.0844056,
                40.4058149
              ],
              [
                -6.0844927,
                40.406024
              ],
              [
                -6.08471,
                40.4065453
              ],
              [
                -6.0850978,
                40.4070394
              ],
              [
                -6.0857894,
                40.4077324
              ],
              [
                -6.0871477,
                40.4085788
              ],
              [
                -6.0877318,
                40.4087253
              ],
              [
                -6.0888389,
                40.4087138
              ],
              [
                -6.0918824,
                40.4080198
              ],
              [
                -6.0922714,
                40.4082796
              ],
              [
                -6.092604,
                40.408595
              ],
              [
                -6.0928234,
                40.4090124
              ],
              [
                -6.092874,
                40.4093443
              ],
              [
                -6.0927013,
                40.410718
              ],
              [
                -6.0928189,
                40.4112283
              ],
              [
                -6.0930289,
                40.4114388
              ],
              [
                -6.0934032,
                40.4116359
              ],
              [
                -6.0938936,
                40.4117939
              ],
              [
                -6.0963642,
                40.4122231
              ],
              [
                -6.0966557,
                40.4124135
              ],
              [
                -6.0967847,
                40.412544
              ],
              [
                -6.0974063,
                40.4131049
              ],
              [
                -6.0978911,
                40.4133981
              ],
              [
                -6.0984895,
                40.4135982
              ],
              [
                -6.0998217,
                40.4138687
              ],
              [
                -6.1027624,
                40.4142671
              ],
              [
                -6.1035404,
                40.4147866
              ],
              [
                -6.1041649,
                40.4150401
              ],
              [
                -6.1051586,
                40.4147967
              ],
              [
                -6.1055282,
                40.4147062
              ],
              [
                -6.1062713,
                40.4142088
              ],
              [
                -6.1070986,
                40.4140064
              ],
              [
                -6.107895,
                40.4141561
              ],
              [
                -6.1093973,
                40.4147912
              ],
              [
                -6.1101243,
                40.4149698
              ],
              [
                -6.1110599,
                40.4150707
              ],
              [
                -6.1124629,
                40.4150869
              ],
              [
                -6.1133078,
                40.4150101
              ],
              [
                -6.1142507,
                40.4148705
              ],
              [
                -6.1158359,
                40.4146357
              ],
              [
                -6.1163242,
                40.4147486
              ],
              [
                -6.1167112,
                40.4151455
              ],
              [
                -6.11686,
                40.4152524
              ],
              [
                -6.1170139,
                40.4153577
              ],
              [
                -6.1171065,
                40.4155066
              ],
              [
                -6.1173526,
                40.4158593
              ],
              [
                -6.1174875,
                40.4161159
              ],
              [
                -6.1175862,
                40.4163235
              ],
              [
                -6.1177286,
                40.4165518
              ],
              [
                -6.1178129,
                40.4167616
              ],
              [
                -6.1179441,
                40.4170567
              ],
              [
                -6.1180514,
                40.4172609
              ],
              [
                -6.1181587,
                40.417604
              ],
              [
                -6.118375,
                40.4180709
              ],
              [
                -6.1186318,
                40.4186925
              ],
              [
                -6.1188792,
                40.4192912
              ],
              [
                -6.1191793,
                40.4194092
              ],
              [
                -6.1204589,
                40.4193026
              ],
              [
                -6.1223212,
                40.4190541
              ],
              [
                -6.1227847,
                40.4193928
              ],
              [
                -6.1233858,
                40.4204124
              ],
              [
                -6.1238955,
                40.4207318
              ],
              [
                -6.1242222,
                40.4206599
              ],
              [
                -6.1245447,
                40.4204703
              ],
              [
                -6.1246237,
                40.4204239
              ],
              [
                -6.1250875,
                40.420006
              ],
              [
                -6.1257686,
                40.4196994
              ],
              [
                -6.1263631,
                40.4195572
              ],
              [
                -6.1269915,
                40.4196393
              ],
              [
                -6.1294842,
                40.4207877
              ],
              [
                -6.1288011,
                40.4220671
              ],
              [
                -6.1279069,
                40.4233703
              ],
              [
                -6.127545,
                40.424461
              ],
              [
                -6.1258853,
                40.4257759
              ],
              [
                -6.1255375,
                40.4261546
              ],
              [
                -6.1253262,
                40.4266827
              ],
              [
                -6.1251281,
                40.428003
              ],
              [
                -6.1250969,
                40.4293639
              ],
              [
                -6.1241715,
                40.4305058
              ],
              [
                -6.1234958,
                40.4309294
              ],
              [
                -6.1211367,
                40.4329297
              ],
              [
                -6.1192912,
                40.4350781
              ],
              [
                -6.1170493,
                40.4352828
              ],
              [
                -6.1161265,
                40.4415855
              ],
              [
                -6.1191414,
                40.4425399
              ],
              [
                -6.1201855,
                40.4426828
              ],
              [
                -6.1254262,
                40.4402803
              ],
              [
                -6.1323061,
                40.4368875
              ],
              [
                -6.1331718,
                40.4372513
              ],
              [
                -6.1342704,
                40.4373025
              ],
              [
                -6.1370119,
                40.4366877
              ],
              [
                -6.1387721,
                40.4360094
              ],
              [
                -6.1398064,
                40.435693
              ],
              [
                -6.1404493,
                40.4355765
              ],
              [
                -6.1409223,
                40.4356086
              ],
              [
                -6.1415773,
                40.4357529
              ],
              [
                -6.1425014,
                40.4361061
              ],
              [
                -6.1432931,
                40.4361476
              ],
              [
                -6.1445692,
                40.4357075
              ],
              [
                -6.1451701,
                40.4357002
              ],
              [
                -6.1470166,
                40.4361182
              ],
              [
                -6.1470548,
                40.437189
              ],
              [
                -6.1472104,
                40.4377432
              ],
              [
                -6.1473922,
                40.4381617
              ],
              [
                -6.1475274,
                40.4384731
              ],
              [
                -6.1492079,
                40.4401295
              ],
              [
                -6.1511552,
                40.442193
              ],
              [
                -6.1559349,
                40.4478448
              ],
              [
                -6.1524654,
                40.4525601
              ],
              [
                -6.1544917,
                40.4545403
              ],
              [
                -6.1562065,
                40.4556553
              ],
              [
                -6.1570528,
                40.4566049
              ],
              [
                -6.1577304,
                40.4569736
              ],
              [
                -6.1602122,
                40.457347
              ],
              [
                -6.1608696,
                40.4575362
              ],
              [
                -6.1630844,
                40.4577457
              ],
              [
                -6.1658659,
                40.4584711
              ],
              [
                -6.1672867,
                40.4585943
              ],
              [
                -6.1692221,
                40.4581268
              ],
              [
                -6.1709265,
                40.4590167
              ],
              [
                -6.1734172,
                40.4600741
              ],
              [
                -6.1749672,
                40.4604368
              ],
              [
                -6.1787804,
                40.4615298
              ],
              [
                -6.1804391,
                40.4621956
              ],
              [
                -6.1813639,
                40.4628006
              ],
              [
                -6.1820852,
                40.4635913
              ],
              [
                -6.1856631,
                40.4654381
              ],
              [
                -6.1862013,
                40.4658466
              ],
              [
                -6.1866513,
                40.4663836
              ],
              [
                -6.1869207,
                40.4668445
              ],
              [
                -6.1877225,
                40.4713257
              ],
              [
                -6.1902838,
                40.4718674
              ],
              [
                -6.191241,
                40.4721562
              ],
              [
                -6.1925395,
                40.4734263
              ],
              [
                -6.1947574,
                40.4754274
              ],
              [
                -6.1969006,
                40.479331
              ],
              [
                -6.197358,
                40.4800209
              ],
              [
                -6.1986873,
                40.4814342
              ],
              [
                -6.1990957,
                40.4818371
              ],
              [
                -6.2000881,
                40.4823681
              ],
              [
                -6.2013747,
                40.4828818
              ],
              [
                -6.2020962,
                40.4829248
              ],
              [
                -6.2047127,
                40.4828793
              ],
              [
                -6.2079723,
                40.483212
              ],
              [
                -6.2084518,
                40.4831267
              ],
              [
                -6.2091898,
                40.4827729
              ],
              [
                -6.2120405,
                40.4826936
              ],
              [
                -6.2132018,
                40.4828054
              ],
              [
                -6.214404,
                40.4830331
              ],
              [
                -6.2208859,
                40.484888
              ],
              [
                -6.2217919,
                40.4845925
              ],
              [
                -6.2227012,
                40.484369
              ],
              [
                -6.2239176,
                40.4843981
              ],
              [
                -6.2252302,
                40.4847127
              ],
              [
                -6.2304756,
                40.4866015
              ],
              [
                -6.2312683,
                40.4866514
              ],
              [
                -6.2333836,
                40.4864841
              ],
              [
                -6.23464,
                40.486611
              ],
              [
                -6.2399356,
                40.4858591
              ],
              [
                -6.2409638,
                40.4851637
              ],
              [
                -6.2456629,
                40.4810958
              ],
              [
                -6.2460976,
                40.4805702
              ],
              [
                -6.2467209,
                40.4793098
              ],
              [
                -6.2469546,
                40.4780423
              ],
              [
                -6.2474225,
                40.4772275
              ],
              [
                -6.2479579,
                40.476591
              ],
              [
                -6.2488584,
                40.4759442
              ],
              [
                -6.2501271,
                40.4753501
              ],
              [
                -6.2509347,
                40.4747329
              ],
              [
                -6.2514984,
                40.4741946
              ],
              [
                -6.2540814,
                40.4707804
              ],
              [
                -6.2550224,
                40.4699973
              ],
              [
                -6.2564509,
                40.4700291
              ],
              [
                -6.259437,
                40.4703231
              ],
              [
                -6.2606282,
                40.4705687
              ],
              [
                -6.2624013,
                40.4713832
              ],
              [
                -6.263227,
                40.47163
              ],
              [
                -6.2637679,
                40.4715967
              ],
              [
                -6.2647939,
                40.4708652
              ],
              [
                -6.2684429,
                40.4675646
              ],
              [
                -6.2687886,
                40.4666637
              ],
              [
                -6.2710075,
                40.4608811
              ],
              [
                -6.2728387,
                40.4599826
              ],
              [
                -6.2753261,
                40.458516
              ],
              [
                -6.279535,
                40.4582615
              ],
              [
                -6.2814128,
                40.4578388
              ],
              [
                -6.283731,
                40.4575027
              ],
              [
                -6.2853965,
                40.4575634
              ],
              [
                -6.2878374,
                40.457566
              ],
              [
                -6.2892711,
                40.4557779
              ],
              [
                -6.2912049,
                40.4538494
              ],
              [
                -6.292384,
                40.4529567
              ],
              [
                -6.2934826,
                40.4526196
              ],
              [
                -6.2940315,
                40.452484
              ],
              [
                -6.2945248,
                40.4524273
              ],
              [
                -6.297621,
                40.451908
              ],
              [
                -6.3008946,
                40.4514326
              ],
              [
                -6.3042136,
                40.451046
              ],
              [
                -6.306815,
                40.4509625
              ],
              [
                -6.3091676,
                40.4510932
              ],
              [
                -6.309966,
                40.4510253
              ],
              [
                -6.3113869,
                40.4506693
              ],
              [
                -6.314189,
                40.4501116
              ],
              [
                -6.3156766,
                40.4499158
              ],
              [
                -6.3175028,
                40.4498903
              ],
              [
                -6.3195288,
                40.4500933
              ],
              [
                -6.3221179,
                40.4504781
              ],
              [
                -6.3223643,
                40.450453
              ],
              [
                -6.3242463,
                40.4484534
              ],
              [
                -6.325307,
                40.4477294
              ],
              [
                -6.3264431,
                40.4475796
              ],
              [
                -6.3295992,
                40.4477498
              ],
              [
                -6.3333726,
                40.447767
              ],
              [
                -6.3340645,
                40.447693
              ],
              [
                -6.3347624,
                40.4475017
              ],
              [
                -6.337117,
                40.4462448
              ],
              [
                -6.3386516,
                40.4453358
              ],
              [
                -6.3415661,
                40.4439635
              ],
              [
                -6.3435865,
                40.4431035
              ],
              [
                -6.3446429,
                40.4427756
              ],
              [
                -6.3447832,
                40.4415647
              ],
              [
                -6.3453811,
                40.4398362
              ],
              [
                -6.3454367,
                40.4381053
              ],
              [
                -6.3456562,
                40.4375405
              ],
              [
                -6.3459385,
                40.437055
              ],
              [
                -6.3473897,
                40.4358961
              ],
              [
                -6.3480005,
                40.4351399
              ],
              [
                -6.3490868,
                40.4339916
              ],
              [
                -6.3500346,
                40.4333787
              ],
              [
                -6.3514088,
                40.4328074
              ],
              [
                -6.3546045,
                40.4307061
              ],
              [
                -6.3558614,
                40.4301472
              ],
              [
                -6.3581611,
                40.4278107
              ],
              [
                -6.3610698,
                40.4258707
              ],
              [
                -6.3628496,
                40.4237474
              ],
              [
                -6.3633331,
                40.423283
              ],
              [
                -6.3639013,
                40.4228612
              ],
              [
                -6.3645586,
                40.4225718
              ],
              [
                -6.3655504,
                40.4223718
              ],
              [
                -6.3651008,
                40.4216283
              ],
              [
                -6.3654399,
                40.4203936
              ],
              [
                -6.365805,
                40.4173207
              ],
              [
                -6.3630704,
                40.4158873
              ],
              [
                -6.3614537,
                40.415367
              ],
              [
                -6.3630017,
                40.4116743
              ],
              [
                -6.3626048,
                40.4079662
              ],
              [
                -6.3618659,
                40.407087
              ],
              [
                -6.3626617,
                40.407217
              ],
              [
                -6.3633288,
                40.4071255
              ],
              [
                -6.3640343,
                40.4068618
              ],
              [
                -6.3650871,
                40.4062367
              ],
              [
                -6.3653539,
                40.4060315
              ],
              [
                -6.3674245,
                40.4044393
              ],
              [
                -6.3702219,
                40.4024212
              ],
              [
                -6.3713963,
                40.4018736
              ],
              [
                -6.3751824,
                40.4003129
              ],
              [
                -6.3759657,
                40.4001909
              ],
              [
                -6.3765117,
                40.400274
              ],
              [
                -6.3782562,
                40.4009976
              ],
              [
                -6.3791525,
                40.4007822
              ],
              [
                -6.3798312,
                40.4009245
              ],
              [
                -6.3815279,
                40.4006946
              ],
              [
                -6.3831893,
                40.4007
              ],
              [
                -6.3885518,
                40.3998124
              ],
              [
                -6.3892666,
                40.3992551
              ],
              [
                -6.3914793,
                40.3992292
              ],
              [
                -6.3923983,
                40.3989699
              ],
              [
                -6.3934195,
                40.3988662
              ],
              [
                -6.3944067,
                40.3992551
              ],
              [
                -6.3956151,
                40.3996698
              ],
              [
                -6.3966874,
                40.3995661
              ],
              [
                -6.3983995,
                40.4000191
              ],
              [
                -6.3994117,
                40.4004667
              ],
              [
                -6.4004089,
                40.4010858
              ],
              [
                -6.4028585,
                40.4020043
              ],
              [
                -6.4037471,
                40.4021042
              ],
              [
                -6.4064125,
                40.4019265
              ],
              [
                -6.407806,
                40.4019935
              ],
              [
                -6.4094859,
                40.4014305
              ],
              [
                -6.4108607,
                40.4008945
              ],
              [
                -6.4126969,
                40.3999306
              ],
              [
                -6.414207,
                40.3995077
              ],
              [
                -6.418059,
                40.3995018
              ],
              [
                -6.4188258,
                40.39929
              ],
              [
                -6.4196418,
                40.3988875
              ],
              [
                -6.420701,
                40.3979375
              ],
              [
                -6.4215286,
                40.3970664
              ],
              [
                -6.4225215,
                40.3955058
              ],
              [
                -6.4237222,
                40.3924711
              ],
              [
                -6.4243565,
                40.3915066
              ],
              [
                -6.4249942,
                40.3910734
              ],
              [
                -6.4260873,
                40.3905636
              ],
              [
                -6.4282795,
                40.389661
              ],
              [
                -6.4287774,
                40.3892589
              ],
              [
                -6.4297035,
                40.3877814
              ],
              [
                -6.4301443,
                40.387417
              ],
              [
                -6.4331722,
                40.3855798
              ],
              [
                -6.4367241,
                40.3836278
              ],
              [
                -6.4386832,
                40.3823176
              ],
              [
                -6.43918043,
                40.381935568
              ],
              [
                -6.4396466,
                40.3815774
              ],
              [
                -6.4402408,
                40.3807581
              ],
              [
                -6.4409375,
                40.3789451
              ],
              [
                -6.4411251,
                40.3780028
              ],
              [
                -6.4407012,
                40.3770788
              ],
              [
                -6.4395812,
                40.375437
              ],
              [
                -6.43918043,
                40.374977521
              ],
              [
                -6.439061608,
                40.374841293
              ],
              [
                -6.43898043,
                40.374748223
              ],
              [
                -6.4377053,
                40.3732863
              ],
              [
                -6.4383151,
                40.3727728
              ],
              [
                -6.43898043,
                40.372865858
              ],
              [
                -6.43898764,
                40.372866866
              ],
              [
                -6.43918043,
                40.372893831
              ],
              [
                -6.4393232,
                40.3729138
              ],
              [
                -6.4403923,
                40.372864
              ],
              [
                -6.4427488,
                40.3719652
              ]
            ]
          ]
        ]
      },
      "properties": {
        "osm_id": -349029,
        "name": "Salamanca",
        "name_en": null,
        "boundary": "administrative",
        "admin_level": 6,
        "admin_centre_node_id": 240423010,
        "admin_centre_node_lat": 40.9651572,
        "admin_centre_node_lng": -5.6640182,
        "label_node_id": null,
        "label_node_lat": null,
        "label_node_lng": null
      }
    }
  ]
}