{
  "type": "FeatureCollection",
  "features": [
    {
      "type": "Feature",
      "geometry": {
        "type": "MultiPolygon",
        "coordinates": [
          [
            [
              [
                14.4536215,
                35.8769348
              ],
              [
                14.4531254,
                35.8770689
              ],
              [
                14.4527172,
                35.8773379
              ],
              [
                14.4522753,
                35.8779465
              ],
              [
                14.4526612,
                35.8781542
              ],
              [
                14.4527157,
                35.878207
              ],
              [
                14.4527511,
                35.8782508
              ],
              [
                14.4527937,
                35.8782993
              ],
              [
                14.452848,
                35.8783331
              ],
              [
                14.4530122,
                35.878456
              ],
              [
                14.4530671,
                35.8785095
              ],
              [
                14.4532596,
                35.878737
              ],
              [
                14.4532802,
                35.8787709
              ],
              [
                14.4532871,
                35.8788124
              ],
              [
                14.4532844,
                35.8789059
              ],
              [
                14.4532818,
                35.8789787
              ],
              [
                14.4532871,
                35.8790459
              ],
              [
                14.4533001,
                35.8791475
              ],
              [
                14.4532885,
                35.8791863
              ],
              [
                14.4532576,
                35.8792254
              ],
              [
                14.4522996,
                35.879194
              ],
              [
                14.4523919,
                35.8795884
              ],
              [
                14.4524554,
                35.8797608
              ],
              [
                14.4523257,
                35.8800343
              ],
              [
                14.4516108,
                35.8803261
              ],
              [
                14.4507514,
                35.8813898
              ],
              [
                14.4518159,
                35.8822901
              ],
              [
                14.4521506,
                35.8825462
              ],
              [
                14.4522459,
                35.8826728
              ],
              [
                14.4523266,
                35.8827966
              ],
              [
                14.4524166,
                35.8829316
              ],
              [
                14.4525796,
                35.8831261
              ],
              [
                14.4526835,
                35.8832232
              ],
              [
                14.4527572,
                35.8832845
              ],
              [
                14.453204,
                35.8836051
              ],
              [
                14.453284,
                35.8836534
              ],
              [
                14.4536373,
                35.8838022
              ],
              [
                14.4537379,
                35.883848
              ],
              [
                14.454077,
                35.8840504
              ],
              [
                14.4541519,
                35.8841034
              ],
              [
                14.4545905,
                35.8844282
              ],
              [
                14.4546966,
                35.8845833
              ],
              [
                14.454711,
                35.8846672
              ],
              [
                14.4548151,
                35.884785
              ],
              [
                14.4551255,
                35.8853615
              ],
              [
                14.4552918,
                35.8853063
              ],
              [
                14.4553412,
                35.8853879
              ],
              [
                14.4553506,
                35.8854364
              ],
              [
                14.4553599,
                35.885529
              ],
              [
                14.4553554,
                35.8856208
              ],
              [
                14.45533,
                35.8856858
              ],
              [
                14.4552584,
                35.8859421
              ],
              [
                14.4552272,
                35.8860584
              ],
              [
                14.4552203,
                35.8861735
              ],
              [
                14.4552382,
                35.8863062
              ],
              [
                14.4553087,
                35.8865543
              ],
              [
                14.4554325,
                35.8869003
              ],
              [
                14.4555184,
                35.8871634
              ],
              [
                14.4555407,
                35.8872518
              ],
              [
                14.4555968,
                35.8875936
              ],
              [
                14.4556263,
                35.887722
              ],
              [
                14.4556894,
                35.8878428
              ],
              [
                14.4557589,
                35.8879508
              ],
              [
                14.456116,
                35.8884206
              ],
              [
                14.4561755,
                35.8885247
              ],
              [
                14.4561907,
                35.8885861
              ],
              [
                14.4561738,
                35.8886875
              ],
              [
                14.4561203,
                35.8887824
              ],
              [
                14.4560338,
                35.8888802
              ],
              [
                14.4561856,
                35.8892579
              ],
              [
                14.4576629,
                35.8895431
              ],
              [
                14.4581924,
                35.8908245
              ],
              [
                14.4591074,
                35.890172
              ],
              [
                14.461522,
                35.8891993
              ],
              [
                14.4631107,
                35.8885816
              ],
              [
                14.4705584,
                35.8868958
              ],
              [
                14.4714276,
                35.8868899
              ],
              [
                14.4715257,
                35.887919
              ],
              [
                14.4714845,
                35.8879213
              ],
              [
                14.4704927,
                35.8879214
              ],
              [
                14.4703366,
                35.8880222
              ],
              [
                14.470386,
                35.888264
              ],
              [
                14.4707074,
                35.8885844
              ],
              [
                14.4715814,
                35.8889096
              ],
              [
                14.4720132,
                35.8889572
              ],
              [
                14.4733162,
                35.888957
              ],
              [
                14.4732146,
                35.8892044
              ],
              [
                14.4730304,
                35.8896528
              ],
              [
                14.4729763,
                35.8898122
              ],
              [
                14.4727184,
                35.8898768
              ],
              [
                14.472885,
                35.8901698
              ],
              [
                14.4726348,
                35.89091
              ],
              [
                14.4732535,
                35.8923549
              ],
              [
                14.4738223,
                35.8936832
              ],
              [
                14.4734208,
                35.893783
              ],
              [
                14.4732318,
                35.8938299
              ],
              [
                14.4731707,
                35.8938451
              ],
              [
                14.473471,
                35.894344
              ],
              [
                14.4735701,
                35.8945137
              ],
              [
                14.4739415,
                35.8951316
              ],
              [
                14.4750006,
                35.8948856
              ],
              [
                14.4750576,
                35.8948724
              ],
              [
                14.4751661,
                35.895046
              ],
              [
                14.4765036,
                35.8942816
              ],
              [
                14.4766437,
                35.8943451
              ],
              [
                14.4770045,
                35.8941054
              ],
              [
                14.4776432,
                35.8939793
              ],
              [
                14.4783537,
                35.8938411
              ],
              [
                14.4783348,
                35.8937619
              ],
              [
                14.4793149,
                35.893627
              ],
              [
                14.4814652,
                35.8935992
              ],
              [
                14.481471,
                35.8937126
              ],
              [
                14.4814726,
                35.8937434
              ],
              [
                14.4821874,
                35.8937723
              ],
              [
                14.4824449,
                35.8936436
              ],
              [
                14.48304,
                35.893589
              ],
              [
                14.483049,
                35.8929286
              ],
              [
                14.4830555,
                35.8924859
              ],
              [
                14.4831464,
                35.8923249
              ],
              [
                14.483289,
                35.8922496
              ],
              [
                14.4834152,
                35.8922336
              ],
              [
                14.4838995,
                35.892183
              ],
              [
                14.4840812,
                35.892164
              ],
              [
                14.4842126,
                35.8921576
              ],
              [
                14.48439,
                35.8921317
              ],
              [
                14.4847471,
                35.8920957
              ],
              [
                14.48483,
                35.8920872
              ],
              [
                14.4858286,
                35.8917969
              ],
              [
                14.4862587,
                35.8924697
              ],
              [
                14.4868187,
                35.8922691
              ],
              [
                14.4873658,
                35.8922071
              ],
              [
                14.4873859,
                35.8921031
              ],
              [
                14.4877332,
                35.8919709
              ],
              [
                14.4883054,
                35.8917482
              ],
              [
                14.4882928,
                35.8916219
              ],
              [
                14.4885181,
                35.8915258
              ],
              [
                14.4890781,
                35.8913161
              ],
              [
                14.4897738,
                35.8910434
              ],
              [
                14.4899338,
                35.8910364
              ],
              [
                14.4907169,
                35.8907216
              ],
              [
                14.4899526,
                35.8892296
              ],
              [
                14.4904953,
                35.8891977
              ],
              [
                14.4914464,
                35.889146
              ],
              [
                14.4922427,
                35.8891071
              ],
              [
                14.4923065,
                35.8890979
              ],
              [
                14.4926564,
                35.8885413
              ],
              [
                14.4942087,
                35.8885561
              ],
              [
                14.494232,
                35.8885725
              ],
              [
                14.4943171,
                35.8886322
              ],
              [
                14.4945794,
                35.8888163
              ],
              [
                14.4950417,
                35.8891409
              ],
              [
                14.4953245,
                35.8893395
              ],
              [
                14.4965349,
                35.8902276
              ],
              [
                14.4965792,
                35.8902369
              ],
              [
                14.4968888,
                35.8906194
              ],
              [
                14.4973505,
                35.8908552
              ],
              [
                14.4989384,
                35.8902891
              ],
              [
                14.5002455,
                35.8899282
              ],
              [
                14.5004017,
                35.8897469
              ],
              [
                14.5003418,
                35.8894495
              ],
              [
                14.4991347,
                35.8889067
              ],
              [
                14.4983455,
                35.8882114
              ],
              [
                14.497934,
                35.8876088
              ],
              [
                14.4987419,
                35.8871914
              ],
              [
                14.4987857,
                35.8871688
              ],
              [
                14.4991836,
                35.8872233
              ],
              [
                14.4997104,
                35.8871423
              ],
              [
                14.5009736,
                35.8864489
              ],
              [
                14.5013033,
                35.8860052
              ],
              [
                14.5023925,
                35.8866437
              ],
              [
                14.5032919,
                35.887142
              ],
              [
                14.5033736,
                35.8872465
              ],
              [
                14.5035062,
                35.8876111
              ],
              [
                14.5035756,
                35.8876953
              ],
              [
                14.5039797,
                35.8878163
              ],
              [
                14.5043308,
                35.8878893
              ],
              [
                14.5045696,
                35.8879539
              ],
              [
                14.5046729,
                35.8879624
              ],
              [
                14.5047212,
                35.8879894
              ],
              [
                14.5051503,
                35.8880677
              ],
              [
                14.5053992,
                35.8880924
              ],
              [
                14.505665,
                35.8878814
              ],
              [
                14.5018413,
                35.8847882
              ],
              [
                14.5013373,
                35.8852019
              ],
              [
                14.5011365,
                35.8853668
              ],
              [
                14.5010402,
                35.8852901
              ],
              [
                14.5009808,
                35.8852438
              ],
              [
                14.5009107,
                35.8851893
              ],
              [
                14.5008538,
                35.8851201
              ],
              [
                14.5002625,
                35.8849058
              ],
              [
                14.5002107,
                35.8849845
              ],
              [
                14.5000431,
                35.8849023
              ],
              [
                14.5000968,
                35.8847866
              ],
              [
                14.5001393,
                35.8847457
              ],
              [
                14.5001759,
                35.8847217
              ],
              [
                14.5002194,
                35.8847121
              ],
              [
                14.5002066,
                35.8846632
              ],
              [
                14.4978635,
                35.8850963
              ],
              [
                14.497717,
                35.8845895
              ],
              [
                14.4976954,
                35.8840473
              ],
              [
                14.4977552,
                35.8839758
              ],
              [
                14.4990809,
                35.8836857
              ],
              [
                14.4991434,
                35.8836902
              ],
              [
                14.4991836,
                35.8837351
              ],
              [
                14.499236,
                35.8839543
              ],
              [
                14.4992518,
                35.883982
              ],
              [
                14.4992892,
                35.8839868
              ],
              [
                14.4994689,
                35.8839563
              ],
              [
                14.4995271,
                35.8839093
              ],
              [
                14.4996037,
                35.8838583
              ],
              [
                14.4996607,
                35.8838014
              ],
              [
                14.5000117,
                35.8832008
              ],
              [
                14.5001991,
                35.8828802
              ],
              [
                14.5004577,
                35.8824376
              ],
              [
                14.5006227,
                35.8825158
              ],
              [
                14.5007064,
                35.8824127
              ],
              [
                14.5005622,
                35.8823289
              ],
              [
                14.5007364,
                35.8820782
              ],
              [
                14.5009623,
                35.8817833
              ],
              [
                14.5015393,
                35.8810718
              ],
              [
                14.5015433,
                35.880945
              ],
              [
                14.5015485,
                35.8807793
              ],
              [
                14.501477,
                35.8805591
              ],
              [
                14.5014127,
                35.8804957
              ],
              [
                14.5012923,
                35.8804334
              ],
              [
                14.5011982,
                35.8803995
              ],
              [
                14.5011023,
                35.8803896
              ],
              [
                14.5010396,
                35.8804108
              ],
              [
                14.5009873,
                35.8804574
              ],
              [
                14.5009717,
                35.8804968
              ],
              [
                14.5009838,
                35.8806042
              ],
              [
                14.5005185,
                35.880792
              ],
              [
                14.5003123,
                35.8809618
              ],
              [
                14.5000846,
                35.8811493
              ],
              [
                14.4997285,
                35.8813014
              ],
              [
                14.4995356,
                35.8813512
              ],
              [
                14.4992493,
                35.8813789
              ],
              [
                14.4988186,
                35.8813527
              ],
              [
                14.4986897,
                35.8813449
              ],
              [
                14.4984275,
                35.8812943
              ],
              [
                14.4982687,
                35.8812636
              ],
              [
                14.4980233,
                35.8811891
              ],
              [
                14.4979631,
                35.8811608
              ],
              [
                14.4972241,
                35.8808135
              ],
              [
                14.4966375,
                35.8805379
              ],
              [
                14.4966654,
                35.8805082
              ],
              [
                14.4962597,
                35.8802518
              ],
              [
                14.4963613,
                35.8801427
              ],
              [
                14.4959706,
                35.8798911
              ],
              [
                14.4960846,
                35.8797705
              ],
              [
                14.4963805,
                35.8794577
              ],
              [
                14.4965634,
                35.8795702
              ],
              [
                14.4968475,
                35.8792537
              ],
              [
                14.4965863,
                35.8790941
              ],
              [
                14.4966267,
                35.8790535
              ],
              [
                14.4965723,
                35.8789794
              ],
              [
                14.4966365,
                35.8789709
              ],
              [
                14.4967142,
                35.8789479
              ],
              [
                14.4967995,
                35.8788688
              ],
              [
                14.4967935,
                35.8788149
              ],
              [
                14.4968673,
                35.8788072
              ],
              [
                14.4969529,
                35.8787982
              ],
              [
                14.4969546,
                35.8788265
              ],
              [
                14.4970174,
                35.8788335
              ],
              [
                14.4972775,
                35.878976
              ],
              [
                14.4981286,
                35.8802136
              ],
              [
                14.4987914,
                35.8799262
              ],
              [
                14.5007017,
                35.8790783
              ],
              [
                14.500759,
                35.8790369
              ],
              [
                14.500759,
                35.8789846
              ],
              [
                14.5002208,
                35.8781691
              ],
              [
                14.5006915,
                35.8779517
              ],
              [
                14.5011277,
                35.8785967
              ],
              [
                14.5036272,
                35.8791221
              ],
              [
                14.5037745,
                35.878779
              ],
              [
                14.5033377,
                35.8786329
              ],
              [
                14.5017649,
                35.8779669
              ],
              [
                14.5016165,
                35.8778683
              ],
              [
                14.5019456,
                35.8774567
              ],
              [
                14.5015337,
                35.8772437
              ],
              [
                14.5018214,
                35.8767697
              ],
              [
                14.501751383,
                35.87673365
              ],
              [
                14.5016903,
                35.8767022
              ],
              [
                14.50242,
                35.8757842
              ],
              [
                14.5019063,
                35.8755206
              ],
              [
                14.5014576,
                35.8752903
              ],
              [
                14.5018872,
                35.8747852
              ],
              [
                14.499413,
                35.8735312
              ],
              [
                14.498599,
                35.872476
              ],
              [
                14.4978871,
                35.8715691
              ],
              [
                14.4982812,
                35.8712327
              ],
              [
                14.498178,
                35.8709708
              ],
              [
                14.4980803,
                35.8707345
              ],
              [
                14.4983284,
                35.8706895
              ],
              [
                14.4982654,
                35.8699545
              ],
              [
                14.497986,
                35.8693251
              ],
              [
                14.4978502,
                35.8693849
              ],
              [
                14.4973346,
                35.8690228
              ],
              [
                14.496296,
                35.8690978
              ],
              [
                14.4957662,
                35.8677667
              ],
              [
                14.4956416,
                35.8673943
              ],
              [
                14.4955552,
                35.8670472
              ],
              [
                14.4955138,
                35.866815
              ],
              [
                14.4954883,
                35.8663354
              ],
              [
                14.4955016,
                35.8658233
              ],
              [
                14.4955661,
                35.8653812
              ],
              [
                14.4956108,
                35.8649908
              ],
              [
                14.4956782,
                35.8646847
              ],
              [
                14.4957961,
                35.8640175
              ],
              [
                14.4958907,
                35.8636693
              ],
              [
                14.4960113,
                35.8633105
              ],
              [
                14.4961211,
                35.8630559
              ],
              [
                14.4962634,
                35.8627881
              ],
              [
                14.4965407,
                35.8623265
              ],
              [
                14.496809,
                35.8619922
              ],
              [
                14.4976476,
                35.8624852
              ],
              [
                14.4982931,
                35.8627624
              ],
              [
                14.4986749,
                35.8628883
              ],
              [
                14.4991338,
                35.8629715
              ],
              [
                14.5009775,
                35.863352
              ],
              [
                14.5015068,
                35.8635161
              ],
              [
                14.5034453,
                35.8643091
              ],
              [
                14.5059654,
                35.8652757
              ],
              [
                14.5064163,
                35.8651805
              ],
              [
                14.5066543,
                35.8652889
              ],
              [
                14.5066927,
                35.865249
              ],
              [
                14.5073307,
                35.8647552
              ],
              [
                14.5088334,
                35.8638977
              ],
              [
                14.5091868,
                35.8636699
              ],
              [
                14.5104419,
                35.8630736
              ],
              [
                14.512145725,
                35.862549764
              ],
              [
                14.512145725,
                35.862549764
              ],
              [
                14.5132632,
                35.8622062
              ],
              [
                14.5140036,
                35.8619786
              ],
              [
                14.5144984,
                35.8618098
              ],
              [
                14.514979,
                35.8616554
              ],
              [
                14.5155052,
                35.8615099
              ],
              [
                14.5155935,
                35.8614943
              ],
              [
                14.5159756,
                35.8618441
              ],
              [
                14.5166979,
                35.8625559
              ],
              [
                14.5180954,
                35.863604
              ],
              [
                14.5182709,
                35.8637497
              ],
              [
                14.5198927,
                35.8655692
              ],
              [
                14.5201036,
                35.8659929
              ],
              [
                14.520604,
                35.8670033
              ],
              [
                14.5229245,
                35.8674976
              ],
              [
                14.5229556,
                35.867512
              ],
              [
                14.5236435,
                35.867785
              ],
              [
                14.5239465,
                35.8678709
              ],
              [
                14.5248011,
                35.8680733
              ],
              [
                14.5253218,
                35.868204
              ],
              [
                14.5255291,
                35.8682692
              ],
              [
                14.5255655,
                35.8682807
              ],
              [
                14.5257486,
                35.8683572
              ],
              [
                14.5259054,
                35.8684573
              ],
              [
                14.5262861,
                35.8687004
              ],
              [
                14.5267885,
                35.8694298
              ],
              [
                14.5273313,
                35.8693626
              ],
              [
                14.5275789,
                35.8692304
              ],
              [
                14.5280604,
                35.8683752
              ],
              [
                14.528155,
                35.8681889
              ],
              [
                14.5284317,
                35.8676571
              ],
              [
                14.5286585,
                35.8672337
              ],
              [
                14.5290039,
                35.8665646
              ],
              [
                14.5293871,
                35.8658315
              ],
              [
                14.529868,
                35.8662831
              ],
              [
                14.5299306,
                35.8663962
              ],
              [
                14.5301101,
                35.8667205
              ],
              [
                14.5301998,
                35.8669225
              ],
              [
                14.5305003,
                35.8677503
              ],
              [
                14.5312181,
                35.8674351
              ],
              [
                14.5317746,
                35.8682951
              ],
              [
                14.5340238,
                35.8669723
              ],
              [
                14.5348162,
                35.8665114
              ],
              [
                14.5348799,
                35.8664754
              ],
              [
                14.5363407,
                35.8655864
              ],
              [
                14.5381782,
                35.8647772
              ],
              [
                14.5382122,
                35.8647854
              ],
              [
                14.5382719,
                35.864856
              ],
              [
                14.5390184,
                35.864524
              ],
              [
                14.538985,
                35.8644601
              ],
              [
                14.5389754,
                35.864403
              ],
              [
                14.5401989,
                35.8642188
              ],
              [
                14.5404005,
                35.8637925
              ],
              [
                14.5407301,
                35.8642719
              ],
              [
                14.5419948,
                35.8647995
              ],
              [
                14.5434547,
                35.8645948
              ],
              [
                14.5443527,
                35.8642225
              ],
              [
                14.5447589,
                35.8641669
              ],
              [
                14.5455228,
                35.8641305
              ],
              [
                14.546177,
                35.8649129
              ],
              [
                14.5471334,
                35.8657876
              ],
              [
                14.5468427,
                35.8660287
              ],
              [
                14.5474449,
                35.8663039
              ],
              [
                14.5475964,
                35.8661716
              ],
              [
                14.5480623,
                35.8658822
              ],
              [
                14.5482694,
                35.8658019
              ],
              [
                14.5484431,
                35.8658232
              ],
              [
                14.5488071,
                35.8658649
              ],
              [
                14.5500072,
                35.8659148
              ],
              [
                14.5500488,
                35.8659768
              ],
              [
                14.5500614,
                35.8660719
              ],
              [
                14.5500589,
                35.8661611
              ],
              [
                14.5500854,
                35.8662275
              ],
              [
                14.5502213,
                35.8662806
              ],
              [
                14.5505019,
                35.8663362
              ],
              [
                14.5509544,
                35.8664415
              ],
              [
                14.5514707,
                35.8664683
              ],
              [
                14.5517498,
                35.8665256
              ],
              [
                14.5519777,
                35.8666009
              ],
              [
                14.5523165,
                35.866828
              ],
              [
                14.5522165,
                35.8669184
              ],
              [
                14.5524107,
                35.8671174
              ],
              [
                14.552685,
                35.8673985
              ],
              [
                14.5530779,
                35.8676279
              ],
              [
                14.5533716,
                35.8681815
              ],
              [
                14.5538848,
                35.8685744
              ],
              [
                14.5545714,
                35.8688354
              ],
              [
                14.5549467,
                35.8694475
              ],
              [
                14.5549204,
                35.8700689
              ],
              [
                14.5556788,
                35.8711617
              ],
              [
                14.5571868,
                35.8711916
              ],
              [
                14.5576434,
                35.8719242
              ],
              [
                14.5576293,
                35.8721106
              ],
              [
                14.558122,
                35.8725896
              ],
              [
                14.5583867,
                35.8727731
              ],
              [
                14.5585429,
                35.8729768
              ],
              [
                14.5586875,
                35.8731425
              ],
              [
                14.5589543,
                35.8734878
              ],
              [
                14.55899,
                35.8736895
              ],
              [
                14.55905,
                35.8737909
              ],
              [
                14.5591118,
                35.8738457
              ],
              [
                14.5598512,
                35.8744329
              ],
              [
                14.5599259,
                35.8744933
              ],
              [
                14.5600403,
                35.8745666
              ],
              [
                14.5605799,
                35.874855
              ],
              [
                14.5611354,
                35.8752003
              ],
              [
                14.563733911,
                35.87693365
              ],
              [
                14.563733911,
                35.87693365
              ],
              [
                14.5642242,
                35.8772607
              ],
              [
                14.5642891,
                35.8772191
              ],
              [
                14.5644345,
                35.877192
              ],
              [
                14.5646389,
                35.8774399
              ],
              [
                14.5648562,
                35.8775436
              ],
              [
                14.5651654,
                35.8774468
              ],
              [
                14.5652648,
                35.8772783
              ],
              [
                14.565472,
                35.877273
              ],
              [
                14.5656017,
                35.8770725
              ],
              [
                14.56579443,
                35.87693365
              ],
              [
                14.5659662,
                35.8768099
              ],
              [
                14.56601818,
                35.87673365
              ],
              [
                14.5662654,
                35.876371
              ],
              [
                14.5662015,
                35.8763105
              ],
              [
                14.5661837,
                35.8761642
              ],
              [
                14.5660094,
                35.8761002
              ],
              [
                14.5659827,
                35.8760215
              ],
              [
                14.5665636,
                35.8759567
              ],
              [
                14.5673615,
                35.8754533
              ],
              [
                14.5679994,
                35.8746097
              ],
              [
                14.5690222,
                35.8740872
              ],
              [
                14.5692625,
                35.8734925
              ],
              [
                14.5710488,
                35.8725188
              ],
              [
                14.5714984,
                35.8707396
              ],
              [
                14.5717909,
                35.8705639
              ],
              [
                14.5716113,
                35.8704304
              ],
              [
                14.5716891,
                35.870387
              ],
              [
                14.5718813,
                35.8703396
              ],
              [
                14.5721452,
                35.8699825
              ],
              [
                14.5721427,
                35.8697975
              ],
              [
                14.5720853,
                35.8697247
              ],
              [
                14.5719707,
                35.8696872
              ],
              [
                14.5720269,
                35.8696525
              ],
              [
                14.5720922,
                35.8696862
              ],
              [
                14.5721595,
                35.8696677
              ],
              [
                14.5721897,
                35.8695725
              ],
              [
                14.5725116,
                35.8695709
              ],
              [
                14.5727639,
                35.8692306
              ],
              [
                14.5734371,
                35.8690528
              ],
              [
                14.5743223,
                35.86826
              ],
              [
                14.5746488,
                35.8679676
              ],
              [
                14.5751675,
                35.8675727
              ],
              [
                14.575087,
                35.8673743
              ],
              [
                14.5753003,
                35.8671839
              ],
              [
                14.5743491,
                35.8670732
              ],
              [
                14.5735797,
                35.8669517
              ],
              [
                14.5729789,
                35.8669662
              ],
              [
                14.5728073,
                35.8669704
              ],
              [
                14.5724546,
                35.8670658
              ],
              [
                14.5721534,
                35.8670673
              ],
              [
                14.5722425,
                35.8669541
              ],
              [
                14.5717929,
                35.866856
              ],
              [
                14.5715307,
                35.8666785
              ],
              [
                14.5710725,
                35.8667392
              ],
              [
                14.5707526,
                35.8665641
              ],
              [
                14.5698736,
                35.866452
              ],
              [
                14.5694049,
                35.86666
              ],
              [
                14.5690518,
                35.8667221
              ],
              [
                14.5685873,
                35.8668393
              ],
              [
                14.5683969,
                35.8668357
              ],
              [
                14.5682833,
                35.8667556
              ],
              [
                14.5682673,
                35.8666765
              ],
              [
                14.5678023,
                35.8665488
              ],
              [
                14.5677054,
                35.8666382
              ],
              [
                14.5675462,
                35.8665807
              ],
              [
                14.5675045,
                35.8665694
              ],
              [
                14.56719,
                35.8664328
              ],
              [
                14.5670263,
                35.866234
              ],
              [
                14.5670218,
                35.8661889
              ],
              [
                14.5669804,
                35.8661643
              ],
              [
                14.5669091,
                35.8661921
              ],
              [
                14.5663702,
                35.8658529
              ],
              [
                14.5664019,
                35.8658226
              ],
              [
                14.5664136,
                35.8657302
              ],
              [
                14.56639,
                35.8656651
              ],
              [
                14.5657126,
                35.8652209
              ],
              [
                14.5656947,
                35.8652395
              ],
              [
                14.5654008,
                35.8651562
              ],
              [
                14.5653489,
                35.8650768
              ],
              [
                14.5653371,
                35.8649066
              ],
              [
                14.5653253,
                35.8648913
              ],
              [
                14.5652756,
                35.8648863
              ],
              [
                14.565271,
                35.8648884
              ],
              [
                14.5652662,
                35.8649113
              ],
              [
                14.5652792,
                35.8649353
              ],
              [
                14.5652981,
                35.864942
              ],
              [
                14.5653087,
                35.8651314
              ],
              [
                14.5643922,
                35.8652672
              ],
              [
                14.5643811,
                35.8651992
              ],
              [
                14.5643258,
                35.8652116
              ],
              [
                14.5643453,
                35.8653284
              ],
              [
                14.5643056,
                35.8653355
              ],
              [
                14.5642936,
                35.8652088
              ],
              [
                14.5642703,
                35.8652137
              ],
              [
                14.5642708,
                35.8652808
              ],
              [
                14.5640413,
                35.865312
              ],
              [
                14.564005,
                35.8652615
              ],
              [
                14.5639784,
                35.8652461
              ],
              [
                14.5640028,
                35.865427
              ],
              [
                14.5639443,
                35.865447
              ],
              [
                14.563909,
                35.8652687
              ],
              [
                14.5638866,
                35.865274
              ],
              [
                14.5639094,
                35.8653923
              ],
              [
                14.5634381,
                35.8654521
              ],
              [
                14.5633953,
                35.8654786
              ],
              [
                14.5632466,
                35.8653224
              ],
              [
                14.5624228,
                35.8644568
              ],
              [
                14.5625118,
                35.8643994
              ],
              [
                14.5624786,
                35.8643651
              ],
              [
                14.5624021,
                35.864413
              ],
              [
                14.5617973,
                35.8637403
              ],
              [
                14.5618325,
                35.8637146
              ],
              [
                14.5618738,
                35.8637591
              ],
              [
                14.5618989,
                35.8637448
              ],
              [
                14.5617129,
                35.8635594
              ],
              [
                14.5617498,
                35.8632999
              ],
              [
                14.5619859,
                35.8631744
              ],
              [
                14.5619911,
                35.8631884
              ],
              [
                14.5622338,
                35.863123
              ],
              [
                14.562281,
                35.8631397
              ],
              [
                14.5623312,
                35.8631373
              ],
              [
                14.5623769,
                35.863123
              ],
              [
                14.5624678,
                35.8631416
              ],
              [
                14.5625785,
                35.8631802
              ],
              [
                14.562675,
                35.8632324
              ],
              [
                14.5627314,
                35.8632797
              ],
              [
                14.5628715,
                35.8634383
              ],
              [
                14.5629527,
                35.8635046
              ],
              [
                14.5630599,
                35.8635769
              ],
              [
                14.5631903,
                35.8636287
              ],
              [
                14.5633272,
                35.8636731
              ],
              [
                14.5634412,
                35.8636827
              ],
              [
                14.5634629,
                35.8637046
              ],
              [
                14.5634739,
                35.8637177
              ],
              [
                14.5635217,
                35.8637687
              ],
              [
                14.5636001,
                35.863722
              ],
              [
                14.5636338,
                35.863751
              ],
              [
                14.5636502,
                35.8637695
              ],
              [
                14.5635699,
                35.8638185
              ],
              [
                14.5635851,
                35.8638335
              ],
              [
                14.5638433,
                35.863669
              ],
              [
                14.5659353,
                35.8636165
              ],
              [
                14.5664849,
                35.8637133
              ],
              [
                14.5668659,
                35.8639035
              ],
              [
                14.5669094,
                35.8639381
              ],
              [
                14.5683085,
                35.8650502
              ],
              [
                14.5682579,
                35.8651863
              ],
              [
                14.5682529,
                35.8652041
              ],
              [
                14.5683108,
                35.8652165
              ],
              [
                14.5683663,
                35.8650715
              ],
              [
                14.5683684,
                35.8650668
              ],
              [
                14.5685665,
                35.8649081
              ],
              [
                14.5689267,
                35.8649666
              ],
              [
                14.5695687,
                35.8648991
              ],
              [
                14.5697915,
                35.8648427
              ],
              [
                14.5698415,
                35.86483
              ],
              [
                14.5698995,
                35.8648153
              ],
              [
                14.5699633,
                35.8647992
              ],
              [
                14.5700004,
                35.8647898
              ],
              [
                14.5700489,
                35.8647775
              ],
              [
                14.5701663,
                35.8647478
              ],
              [
                14.5701871,
                35.8647425
              ],
              [
                14.5703053,
                35.8647269
              ],
              [
                14.5703297,
                35.8646988
              ],
              [
                14.5704027,
                35.8647181
              ],
              [
                14.5706322,
                35.8646864
              ],
              [
                14.5707057,
                35.8646697
              ],
              [
                14.5707499,
                35.8646464
              ],
              [
                14.5706748,
                35.8646074
              ],
              [
                14.5707528,
                35.8645891
              ],
              [
                14.5708354,
                35.864626
              ],
              [
                14.5709055,
                35.8646395
              ],
              [
                14.5709684,
                35.8646307
              ],
              [
                14.5710267,
                35.8645989
              ],
              [
                14.5710202,
                35.8645673
              ],
              [
                14.5710702,
                35.8645634
              ],
              [
                14.5711292,
                35.8645463
              ],
              [
                14.5712109,
                35.864514
              ],
              [
                14.5712725,
                35.8644763
              ],
              [
                14.5713114,
                35.8644204
              ],
              [
                14.5713806,
                35.8643798
              ],
              [
                14.5714261,
                35.8643037
              ],
              [
                14.5715065,
                35.8642679
              ],
              [
                14.5715462,
                35.8641817
              ],
              [
                14.5715952,
                35.8640846
              ],
              [
                14.5716649,
                35.8640168
              ],
              [
                14.5716858,
                35.8639489
              ],
              [
                14.5717041,
                35.8639085
              ],
              [
                14.5717543,
                35.8638876
              ],
              [
                14.5717965,
                35.8638356
              ],
              [
                14.5718277,
                35.8638475
              ],
              [
                14.5718981,
                35.8638121
              ],
              [
                14.5719696,
                35.8637651
              ],
              [
                14.5719503,
                35.8637118
              ],
              [
                14.5719928,
                35.8636887
              ],
              [
                14.5720921,
                35.8636489
              ],
              [
                14.5720593,
                35.8636059
              ],
              [
                14.5720599,
                35.8635584
              ],
              [
                14.5720955,
                35.8635769
              ],
              [
                14.5721517,
                35.863596
              ],
              [
                14.5722054,
                35.8635764
              ],
              [
                14.5722095,
                35.8635408
              ],
              [
                14.5722539,
                35.863532
              ],
              [
                14.5722532,
                35.8635594
              ],
              [
                14.5723308,
                35.8635628
              ],
              [
                14.572383,
                35.8635256
              ],
              [
                14.5724303,
                35.8635169
              ],
              [
                14.5724504,
                35.8635354
              ],
              [
                14.5724749,
                35.8635273
              ],
              [
                14.5724768,
                35.8634727
              ],
              [
                14.5724593,
                35.8634247
              ],
              [
                14.5724916,
                35.863427
              ],
              [
                14.5724894,
                35.8633928
              ],
              [
                14.5724644,
                35.8633484
              ],
              [
                14.5725387,
                35.8633821
              ],
              [
                14.5726171,
                35.8634244
              ],
              [
                14.5727153,
                35.8634568
              ],
              [
                14.5727758,
                35.863476
              ],
              [
                14.5728358,
                35.8634917
              ],
              [
                14.572897,
                35.8634849
              ],
              [
                14.5730004,
                35.8634448
              ],
              [
                14.5729674,
                35.8634181
              ],
              [
                14.5730453,
                35.8634175
              ],
              [
                14.5731221,
                35.8633769
              ],
              [
                14.5731231,
                35.8633411
              ],
              [
                14.5731623,
                35.8632996
              ],
              [
                14.573241,
                35.8632912
              ],
              [
                14.5732714,
                35.8632495
              ],
              [
                14.5732693,
                35.8632082
              ],
              [
                14.5732302,
                35.8632011
              ],
              [
                14.5731664,
                35.8632107
              ],
              [
                14.5730689,
                35.8632194
              ],
              [
                14.5729551,
                35.8632346
              ],
              [
                14.5729878,
                35.8631957
              ],
              [
                14.5730569,
                35.8631685
              ],
              [
                14.5730958,
                35.863123
              ],
              [
                14.5731162,
                35.8630851
              ],
              [
                14.5731596,
                35.8630115
              ],
              [
                14.5732219,
                35.8629497
              ],
              [
                14.5732733,
                35.8628323
              ],
              [
                14.5733335,
                35.8627811
              ],
              [
                14.5734816,
                35.8627884
              ],
              [
                14.573536,
                35.8627714
              ],
              [
                14.5736087,
                35.8626386
              ],
              [
                14.5736796,
                35.8625036
              ],
              [
                14.5737364,
                35.8624034
              ],
              [
                14.5737931,
                35.8623454
              ],
              [
                14.5737338,
                35.8623227
              ],
              [
                14.573787,
                35.8622457
              ],
              [
                14.5739232,
                35.8619409
              ],
              [
                14.5746139,
                35.8615473
              ],
              [
                14.5751209,
                35.8614571
              ],
              [
                14.5754139,
                35.8615581
              ],
              [
                14.5756238,
                35.8613278
              ],
              [
                14.575914,
                35.8613632
              ],
              [
                14.5759583,
                35.8616362
              ],
              [
                14.5763497,
                35.86166
              ],
              [
                14.5764915,
                35.8613296
              ],
              [
                14.5762936,
                35.8612128
              ],
              [
                14.5762989,
                35.8607599
              ],
              [
                14.5758795,
                35.8607117
              ],
              [
                14.5751486,
                35.8608574
              ],
              [
                14.5746997,
                35.8607114
              ],
              [
                14.5745424,
                35.8606472
              ],
              [
                14.5742635,
                35.8605153
              ],
              [
                14.5741837,
                35.8605217
              ],
              [
                14.5741411,
                35.8604944
              ],
              [
                14.5741098,
                35.8604743
              ],
              [
                14.5741003,
                35.8604682
              ],
              [
                14.5740304,
                35.8604062
              ],
              [
                14.5739693,
                35.8603459
              ],
              [
                14.5738932,
                35.8602763
              ],
              [
                14.5738799,
                35.8602642
              ],
              [
                14.5738653,
                35.8602498
              ],
              [
                14.5735534,
                35.8599418
              ],
              [
                14.5734882,
                35.8599413
              ],
              [
                14.5734316,
                35.8599816
              ],
              [
                14.5733602,
                35.8599847
              ],
              [
                14.5733211,
                35.8599696
              ],
              [
                14.5733251,
                35.8599361
              ],
              [
                14.5732088,
                35.8598813
              ],
              [
                14.5731988,
                35.8598717
              ],
              [
                14.5732802,
                35.8598633
              ],
              [
                14.5732419,
                35.8598125
              ],
              [
                14.5732,
                35.8598307
              ],
              [
                14.5731723,
                35.8598285
              ],
              [
                14.5731171,
                35.8597428
              ],
              [
                14.5731611,
                35.8597538
              ],
              [
                14.5731827,
                35.8597362
              ],
              [
                14.5731333,
                35.8596883
              ],
              [
                14.5731574,
                35.8596792
              ],
              [
                14.5731372,
                35.8596509
              ],
              [
                14.573148,
                35.8596243
              ],
              [
                14.5730909,
                35.8595926
              ],
              [
                14.5730484,
                35.8595712
              ],
              [
                14.5731023,
                35.859585
              ],
              [
                14.5731224,
                35.8595529
              ],
              [
                14.5731104,
                35.8595245
              ],
              [
                14.5731423,
                35.8595313
              ],
              [
                14.5731474,
                35.8595413
              ],
              [
                14.5731896,
                35.8595296
              ],
              [
                14.5732044,
                35.8595048
              ],
              [
                14.5732234,
                35.8594854
              ],
              [
                14.5731905,
                35.8594644
              ],
              [
                14.5729506,
                35.8593552
              ],
              [
                14.5729097,
                35.85932
              ],
              [
                14.5729046,
                35.8592816
              ],
              [
                14.5730189,
                35.8593033
              ],
              [
                14.5729796,
                35.8592503
              ],
              [
                14.5729475,
                35.8592436
              ],
              [
                14.5729288,
                35.8592548
              ],
              [
                14.5728832,
                35.8592163
              ],
              [
                14.5728161,
                35.8591311
              ],
              [
                14.5727024,
                35.8590411
              ],
              [
                14.572585,
                35.859016
              ],
              [
                14.5724161,
                35.8589304
              ],
              [
                14.5723348,
                35.8589412
              ],
              [
                14.5722494,
                35.85889
              ],
              [
                14.5722453,
                35.8588356
              ],
              [
                14.572074,
                35.8587139
              ],
              [
                14.5719954,
                35.8587629
              ],
              [
                14.5720398,
                35.8586808
              ],
              [
                14.5719066,
                35.8585942
              ],
              [
                14.5718158,
                35.8585018
              ],
              [
                14.5716836,
                35.8584551
              ],
              [
                14.57165,
                35.8583917
              ],
              [
                14.571717,
                35.8583408
              ],
              [
                14.5716628,
                35.8582656
              ],
              [
                14.5715602,
                35.8582324
              ],
              [
                14.571499,
                35.8581693
              ],
              [
                14.5714375,
                35.8580776
              ],
              [
                14.571456,
                35.858046
              ],
              [
                14.5714031,
                35.8580198
              ],
              [
                14.5713972,
                35.8579496
              ],
              [
                14.5714368,
                35.857945
              ],
              [
                14.571397,
                35.8578469
              ],
              [
                14.5713444,
                35.8578355
              ],
              [
                14.5713413,
                35.8577441
              ],
              [
                14.5713692,
                35.8576858
              ],
              [
                14.5714031,
                35.8575859
              ],
              [
                14.5713933,
                35.8575405
              ],
              [
                14.5713696,
                35.8575225
              ],
              [
                14.5713993,
                35.8574941
              ],
              [
                14.5714139,
                35.8574357
              ],
              [
                14.5713832,
                35.8574043
              ],
              [
                14.571429,
                35.8573859
              ],
              [
                14.5713713,
                35.8573714
              ],
              [
                14.5714091,
                35.8573171
              ],
              [
                14.5714373,
                35.8572967
              ],
              [
                14.5714355,
                35.8572572
              ],
              [
                14.5713881,
                35.8572402
              ],
              [
                14.5714176,
                35.8572042
              ],
              [
                14.5714438,
                35.857175
              ],
              [
                14.5713801,
                35.8571192
              ],
              [
                14.5713873,
                35.8570843
              ],
              [
                14.5713406,
                35.8570925
              ],
              [
                14.5713233,
                35.8570608
              ],
              [
                14.57137,
                35.857056
              ],
              [
                14.5714008,
                35.8570332
              ],
              [
                14.5713369,
                35.8570051
              ],
              [
                14.5713371,
                35.8569812
              ],
              [
                14.5712963,
                35.856996
              ],
              [
                14.5712157,
                35.8569656
              ],
              [
                14.5711414,
                35.8569634
              ],
              [
                14.5710549,
                35.8569856
              ],
              [
                14.5709811,
                35.8569549
              ],
              [
                14.5708947,
                35.8570017
              ],
              [
                14.5708241,
                35.8570375
              ],
              [
                14.5707526,
                35.8570952
              ],
              [
                14.5706821,
                35.8571101
              ],
              [
                14.5706093,
                35.8570861
              ],
              [
                14.5705545,
                35.857114
              ],
              [
                14.5705169,
                35.8571744
              ],
              [
                14.5704784,
                35.8571629
              ],
              [
                14.5703405,
                35.8572294
              ],
              [
                14.5702981,
                35.8573384
              ],
              [
                14.5702102,
                35.8573959
              ],
              [
                14.5701925,
                35.8574535
              ],
              [
                14.5700969,
                35.8574646
              ],
              [
                14.570041,
                35.8574547
              ],
              [
                14.5699989,
                35.8574635
              ],
              [
                14.5699905,
                35.8574343
              ],
              [
                14.5700302,
                35.8573824
              ],
              [
                14.5700428,
                35.8573383
              ],
              [
                14.5700291,
                35.8573326
              ],
              [
                14.569861,
                35.8571967
              ],
              [
                14.5692475,
                35.857183
              ],
              [
                14.5688028,
                35.8570233
              ],
              [
                14.5686306,
                35.8567833
              ],
              [
                14.5683362,
                35.8558072
              ],
              [
                14.5679903,
                35.8556358
              ],
              [
                14.5677866,
                35.8555941
              ],
              [
                14.5675732,
                35.8554816
              ],
              [
                14.5674906,
                35.8553821
              ],
              [
                14.5675378,
                35.8552415
              ],
              [
                14.5677361,
                35.8552778
              ],
              [
                14.5679379,
                35.8552922
              ],
              [
                14.5675543,
                35.85492
              ],
              [
                14.5675177,
                35.8549152
              ],
              [
                14.5674245,
                35.8549717
              ],
              [
                14.5673891,
                35.8549411
              ],
              [
                14.567415,
                35.8548798
              ],
              [
                14.5672857,
                35.8548318
              ],
              [
                14.5671246,
                35.8549076
              ],
              [
                14.5669688,
                35.8549324
              ],
              [
                14.5667386,
                35.8549115
              ],
              [
                14.5665611,
                35.8548954
              ],
              [
                14.5664849,
                35.854877
              ],
              [
                14.5659596,
                35.8550186
              ],
              [
                14.5658333,
                35.8551161
              ],
              [
                14.5656376,
                35.8551077
              ],
              [
                14.565626,
                35.8549863
              ],
              [
                14.565563,
                35.8549879
              ],
              [
                14.5655512,
                35.8548416
              ],
              [
                14.5654517,
                35.8548268
              ],
              [
                14.5653761,
                35.8547665
              ],
              [
                14.5644877,
                35.854667
              ],
              [
                14.5643558,
                35.8547479
              ],
              [
                14.5640697,
                35.8545935
              ],
              [
                14.5641217,
                35.8545545
              ],
              [
                14.5641076,
                35.8545392
              ],
              [
                14.5640226,
                35.8545919
              ],
              [
                14.5640038,
                35.854571
              ],
              [
                14.5639919,
                35.8545574
              ],
              [
                14.5640733,
                35.8545086
              ],
              [
                14.5640592,
                35.8544933
              ],
              [
                14.5639801,
                35.8545306
              ],
              [
                14.5635766,
                35.8540241
              ],
              [
                14.5635726,
                35.854007
              ],
              [
                14.5634719,
                35.8540367
              ],
              [
                14.5632817,
                35.8535918
              ],
              [
                14.5632055,
                35.8536141
              ],
              [
                14.5631956,
                35.8535138
              ],
              [
                14.5632395,
                35.8533484
              ],
              [
                14.5632319,
                35.8532231
              ],
              [
                14.563126,
                35.852923
              ],
              [
                14.5631121,
                35.8527635
              ],
              [
                14.5632362,
                35.8527574
              ],
              [
                14.5637855,
                35.8526139
              ],
              [
                14.5637646,
                35.8525637
              ],
              [
                14.563285,
                35.8526875
              ],
              [
                14.563263,
                35.8526393
              ],
              [
                14.5633504,
                35.8519575
              ],
              [
                14.563956,
                35.8519422
              ],
              [
                14.5639571,
                35.8519024
              ],
              [
                14.5633497,
                35.851914
              ],
              [
                14.5632633,
                35.8518762
              ],
              [
                14.5632781,
                35.8517614
              ],
              [
                14.5633651,
                35.8516561
              ],
              [
                14.5634979,
                35.8515784
              ],
              [
                14.5640638,
                35.8508319
              ],
              [
                14.5642121,
                35.8508846
              ],
              [
                14.5642336,
                35.8508592
              ],
              [
                14.5640909,
                35.8508049
              ],
              [
                14.5643546,
                35.8506298
              ],
              [
                14.5645077,
                35.8505252
              ],
              [
                14.5645485,
                35.8504973
              ],
              [
                14.5646508,
                35.850364
              ],
              [
                14.5646528,
                35.8503614
              ],
              [
                14.5647595,
                35.8502222
              ],
              [
                14.5647977,
                35.8501521
              ],
              [
                14.5648472,
                35.8500611
              ],
              [
                14.5648864,
                35.849989
              ],
              [
                14.5649154,
                35.8499694
              ],
              [
                14.5650841,
                35.849855
              ],
              [
                14.5651756,
                35.8498335
              ],
              [
                14.5652848,
                35.8498466
              ],
              [
                14.5653543,
                35.8498799
              ],
              [
                14.565631,
                35.8500123
              ],
              [
                14.566538,
                35.8502727
              ],
              [
                14.5669544,
                35.8502887
              ],
              [
                14.5674558,
                35.8502801
              ],
              [
                14.5672583,
                35.8502235
              ],
              [
                14.5670537,
                35.8501293
              ],
              [
                14.567174,
                35.850004
              ],
              [
                14.5675266,
                35.8499956
              ],
              [
                14.5678909,
                35.8500838
              ],
              [
                14.5681262,
                35.8501836
              ],
              [
                14.5687929,
                35.8503504
              ],
              [
                14.5689923,
                35.8503697
              ],
              [
                14.5691511,
                35.8503405
              ],
              [
                14.5690981,
                35.8502124
              ],
              [
                14.5690203,
                35.8501132
              ],
              [
                14.5688395,
                35.8500021
              ],
              [
                14.5686251,
                35.8499733
              ],
              [
                14.5687205,
                35.8497987
              ],
              [
                14.5690691,
                35.8498159
              ],
              [
                14.569106,
                35.8498164
              ],
              [
                14.5697387,
                35.8499862
              ],
              [
                14.5699018,
                35.8501381
              ],
              [
                14.5702202,
                35.8502653
              ],
              [
                14.5704011,
                35.8502376
              ],
              [
                14.5701287,
                35.8499594
              ],
              [
                14.5713396,
                35.8499672
              ],
              [
                14.5714334,
                35.8497193
              ],
              [
                14.5722091,
                35.8497638
              ],
              [
                14.572183,
                35.8495974
              ],
              [
                14.5706698,
                35.8491465
              ],
              [
                14.57034,
                35.849046
              ],
              [
                14.5695673,
                35.8485671
              ],
              [
                14.5694336,
                35.8484842
              ],
              [
                14.5694584,
                35.8483143
              ],
              [
                14.5689126,
                35.8478901
              ],
              [
                14.5688469,
                35.847839
              ],
              [
                14.5686771,
                35.847447
              ],
              [
                14.5683296,
                35.8470616
              ],
              [
                14.5682933,
                35.8470215
              ],
              [
                14.5682919,
                35.8470199
              ],
              [
                14.5682873,
                35.847009
              ],
              [
                14.568224,
                35.8468569
              ],
              [
                14.5680323,
                35.8463964
              ],
              [
                14.5674792,
                35.8455125
              ],
              [
                14.5674314,
                35.8453286
              ],
              [
                14.567418,
                35.8451092
              ],
              [
                14.5682811,
                35.8442457
              ],
              [
                14.5687973,
                35.8437776
              ],
              [
                14.5696176,
                35.8438772
              ],
              [
                14.5687186,
                35.8433083
              ],
              [
                14.5686788,
                35.8430885
              ],
              [
                14.5687292,
                35.8428953
              ],
              [
                14.5690065,
                35.8427732
              ],
              [
                14.5691957,
                35.8427614
              ],
              [
                14.5693506,
                35.842811
              ],
              [
                14.5695058,
                35.8428308
              ],
              [
                14.5708189,
                35.8429982
              ],
              [
                14.5707984,
                35.8428159
              ],
              [
                14.5704783,
                35.8426958
              ],
              [
                14.5705105,
                35.842634
              ],
              [
                14.5707675,
                35.8425713
              ],
              [
                14.5708345,
                35.8425288
              ],
              [
                14.5707997,
                35.8424951
              ],
              [
                14.5711001,
                35.8423487
              ],
              [
                14.5715267,
                35.8423438
              ],
              [
                14.5720587,
                35.8422074
              ],
              [
                14.5716075,
                35.8417065
              ],
              [
                14.5719219,
                35.8414953
              ],
              [
                14.572425,
                35.8413108
              ],
              [
                14.5724793,
                35.8411753
              ],
              [
                14.5723991,
                35.8411136
              ],
              [
                14.5724438,
                35.8410058
              ],
              [
                14.5726847,
                35.8408635
              ],
              [
                14.5727358,
                35.8408103
              ],
              [
                14.5727233,
                35.8407767
              ],
              [
                14.5719718,
                35.8403196
              ],
              [
                14.5712658,
                35.840271
              ],
              [
                14.5706773,
                35.8393939
              ],
              [
                14.5704316,
                35.8392854
              ],
              [
                14.5701859,
                35.8392792
              ],
              [
                14.5697682,
                35.8392839
              ],
              [
                14.5690411,
                35.8398253
              ],
              [
                14.5690937,
                35.8405928
              ],
              [
                14.5688385,
                35.8406336
              ],
              [
                14.5685362,
                35.840541
              ],
              [
                14.5685902,
                35.8404636
              ],
              [
                14.5685948,
                35.8404405
              ],
              [
                14.5684942,
                35.8404226
              ],
              [
                14.5684264,
                35.8404638
              ],
              [
                14.5683397,
                35.8404328
              ],
              [
                14.5682724,
                35.8405264
              ],
              [
                14.5682319,
                35.8406844
              ],
              [
                14.5682433,
                35.8407586
              ],
              [
                14.5682917,
                35.8407894
              ],
              [
                14.5682671,
                35.8408698
              ],
              [
                14.5681201,
                35.841195
              ],
              [
                14.5680861,
                35.8411907
              ],
              [
                14.5679164,
                35.8411695
              ],
              [
                14.5678623,
                35.8415897
              ],
              [
                14.5671791,
                35.8415025
              ],
              [
                14.567051281,
                35.841637575
              ],
              [
                14.5666647,
                35.8420461
              ],
              [
                14.565541,
                35.8425133
              ],
              [
                14.5646996,
                35.8428632
              ],
              [
                14.5637535,
                35.8427317
              ],
              [
                14.5630721,
                35.8418913
              ],
              [
                14.5619451,
                35.8417996
              ],
              [
                14.5615515,
                35.8414389
              ],
              [
                14.561551215,
                35.841437575
              ],
              [
                14.5614538,
                35.8409841
              ],
              [
                14.5620302,
                35.8403705
              ],
              [
                14.5627868,
                35.8388164
              ],
              [
                14.5634938,
                35.8385206
              ],
              [
                14.5637716,
                35.8383793
              ],
              [
                14.5640817,
                35.8382215
              ],
              [
                14.5642601,
                35.8381405
              ],
              [
                14.5646468,
                35.8383164
              ],
              [
                14.5646879,
                35.838237
              ],
              [
                14.5645039,
                35.8381897
              ],
              [
                14.5646258,
                35.837991
              ],
              [
                14.5646015,
                35.8378123
              ],
              [
                14.5647258,
                35.8377011
              ],
              [
                14.5648827,
                35.837354
              ],
              [
                14.5647017,
                35.8372313
              ],
              [
                14.5648253,
                35.8371173
              ],
              [
                14.5646477,
                35.8369951
              ],
              [
                14.5643704,
                35.8371075
              ],
              [
                14.5641937,
                35.8371878
              ],
              [
                14.5641439,
                35.8373813
              ],
              [
                14.5639895,
                35.8374217
              ],
              [
                14.5635464,
                35.8379679
              ],
              [
                14.5626375,
                35.8385152
              ],
              [
                14.5622192,
                35.8387158
              ],
              [
                14.5618071,
                35.8386668
              ],
              [
                14.5615613,
                35.8386331
              ],
              [
                14.5606209,
                35.8386359
              ],
              [
                14.5603054,
                35.8384788
              ],
              [
                14.5596362,
                35.83775
              ],
              [
                14.5594309,
                35.8365115
              ],
              [
                14.5597323,
                35.8359146
              ],
              [
                14.5597757,
                35.8358287
              ],
              [
                14.5598002,
                35.8358115
              ],
              [
                14.5612633,
                35.834904
              ],
              [
                14.5626763,
                35.8350424
              ],
              [
                14.5628336,
                35.8350578
              ],
              [
                14.5633401,
                35.8350352
              ],
              [
                14.5640013,
                35.8349545
              ],
              [
                14.5639869,
                35.8343618
              ],
              [
                14.5635398,
                35.8339369
              ],
              [
                14.5637786,
                35.8334604
              ],
              [
                14.5632976,
                35.8329563
              ],
              [
                14.563344,
                35.8329023
              ],
              [
                14.563306,
                35.8328659
              ],
              [
                14.5631865,
                35.8328548
              ],
              [
                14.5630422,
                35.8329159
              ],
              [
                14.5630154,
                35.8329816
              ],
              [
                14.5629811,
                35.833013
              ],
              [
                14.5628498,
                35.833053
              ],
              [
                14.5628094,
                35.8330714
              ],
              [
                14.5628062,
                35.8330965
              ],
              [
                14.5628088,
                35.8331247
              ],
              [
                14.5628337,
                35.8331627
              ],
              [
                14.5628504,
                35.8332008
              ],
              [
                14.5628462,
                35.8332338
              ],
              [
                14.5627966,
                35.8332653
              ],
              [
                14.5627085,
                35.8332588
              ],
              [
                14.5626363,
                35.8331945
              ],
              [
                14.5625088,
                35.8330855
              ],
              [
                14.5624602,
                35.833127
              ],
              [
                14.5624353,
                35.8331704
              ],
              [
                14.5623868,
                35.8331495
              ],
              [
                14.5623413,
                35.8331071
              ],
              [
                14.5623286,
                35.8330317
              ],
              [
                14.5622736,
                35.8330097
              ],
              [
                14.5620487,
                35.8330385
              ],
              [
                14.5619878,
                35.8330311
              ],
              [
                14.5619485,
                35.833005
              ],
              [
                14.561976,
                35.8329537
              ],
              [
                14.5621052,
                35.8329326
              ],
              [
                14.5622079,
                35.8329054
              ],
              [
                14.5623031,
                35.832838
              ],
              [
                14.5623558,
                35.8328118
              ],
              [
                14.5625009,
                35.8326894
              ],
              [
                14.562969,
                35.8324099
              ],
              [
                14.5628995,
                35.8319945
              ],
              [
                14.5627523,
                35.8316978
              ],
              [
                14.5624019,
                35.8311369
              ],
              [
                14.5614418,
                35.8311119
              ],
              [
                14.5618501,
                35.8309064
              ],
              [
                14.5615887,
                35.8304641
              ],
              [
                14.5618856,
                35.8305253
              ],
              [
                14.5621177,
                35.8304753
              ],
              [
                14.562087,
                35.830177
              ],
              [
                14.5623339,
                35.8296779
              ],
              [
                14.5635076,
                35.8294288
              ],
              [
                14.563925,
                35.8291868
              ],
              [
                14.5639592,
                35.8291609
              ],
              [
                14.5643305,
                35.828879
              ],
              [
                14.5642678,
                35.8284298
              ],
              [
                14.5634396,
                35.8280986
              ],
              [
                14.5632326,
                35.8281324
              ],
              [
                14.5631034,
                35.8280513
              ],
              [
                14.5635725,
                35.8278819
              ],
              [
                14.5636139,
                35.8277607
              ],
              [
                14.5638915,
                35.827794
              ],
              [
                14.5639685,
                35.8276074
              ],
              [
                14.5637857,
                35.8274295
              ],
              [
                14.563874,
                35.8272807
              ],
              [
                14.563389,
                35.8263488
              ],
              [
                14.5628177,
                35.8257999
              ],
              [
                14.5629711,
                35.8254997
              ],
              [
                14.5628389,
                35.8250665
              ],
              [
                14.5626432,
                35.824895
              ],
              [
                14.5626432,
                35.8247534
              ],
              [
                14.5627176,
                35.824689
              ],
              [
                14.5626434,
                35.8242233
              ],
              [
                14.5617705,
                35.8238528
              ],
              [
                14.5616088,
                35.8238334
              ],
              [
                14.5613993,
                35.8239301
              ],
              [
                14.5613403,
                35.8238011
              ],
              [
                14.5609461,
                35.8239804
              ],
              [
                14.5607355,
                35.8242717
              ],
              [
                14.5605486,
                35.8243546
              ],
              [
                14.5602165,
                35.8241314
              ],
              [
                14.5597185,
                35.8243939
              ],
              [
                14.5595119,
                35.8243975
              ],
              [
                14.55949,
                35.8243587
              ],
              [
                14.5597252,
                35.8240184
              ],
              [
                14.5600395,
                35.823639
              ],
              [
                14.5601202,
                35.8232739
              ],
              [
                14.5608237,
                35.8229565
              ],
              [
                14.5609678,
                35.8228993
              ],
              [
                14.5613487,
                35.822748
              ],
              [
                14.561564,
                35.8227099
              ],
              [
                14.5621195,
                35.8226117
              ],
              [
                14.5623734,
                35.8224676
              ],
              [
                14.5624316,
                35.8220644
              ],
              [
                14.562246,
                35.8214684
              ],
              [
                14.5620173,
                35.8213736
              ],
              [
                14.5618322,
                35.8214406
              ],
              [
                14.561702,
                35.8217054
              ],
              [
                14.5612567,
                35.8214875
              ],
              [
                14.5610967,
                35.8212262
              ],
              [
                14.5616581,
                35.8207188
              ],
              [
                14.5617462,
                35.8206392
              ],
              [
                14.5617634,
                35.8206288
              ],
              [
                14.5622372,
                35.8203416
              ],
              [
                14.5623115,
                35.8201339
              ],
              [
                14.5623251,
                35.8199869
              ],
              [
                14.5622887,
                35.8198556
              ],
              [
                14.5623036,
                35.8197914
              ],
              [
                14.5615743,
                35.8197063
              ],
              [
                14.5611914,
                35.8196418
              ],
              [
                14.5609966,
                35.8195275
              ],
              [
                14.5609635,
                35.8194874
              ],
              [
                14.5608724,
                35.8193772
              ],
              [
                14.5607007,
                35.8192807
              ],
              [
                14.5606417,
                35.8192757
              ],
              [
                14.5605436,
                35.8193035
              ],
              [
                14.5605303,
                35.8193112
              ],
              [
                14.5603111,
                35.8194386
              ],
              [
                14.5602319,
                35.8191624
              ],
              [
                14.5599444,
                35.8191987
              ],
              [
                14.55969,
                35.8190469
              ],
              [
                14.559527,
                35.819095
              ],
              [
                14.5593424,
                35.8190435
              ],
              [
                14.559297,
                35.8190309
              ],
              [
                14.5590927,
                35.8190123
              ],
              [
                14.5590344,
                35.8191463
              ],
              [
                14.5589561,
                35.8192185
              ],
              [
                14.5589338,
                35.8194488
              ],
              [
                14.5588464,
                35.8196563
              ],
              [
                14.5587915,
                35.8198905
              ],
              [
                14.5587081,
                35.8200338
              ],
              [
                14.5586933,
                35.8202109
              ],
              [
                14.5586197,
                35.8203482
              ],
              [
                14.5586087,
                35.8205852
              ],
              [
                14.5587151,
                35.820908
              ],
              [
                14.5584206,
                35.8219794
              ],
              [
                14.5580241,
                35.822925
              ],
              [
                14.5578001,
                35.8231339
              ],
              [
                14.5570898,
                35.8233832
              ],
              [
                14.5568269,
                35.823571
              ],
              [
                14.5564518,
                35.823613
              ],
              [
                14.5562545,
                35.8240262
              ],
              [
                14.5562418,
                35.8240528
              ],
              [
                14.5560275,
                35.8248113
              ],
              [
                14.5562003,
                35.8250345
              ],
              [
                14.5566776,
                35.825969
              ],
              [
                14.5568863,
                35.8260724
              ],
              [
                14.5568836,
                35.8264982
              ],
              [
                14.5570143,
                35.8266172
              ],
              [
                14.5570911,
                35.8270526
              ],
              [
                14.5570877,
                35.8271048
              ],
              [
                14.5570789,
                35.8272426
              ],
              [
                14.5569769,
                35.8274445
              ],
              [
                14.5569977,
                35.8275807
              ],
              [
                14.5569842,
                35.8277784
              ],
              [
                14.5568624,
                35.8280318
              ],
              [
                14.5564712,
                35.8283222
              ],
              [
                14.5564233,
                35.8283443
              ],
              [
                14.5561585,
                35.8285116
              ],
              [
                14.5560897,
                35.8285434
              ],
              [
                14.555574,
                35.8287366
              ],
              [
                14.5552069,
                35.8289061
              ],
              [
                14.5549068,
                35.8292619
              ],
              [
                14.5548444,
                35.8295784
              ],
              [
                14.5549213,
                35.8298994
              ],
              [
                14.5550977,
                35.8302851
              ],
              [
                14.5551416,
                35.8304757
              ],
              [
                14.5549645,
                35.8309093
              ],
              [
                14.5548239,
                35.8312535
              ],
              [
                14.5547773,
                35.8314664
              ],
              [
                14.5547287,
                35.8315195
              ],
              [
                14.5549907,
                35.8316743
              ],
              [
                14.5555688,
                35.8320158
              ],
              [
                14.5553788,
                35.8322174
              ],
              [
                14.5553088,
                35.8321753
              ],
              [
                14.554763,
                35.8318539
              ],
              [
                14.5547464,
                35.8318508
              ],
              [
                14.5547312,
                35.8318546
              ],
              [
                14.5544237,
                35.8322019
              ],
              [
                14.5541045,
                35.8325623
              ],
              [
                14.553918,
                35.832773
              ],
              [
                14.5536553,
                35.8330696
              ],
              [
                14.5533234,
                35.8334444
              ],
              [
                14.5529017,
                35.8339206
              ],
              [
                14.5525652,
                35.8343006
              ],
              [
                14.5525617,
                35.8343068
              ],
              [
                14.5523381,
                35.8347016
              ],
              [
                14.5522417,
                35.8347295
              ],
              [
                14.5520253,
                35.834728
              ],
              [
                14.5518694,
                35.8347019
              ],
              [
                14.5517167,
                35.8346356
              ],
              [
                14.5513706,
                35.8345993
              ],
              [
                14.5511322,
                35.8345074
              ],
              [
                14.551039,
                35.8345418
              ],
              [
                14.5509937,
                35.8345756
              ],
              [
                14.5510043,
                35.8346464
              ],
              [
                14.5510665,
                35.8346891
              ],
              [
                14.5511922,
                35.8347034
              ],
              [
                14.5521623,
                35.8350353
              ],
              [
                14.5515398,
                35.8361414
              ],
              [
                14.5510378,
                35.8370463
              ],
              [
                14.5509502,
                35.836986
              ],
              [
                14.5509277,
                35.837014
              ],
              [
                14.5510194,
                35.8370782
              ],
              [
                14.5509131,
                35.8373166
              ],
              [
                14.5507645,
                35.8374593
              ],
              [
                14.5501886,
                35.8378238
              ],
              [
                14.5499973,
                35.8379448
              ],
              [
                14.5498673,
                35.8381315
              ],
              [
                14.5497386,
                35.838479
              ],
              [
                14.5496274,
                35.8385569
              ],
              [
                14.5493974,
                35.8386416
              ],
              [
                14.5491805,
                35.8386878
              ],
              [
                14.5488777,
                35.8387172
              ],
              [
                14.5487073,
                35.838776
              ],
              [
                14.5486712,
                35.8387884
              ],
              [
                14.5486739,
                35.8388592
              ],
              [
                14.5486309,
                35.8389033
              ],
              [
                14.5485584,
                35.8389306
              ],
              [
                14.548373,
                35.8389862
              ],
              [
                14.5482404,
                35.8390084
              ],
              [
                14.5481005,
                35.8390196
              ],
              [
                14.5475486,
                35.839026
              ],
              [
                14.5475485,
                35.8389988
              ],
              [
                14.5474439,
                35.8389906
              ],
              [
                14.5473056,
                35.8389968
              ],
              [
                14.5465068,
                35.8394205
              ],
              [
                14.5463304,
                35.8395318
              ],
              [
                14.546209,
                35.839634
              ],
              [
                14.5461358,
                35.8396678
              ],
              [
                14.5460473,
                35.8397086
              ],
              [
                14.5461332,
                35.8398511
              ],
              [
                14.5461531,
                35.8398611
              ],
              [
                14.54618,
                35.8398607
              ],
              [
                14.546728,
                35.8396484
              ],
              [
                14.547479,
                35.8391963
              ],
              [
                14.5474947,
                35.8392095
              ],
              [
                14.5475136,
                35.8392139
              ],
              [
                14.5475335,
                35.8392094
              ],
              [
                14.5476689,
                35.8394475
              ],
              [
                14.5481315,
                35.8393192
              ],
              [
                14.5482457,
                35.8395612
              ],
              [
                14.5478414,
                35.8397524
              ],
              [
                14.5480467,
                35.8400847
              ],
              [
                14.5473221,
                35.8404128
              ],
              [
                14.5465501,
                35.8407188
              ],
              [
                14.5465117,
                35.8406556
              ],
              [
                14.546489,
                35.8406632
              ],
              [
                14.5465985,
                35.8408873
              ],
              [
                14.546547,
                35.8409098
              ],
              [
                14.5465673,
                35.8409409
              ],
              [
                14.5463599,
                35.8410213
              ],
              [
                14.5460006,
                35.8410761
              ],
              [
                14.5460211,
                35.8411462
              ],
              [
                14.5459632,
                35.8411587
              ],
              [
                14.5459477,
                35.8410992
              ],
              [
                14.5458933,
                35.8411127
              ],
              [
                14.5456746,
                35.8410893
              ],
              [
                14.5456451,
                35.8411656
              ],
              [
                14.5456001,
                35.841152
              ],
              [
                14.545624,
                35.8410797
              ],
              [
                14.5451813,
                35.8409183
              ],
              [
                14.5451148,
                35.8408402
              ],
              [
                14.5447996,
                35.8403308
              ],
              [
                14.544916,
                35.8402857
              ],
              [
                14.5449085,
                35.8402731
              ],
              [
                14.54479,
                35.8403176
              ],
              [
                14.5447784,
                35.8402997
              ],
              [
                14.5447686,
                35.8402847
              ],
              [
                14.5449994,
                35.8401967
              ],
              [
                14.5449791,
                35.8401547
              ],
              [
                14.5448004,
                35.840223
              ],
              [
                14.5447211,
                35.840202
              ],
              [
                14.5439968,
                35.8390261
              ],
              [
                14.544113,
                35.8389787
              ],
              [
                14.5441059,
                35.838967
              ],
              [
                14.5440116,
                35.8390055
              ],
              [
                14.5440027,
                35.8389886
              ],
              [
                14.5439936,
                35.8389716
              ],
              [
                14.5441957,
                35.8388846
              ],
              [
                14.5441709,
                35.8388448
              ],
              [
                14.5439936,
                35.8389213
              ],
              [
                14.5439301,
                35.8388894
              ],
              [
                14.5438931,
                35.8387038
              ],
              [
                14.5438707,
                35.8387041
              ],
              [
                14.5438696,
                35.838681
              ],
              [
                14.5438836,
                35.8386778
              ],
              [
                14.5441056,
                35.8381491
              ],
              [
                14.5441291,
                35.8381549
              ],
              [
                14.5441541,
                35.8381611
              ],
              [
                14.5441132,
                35.838258
              ],
              [
                14.5441325,
                35.8382626
              ],
              [
                14.5441941,
                35.8381106
              ],
              [
                14.5442569,
                35.8381276
              ],
              [
                14.5442007,
                35.8382817
              ],
              [
                14.5442216,
                35.8382859
              ],
              [
                14.5442868,
                35.8381151
              ],
              [
                14.5443959,
                35.8380871
              ],
              [
                14.5445677,
                35.83819
              ],
              [
                14.5446146,
                35.8381456
              ],
              [
                14.5443586,
                35.837986
              ],
              [
                14.5443511,
                35.8379199
              ],
              [
                14.5445672,
                35.8377259
              ],
              [
                14.5445994,
                35.837531
              ],
              [
                14.5446297,
                35.8375343
              ],
              [
                14.5446598,
                35.8375377
              ],
              [
                14.5446364,
                35.8377061
              ],
              [
                14.5446676,
                35.8377111
              ],
              [
                14.5449349,
                35.8374587
              ],
              [
                14.5447992,
                35.8372472
              ],
              [
                14.5447714,
                35.8370256
              ],
              [
                14.5450039,
                35.8370129
              ],
              [
                14.5449916,
                35.8367918
              ],
              [
                14.544669,
                35.8368035
              ],
              [
                14.5446403,
                35.8365149
              ],
              [
                14.5450434,
                35.8364835
              ],
              [
                14.5450316,
                35.8364184
              ],
              [
                14.5448195,
                35.8364375
              ],
              [
                14.5448199,
                35.8364084
              ],
              [
                14.5448136,
                35.8363812
              ],
              [
                14.5450212,
                35.8363654
              ],
              [
                14.5450133,
                35.8362839
              ],
              [
                14.5450969,
                35.8362586
              ],
              [
                14.5452702,
                35.8361395
              ],
              [
                14.5454601,
                35.836041
              ],
              [
                14.5454941,
                35.836038
              ],
              [
                14.5455461,
                35.8360453
              ],
              [
                14.5456579,
                35.8360877
              ],
              [
                14.5456782,
                35.8361054
              ],
              [
                14.5457102,
                35.836083
              ],
              [
                14.5455079,
                35.8359188
              ],
              [
                14.5455797,
                35.8358624
              ],
              [
                14.5458337,
                35.8360684
              ],
              [
                14.545876,
                35.8360347
              ],
              [
                14.5456478,
                35.8358475
              ],
              [
                14.5456858,
                35.835813
              ],
              [
                14.5457218,
                35.8357816
              ],
              [
                14.5458875,
                35.835918
              ],
              [
                14.5459186,
                35.8358943
              ],
              [
                14.5457446,
                35.8357533
              ],
              [
                14.5457635,
                35.8356643
              ],
              [
                14.5464494,
                35.8358882
              ],
              [
                14.5464255,
                35.8359279
              ],
              [
                14.5464177,
                35.8359611
              ],
              [
                14.5464542,
                35.8360073
              ],
              [
                14.5465153,
                35.8360315
              ],
              [
                14.5465647,
                35.8360295
              ],
              [
                14.5466194,
                35.8360057
              ],
              [
                14.546674,
                35.8359102
              ],
              [
                14.5466813,
                35.8358495
              ],
              [
                14.546657,
                35.8357982
              ],
              [
                14.5465811,
                35.8357553
              ],
              [
                14.5465071,
                35.8357389
              ],
              [
                14.5460019,
                35.8355708
              ],
              [
                14.5458709,
                35.8355078
              ],
              [
                14.5458012,
                35.8354292
              ],
              [
                14.5458807,
                35.8350731
              ],
              [
                14.5457665,
                35.834812
              ],
              [
                14.545566,
                35.8348633
              ],
              [
                14.5452355,
                35.8343123
              ],
              [
                14.5451208,
                35.8340737
              ],
              [
                14.5450484,
                35.8338264
              ],
              [
                14.5450607,
                35.833639
              ],
              [
                14.5451038,
                35.8334267
              ],
              [
                14.5451731,
                35.833308
              ],
              [
                14.5452192,
                35.8332194
              ],
              [
                14.5457184,
                35.8331982
              ],
              [
                14.5462168,
                35.8329552
              ],
              [
                14.5464271,
                35.8327158
              ],
              [
                14.5464465,
                35.8326981
              ],
              [
                14.5466373,
                35.8325245
              ],
              [
                14.5466659,
                35.8324379
              ],
              [
                14.5466394,
                35.8323646
              ],
              [
                14.5465513,
                35.8322932
              ],
              [
                14.5464562,
                35.8321325
              ],
              [
                14.5464314,
                35.8319435
              ],
              [
                14.5464275,
                35.8319139
              ],
              [
                14.5463619,
                35.831747
              ],
              [
                14.5463075,
                35.8316839
              ],
              [
                14.5462785,
                35.8316502
              ],
              [
                14.5461736,
                35.8316213
              ],
              [
                14.545945,
                35.8314852
              ],
              [
                14.5457833,
                35.831343
              ],
              [
                14.5455317,
                35.8310668
              ],
              [
                14.5453659,
                35.8309409
              ],
              [
                14.5452748,
                35.8308035
              ],
              [
                14.5454642,
                35.8305908
              ],
              [
                14.5454778,
                35.830598
              ],
              [
                14.5455373,
                35.8305268
              ],
              [
                14.5455598,
                35.8305429
              ],
              [
                14.5455818,
                35.8305184
              ],
              [
                14.5455004,
                35.8304706
              ],
              [
                14.5452862,
                35.8304526
              ],
              [
                14.544811,
                35.8302229
              ],
              [
                14.5447908,
                35.830201
              ],
              [
                14.5447242,
                35.8301287
              ],
              [
                14.5446836,
                35.8300382
              ],
              [
                14.5446866,
                35.8299308
              ],
              [
                14.5447242,
                35.8298763
              ],
              [
                14.5447834,
                35.8298407
              ],
              [
                14.5447947,
                35.8298111
              ],
              [
                14.5447912,
                35.8297761
              ],
              [
                14.544781,
                35.829673
              ],
              [
                14.54478,
                35.8296624
              ],
              [
                14.5447969,
                35.8295128
              ],
              [
                14.5447002,
                35.8292766
              ],
              [
                14.5445904,
                35.8294263
              ],
              [
                14.5445282,
                35.8295623
              ],
              [
                14.5445003,
                35.8296477
              ],
              [
                14.5442253,
                35.829707
              ],
              [
                14.5439223,
                35.8299658
              ],
              [
                14.5436431,
                35.8298928
              ],
              [
                14.54343,
                35.8297465
              ],
              [
                14.54314,
                35.8294389
              ],
              [
                14.5430351,
                35.829571
              ],
              [
                14.5427376,
                35.8296938
              ],
              [
                14.5424292,
                35.8297289
              ],
              [
                14.5423704,
                35.8299155
              ],
              [
                14.5422137,
                35.8299752
              ],
              [
                14.5421246,
                35.8299769
              ],
              [
                14.5420181,
                35.8299658
              ],
              [
                14.5417908,
                35.8299044
              ],
              [
                14.5407875,
                35.8301834
              ],
              [
                14.5402178,
                35.8308551
              ],
              [
                14.5398049,
                35.831342
              ],
              [
                14.5397682,
                35.8314014
              ],
              [
                14.5393733,
                35.8320399
              ],
              [
                14.5390806,
                35.8321214
              ],
              [
                14.5384718,
                35.8328342
              ],
              [
                14.5383791,
                35.8329604
              ],
              [
                14.5382842,
                35.8330011
              ],
              [
                14.5382206,
                35.8330085
              ],
              [
                14.5380358,
                35.8330299
              ],
              [
                14.5377924,
                35.8330017
              ],
              [
                14.537435,
                35.8329604
              ],
              [
                14.5373105,
                35.8329321
              ],
              [
                14.536623,
                35.8327758
              ],
              [
                14.5355069,
                35.8325222
              ],
              [
                14.5353951,
                35.8324968
              ],
              [
                14.5349901,
                35.8323334
              ],
              [
                14.534388,
                35.8320905
              ],
              [
                14.5341721,
                35.8319347
              ],
              [
                14.533567,
                35.8322463
              ],
              [
                14.533234,
                35.8322433
              ],
              [
                14.5331181,
                35.8322545
              ],
              [
                14.5328927,
                35.8322764
              ],
              [
                14.5328728,
                35.8322814
              ],
              [
                14.5324432,
                35.8323893
              ],
              [
                14.5323723,
                35.8323146
              ],
              [
                14.532273,
                35.8323238
              ],
              [
                14.5322768,
                35.8323443
              ],
              [
                14.5323376,
                35.8323374
              ],
              [
                14.5323379,
                35.8323651
              ],
              [
                14.5323433,
                35.83238
              ],
              [
                14.5322427,
                35.8323913
              ],
              [
                14.5317099,
                35.8324536
              ],
              [
                14.5308491,
                35.8323365
              ],
              [
                14.5308391,
                35.8323142
              ],
              [
                14.5305454,
                35.8318418
              ],
              [
                14.5305783,
                35.8316894
              ],
              [
                14.5306914,
                35.8314731
              ],
              [
                14.5307642,
                35.8314214
              ],
              [
                14.5309181,
                35.831312
              ],
              [
                14.5309929,
                35.8312707
              ],
              [
                14.530993,
                35.8312186
              ],
              [
                14.5309242,
                35.8310771
              ],
              [
                14.5308198,
                35.8310171
              ],
              [
                14.5306896,
                35.8309423
              ],
              [
                14.5299031,
                35.830179
              ],
              [
                14.5298868,
                35.8301329
              ],
              [
                14.5299528,
                35.8300297
              ],
              [
                14.5300281,
                35.829933
              ],
              [
                14.5301784,
                35.82979
              ],
              [
                14.5305037,
                35.8295219
              ],
              [
                14.5308694,
                35.8296313
              ],
              [
                14.5308322,
                35.8297059
              ],
              [
                14.5308501,
                35.829712
              ],
              [
                14.5308773,
                35.8296553
              ],
              [
                14.5309213,
                35.8296684
              ],
              [
                14.5308941,
                35.8297272
              ],
              [
                14.5309144,
                35.8297343
              ],
              [
                14.5309445,
                35.8296665
              ],
              [
                14.5309642,
                35.8296661
              ],
              [
                14.5309914,
                35.8296655
              ],
              [
                14.5314959,
                35.8298139
              ],
              [
                14.5316547,
                35.8298346
              ],
              [
                14.5317611,
                35.82983
              ],
              [
                14.5317646,
                35.8298469
              ],
              [
                14.5317691,
                35.8298734
              ],
              [
                14.5316349,
                35.8298994
              ],
              [
                14.5321331,
                35.8298449
              ],
              [
                14.5321723,
                35.8298657
              ],
              [
                14.5323114,
                35.8301151
              ],
              [
                14.5323379,
                35.8301844
              ],
              [
                14.5323798,
                35.8302941
              ],
              [
                14.532385,
                35.8304076
              ],
              [
                14.5323667,
                35.8304257
              ],
              [
                14.5323567,
                35.8304475
              ],
              [
                14.5323663,
                35.8304784
              ],
              [
                14.5323951,
                35.830481
              ],
              [
                14.5324192,
                35.8304767
              ],
              [
                14.532435,
                35.8304592
              ],
              [
                14.5324476,
                35.8304205
              ],
              [
                14.5324367,
                35.8303442
              ],
              [
                14.5323854,
                35.8301673
              ],
              [
                14.5322827,
                35.8299584
              ],
              [
                14.5321726,
                35.8297633
              ],
              [
                14.5322334,
                35.8296966
              ],
              [
                14.5326791,
                35.8294752
              ],
              [
                14.5332307,
                35.8281467
              ],
              [
                14.5331993,
                35.8278665
              ],
              [
                14.533371,
                35.8275446
              ],
              [
                14.5336821,
                35.8271532
              ],
              [
                14.5337016,
                35.8270895
              ],
              [
                14.5336227,
                35.8268474
              ],
              [
                14.5335628,
                35.8267385
              ],
              [
                14.5335058,
                35.8266348
              ],
              [
                14.5333207,
                35.8262814
              ],
              [
                14.5326053,
                35.8259477
              ],
              [
                14.5315791,
                35.8255524
              ],
              [
                14.5315375,
                35.8255364
              ],
              [
                14.5313042,
                35.8255337
              ],
              [
                14.5311432,
                35.8254693
              ],
              [
                14.5310784,
                35.8252842
              ],
              [
                14.5304666,
                35.8254215
              ],
              [
                14.5302752,
                35.8254135
              ],
              [
                14.5302733,
                35.8254585
              ],
              [
                14.5304017,
                35.8254633
              ],
              [
                14.5304333,
                35.8255809
              ],
              [
                14.5304183,
                35.8255937
              ],
              [
                14.5303992,
                35.8256102
              ],
              [
                14.5301128,
                35.8256767
              ],
              [
                14.529915,
                35.8255808
              ],
              [
                14.5298069,
                35.8254602
              ],
              [
                14.5297212,
                35.8253493
              ],
              [
                14.5296906,
                35.8251963
              ],
              [
                14.5294667,
                35.8243816
              ],
              [
                14.5295154,
                35.8243928
              ],
              [
                14.529541,
                35.8243759
              ],
              [
                14.5295532,
                35.8243526
              ],
              [
                14.5295322,
                35.8243257
              ],
              [
                14.5295041,
                35.8239498
              ],
              [
                14.5295139,
                35.823793
              ],
              [
                14.5295042,
                35.8237739
              ],
              [
                14.5294326,
                35.8237514
              ],
              [
                14.529426,
                35.8234828
              ],
              [
                14.5295029,
                35.8234428
              ],
              [
                14.5296788,
                35.8230451
              ],
              [
                14.5297394,
                35.8228434
              ],
              [
                14.5297705,
                35.82274
              ],
              [
                14.529709,
                35.8226351
              ],
              [
                14.5297746,
                35.8224535
              ],
              [
                14.5297945,
                35.8223986
              ],
              [
                14.5298399,
                35.8223093
              ],
              [
                14.5299042,
                35.8221828
              ],
              [
                14.529961,
                35.822071
              ],
              [
                14.5301201,
                35.8219255
              ],
              [
                14.5301834,
                35.8217743
              ],
              [
                14.530331,
                35.8218019
              ],
              [
                14.5303576,
                35.8217222
              ],
              [
                14.5302706,
                35.8217051
              ],
              [
                14.5306239,
                35.8202111
              ],
              [
                14.5305917,
                35.8201067
              ],
              [
                14.5306192,
                35.8199367
              ],
              [
                14.5306403,
                35.8199214
              ],
              [
                14.5306465,
                35.8198927
              ],
              [
                14.5306505,
                35.8198742
              ],
              [
                14.5307579,
                35.8198868
              ],
              [
                14.530798,
                35.8199092
              ],
              [
                14.5308408,
                35.8198852
              ],
              [
                14.5308812,
                35.8198625
              ],
              [
                14.5310866,
                35.8198228
              ],
              [
                14.5311164,
                35.8199526
              ],
              [
                14.5314432,
                35.819732
              ],
              [
                14.5322903,
                35.8205565
              ],
              [
                14.5334847,
                35.8217227
              ],
              [
                14.5335029,
                35.8217066
              ],
              [
                14.5420017,
                35.8159616
              ],
              [
                14.5424806,
                35.8163357
              ],
              [
                14.5434894,
                35.8166819
              ],
              [
                14.5438102,
                35.816928
              ],
              [
                14.5388195,
                35.8211704
              ],
              [
                14.5388007,
                35.821209
              ],
              [
                14.538795,
                35.8212493
              ],
              [
                14.5388194,
                35.8212934
              ],
              [
                14.5397128,
                35.8219951
              ],
              [
                14.5412687,
                35.8232062
              ],
              [
                14.5426411,
                35.8220469
              ],
              [
                14.5429711,
                35.8217513
              ],
              [
                14.5452642,
                35.8197939
              ],
              [
                14.5465986,
                35.8186656
              ],
              [
                14.5466306,
                35.8192442
              ],
              [
                14.5465786,
                35.8192424
              ],
              [
                14.546628,
                35.8205186
              ],
              [
                14.5469406,
                35.8205035
              ],
              [
                14.5469386,
                35.8204704
              ],
              [
                14.5468646,
                35.8192354
              ],
              [
                14.5468256,
                35.8192372
              ],
              [
                14.5468101,
                35.8188565
              ],
              [
                14.5468061,
                35.8187593
              ],
              [
                14.5467507,
                35.8185275
              ],
              [
                14.5466501,
                35.818051
              ],
              [
                14.5463678,
                35.8178218
              ],
              [
                14.5463899,
                35.8176853
              ],
              [
                14.5445847,
                35.8162683
              ],
              [
                14.5430179,
                35.8150384
              ],
              [
                14.5432818,
                35.8148051
              ],
              [
                14.5429,
                35.8145574
              ],
              [
                14.5422711,
                35.8144996
              ],
              [
                14.5422988,
                35.8142258
              ],
              [
                14.5426898,
                35.813623
              ],
              [
                14.5427684,
                35.8135018
              ],
              [
                14.5430218,
                35.8132929
              ],
              [
                14.5434238,
                35.8136077
              ],
              [
                14.5437992,
                35.8139017
              ],
              [
                14.5439348,
                35.8137871
              ],
              [
                14.5448997,
                35.8145427
              ],
              [
                14.5458111,
                35.8152564
              ],
              [
                14.5474347,
                35.8165277
              ],
              [
                14.5490807,
                35.8178166
              ],
              [
                14.549486,
                35.8181339
              ],
              [
                14.5495757,
                35.8181282
              ],
              [
                14.5496409,
                35.818099
              ],
              [
                14.549677,
                35.8180529
              ],
              [
                14.5496936,
                35.8179888
              ],
              [
                14.5496836,
                35.8179494
              ],
              [
                14.5451366,
                35.8143973
              ],
              [
                14.5442333,
                35.8136544
              ],
              [
                14.5442426,
                35.8135164
              ],
              [
                14.5429816,
                35.8124589
              ],
              [
                14.5429866,
                35.8123251
              ],
              [
                14.5425006,
                35.8120652
              ],
              [
                14.5429166,
                35.8117858
              ],
              [
                14.5431722,
                35.8114697
              ],
              [
                14.5430066,
                35.8113317
              ],
              [
                14.5423667,
                35.8111087
              ],
              [
                14.5414017,
                35.8105572
              ],
              [
                14.5405465,
                35.8102554
              ],
              [
                14.5399681,
                35.8101374
              ],
              [
                14.5397344,
                35.8101621
              ],
              [
                14.5392131,
                35.8109817
              ],
              [
                14.5389766,
                35.8113286
              ],
              [
                14.5389956,
                35.8113447
              ],
              [
                14.5389788,
                35.8113814
              ],
              [
                14.5389456,
                35.8114008
              ],
              [
                14.5389005,
                35.8113996
              ],
              [
                14.5388284,
                35.8114376
              ],
              [
                14.5386953,
                35.8115267
              ],
              [
                14.5387267,
                35.8114593
              ],
              [
                14.5386957,
                35.8113887
              ],
              [
                14.5387959,
                35.8112228
              ],
              [
                14.5389301,
                35.8110792
              ],
              [
                14.5391196,
                35.8105947
              ],
              [
                14.5391296,
                35.8101864
              ],
              [
                14.5392022,
                35.8097306
              ],
              [
                14.5391987,
                35.8095773
              ],
              [
                14.5390916,
                35.8096029
              ],
              [
                14.5389991,
                35.8095689
              ],
              [
                14.5388171,
                35.8094851
              ],
              [
                14.5387584,
                35.8095109
              ],
              [
                14.5383549,
                35.8094074
              ],
              [
                14.5382517,
                35.8092612
              ],
              [
                14.5384801,
                35.8092156
              ],
              [
                14.5383182,
                35.8091528
              ],
              [
                14.538281,
                35.8090694
              ],
              [
                14.5380744,
                35.809015
              ],
              [
                14.5380263,
                35.8088675
              ],
              [
                14.5377097,
                35.808965
              ],
              [
                14.5375165,
                35.809015
              ],
              [
                14.5373617,
                35.8090211
              ],
              [
                14.5372483,
                35.8089976
              ],
              [
                14.5371652,
                35.8088801
              ],
              [
                14.5371423,
                35.8086517
              ],
              [
                14.5367454,
                35.808442
              ],
              [
                14.5363697,
                35.8082434
              ],
              [
                14.5363489,
                35.8082324
              ],
              [
                14.5362976,
                35.808128
              ],
              [
                14.536084,
                35.807984
              ],
              [
                14.5360624,
                35.8079694
              ],
              [
                14.536067,
                35.8078991
              ],
              [
                14.5356102,
                35.8075831
              ],
              [
                14.5352969,
                35.8074336
              ],
              [
                14.5349557,
                35.807618
              ],
              [
                14.5349271,
                35.807626
              ],
              [
                14.5344122,
                35.8077704
              ],
              [
                14.5341371,
                35.8076176
              ],
              [
                14.5338787,
                35.8078028
              ],
              [
                14.533698,
                35.8077204
              ],
              [
                14.5336361,
                35.807865
              ],
              [
                14.5335148,
                35.8078972
              ],
              [
                14.5333068,
                35.8078168
              ],
              [
                14.5332919,
                35.8076461
              ],
              [
                14.5326279,
                35.8073517
              ],
              [
                14.53231,
                35.8072108
              ],
              [
                14.5317567,
                35.8071009
              ],
              [
                14.5313718,
                35.806743
              ],
              [
                14.530987,
                35.8066113
              ],
              [
                14.5306821,
                35.8065598
              ],
              [
                14.5308204,
                35.8064416
              ],
              [
                14.5307604,
                35.8063851
              ],
              [
                14.5304885,
                35.8063212
              ],
              [
                14.5303078,
                35.8064599
              ],
              [
                14.5303338,
                35.8065644
              ],
              [
                14.530235,
                35.8066001
              ],
              [
                14.5301272,
                35.8066108
              ],
              [
                14.5298707,
                35.806791
              ],
              [
                14.5298038,
                35.8068419
              ],
              [
                14.5293403,
                35.806821
              ],
              [
                14.5290742,
                35.8065635
              ],
              [
                14.5286965,
                35.8066261
              ],
              [
                14.5288167,
                35.8070994
              ],
              [
                14.528772,
                35.8071981
              ],
              [
                14.5287397,
                35.8072696
              ],
              [
                14.5286107,
                35.8073083
              ],
              [
                14.5282139,
                35.8072261
              ],
              [
                14.527935,
                35.8070347
              ],
              [
                14.5277097,
                35.8071391
              ],
              [
                14.5271947,
                35.8069999
              ],
              [
                14.5269694,
                35.8068258
              ],
              [
                14.5263563,
                35.8066841
              ],
              [
                14.5257752,
                35.8068634
              ],
              [
                14.5256753,
                35.8068837
              ],
              [
                14.5248256,
                35.806814
              ],
              [
                14.524491,
                35.8070347
              ],
              [
                14.5242415,
                35.8070474
              ],
              [
                14.5237121,
                35.8072341
              ],
              [
                14.5235214,
                35.8073111
              ],
              [
                14.5223708,
                35.8073361
              ],
              [
                14.5217561,
                35.8071717
              ],
              [
                14.5217169,
                35.8070669
              ],
              [
                14.5216496,
                35.8070033
              ],
              [
                14.5215656,
                35.807
              ],
              [
                14.5214657,
                35.8070483
              ],
              [
                14.5213788,
                35.8070991
              ],
              [
                14.5208577,
                35.8069662
              ],
              [
                14.5197058,
                35.8069269
              ],
              [
                14.5189204,
                35.8068837
              ],
              [
                14.5176491,
                35.806451
              ],
              [
                14.5176258,
                35.8063391
              ],
              [
                14.5174576,
                35.8062596
              ],
              [
                14.5173233,
                35.8062512
              ],
              [
                14.5170887,
                35.8062986
              ],
              [
                14.5167099,
                35.8064098
              ],
              [
                14.5163783,
                35.8063366
              ],
              [
                14.5160862,
                35.8062313
              ],
              [
                14.5158761,
                35.8062773
              ],
              [
                14.5157395,
                35.8063463
              ],
              [
                14.5156187,
                35.8062604
              ],
              [
                14.5155646,
                35.8061466
              ],
              [
                14.5155213,
                35.8061415
              ],
              [
                14.5154855,
                35.8061619
              ],
              [
                14.5154838,
                35.806196
              ],
              [
                14.5155625,
                35.8062769
              ],
              [
                14.5155339,
                35.8063121
              ],
              [
                14.5155081,
                35.806403
              ],
              [
                14.5153021,
                35.8065515
              ],
              [
                14.5150056,
                35.8065578
              ],
              [
                14.5146753,
                35.8067613
              ],
              [
                14.5142194,
                35.806871
              ],
              [
                14.513673,
                35.8068386
              ],
              [
                14.5130719,
                35.8070185
              ],
              [
                14.5128112,
                35.8069249
              ],
              [
                14.5121868,
                35.8069339
              ],
              [
                14.512145725,
                35.80695695
              ],
              [
                14.5120282,
                35.8070229
              ],
              [
                14.5103974,
                35.8074753
              ],
              [
                14.5102606,
                35.8079333
              ],
              [
                14.5100947,
                35.8082337
              ],
              [
                14.5100132,
                35.8083887
              ],
              [
                14.5100391,
                35.8085322
              ],
              [
                14.5100183,
                35.8085385
              ],
              [
                14.509881,
                35.8085801
              ],
              [
                14.5097072,
                35.8085345
              ],
              [
                14.5095185,
                35.8084738
              ],
              [
                14.5093861,
                35.8085719
              ],
              [
                14.5091635,
                35.8085023
              ],
              [
                14.508944,
                35.8084883
              ],
              [
                14.5087803,
                35.8083839
              ],
              [
                14.5086351,
                35.8084056
              ],
              [
                14.5083922,
                35.808336
              ],
              [
                14.5081156,
                35.8084577
              ],
              [
                14.5064854,
                35.8092028
              ],
              [
                14.5059489,
                35.8095856
              ],
              [
                14.5054289,
                35.8098445
              ],
              [
                14.5047652,
                35.8101803
              ],
              [
                14.5041787,
                35.8104905
              ],
              [
                14.5029966,
                35.810938
              ],
              [
                14.5027732,
                35.8111343
              ],
              [
                14.5022766,
                35.811224
              ],
              [
                14.5008957,
                35.8115898
              ],
              [
                14.5007259,
                35.8115883
              ],
              [
                14.5005178,
                35.8116968
              ],
              [
                14.5004929,
                35.8121351
              ],
              [
                14.5005947,
                35.8125915
              ],
              [
                14.5005322,
                35.8131863
              ],
              [
                14.5007086,
                35.8137869
              ],
              [
                14.5029274,
                35.8135916
              ],
              [
                14.5029332,
                35.8136304
              ],
              [
                14.5029184,
                35.8136347
              ],
              [
                14.5029252,
                35.8137127
              ],
              [
                14.5031183,
                35.8136883
              ],
              [
                14.5031516,
                35.8142529
              ],
              [
                14.5032746,
                35.8144763
              ],
              [
                14.5024868,
                35.8157108
              ],
              [
                14.5015345,
                35.8162399
              ],
              [
                14.5014317,
                35.817034
              ],
              [
                14.5015384,
                35.817859
              ],
              [
                14.5015006,
                35.8179226
              ],
              [
                14.5010034,
                35.8181821
              ],
              [
                14.5008825,
                35.818697
              ],
              [
                14.5012154,
                35.8193325
              ],
              [
                14.5012502,
                35.8207498
              ],
              [
                14.5007821,
                35.8213105
              ],
              [
                14.5007936,
                35.8220632
              ],
              [
                14.5020749,
                35.822919
              ],
              [
                14.5022358,
                35.8230884
              ],
              [
                14.5027577,
                35.8230189
              ],
              [
                14.5032289,
                35.8218651
              ],
              [
                14.503657,
                35.8212037
              ],
              [
                14.5036779,
                35.8211549
              ],
              [
                14.5051637,
                35.8217292
              ],
              [
                14.5056346,
                35.8218479
              ],
              [
                14.5086827,
                35.8202147
              ],
              [
                14.5087403,
                35.8202131
              ],
              [
                14.5087606,
                35.8202392
              ],
              [
                14.508951,
                35.8207218
              ],
              [
                14.5090439,
                35.8207373
              ],
              [
                14.5092702,
                35.8207752
              ],
              [
                14.510295,
                35.8208677
              ],
              [
                14.5106249,
                35.8209224
              ],
              [
                14.5111237,
                35.8211121
              ],
              [
                14.512145725,
                35.821335393
              ],
              [
                14.5122167,
                35.8213509
              ],
              [
                14.5127169,
                35.8214416
              ],
              [
                14.5137422,
                35.8216007
              ],
              [
                14.5141076,
                35.821654
              ],
              [
                14.5144232,
                35.8217696
              ],
              [
                14.5151406,
                35.822216
              ],
              [
                14.516046,
                35.8228676
              ],
              [
                14.5164828,
                35.8230556
              ],
              [
                14.516703,
                35.8232222
              ],
              [
                14.5159045,
                35.8233196
              ],
              [
                14.5153164,
                35.8232588
              ],
              [
                14.514858,
                35.8231569
              ],
              [
                14.514861,
                35.8234265
              ],
              [
                14.5150342,
                35.8242364
              ],
              [
                14.5142104,
                35.8247346
              ],
              [
                14.5138511,
                35.8247532
              ],
              [
                14.5135852,
                35.8249304
              ],
              [
                14.5129503,
                35.825118
              ],
              [
                14.5126474,
                35.8252505
              ],
              [
                14.5121012,
                35.8258853
              ],
              [
                14.5116971,
                35.8265081
              ],
              [
                14.5115172,
                35.8265853
              ],
              [
                14.5113571,
                35.8266452
              ],
              [
                14.5111922,
                35.8270792
              ],
              [
                14.5113402,
                35.8274682
              ],
              [
                14.511291,
                35.8276472
              ],
              [
                14.5111846,
                35.8278237
              ],
              [
                14.5109282,
                35.8283279
              ],
              [
                14.5106876,
                35.8290854
              ],
              [
                14.5105955,
                35.8292315
              ],
              [
                14.5103929,
                35.8295526
              ],
              [
                14.5103442,
                35.8297124
              ],
              [
                14.510278,
                35.8298119
              ],
              [
                14.5100381,
                35.8299291
              ],
              [
                14.5098072,
                35.8302623
              ],
              [
                14.509316,
                35.8308185
              ],
              [
                14.5097268,
                35.8309252
              ],
              [
                14.509712,
                35.8309377
              ],
              [
                14.5073928,
                35.8329049
              ],
              [
                14.5065213,
                35.8321886
              ],
              [
                14.505877,
                35.8316372
              ],
              [
                14.5020348,
                35.8347404
              ],
              [
                14.5019116,
                35.8347604
              ],
              [
                14.5008578,
                35.8356371
              ],
              [
                14.5007192,
                35.8355322
              ],
              [
                14.5002039,
                35.8357633
              ],
              [
                14.500028,
                35.8361467
              ],
              [
                14.4997526,
                35.8367468
              ],
              [
                14.4994579,
                35.837685
              ],
              [
                14.4973412,
                35.8393888
              ],
              [
                14.4920293,
                35.8436643
              ],
              [
                14.4881295,
                35.846834
              ],
              [
                14.4879746,
                35.8469595
              ],
              [
                14.4878581,
                35.847054
              ],
              [
                14.4875204,
                35.8473361
              ],
              [
                14.4851036,
                35.8492633
              ],
              [
                14.4849686,
                35.849371
              ],
              [
                14.483189,
                35.8508154
              ],
              [
                14.4828232,
                35.8511078
              ],
              [
                14.4824327,
                35.8511394
              ],
              [
                14.4823234,
                35.8511684
              ],
              [
                14.4822303,
                35.8509315
              ],
              [
                14.48126,
                35.8503142
              ],
              [
                14.4808001,
                35.8505675
              ],
              [
                14.4805895,
                35.8506857
              ],
              [
                14.4801919,
                35.8510816
              ],
              [
                14.4802496,
                35.8510954
              ],
              [
                14.4800503,
                35.8514412
              ],
              [
                14.4791133,
                35.8516911
              ],
              [
                14.4780475,
                35.8519236
              ],
              [
                14.4779843,
                35.8519713
              ],
              [
                14.4779201,
                35.8519961
              ],
              [
                14.4777732,
                35.8519939
              ],
              [
                14.4774369,
                35.8521292
              ],
              [
                14.4771972,
                35.8522256
              ],
              [
                14.4769869,
                35.8523013
              ],
              [
                14.4767391,
                35.852356
              ],
              [
                14.476612,
                35.8523841
              ],
              [
                14.4761159,
                35.8523498
              ],
              [
                14.4744445,
                35.8527356
              ],
              [
                14.4743137,
                35.8525092
              ],
              [
                14.4739655,
                35.8523377
              ],
              [
                14.4735906,
                35.8521117
              ],
              [
                14.473253,
                35.8522123
              ],
              [
                14.4727403,
                35.8519367
              ],
              [
                14.4725583,
                35.8520005
              ],
              [
                14.4719837,
                35.851927
              ],
              [
                14.4718666,
                35.8516364
              ],
              [
                14.4713845,
                35.851627
              ],
              [
                14.4710432,
                35.8513993
              ],
              [
                14.4709066,
                35.8510217
              ],
              [
                14.4706783,
                35.851071
              ],
              [
                14.4698664,
                35.8502935
              ],
              [
                14.4681966,
                35.8500235
              ],
              [
                14.4674964,
                35.8500814
              ],
              [
                14.4669309,
                35.8500996
              ],
              [
                14.4667443,
                35.8501023
              ],
              [
                14.4663036,
                35.8499639
              ],
              [
                14.4658634,
                35.849835
              ],
              [
                14.4641962,
                35.8489064
              ],
              [
                14.4635731,
                35.8483464
              ],
              [
                14.463061,
                35.8481041
              ],
              [
                14.4591932,
                35.8457386
              ],
              [
                14.4581639,
                35.8466801
              ],
              [
                14.4582852,
                35.8468093
              ],
              [
                14.4577313,
                35.8474598
              ],
              [
                14.4576263,
                35.847583
              ],
              [
                14.4579224,
                35.848126
              ],
              [
                14.4584669,
                35.8485478
              ],
              [
                14.4590093,
                35.8488646
              ],
              [
                14.4600132,
                35.8497235
              ],
              [
                14.4613526,
                35.8505423
              ],
              [
                14.461386,
                35.8505627
              ],
              [
                14.4644098,
                35.8523204
              ],
              [
                14.4646078,
                35.8526938
              ],
              [
                14.4645239,
                35.8537552
              ],
              [
                14.4646421,
                35.8540781
              ],
              [
                14.4649577,
                35.8542842
              ],
              [
                14.4653189,
                35.8544777
              ],
              [
                14.468711,
                35.8567635
              ],
              [
                14.4698236,
                35.8576803
              ],
              [
                14.4723766,
                35.861504
              ],
              [
                14.4706907,
                35.8615783
              ],
              [
                14.4703673,
                35.8615916
              ],
              [
                14.4703128,
                35.861784
              ],
              [
                14.4703668,
                35.8619358
              ],
              [
                14.4704638,
                35.8621073
              ],
              [
                14.4704268,
                35.8623168
              ],
              [
                14.4710852,
                35.862435
              ],
              [
                14.4717354,
                35.8627404
              ],
              [
                14.471698,
                35.8628334
              ],
              [
                14.4713115,
                35.8627938
              ],
              [
                14.4706852,
                35.862835
              ],
              [
                14.4704348,
                35.8630389
              ],
              [
                14.4700535,
                35.8631894
              ],
              [
                14.4698214,
                35.8633885
              ],
              [
                14.4697276,
                35.8634705
              ],
              [
                14.468748,
                35.8625708
              ],
              [
                14.467868,
                35.8626896
              ],
              [
                14.4671249,
                35.863143
              ],
              [
                14.4669348,
                35.8634642
              ],
              [
                14.4661596,
                35.863608
              ],
              [
                14.4651579,
                35.8639898
              ],
              [
                14.464883,
                35.864245
              ],
              [
                14.4646949,
                35.8644196
              ],
              [
                14.4652694,
                35.864285
              ],
              [
                14.4655979,
                35.864208
              ],
              [
                14.4658728,
                35.8642776
              ],
              [
                14.4661476,
                35.8644312
              ],
              [
                14.4665741,
                35.8645224
              ],
              [
                14.4666709,
                35.8646601
              ],
              [
                14.4666701,
                35.8647098
              ],
              [
                14.4666022,
                35.8647903
              ],
              [
                14.466177,
                35.8649227
              ],
              [
                14.466047,
                35.8649624
              ],
              [
                14.4659687,
                35.8650465
              ],
              [
                14.4659609,
                35.8651958
              ],
              [
                14.4659344,
                35.8652384
              ],
              [
                14.4656894,
                35.8653062
              ],
              [
                14.465382,
                35.8653391
              ],
              [
                14.4651244,
                35.8653965
              ],
              [
                14.4641094,
                35.8658566
              ],
              [
                14.4639294,
                35.8658825
              ],
              [
                14.4638319,
                35.8659149
              ],
              [
                14.4639871,
                35.8660761
              ],
              [
                14.4640917,
                35.8662707
              ],
              [
                14.4640751,
                35.8674749
              ],
              [
                14.4641773,
                35.8677344
              ],
              [
                14.4644298,
                35.8684994
              ],
              [
                14.4640303,
                35.8685857
              ],
              [
                14.4641172,
                35.8689013
              ],
              [
                14.4641734,
                35.8692542
              ],
              [
                14.4641631,
                35.8701152
              ],
              [
                14.4640954,
                35.870305
              ],
              [
                14.4639561,
                35.8703659
              ],
              [
                14.463872,
                35.8705929
              ],
              [
                14.4630501,
                35.8704302
              ],
              [
                14.4630254,
                35.8707167
              ],
              [
                14.4633387,
                35.8722504
              ],
              [
                14.4633035,
                35.8723469
              ],
              [
                14.4626642,
                35.8727861
              ],
              [
                14.462099,
                35.8729381
              ],
              [
                14.4606413,
                35.8731262
              ],
              [
                14.460142,
                35.8731867
              ],
              [
                14.4605267,
                35.8742952
              ],
              [
                14.4607157,
                35.8748117
              ],
              [
                14.4589051,
                35.8749191
              ],
              [
                14.4574014,
                35.8748593
              ],
              [
                14.4565062,
                35.8747263
              ],
              [
                14.4563831,
                35.8749871
              ],
              [
                14.4560372,
                35.8751903
              ],
              [
                14.4556792,
                35.8753427
              ],
              [
                14.4555127,
                35.8753746
              ],
              [
                14.4545897,
                35.8754462
              ],
              [
                14.4545572,
                35.875497
              ],
              [
                14.4546889,
                35.8756323
              ],
              [
                14.4547474,
                35.8757491
              ],
              [
                14.4540171,
                35.8759424
              ],
              [
                14.4542815,
                35.8764817
              ],
              [
                14.453622729,
                35.87673365
              ],
              [
                14.4535588,
                35.8767581
              ],
              [
                14.4536215,
                35.8769348
              ]
            ]
          ],
          [
            [
              [
                14.5608569,
                35.8189509
              ],
              [
                14.5608933,
                35.8188907
              ],
              [
                14.5609071,
                35.8188148
              ],
              [
                14.56091,
                35.8187237
              ],
              [
                14.5608856,
                35.8187069
              ],
              [
                14.5608732,
                35.8186901
              ],
              [
                14.5608103,
                35.8186765
              ],
              [
                14.5608127,
                35.8186667
              ],
              [
                14.5607921,
                35.818656
              ],
              [
                14.5607992,
                35.8186383
              ],
              [
                14.5608555,
                35.8186626
              ],
              [
                14.5608789,
                35.8186684
              ],
              [
                14.5608934,
                35.8186448
              ],
              [
                14.5609,
                35.8186131
              ],
              [
                14.5608923,
                35.8185625
              ],
              [
                14.5608711,
                35.8185449
              ],
              [
                14.5608438,
                35.8185273
              ],
              [
                14.5608158,
                35.8185211
              ],
              [
                14.5607897,
                35.8184987
              ],
              [
                14.5607296,
                35.8184717
              ],
              [
                14.5606872,
                35.8184965
              ],
              [
                14.5606838,
                35.818526
              ],
              [
                14.5606961,
                35.8185382
              ],
              [
                14.5606863,
                35.8185442
              ],
              [
                14.5606702,
                35.818556
              ],
              [
                14.560688,
                35.8185808
              ],
              [
                14.5607035,
                35.8185953
              ],
              [
                14.5606507,
                35.8185969
              ],
              [
                14.5606237,
                35.8186359
              ],
              [
                14.5605975,
                35.8186724
              ],
              [
                14.5605873,
                35.8186766
              ],
              [
                14.5605769,
                35.8186915
              ],
              [
                14.5605869,
                35.8187085
              ],
              [
                14.5605861,
                35.818718
              ],
              [
                14.560569,
                35.818727
              ],
              [
                14.5605961,
                35.8187441
              ],
              [
                14.5605851,
                35.8187529
              ],
              [
                14.5605792,
                35.8187612
              ],
              [
                14.5605356,
                35.8187842
              ],
              [
                14.560519,
                35.8188168
              ],
              [
                14.5604923,
                35.8188381
              ],
              [
                14.5604833,
                35.8188557
              ],
              [
                14.5605402,
                35.818888
              ],
              [
                14.5605667,
                35.8188943
              ],
              [
                14.5607815,
                35.8189457
              ],
              [
                14.5608569,
                35.8189509
              ]
            ]
          ],
          [
            [
              [
                14.5675009,
                35.8403985
              ],
              [
                14.5675063,
                35.8404594
              ],
              [
                14.5675548,
                35.8404988
              ],
              [
                14.5676378,
                35.840439
              ],
              [
                14.567686,
                35.8403795
              ],
              [
                14.5677189,
                35.8403126
              ],
              [
                14.5677732,
                35.8402495
              ],
              [
                14.5678116,
                35.8402047
              ],
              [
                14.5677665,
                35.8401539
              ],
              [
                14.5677833,
                35.8401001
              ],
              [
                14.5677115,
                35.8401077
              ],
              [
                14.5676894,
                35.8400854
              ],
              [
                14.567678,
                35.8400452
              ],
              [
                14.5676706,
                35.8400044
              ],
              [
                14.567633,
                35.8400174
              ],
              [
                14.5675821,
                35.840049
              ],
              [
                14.5674714,
                35.8400555
              ],
              [
                14.5674118,
                35.8399854
              ],
              [
                14.567399,
                35.8399277
              ],
              [
                14.5673675,
                35.8399114
              ],
              [
                14.5673179,
                35.8399408
              ],
              [
                14.5672115,
                35.8399139
              ],
              [
                14.5673534,
                35.8401115
              ],
              [
                14.5674165,
                35.8402082
              ],
              [
                14.5675159,
                35.840339
              ],
              [
                14.5675009,
                35.8403985
              ]
            ]
          ]
        ]
      },
      "properties": {
        "osm_id": -1711219,
        "name": "Reġjun tan-Nofsinhar",
        "name_en": "Southern Region",
        "boundary": "administrative",
        "admin_level": 7,
        "admin_centre_node_id": 130883184,
        "admin_centre_node_lat": 35.877464,
        "admin_centre_node_lng": 14.4739598,
        "label_node_id": null,
        "label_node_lat": null,
        "label_node_lng": null
      }
    }
  ]
}