{
  "type": "FeatureCollection",
  "features": [
    {
      "type": "Feature",
      "geometry": {
        "type": "MultiPolygon",
        "coordinates": [
          [
            [
              [
                -70.0536735,
                12.6106759
              ],
              [
                -70.0537272,
                12.6107727
              ],
              [
                -70.0537969,
                12.6108839
              ],
              [
                -70.053872,
                12.6110214
              ],
              [
                -70.0539254,
                12.6111065
              ],
              [
                -70.0539431,
                12.6111346
              ],
              [
                -70.0539713,
                12.6111797
              ],
              [
                -70.0540055,
                12.611236
              ],
              [
                -70.0540403,
                12.6112897
              ],
              [
                -70.0540665,
                12.611325
              ],
              [
                -70.054092,
                12.611363
              ],
              [
                -70.0541094,
                12.6113878
              ],
              [
                -70.0541362,
                12.6114205
              ],
              [
                -70.0541664,
                12.6114487
              ],
              [
                -70.0542147,
                12.6114912
              ],
              [
                -70.0542408,
                12.6115154
              ],
              [
                -70.054267,
                12.6115416
              ],
              [
                -70.0542804,
                12.6115638
              ],
              [
                -70.0543053,
                12.6115917
              ],
              [
                -70.054339,
                12.6116165
              ],
              [
                -70.054463,
                12.6117181
              ],
              [
                -70.0545387,
                12.611856
              ],
              [
                -70.0547338,
                12.612113
              ],
              [
                -70.0549709,
                12.6123587
              ],
              [
                -70.0552455,
                12.6125999
              ],
              [
                -70.055761,
                12.6130392
              ],
              [
                -70.0557732,
                12.6130576
              ],
              [
                -70.0557657,
                12.6131834
              ],
              [
                -70.0557993,
                12.6132951
              ],
              [
                -70.0558077,
                12.6133212
              ],
              [
                -70.0558174,
                12.6133542
              ],
              [
                -70.0558245,
                12.6133781
              ],
              [
                -70.0558386,
                12.6134059
              ],
              [
                -70.055855,
                12.6134276
              ],
              [
                -70.0558702,
                12.6134405
              ],
              [
                -70.0558866,
                12.6134488
              ],
              [
                -70.0559019,
                12.6134543
              ],
              [
                -70.0559198,
                12.6134568
              ],
              [
                -70.0559438,
                12.6134533
              ],
              [
                -70.0559653,
                12.6134463
              ],
              [
                -70.0559864,
                12.613436
              ],
              [
                -70.0560078,
                12.6134306
              ],
              [
                -70.0560312,
                12.6134324
              ],
              [
                -70.0560473,
                12.6134405
              ],
              [
                -70.0560668,
                12.6134527
              ],
              [
                -70.0560827,
                12.6134696
              ],
              [
                -70.0560927,
                12.6134906
              ],
              [
                -70.0561047,
                12.6135136
              ],
              [
                -70.0561192,
                12.6135375
              ],
              [
                -70.0561277,
                12.6135563
              ],
              [
                -70.0561383,
                12.6135844
              ],
              [
                -70.0561498,
                12.61361
              ],
              [
                -70.0561655,
                12.6136311
              ],
              [
                -70.0561815,
                12.6136451
              ],
              [
                -70.0562093,
                12.6136585
              ],
              [
                -70.0562346,
                12.6136735
              ],
              [
                -70.0562585,
                12.613689
              ],
              [
                -70.0562814,
                12.6136967
              ],
              [
                -70.0563096,
                12.6136971
              ],
              [
                -70.0563396,
                12.6136992
              ],
              [
                -70.0563726,
                12.6137046
              ],
              [
                -70.0563983,
                12.6137178
              ],
              [
                -70.0564243,
                12.6137398
              ],
              [
                -70.0564463,
                12.6137609
              ],
              [
                -70.0564759,
                12.6137774
              ],
              [
                -70.0565024,
                12.6137868
              ],
              [
                -70.0565334,
                12.6138049
              ],
              [
                -70.0565633,
                12.6138263
              ],
              [
                -70.0565958,
                12.6138486
              ],
              [
                -70.0566315,
                12.6138729
              ],
              [
                -70.0566631,
                12.6138941
              ],
              [
                -70.0566894,
                12.613911
              ],
              [
                -70.0567196,
                12.6139347
              ],
              [
                -70.0567452,
                12.6139572
              ],
              [
                -70.0567659,
                12.6139789
              ],
              [
                -70.0567877,
                12.6140044
              ],
              [
                -70.0568075,
                12.6140333
              ],
              [
                -70.0568194,
                12.6140578
              ],
              [
                -70.0568309,
                12.6140909
              ],
              [
                -70.0568428,
                12.6141203
              ],
              [
                -70.0568567,
                12.6141446
              ],
              [
                -70.0568647,
                12.6141561
              ],
              [
                -70.0568785,
                12.6141767
              ],
              [
                -70.0568907,
                12.6141947
              ],
              [
                -70.056926,
                12.6142262
              ],
              [
                -70.0569716,
                12.6142531
              ],
              [
                -70.0570144,
                12.6142725
              ],
              [
                -70.0570429,
                12.6142858
              ],
              [
                -70.0570559,
                12.6142981
              ],
              [
                -70.0570944,
                12.6143479
              ],
              [
                -70.0571004,
                12.6143773
              ],
              [
                -70.0571119,
                12.6143945
              ],
              [
                -70.0571296,
                12.6144064
              ],
              [
                -70.057158,
                12.6144404
              ],
              [
                -70.0571751,
                12.6144508
              ],
              [
                -70.0572133,
                12.6144714
              ],
              [
                -70.0572621,
                12.6145027
              ],
              [
                -70.057304,
                12.6145288
              ],
              [
                -70.0573582,
                12.6145602
              ],
              [
                -70.0573977,
                12.6145763
              ],
              [
                -70.0574224,
                12.6145838
              ],
              [
                -70.0574464,
                12.614597
              ],
              [
                -70.0574772,
                12.6146191
              ],
              [
                -70.0575064,
                12.614644
              ],
              [
                -70.0575425,
                12.614689
              ],
              [
                -70.0575797,
                12.6147226
              ],
              [
                -70.0576077,
                12.6147481
              ],
              [
                -70.0576296,
                12.6147446
              ],
              [
                -70.0576476,
                12.6147453
              ],
              [
                -70.0576788,
                12.6147699
              ],
              [
                -70.0577255,
                12.6148023
              ],
              [
                -70.0577613,
                12.6148203
              ],
              [
                -70.0577775,
                12.6148373
              ],
              [
                -70.0577835,
                12.6148671
              ],
              [
                -70.0577896,
                12.6149027
              ],
              [
                -70.0577949,
                12.6149338
              ],
              [
                -70.0578127,
                12.6149776
              ],
              [
                -70.0578267,
                12.6150198
              ],
              [
                -70.0578455,
                12.6150704
              ],
              [
                -70.0578674,
                12.6151167
              ],
              [
                -70.0578939,
                12.6151726
              ],
              [
                -70.0579105,
                12.6151903
              ],
              [
                -70.057936,
                12.6151941
              ],
              [
                -70.0579626,
                12.615208
              ],
              [
                -70.0579875,
                12.6152112
              ],
              [
                -70.0580246,
                12.6152187
              ],
              [
                -70.0580491,
                12.6152319
              ],
              [
                -70.0580736,
                12.6152373
              ],
              [
                -70.0581062,
                12.6152556
              ],
              [
                -70.0581456,
                12.6152858
              ],
              [
                -70.0581621,
                12.6153106
              ],
              [
                -70.0581939,
                12.6153343
              ],
              [
                -70.0582278,
                12.6153689
              ],
              [
                -70.0582272,
                12.6153876
              ],
              [
                -70.0582397,
                12.6154058
              ],
              [
                -70.0582611,
                12.6154268
              ],
              [
                -70.0582906,
                12.615467
              ],
              [
                -70.0583214,
                12.6155171
              ],
              [
                -70.0583425,
                12.6155504
              ],
              [
                -70.0583575,
                12.6155906
              ],
              [
                -70.0583839,
                12.6156125
              ],
              [
                -70.0583898,
                12.6156366
              ],
              [
                -70.0583874,
                12.6156639
              ],
              [
                -70.0584121,
                12.6156992
              ],
              [
                -70.0584385,
                12.6157357
              ],
              [
                -70.0584609,
                12.6157661
              ],
              [
                -70.0584725,
                12.6157924
              ],
              [
                -70.0585037,
                12.6158533
              ],
              [
                -70.058549,
                12.6159116
              ],
              [
                -70.0585715,
                12.6159506
              ],
              [
                -70.0586008,
                12.6159879
              ],
              [
                -70.0586325,
                12.6160146
              ],
              [
                -70.0586888,
                12.6160518
              ],
              [
                -70.0587371,
                12.6160822
              ],
              [
                -70.0587571,
                12.6160888
              ],
              [
                -70.0588008,
                12.6161025
              ],
              [
                -70.0588397,
                12.6161424
              ],
              [
                -70.0588671,
                12.6161729
              ],
              [
                -70.0589156,
                12.6161952
              ],
              [
                -70.0589492,
                12.6162196
              ],
              [
                -70.0589707,
                12.6162492
              ],
              [
                -70.0590329,
                12.6163033
              ],
              [
                -70.0590823,
                12.6163372
              ],
              [
                -70.059113,
                12.616359
              ],
              [
                -70.0591467,
                12.6163803
              ],
              [
                -70.0591826,
                12.6163979
              ],
              [
                -70.0592241,
                12.6164175
              ],
              [
                -70.0592285,
                12.616418
              ],
              [
                -70.0592847,
                12.6164354
              ],
              [
                -70.0592973,
                12.6164458
              ],
              [
                -70.0593039,
                12.6164597
              ],
              [
                -70.0593276,
                12.6164777
              ],
              [
                -70.0593456,
                12.6164957
              ],
              [
                -70.059349,
                12.6165083
              ],
              [
                -70.05937,
                12.6165251
              ],
              [
                -70.059391,
                12.6165458
              ],
              [
                -70.0594091,
                12.6165732
              ],
              [
                -70.0594337,
                12.6165959
              ],
              [
                -70.0594622,
                12.6166231
              ],
              [
                -70.0594894,
                12.6166628
              ],
              [
                -70.0595027,
                12.616671
              ],
              [
                -70.0595196,
                12.6166793
              ],
              [
                -70.0595353,
                12.6166993
              ],
              [
                -70.059543,
                12.6167132
              ],
              [
                -70.0595637,
                12.6167391
              ],
              [
                -70.0595907,
                12.6167654
              ],
              [
                -70.0596103,
                12.6167856
              ],
              [
                -70.0596133,
                12.6168042
              ],
              [
                -70.0596144,
                12.6168249
              ],
              [
                -70.0596307,
                12.616842
              ],
              [
                -70.0596477,
                12.6168492
              ],
              [
                -70.0596656,
                12.6168675
              ],
              [
                -70.059668,
                12.6168823
              ],
              [
                -70.059681,
                12.6168947
              ],
              [
                -70.059684,
                12.6169091
              ],
              [
                -70.0597036,
                12.6169322
              ],
              [
                -70.0597192,
                12.6169475
              ],
              [
                -70.0597259,
                12.6169611
              ],
              [
                -70.0597316,
                12.6169816
              ],
              [
                -70.0597357,
                12.6169971
              ],
              [
                -70.0597365,
                12.6170096
              ],
              [
                -70.0597279,
                12.617019
              ],
              [
                -70.0597142,
                12.6170384
              ],
              [
                -70.0597065,
                12.6170587
              ],
              [
                -70.0597,
                12.617076
              ],
              [
                -70.0596937,
                12.6170924
              ],
              [
                -70.0596931,
                12.6171069
              ],
              [
                -70.0596935,
                12.6171258
              ],
              [
                -70.0596852,
                12.6171375
              ],
              [
                -70.059681,
                12.6171543
              ],
              [
                -70.0596741,
                12.6171733
              ],
              [
                -70.0596707,
                12.6172
              ],
              [
                -70.0596624,
                12.6172287
              ],
              [
                -70.0596556,
                12.6172475
              ],
              [
                -70.0596479,
                12.6172668
              ],
              [
                -70.059644,
                12.6172876
              ],
              [
                -70.0596295,
                12.6173088
              ],
              [
                -70.0596133,
                12.6173252
              ],
              [
                -70.0595922,
                12.6173385
              ],
              [
                -70.0595704,
                12.6173565
              ],
              [
                -70.0595508,
                12.6173736
              ],
              [
                -70.0595319,
                12.6173932
              ],
              [
                -70.0595206,
                12.617407
              ],
              [
                -70.0595256,
                12.6174239
              ],
              [
                -70.0595212,
                12.6174376
              ],
              [
                -70.0595121,
                12.6174537
              ],
              [
                -70.0595093,
                12.6174715
              ],
              [
                -70.0595103,
                12.6174897
              ],
              [
                -70.0595057,
                12.617505
              ],
              [
                -70.0595055,
                12.6175228
              ],
              [
                -70.0595094,
                12.6175446
              ],
              [
                -70.0595064,
                12.6175673
              ],
              [
                -70.0594918,
                12.617596
              ],
              [
                -70.0594798,
                12.6176176
              ],
              [
                -70.0594567,
                12.6176478
              ],
              [
                -70.059442,
                12.6176699
              ],
              [
                -70.0594288,
                12.6176912
              ],
              [
                -70.059418,
                12.6177116
              ],
              [
                -70.0594072,
                12.6177284
              ],
              [
                -70.0594007,
                12.6177545
              ],
              [
                -70.0593961,
                12.6177732
              ],
              [
                -70.0593915,
                12.6177883
              ],
              [
                -70.0593889,
                12.6178062
              ],
              [
                -70.0593939,
                12.617836
              ],
              [
                -70.0593913,
                12.6178582
              ],
              [
                -70.0593919,
                12.6179036
              ],
              [
                -70.0593859,
                12.6179412
              ],
              [
                -70.0593798,
                12.6179633
              ],
              [
                -70.0593702,
                12.6179764
              ],
              [
                -70.0593475,
                12.618008
              ],
              [
                -70.0593328,
                12.6180273
              ],
              [
                -70.0593301,
                12.6180431
              ],
              [
                -70.059323,
                12.6180665
              ],
              [
                -70.0593213,
                12.6180886
              ],
              [
                -70.059314,
                12.6181167
              ],
              [
                -70.0593038,
                12.6181483
              ],
              [
                -70.0593093,
                12.6181597
              ],
              [
                -70.0593258,
                12.6181677
              ],
              [
                -70.0593421,
                12.6181863
              ],
              [
                -70.0593395,
                12.6182163
              ],
              [
                -70.0593229,
                12.618211
              ],
              [
                -70.0593091,
                12.6182113
              ],
              [
                -70.0593168,
                12.6182388
              ],
              [
                -70.059325,
                12.6182641
              ],
              [
                -70.0593284,
                12.6182841
              ],
              [
                -70.0593478,
                12.6183025
              ],
              [
                -70.0593532,
                12.6183203
              ],
              [
                -70.0593358,
                12.6183365
              ],
              [
                -70.0593126,
                12.618346
              ],
              [
                -70.0592906,
                12.6183393
              ],
              [
                -70.0592771,
                12.6183222
              ],
              [
                -70.0592596,
                12.6183046
              ],
              [
                -70.0592463,
                12.6182964
              ],
              [
                -70.0592323,
                12.6183009
              ],
              [
                -70.0592131,
                12.6183053
              ],
              [
                -70.0592045,
                12.6183111
              ],
              [
                -70.0591973,
                12.6183284
              ],
              [
                -70.059186,
                12.6183469
              ],
              [
                -70.0591756,
                12.6183551
              ],
              [
                -70.0591555,
                12.6183593
              ],
              [
                -70.0591406,
                12.6183647
              ],
              [
                -70.0591377,
                12.6183795
              ],
              [
                -70.0591458,
                12.6183994
              ],
              [
                -70.0591556,
                12.6184274
              ],
              [
                -70.0591602,
                12.6184415
              ],
              [
                -70.0591697,
                12.6184566
              ],
              [
                -70.0591719,
                12.6184847
              ],
              [
                -70.0591859,
                12.6184981
              ],
              [
                -70.0592241,
                12.6185072
              ],
              [
                -70.0592403,
                12.6185131
              ],
              [
                -70.0592544,
                12.6185414
              ],
              [
                -70.0592535,
                12.6185663
              ],
              [
                -70.0592454,
                12.6185883
              ],
              [
                -70.0592134,
                12.6185692
              ],
              [
                -70.0591913,
                12.6185532
              ],
              [
                -70.0591655,
                12.6185391
              ],
              [
                -70.0591352,
                12.6185235
              ],
              [
                -70.0591216,
                12.6185327
              ],
              [
                -70.0591116,
                12.6185489
              ],
              [
                -70.0590989,
                12.6185708
              ],
              [
                -70.0590806,
                12.618583
              ],
              [
                -70.0590566,
                12.6185944
              ],
              [
                -70.0590439,
                12.6186044
              ],
              [
                -70.0590253,
                12.6186299
              ],
              [
                -70.0590057,
                12.618646
              ],
              [
                -70.0589948,
                12.6186686
              ],
              [
                -70.0589878,
                12.6186901
              ],
              [
                -70.0589812,
                12.6187147
              ],
              [
                -70.0589601,
                12.6187345
              ],
              [
                -70.0589417,
                12.6187395
              ],
              [
                -70.0589269,
                12.6187588
              ],
              [
                -70.0589137,
                12.6187787
              ],
              [
                -70.0589027,
                12.6187853
              ],
              [
                -70.0588852,
                12.6188024
              ],
              [
                -70.0588681,
                12.6188135
              ],
              [
                -70.0588502,
                12.6188141
              ],
              [
                -70.0588333,
                12.6188009
              ],
              [
                -70.0588008,
                12.6187659
              ],
              [
                -70.0587771,
                12.6187445
              ],
              [
                -70.0587483,
                12.6187267
              ],
              [
                -70.0587231,
                12.6187145
              ],
              [
                -70.058697,
                12.6187078
              ],
              [
                -70.0586666,
                12.6187054
              ],
              [
                -70.0586447,
                12.6187224
              ],
              [
                -70.0586176,
                12.6187354
              ],
              [
                -70.0585806,
                12.6187522
              ],
              [
                -70.058564,
                12.6187692
              ],
              [
                -70.0585462,
                12.6187865
              ],
              [
                -70.0585361,
                12.61881
              ],
              [
                -70.0585289,
                12.6188282
              ],
              [
                -70.0585162,
                12.6188376
              ],
              [
                -70.0584932,
                12.6188431
              ],
              [
                -70.0584693,
                12.6188598
              ],
              [
                -70.0584589,
                12.6188848
              ],
              [
                -70.058453,
                12.6189072
              ],
              [
                -70.0584583,
                12.6189475
              ],
              [
                -70.0584661,
                12.6189748
              ],
              [
                -70.0584747,
                12.6190054
              ],
              [
                -70.0584802,
                12.6190472
              ],
              [
                -70.0584706,
                12.6190714
              ],
              [
                -70.0584707,
                12.6190953
              ],
              [
                -70.0584872,
                12.6191042
              ],
              [
                -70.0585063,
                12.619124
              ],
              [
                -70.0585039,
                12.6191498
              ],
              [
                -70.0584932,
                12.6191723
              ],
              [
                -70.0584666,
                12.6191941
              ],
              [
                -70.0584539,
                12.6192234
              ],
              [
                -70.0584401,
                12.6192491
              ],
              [
                -70.0584152,
                12.6192879
              ],
              [
                -70.0584048,
                12.6193218
              ],
              [
                -70.0583872,
                12.619359
              ],
              [
                -70.0583774,
                12.6193968
              ],
              [
                -70.0583733,
                12.6194266
              ],
              [
                -70.0583698,
                12.6194648
              ],
              [
                -70.0583562,
                12.6194997
              ],
              [
                -70.0583452,
                12.6195266
              ],
              [
                -70.0583326,
                12.6195612
              ],
              [
                -70.0583235,
                12.6195836
              ],
              [
                -70.0583161,
                12.6196177
              ],
              [
                -70.0583187,
                12.6196674
              ],
              [
                -70.0583457,
                12.6196915
              ],
              [
                -70.0583731,
                12.6197088
              ],
              [
                -70.0583922,
                12.6197483
              ],
              [
                -70.0584007,
                12.6197732
              ],
              [
                -70.058421,
                12.6197944
              ],
              [
                -70.0584269,
                12.6198242
              ],
              [
                -70.0584133,
                12.6198604
              ],
              [
                -70.0584199,
                12.6198959
              ],
              [
                -70.0584328,
                12.6199123
              ],
              [
                -70.0584238,
                12.6199321
              ],
              [
                -70.0583957,
                12.6199404
              ],
              [
                -70.0583691,
                12.6199344
              ],
              [
                -70.0583495,
                12.6199459
              ],
              [
                -70.0583211,
                12.6199534
              ],
              [
                -70.0583008,
                12.6199779
              ],
              [
                -70.0582867,
                12.620002
              ],
              [
                -70.0582581,
                12.6200126
              ],
              [
                -70.0582262,
                12.620021
              ],
              [
                -70.05821,
                12.620027
              ],
              [
                -70.0581934,
                12.6200329
              ],
              [
                -70.058171,
                12.620056
              ],
              [
                -70.0581575,
                12.620069
              ],
              [
                -70.0581423,
                12.6200826
              ],
              [
                -70.0581268,
                12.620095
              ],
              [
                -70.0581213,
                12.6201209
              ],
              [
                -70.0581139,
                12.6201558
              ],
              [
                -70.0581017,
                12.6201771
              ],
              [
                -70.0580978,
                12.6201964
              ],
              [
                -70.0580933,
                12.6202263
              ],
              [
                -70.0580885,
                12.6202523
              ],
              [
                -70.0580785,
                12.620281
              ],
              [
                -70.0580726,
                12.6203121
              ],
              [
                -70.0580589,
                12.6203438
              ],
              [
                -70.058045,
                12.6203684
              ],
              [
                -70.0580301,
                12.6203914
              ],
              [
                -70.0580198,
                12.6204125
              ],
              [
                -70.0580106,
                12.6204364
              ],
              [
                -70.0579973,
                12.6204523
              ],
              [
                -70.0579702,
                12.6204721
              ],
              [
                -70.0579466,
                12.6204892
              ],
              [
                -70.057933,
                12.6205117
              ],
              [
                -70.0579224,
                12.6205385
              ],
              [
                -70.0578983,
                12.6205531
              ],
              [
                -70.0578679,
                12.6205628
              ],
              [
                -70.0578495,
                12.6205758
              ],
              [
                -70.057832,
                12.6205753
              ],
              [
                -70.0578189,
                12.6205641
              ],
              [
                -70.0577948,
                12.6205574
              ],
              [
                -70.0577717,
                12.6205698
              ],
              [
                -70.0577577,
                12.6205903
              ],
              [
                -70.0577449,
                12.6206089
              ],
              [
                -70.0577531,
                12.6206401
              ],
              [
                -70.0577521,
                12.6206702
              ],
              [
                -70.0577456,
                12.6206862
              ],
              [
                -70.0577303,
                12.6207029
              ],
              [
                -70.0576997,
                12.6207329
              ],
              [
                -70.0576763,
                12.6207593
              ],
              [
                -70.05766,
                12.620784
              ],
              [
                -70.0576349,
                12.6208099
              ],
              [
                -70.0576175,
                12.6208244
              ],
              [
                -70.0575925,
                12.6208547
              ],
              [
                -70.0575755,
                12.6208739
              ],
              [
                -70.0575523,
                12.6208974
              ],
              [
                -70.0575307,
                12.6209105
              ],
              [
                -70.0575056,
                12.6209228
              ],
              [
                -70.0574818,
                12.6209388
              ],
              [
                -70.0574669,
                12.6209572
              ],
              [
                -70.0574541,
                12.6209854
              ],
              [
                -70.0574482,
                12.6210068
              ],
              [
                -70.0574311,
                12.6210241
              ],
              [
                -70.0574085,
                12.6210397
              ],
              [
                -70.0573882,
                12.6210474
              ],
              [
                -70.0573446,
                12.6210755
              ],
              [
                -70.0573202,
                12.6210869
              ],
              [
                -70.0572977,
                12.6211082
              ],
              [
                -70.0572712,
                12.6211372
              ],
              [
                -70.0572415,
                12.6211614
              ],
              [
                -70.0572098,
                12.6211738
              ],
              [
                -70.0571772,
                12.6211965
              ],
              [
                -70.057053,
                12.6212858
              ],
              [
                -70.0569883,
                12.6213608
              ],
              [
                -70.0569483,
                12.621468
              ],
              [
                -70.0569008,
                12.6214961
              ],
              [
                -70.0568969,
                12.6215247
              ],
              [
                -70.0568542,
                12.6215748
              ],
              [
                -70.0568439,
                12.6216737
              ],
              [
                -70.0568217,
                12.6216994
              ],
              [
                -70.0567701,
                12.6217159
              ],
              [
                -70.0567775,
                12.6217649
              ],
              [
                -70.0567555,
                12.6218003
              ],
              [
                -70.0567736,
                12.6218811
              ],
              [
                -70.0567172,
                12.6219221
              ],
              [
                -70.0567311,
                12.6220122
              ],
              [
                -70.0567288,
                12.6221651
              ],
              [
                -70.0566577,
                12.6224732
              ],
              [
                -70.0566259,
                12.6225272
              ],
              [
                -70.0565639,
                12.6225734
              ],
              [
                -70.0565266,
                12.6226234
              ],
              [
                -70.0565193,
                12.6226887
              ],
              [
                -70.0564748,
                12.6227812
              ],
              [
                -70.0564069,
                12.6228344
              ],
              [
                -70.056293,
                12.6228737
              ],
              [
                -70.0563207,
                12.6229001
              ],
              [
                -70.056356,
                12.6229068
              ],
              [
                -70.0563698,
                12.6229388
              ],
              [
                -70.0563501,
                12.6230425
              ],
              [
                -70.0563271,
                12.6230664
              ],
              [
                -70.0562,
                12.6231001
              ],
              [
                -70.0561823,
                12.6229595
              ],
              [
                -70.0562406,
                12.6229208
              ],
              [
                -70.0562593,
                12.6228562
              ],
              [
                -70.0562006,
                12.6227706
              ],
              [
                -70.0561002,
                12.6227095
              ],
              [
                -70.0560333,
                12.6228343
              ],
              [
                -70.0559781,
                12.6229891
              ],
              [
                -70.0559823,
                12.623015
              ],
              [
                -70.0559151,
                12.6231137
              ],
              [
                -70.0557028,
                12.6231777
              ],
              [
                -70.0554694,
                12.6233691
              ],
              [
                -70.0553789,
                12.6233717
              ],
              [
                -70.0553728,
                12.6233544
              ],
              [
                -70.0553937,
                12.6233192
              ],
              [
                -70.0553135,
                12.6232748
              ],
              [
                -70.0552655,
                12.6232844
              ],
              [
                -70.0552557,
                12.6233079
              ],
              [
                -70.0551604,
                12.6233185
              ],
              [
                -70.055107,
                12.6233094
              ],
              [
                -70.0550438,
                12.6232714
              ],
              [
                -70.0548777,
                12.6233248
              ],
              [
                -70.0547962,
                12.6233308
              ],
              [
                -70.0547667,
                12.623354
              ],
              [
                -70.0545427,
                12.6233611
              ],
              [
                -70.0542415,
                12.6232276
              ],
              [
                -70.0541729,
                12.6232397
              ],
              [
                -70.0540669,
                12.623169
              ],
              [
                -70.0540089,
                12.6231605
              ],
              [
                -70.0536418,
                12.6230005
              ],
              [
                -70.0534701,
                12.6229483
              ],
              [
                -70.0532107,
                12.6228377
              ],
              [
                -70.0529472,
                12.6227555
              ],
              [
                -70.0528007,
                12.6226762
              ],
              [
                -70.0525192,
                12.6226163
              ],
              [
                -70.0520622,
                12.6225971
              ],
              [
                -70.051978,
                12.6225801
              ],
              [
                -70.0517377,
                12.62248
              ],
              [
                -70.0515053,
                12.6223632
              ],
              [
                -70.0512259,
                12.6221482
              ],
              [
                -70.0511258,
                12.6220029
              ],
              [
                -70.0510036,
                12.6218994
              ],
              [
                -70.0509421,
                12.6218272
              ],
              [
                -70.050719,
                12.6215275
              ],
              [
                -70.0505441,
                12.6213978
              ],
              [
                -70.0504607,
                12.6213177
              ],
              [
                -70.050389,
                12.6212815
              ],
              [
                -70.0503538,
                12.6212312
              ],
              [
                -70.0502311,
                12.6211716
              ],
              [
                -70.0502214,
                12.6211135
              ],
              [
                -70.0501955,
                12.6211054
              ],
              [
                -70.0501374,
                12.621127
              ],
              [
                -70.0500867,
                12.6210924
              ],
              [
                -70.0500203,
                12.6210778
              ],
              [
                -70.0499737,
                12.6210675
              ],
              [
                -70.0499153,
                12.6210344
              ],
              [
                -70.0498658,
                12.6210239
              ],
              [
                -70.0498297,
                12.6210431
              ],
              [
                -70.0497977,
                12.6210344
              ],
              [
                -70.0497499,
                12.6209731
              ],
              [
                -70.0496638,
                12.6209559
              ],
              [
                -70.0496396,
                12.620951
              ],
              [
                -70.0495396,
                12.6209103
              ],
              [
                -70.049422,
                12.6209127
              ],
              [
                -70.0493712,
                12.6209464
              ],
              [
                -70.0493496,
                12.6209424
              ],
              [
                -70.049327,
                12.6209213
              ],
              [
                -70.0493324,
                12.6208884
              ],
              [
                -70.0493097,
                12.6208551
              ],
              [
                -70.0491681,
                12.6207997
              ],
              [
                -70.049098,
                12.6207788
              ],
              [
                -70.0490554,
                12.6207849
              ],
              [
                -70.048872,
                12.6208853
              ],
              [
                -70.0488272,
                12.6208771
              ],
              [
                -70.0487464,
                12.6208289
              ],
              [
                -70.048676,
                12.6208269
              ],
              [
                -70.0486324,
                12.6208626
              ],
              [
                -70.0485391,
                12.62081
              ],
              [
                -70.048536,
                12.6206914
              ],
              [
                -70.048475,
                12.6206804
              ],
              [
                -70.0484492,
                12.6207603
              ],
              [
                -70.0484068,
                12.6207672
              ],
              [
                -70.0483657,
                12.6207545
              ],
              [
                -70.0482957,
                12.6206905
              ],
              [
                -70.0481657,
                12.6206622
              ],
              [
                -70.0481738,
                12.6205776
              ],
              [
                -70.0481172,
                12.620526
              ],
              [
                -70.0481169,
                12.6204694
              ],
              [
                -70.0480345,
                12.62043
              ],
              [
                -70.0479778,
                12.6204899
              ],
              [
                -70.0479404,
                12.62049
              ],
              [
                -70.0479053,
                12.6204704
              ],
              [
                -70.0478949,
                12.6204424
              ],
              [
                -70.0479173,
                12.6203748
              ],
              [
                -70.047884,
                12.6203083
              ],
              [
                -70.0477454,
                12.6201821
              ],
              [
                -70.0476982,
                12.6201685
              ],
              [
                -70.0476071,
                12.6201704
              ],
              [
                -70.0475658,
                12.6201738
              ],
              [
                -70.0475251,
                12.6201959
              ],
              [
                -70.0474154,
                12.6201389
              ],
              [
                -70.0473608,
                12.6201667
              ],
              [
                -70.0473416,
                12.6201533
              ],
              [
                -70.0473507,
                12.6201246
              ],
              [
                -70.0473141,
                12.6200958
              ],
              [
                -70.0473024,
                12.6200879
              ],
              [
                -70.04717,
                12.6200456
              ],
              [
                -70.0471261,
                12.6200487
              ],
              [
                -70.0470764,
                12.6201062
              ],
              [
                -70.0470227,
                12.6201389
              ],
              [
                -70.046966,
                12.6202301
              ],
              [
                -70.0469369,
                12.6202188
              ],
              [
                -70.0468927,
                12.6201315
              ],
              [
                -70.0468744,
                12.6201283
              ],
              [
                -70.0468679,
                12.6201754
              ],
              [
                -70.0468397,
                12.6201862
              ],
              [
                -70.0468097,
                12.6201551
              ],
              [
                -70.0467719,
                12.6200639
              ],
              [
                -70.0467911,
                12.6200399
              ],
              [
                -70.0468287,
                12.620041
              ],
              [
                -70.0468495,
                12.6200182
              ],
              [
                -70.0468455,
                12.6199686
              ],
              [
                -70.0467344,
                12.6196718
              ],
              [
                -70.0467178,
                12.6194955
              ],
              [
                -70.0467271,
                12.6194478
              ],
              [
                -70.0467131,
                12.6194016
              ],
              [
                -70.0467657,
                12.6194023
              ],
              [
                -70.0467912,
                12.6193767
              ],
              [
                -70.0468345,
                12.6192753
              ],
              [
                -70.0468351,
                12.6192089
              ],
              [
                -70.0467956,
                12.619026
              ],
              [
                -70.0467256,
                12.6188623
              ],
              [
                -70.0466482,
                12.6187603
              ],
              [
                -70.0466305,
                12.6186742
              ],
              [
                -70.0464676,
                12.6184168
              ],
              [
                -70.0462508,
                12.6180349
              ],
              [
                -70.0462584,
                12.6180227
              ],
              [
                -70.0461816,
                12.6179073
              ],
              [
                -70.0460665,
                12.6176148
              ],
              [
                -70.04599,
                12.6174755
              ],
              [
                -70.0458848,
                12.6173805
              ],
              [
                -70.0458267,
                12.6173533
              ],
              [
                -70.0457103,
                12.6172269
              ],
              [
                -70.0456388,
                12.6171838
              ],
              [
                -70.0454369,
                12.6169381
              ],
              [
                -70.0453391,
                12.6167762
              ],
              [
                -70.0451644,
                12.6165635
              ],
              [
                -70.0450179,
                12.6163424
              ],
              [
                -70.0447115,
                12.6159968
              ],
              [
                -70.0444738,
                12.6158451
              ],
              [
                -70.0443822,
                12.6157613
              ],
              [
                -70.0439391,
                12.6152662
              ],
              [
                -70.0437621,
                12.6151376
              ],
              [
                -70.043724,
                12.6151235
              ],
              [
                -70.0434301,
                12.6148788
              ],
              [
                -70.0433598,
                12.6148568
              ],
              [
                -70.0429664,
                12.6145881
              ],
              [
                -70.0428102,
                12.6145222
              ],
              [
                -70.0427588,
                12.6144775
              ],
              [
                -70.0422248,
                12.6141644
              ],
              [
                -70.0415348,
                12.6137037
              ],
              [
                -70.0414952,
                12.6136611
              ],
              [
                -70.0411132,
                12.6133848
              ],
              [
                -70.0410044,
                12.6133237
              ],
              [
                -70.0409185,
                12.6132452
              ],
              [
                -70.0407669,
                12.6131607
              ],
              [
                -70.0406548,
                12.6130743
              ],
              [
                -70.0405726,
                12.6130623
              ],
              [
                -70.0404787,
                12.6130001
              ],
              [
                -70.0404733,
                12.6129684
              ],
              [
                -70.0404248,
                12.6129622
              ],
              [
                -70.0403612,
                12.6129
              ],
              [
                -70.040164,
                12.6127629
              ],
              [
                -70.0399785,
                12.6126564
              ],
              [
                -70.0397995,
                12.6124669
              ],
              [
                -70.0397059,
                12.6124124
              ],
              [
                -70.039674,
                12.6123244
              ],
              [
                -70.0396426,
                12.6123152
              ],
              [
                -70.0395128,
                12.6121739
              ],
              [
                -70.0393225,
                12.6120953
              ],
              [
                -70.0392208,
                12.6120292
              ],
              [
                -70.0390026,
                12.6117728
              ],
              [
                -70.0389686,
                12.6116437
              ],
              [
                -70.0388878,
                12.6115042
              ],
              [
                -70.0388167,
                12.6114682
              ],
              [
                -70.0386963,
                12.6114467
              ],
              [
                -70.03865,
                12.6114167
              ],
              [
                -70.0385816,
                12.6113429
              ],
              [
                -70.0384954,
                12.6111833
              ],
              [
                -70.0384035,
                12.6111076
              ],
              [
                -70.0383852,
                12.6110426
              ],
              [
                -70.0382988,
                12.6109733
              ],
              [
                -70.0381685,
                12.6109084
              ],
              [
                -70.0381433,
                12.6109461
              ],
              [
                -70.038122,
                12.6109408
              ],
              [
                -70.0380169,
                12.6108698
              ],
              [
                -70.0379968,
                12.6108281
              ],
              [
                -70.0379652,
                12.6108425
              ],
              [
                -70.0379395,
                12.6108359
              ],
              [
                -70.0377018,
                12.6107377
              ],
              [
                -70.037658,
                12.6106816
              ],
              [
                -70.0375569,
                12.6106328
              ],
              [
                -70.0374786,
                12.6106535
              ],
              [
                -70.0373387,
                12.6106543
              ],
              [
                -70.0372776,
                12.6106822
              ],
              [
                -70.0372265,
                12.6106878
              ],
              [
                -70.0371578,
                12.6106505
              ],
              [
                -70.0370612,
                12.6106517
              ],
              [
                -70.0370117,
                12.6106222
              ],
              [
                -70.0369608,
                12.6106188
              ],
              [
                -70.0369081,
                12.6106383
              ],
              [
                -70.036821,
                12.610568
              ],
              [
                -70.0367339,
                12.6106216
              ],
              [
                -70.0366365,
                12.6106222
              ],
              [
                -70.0364555,
                12.6105667
              ],
              [
                -70.0362292,
                12.6105314
              ],
              [
                -70.0360526,
                12.6104813
              ],
              [
                -70.0355932,
                12.6102969
              ],
              [
                -70.0345679,
                12.6096041
              ],
              [
                -70.034363,
                12.6094801
              ],
              [
                -70.0340949,
                12.6092376
              ],
              [
                -70.0339258,
                12.6091136
              ],
              [
                -70.0338277,
                12.6090137
              ],
              [
                -70.0337238,
                12.6089333
              ],
              [
                -70.0335097,
                12.6086825
              ],
              [
                -70.0334572,
                12.6086529
              ],
              [
                -70.0333104,
                12.6084492
              ],
              [
                -70.0332563,
                12.6084106
              ],
              [
                -70.033188,
                12.6082985
              ],
              [
                -70.0331215,
                12.6082519
              ],
              [
                -70.0330768,
                12.608164
              ],
              [
                -70.0329751,
                12.6080525
              ],
              [
                -70.0329806,
                12.6079995
              ],
              [
                -70.0329236,
                12.6079659
              ],
              [
                -70.0328562,
                12.6078557
              ],
              [
                -70.0328516,
                12.6078156
              ],
              [
                -70.0328125,
                12.6077915
              ],
              [
                -70.0327274,
                12.6076754
              ],
              [
                -70.032723,
                12.6076378
              ],
              [
                -70.0326989,
                12.6076035
              ],
              [
                -70.0327123,
                12.6075622
              ],
              [
                -70.0326773,
                12.6075487
              ],
              [
                -70.0325818,
                12.6074117
              ],
              [
                -70.0324941,
                12.6072199
              ],
              [
                -70.0323736,
                12.6070299
              ],
              [
                -70.0322259,
                12.6067503
              ],
              [
                -70.0319209,
                12.6063731
              ],
              [
                -70.0315694,
                12.6060575
              ],
              [
                -70.0313631,
                12.6058346
              ],
              [
                -70.031282,
                12.6057186
              ],
              [
                -70.0312469,
                12.60567
              ],
              [
                -70.0311758,
                12.6054981
              ],
              [
                -70.0310789,
                12.605329
              ],
              [
                -70.0310376,
                12.6052849
              ],
              [
                -70.0308793,
                12.6051296
              ],
              [
                -70.0307406,
                12.6050607
              ],
              [
                -70.0307067,
                12.6050545
              ],
              [
                -70.0306901,
                12.6050726
              ],
              [
                -70.0306433,
                12.6052245
              ],
              [
                -70.0305948,
                12.6052622
              ],
              [
                -70.0304382,
                12.6053127
              ],
              [
                -70.030361,
                12.6053191
              ],
              [
                -70.0300676,
                12.6054306
              ],
              [
                -70.0297603,
                12.6055203
              ],
              [
                -70.029627,
                12.6055797
              ],
              [
                -70.0295457,
                12.6055893
              ],
              [
                -70.0294668,
                12.6055727
              ],
              [
                -70.0293086,
                12.6055946
              ],
              [
                -70.0291122,
                12.6055677
              ],
              [
                -70.0288934,
                12.6055103
              ],
              [
                -70.0288074,
                12.6055066
              ],
              [
                -70.02846505,
                12.60541424
              ],
              [
                -70.0282981,
                12.6053692
              ],
              [
                -70.02826505,
                12.605354693
              ],
              [
                -70.0280222,
                12.6052481
              ],
              [
                -70.0277578,
                12.6050706
              ],
              [
                -70.0274264,
                12.6048456
              ],
              [
                -70.0270498,
                12.6046208
              ],
              [
                -70.0267672,
                12.6043355
              ],
              [
                -70.0267599,
                12.6042564
              ],
              [
                -70.0267596,
                12.604228
              ],
              [
                -70.0267088,
                12.6041865
              ],
              [
                -70.0266771,
                12.6041927
              ],
              [
                -70.0266295,
                12.6042288
              ],
              [
                -70.0265974,
                12.6042185
              ],
              [
                -70.0265675,
                12.6042613
              ],
              [
                -70.0265493,
                12.604259
              ],
              [
                -70.026228,
                12.604092
              ],
              [
                -70.0261258,
                12.6040214
              ],
              [
                -70.0261209,
                12.6039928
              ],
              [
                -70.0260889,
                12.6039565
              ],
              [
                -70.026039,
                12.6039574
              ],
              [
                -70.0258998,
                12.6038501
              ],
              [
                -70.0258527,
                12.6038371
              ],
              [
                -70.0257343,
                12.6037612
              ],
              [
                -70.0256772,
                12.6037653
              ],
              [
                -70.0256449,
                12.6037031
              ],
              [
                -70.025576,
                12.6037077
              ],
              [
                -70.0252719,
                12.6035759
              ],
              [
                -70.0251334,
                12.6034673
              ],
              [
                -70.0247902,
                12.6032955
              ],
              [
                -70.0247496,
                12.6032668
              ],
              [
                -70.0246809,
                12.6032563
              ],
              [
                -70.0245199,
                12.6031181
              ],
              [
                -70.0244647,
                12.6031126
              ],
              [
                -70.0244505,
                12.6030846
              ],
              [
                -70.0243874,
                12.6030652
              ],
              [
                -70.0243218,
                12.6030232
              ],
              [
                -70.0242157,
                12.603002
              ],
              [
                -70.024179,
                12.6029981
              ],
              [
                -70.0240694,
                12.6029365
              ],
              [
                -70.0237284,
                12.6026936
              ],
              [
                -70.0233374,
                12.6024134
              ],
              [
                -70.023185,
                12.6022792
              ],
              [
                -70.0229338,
                12.6020334
              ],
              [
                -70.0228743,
                12.6019974
              ],
              [
                -70.0227156,
                12.601833
              ],
              [
                -70.0224556,
                12.6015347
              ],
              [
                -70.0222688,
                12.6012544
              ],
              [
                -70.0222425,
                12.6011717
              ],
              [
                -70.0222107,
                12.6010886
              ],
              [
                -70.0222374,
                12.6010496
              ],
              [
                -70.0222445,
                12.6010344
              ],
              [
                -70.0222312,
                12.6010214
              ],
              [
                -70.0221773,
                12.6010156
              ],
              [
                -70.0221285,
                12.6009741
              ],
              [
                -70.0220627,
                12.600871
              ],
              [
                -70.0220529,
                12.6007879
              ],
              [
                -70.02204,
                12.6007502
              ],
              [
                -70.0219764,
                12.6007327
              ],
              [
                -70.0218708,
                12.6005815
              ],
              [
                -70.0218324,
                12.6004799
              ],
              [
                -70.0218016,
                12.6004374
              ],
              [
                -70.0217942,
                12.6004109
              ],
              [
                -70.0218098,
                12.6003955
              ],
              [
                -70.0218176,
                12.6003692
              ],
              [
                -70.0217816,
                12.6003165
              ],
              [
                -70.0217709,
                12.6002598
              ],
              [
                -70.0217129,
                12.6001845
              ],
              [
                -70.0217032,
                12.6001021
              ],
              [
                -70.0217235,
                12.6000149
              ],
              [
                -70.0217121,
                12.5999663
              ],
              [
                -70.0217178,
                12.5999439
              ],
              [
                -70.0216903,
                12.5999106
              ],
              [
                -70.021632,
                12.5999192
              ],
              [
                -70.0216067,
                12.5998822
              ],
              [
                -70.021563,
                12.599865
              ],
              [
                -70.0215348,
                12.5998472
              ],
              [
                -70.0215115,
                12.5998628
              ],
              [
                -70.0214441,
                12.5997634
              ],
              [
                -70.0213888,
                12.5996711
              ],
              [
                -70.0213785,
                12.5996437
              ],
              [
                -70.0213872,
                12.5996131
              ],
              [
                -70.0213803,
                12.5995668
              ],
              [
                -70.02139,
                12.5995504
              ],
              [
                -70.0213653,
                12.5995493
              ],
              [
                -70.0213113,
                12.5994625
              ],
              [
                -70.021282,
                12.5994302
              ],
              [
                -70.0211933,
                12.5993876
              ],
              [
                -70.021122,
                12.5993568
              ],
              [
                -70.021109,
                12.5993354
              ],
              [
                -70.0210994,
                12.5992168
              ],
              [
                -70.021042,
                12.5991066
              ],
              [
                -70.0210069,
                12.5990701
              ],
              [
                -70.0209714,
                12.5990566
              ],
              [
                -70.020964,
                12.5989908
              ],
              [
                -70.0209018,
                12.5989855
              ],
              [
                -70.0208548,
                12.598984
              ],
              [
                -70.0208534,
                12.5988861
              ],
              [
                -70.0208498,
                12.5988641
              ],
              [
                -70.0207565,
                12.5987657
              ],
              [
                -70.0206618,
                12.5986929
              ],
              [
                -70.0205213,
                12.5986117
              ],
              [
                -70.0203169,
                12.5985493
              ],
              [
                -70.0202728,
                12.5985211
              ],
              [
                -70.0203207,
                12.5984976
              ],
              [
                -70.020329,
                12.598478
              ],
              [
                -70.0202571,
                12.5984568
              ],
              [
                -70.0202261,
                12.5984644
              ],
              [
                -70.0202086,
                12.5984861
              ],
              [
                -70.0201788,
                12.5984876
              ],
              [
                -70.0200677,
                12.5984023
              ],
              [
                -70.0200639,
                12.598381
              ],
              [
                -70.0200923,
                12.598373
              ],
              [
                -70.0201391,
                12.5983953
              ],
              [
                -70.02015,
                12.5983851
              ],
              [
                -70.0199983,
                12.5983032
              ],
              [
                -70.0199562,
                12.59829
              ],
              [
                -70.0199148,
                12.5982986
              ],
              [
                -70.0199178,
                12.5982729
              ],
              [
                -70.0199985,
                12.598256
              ],
              [
                -70.01993,
                12.5982095
              ],
              [
                -70.0199256,
                12.5981987
              ],
              [
                -70.0199459,
                12.5981887
              ],
              [
                -70.0199487,
                12.5981604
              ],
              [
                -70.0199835,
                12.5981459
              ],
              [
                -70.0199757,
                12.5981285
              ],
              [
                -70.0199001,
                12.5980999
              ],
              [
                -70.0198043,
                12.5981303
              ],
              [
                -70.0197581,
                12.5981071
              ],
              [
                -70.019737,
                12.5981398
              ],
              [
                -70.0197007,
                12.5981466
              ],
              [
                -70.0196886,
                12.5981166
              ],
              [
                -70.0196967,
                12.598091
              ],
              [
                -70.0196536,
                12.598033
              ],
              [
                -70.0196656,
                12.5979928
              ],
              [
                -70.0196269,
                12.5979727
              ],
              [
                -70.0195852,
                12.5979082
              ],
              [
                -70.0196033,
                12.5978742
              ],
              [
                -70.0195885,
                12.5978252
              ],
              [
                -70.0195966,
                12.597808
              ],
              [
                -70.0196406,
                12.5978007
              ],
              [
                -70.0197079,
                12.597807
              ],
              [
                -70.0197176,
                12.5977447
              ],
              [
                -70.0196576,
                12.597708
              ],
              [
                -70.0195926,
                12.597713
              ],
              [
                -70.0195661,
                12.5976634
              ],
              [
                -70.0195892,
                12.5975853
              ],
              [
                -70.0195203,
                12.5974777
              ],
              [
                -70.0194831,
                12.597456
              ],
              [
                -70.0194026,
                12.5974647
              ],
              [
                -70.0193333,
                12.5974472
              ],
              [
                -70.0193319,
                12.5974166
              ],
              [
                -70.0193525,
                12.5974088
              ],
              [
                -70.0194129,
                12.5974253
              ],
              [
                -70.0194344,
                12.5973976
              ],
              [
                -70.0193934,
                12.5973706
              ],
              [
                -70.0193523,
                12.5973822
              ],
              [
                -70.0193004,
                12.5973754
              ],
              [
                -70.0192932,
                12.5973491
              ],
              [
                -70.0193053,
                12.5973158
              ],
              [
                -70.0193582,
                12.5972846
              ],
              [
                -70.0193698,
                12.5972614
              ],
              [
                -70.0192878,
                12.5970553
              ],
              [
                -70.0192379,
                12.597031
              ],
              [
                -70.0192162,
                12.597043
              ],
              [
                -70.0191478,
                12.5970361
              ],
              [
                -70.0190985,
                12.5970642
              ],
              [
                -70.0190375,
                12.5970367
              ],
              [
                -70.0190272,
                12.5970082
              ],
              [
                -70.0190604,
                12.5969661
              ],
              [
                -70.0190951,
                12.5969756
              ],
              [
                -70.0191061,
                12.596957
              ],
              [
                -70.0190992,
                12.5969014
              ],
              [
                -70.0191271,
                12.5968556
              ],
              [
                -70.0191184,
                12.5968297
              ],
              [
                -70.0191328,
                12.5966739
              ],
              [
                -70.0190748,
                12.5965853
              ],
              [
                -70.019024,
                12.5965607
              ],
              [
                -70.0190085,
                12.5965371
              ],
              [
                -70.0189994,
                12.5964973
              ],
              [
                -70.0190321,
                12.5964768
              ],
              [
                -70.0190192,
                12.5964317
              ],
              [
                -70.0189908,
                12.5963378
              ],
              [
                -70.0188958,
                12.5962542
              ],
              [
                -70.0189343,
                12.596257
              ],
              [
                -70.0189399,
                12.5962413
              ],
              [
                -70.0189112,
                12.5962071
              ],
              [
                -70.0188572,
                12.5962269
              ],
              [
                -70.0188303,
                12.5962172
              ],
              [
                -70.0188762,
                12.5961598
              ],
              [
                -70.0188675,
                12.5961439
              ],
              [
                -70.0188082,
                12.5961877
              ],
              [
                -70.0187909,
                12.5961688
              ],
              [
                -70.0188248,
                12.5961267
              ],
              [
                -70.0188576,
                12.5961163
              ],
              [
                -70.018846,
                12.5960903
              ],
              [
                -70.0187385,
                12.5960675
              ],
              [
                -70.0187257,
                12.5960462
              ],
              [
                -70.0187404,
                12.5960237
              ],
              [
                -70.018822,
                12.5960242
              ],
              [
                -70.0188403,
                12.5959965
              ],
              [
                -70.0188557,
                12.5959356
              ],
              [
                -70.0188454,
                12.5958772
              ],
              [
                -70.0187775,
                12.5958027
              ],
              [
                -70.0187377,
                12.5958066
              ],
              [
                -70.0187098,
                12.5958179
              ],
              [
                -70.0186988,
                12.5957081
              ],
              [
                -70.0186742,
                12.5957133
              ],
              [
                -70.0187172,
                12.5956619
              ],
              [
                -70.0187464,
                12.5955759
              ],
              [
                -70.0187541,
                12.5953415
              ],
              [
                -70.0187504,
                12.595286
              ],
              [
                -70.0187221,
                12.5952983
              ],
              [
                -70.018691,
                12.5952791
              ],
              [
                -70.0185962,
                12.5951808
              ],
              [
                -70.0185938,
                12.5951626
              ],
              [
                -70.0185624,
                12.5951477
              ],
              [
                -70.0185595,
                12.5950968
              ],
              [
                -70.0185219,
                12.5950587
              ],
              [
                -70.0185046,
                12.5949901
              ],
              [
                -70.0184883,
                12.5949715
              ],
              [
                -70.0184484,
                12.5949623
              ],
              [
                -70.0183934,
                12.5948846
              ],
              [
                -70.0183839,
                12.5948375
              ],
              [
                -70.0183387,
                12.594803
              ],
              [
                -70.0183442,
                12.5947894
              ],
              [
                -70.0182759,
                12.5946525
              ],
              [
                -70.0182412,
                12.5945472
              ],
              [
                -70.0181992,
                12.5945062
              ],
              [
                -70.0182023,
                12.5944657
              ],
              [
                -70.0181765,
                12.5944502
              ],
              [
                -70.0181708,
                12.5944091
              ],
              [
                -70.018148,
                12.5943942
              ],
              [
                -70.0181746,
                12.5943095
              ],
              [
                -70.018228,
                12.5942458
              ],
              [
                -70.0182765,
                12.5942196
              ],
              [
                -70.0183337,
                12.5942187
              ],
              [
                -70.0183157,
                12.5941859
              ],
              [
                -70.0182948,
                12.5941844
              ],
              [
                -70.018262,
                12.594158
              ],
              [
                -70.0182692,
                12.5941175
              ],
              [
                -70.0181487,
                12.5941381
              ],
              [
                -70.0181192,
                12.5941196
              ],
              [
                -70.0181005,
                12.5941176
              ],
              [
                -70.018075,
                12.5940741
              ],
              [
                -70.017987,
                12.594019
              ],
              [
                -70.0179813,
                12.5939603
              ],
              [
                -70.0179604,
                12.5939385
              ],
              [
                -70.0179615,
                12.5939129
              ],
              [
                -70.0179201,
                12.5938662
              ],
              [
                -70.0178998,
                12.5937693
              ],
              [
                -70.0178698,
                12.5937439
              ],
              [
                -70.0178719,
                12.5937127
              ],
              [
                -70.017849,
                12.5937016
              ],
              [
                -70.0177786,
                12.5935798
              ],
              [
                -70.0177286,
                12.5935625
              ],
              [
                -70.0176904,
                12.5935031
              ],
              [
                -70.0176551,
                12.5934775
              ],
              [
                -70.0176273,
                12.593316
              ],
              [
                -70.0176084,
                12.5933172
              ],
              [
                -70.0175876,
                12.5932696
              ],
              [
                -70.0175363,
                12.5932551
              ],
              [
                -70.0175714,
                12.5932078
              ],
              [
                -70.0175272,
                12.5931784
              ],
              [
                -70.0175509,
                12.5931488
              ],
              [
                -70.0174772,
                12.5930705
              ],
              [
                -70.0174253,
                12.5929556
              ],
              [
                -70.0174136,
                12.5929064
              ],
              [
                -70.0174223,
                12.5928877
              ],
              [
                -70.0173512,
                12.5927633
              ],
              [
                -70.0173499,
                12.5927162
              ],
              [
                -70.0173265,
                12.5926933
              ],
              [
                -70.0172998,
                12.5925835
              ],
              [
                -70.0172984,
                12.5924925
              ],
              [
                -70.0173419,
                12.5923981
              ],
              [
                -70.0173333,
                12.5923549
              ],
              [
                -70.0172963,
                12.5923367
              ],
              [
                -70.0172914,
                12.5923033
              ],
              [
                -70.0173248,
                12.5922577
              ],
              [
                -70.017367,
                12.592262
              ],
              [
                -70.0173943,
                12.5922588
              ],
              [
                -70.0174035,
                12.5922274
              ],
              [
                -70.017354,
                12.5922331
              ],
              [
                -70.0173154,
                12.5922168
              ],
              [
                -70.0173135,
                12.5922346
              ],
              [
                -70.0172796,
                12.5922448
              ],
              [
                -70.0172053,
                12.5922136
              ],
              [
                -70.0171779,
                12.5922064
              ],
              [
                -70.0171506,
                12.592226
              ],
              [
                -70.0171263,
                12.5922241
              ],
              [
                -70.0171207,
                12.5921779
              ],
              [
                -70.0170622,
                12.592155
              ],
              [
                -70.0170083,
                12.59205
              ],
              [
                -70.0169479,
                12.5919854
              ],
              [
                -70.0168761,
                12.5918565
              ],
              [
                -70.0167955,
                12.5915928
              ],
              [
                -70.0168263,
                12.591568
              ],
              [
                -70.0167978,
                12.5915309
              ],
              [
                -70.0168021,
                12.5915189
              ],
              [
                -70.0168453,
                12.59148
              ],
              [
                -70.0168619,
                12.5914281
              ],
              [
                -70.016918,
                12.5913625
              ],
              [
                -70.0169618,
                12.5913065
              ],
              [
                -70.0168909,
                12.5912732
              ],
              [
                -70.0168387,
                12.5912201
              ],
              [
                -70.0168091,
                12.5911638
              ],
              [
                -70.016757,
                12.5910904
              ],
              [
                -70.0166931,
                12.591108
              ],
              [
                -70.0166403,
                12.5911623
              ],
              [
                -70.0165906,
                12.5911619
              ],
              [
                -70.0165905,
                12.5911448
              ],
              [
                -70.0166281,
                12.5911095
              ],
              [
                -70.0166026,
                12.5910965
              ],
              [
                -70.0165496,
                12.5911292
              ],
              [
                -70.0164956,
                12.5911302
              ],
              [
                -70.0164221,
                12.5910629
              ],
              [
                -70.0162825,
                12.5908543
              ],
              [
                -70.0161866,
                12.5907436
              ],
              [
                -70.0160573,
                12.5905544
              ],
              [
                -70.0160216,
                12.5904268
              ],
              [
                -70.0159679,
                12.5903158
              ],
              [
                -70.0159307,
                12.590276
              ],
              [
                -70.0158226,
                12.5900364
              ],
              [
                -70.0157985,
                12.5900144
              ],
              [
                -70.0157709,
                12.5898836
              ],
              [
                -70.0157493,
                12.589847
              ],
              [
                -70.0157369,
                12.589776
              ],
              [
                -70.015631,
                12.5896686
              ],
              [
                -70.0156554,
                12.5896326
              ],
              [
                -70.0155982,
                12.5896185
              ],
              [
                -70.0156108,
                12.5895663
              ],
              [
                -70.015574,
                12.5895474
              ],
              [
                -70.0155755,
                12.5895135
              ],
              [
                -70.0154992,
                12.5893775
              ],
              [
                -70.0154279,
                12.5891821
              ],
              [
                -70.0153247,
                12.5890154
              ],
              [
                -70.0152415,
                12.5888266
              ],
              [
                -70.0152276,
                12.5887524
              ],
              [
                -70.0152573,
                12.5886947
              ],
              [
                -70.0152174,
                12.5886318
              ],
              [
                -70.0151899,
                12.5885885
              ],
              [
                -70.0151113,
                12.5885008
              ],
              [
                -70.0150042,
                12.5884612
              ],
              [
                -70.0149775,
                12.5884092
              ],
              [
                -70.0149066,
                12.588339
              ],
              [
                -70.0148939,
                12.5883055
              ],
              [
                -70.0147119,
                12.5881349
              ],
              [
                -70.0145239,
                12.5878884
              ],
              [
                -70.0145202,
                12.5878611
              ],
              [
                -70.0143797,
                12.5876875
              ],
              [
                -70.0139803,
                12.5870958
              ],
              [
                -70.0139494,
                12.5870288
              ],
              [
                -70.0139499,
                12.5869711
              ],
              [
                -70.0139748,
                12.586923
              ],
              [
                -70.0139924,
                12.586884
              ],
              [
                -70.0139869,
                12.5868502
              ],
              [
                -70.014042,
                12.58678
              ],
              [
                -70.0141979,
                12.5866696
              ],
              [
                -70.0142306,
                12.5866457
              ],
              [
                -70.0141861,
                12.5865949
              ],
              [
                -70.0141111,
                12.5866255
              ],
              [
                -70.01398,
                12.586715
              ],
              [
                -70.01391,
                12.5867036
              ],
              [
                -70.0138679,
                12.5867253
              ],
              [
                -70.0138293,
                12.5867303
              ],
              [
                -70.0137869,
                12.5867004
              ],
              [
                -70.0137092,
                12.5865777
              ],
              [
                -70.0135872,
                12.5864724
              ],
              [
                -70.0134468,
                12.5863133
              ],
              [
                -70.0132264,
                12.5859836
              ],
              [
                -70.0132177,
                12.5859077
              ],
              [
                -70.013273,
                12.5854583
              ],
              [
                -70.0132745,
                12.5853909
              ],
              [
                -70.0131046,
                12.5851785
              ],
              [
                -70.0130399,
                12.5851187
              ],
              [
                -70.0129601,
                12.5850534
              ],
              [
                -70.0127278,
                12.5849577
              ],
              [
                -70.0126825,
                12.5849504
              ],
              [
                -70.012629,
                12.5849655
              ],
              [
                -70.01259,
                12.5850153
              ],
              [
                -70.0125856,
                12.5850504
              ],
              [
                -70.0125114,
                12.5850804
              ],
              [
                -70.0124701,
                12.5852171
              ],
              [
                -70.012431,
                12.5852463
              ],
              [
                -70.0123292,
                12.5852055
              ],
              [
                -70.0122725,
                12.585145
              ],
              [
                -70.0121792,
                12.5850778
              ],
              [
                -70.0120813,
                12.5849564
              ],
              [
                -70.011968,
                12.5848934
              ],
              [
                -70.0118086,
                12.5847445
              ],
              [
                -70.011771,
                12.5847013
              ],
              [
                -70.0117964,
                12.5846642
              ],
              [
                -70.0118334,
                12.5844804
              ],
              [
                -70.0119195,
                12.5842888
              ],
              [
                -70.0119238,
                12.584255
              ],
              [
                -70.011847,
                12.5842028
              ],
              [
                -70.0116705,
                12.5841288
              ],
              [
                -70.0116477,
                12.584126
              ],
              [
                -70.0115756,
                12.5842089
              ],
              [
                -70.0115314,
                12.5843407
              ],
              [
                -70.0113698,
                12.5843882
              ],
              [
                -70.0112438,
                12.5843869
              ],
              [
                -70.0110051,
                12.5842711
              ],
              [
                -70.0108865,
                12.5841681
              ],
              [
                -70.0107054,
                12.5840229
              ],
              [
                -70.0103468,
                12.5836872
              ],
              [
                -70.0102099,
                12.5835257
              ],
              [
                -70.010196,
                12.5835027
              ],
              [
                -70.0102457,
                12.5834223
              ],
              [
                -70.0102451,
                12.583336
              ],
              [
                -70.0102413,
                12.5833164
              ],
              [
                -70.0102294,
                12.5833213
              ],
              [
                -70.0102331,
                12.5833747
              ],
              [
                -70.0102128,
                12.5833941
              ],
              [
                -70.0101798,
                12.583384
              ],
              [
                -70.0101374,
                12.5834186
              ],
              [
                -70.010103,
                12.5834268
              ],
              [
                -70.0100598,
                12.583401
              ],
              [
                -70.0093078,
                12.5826698
              ],
              [
                -70.0092248,
                12.5825619
              ],
              [
                -70.0092135,
                12.5825161
              ],
              [
                -70.0093796,
                12.5824123
              ],
              [
                -70.0093913,
                12.5823956
              ],
              [
                -70.0093651,
                12.5823326
              ],
              [
                -70.0093764,
                12.5822991
              ],
              [
                -70.0092899,
                12.5823061
              ],
              [
                -70.0091376,
                12.5823591
              ],
              [
                -70.0090434,
                12.5823412
              ],
              [
                -70.0088693,
                12.5822813
              ],
              [
                -70.0088106,
                12.5822329
              ],
              [
                -70.0087425,
                12.5820923
              ],
              [
                -70.008654,
                12.5819542
              ],
              [
                -70.0084571,
                12.5817515
              ],
              [
                -70.0082596,
                12.5815131
              ],
              [
                -70.0081939,
                12.58147
              ],
              [
                -70.0081679,
                12.5814182
              ],
              [
                -70.0082582,
                12.5812871
              ],
              [
                -70.0082711,
                12.5812438
              ],
              [
                -70.0082251,
                12.5811859
              ],
              [
                -70.0082059,
                12.5811938
              ],
              [
                -70.0081164,
                12.5811754
              ],
              [
                -70.0080461,
                12.5811875
              ],
              [
                -70.0079813,
                12.5811727
              ],
              [
                -70.0077961,
                12.5810149
              ],
              [
                -70.007647,
                12.5808417
              ],
              [
                -70.0076029,
                12.580771
              ],
              [
                -70.0075892,
                12.5806827
              ],
              [
                -70.0076354,
                12.580608
              ],
              [
                -70.0077573,
                12.580502
              ],
              [
                -70.0078187,
                12.5804691
              ],
              [
                -70.007843,
                12.5804389
              ],
              [
                -70.0077877,
                12.5803901
              ],
              [
                -70.0077758,
                12.5803195
              ],
              [
                -70.0076139,
                12.5804225
              ],
              [
                -70.0075645,
                12.5804468
              ],
              [
                -70.0074713,
                12.5804369
              ],
              [
                -70.0073986,
                12.5804209
              ],
              [
                -70.0073652,
                12.5804285
              ],
              [
                -70.0073132,
                12.580437
              ],
              [
                -70.0071929,
                12.5803633
              ],
              [
                -70.0069628,
                12.5801553
              ],
              [
                -70.0068743,
                12.5800563
              ],
              [
                -70.0067133,
                12.5798178
              ],
              [
                -70.0066898,
                12.5797125
              ],
              [
                -70.0066951,
                12.5796661
              ],
              [
                -70.0067033,
                12.5795821
              ],
              [
                -70.0067221,
                12.57955
              ],
              [
                -70.0067536,
                12.5795329
              ],
              [
                -70.00681,
                12.579533
              ],
              [
                -70.0068959,
                12.5794857
              ],
              [
                -70.0068861,
                12.5794487
              ],
              [
                -70.006946,
                12.5794103
              ],
              [
                -70.0069783,
                12.5793715
              ],
              [
                -70.0069479,
                12.579285
              ],
              [
                -70.0069072,
                12.5792147
              ],
              [
                -70.0068475,
                12.5791655
              ],
              [
                -70.0067867,
                12.5791409
              ],
              [
                -70.0067462,
                12.5791477
              ],
              [
                -70.0067514,
                12.5792292
              ],
              [
                -70.0067273,
                12.579248
              ],
              [
                -70.0066907,
                12.5792559
              ],
              [
                -70.0065148,
                12.5793877
              ],
              [
                -70.0064582,
                12.5793909
              ],
              [
                -70.0064342,
                12.5794094
              ],
              [
                -70.0063895,
                12.5794018
              ],
              [
                -70.0063507,
                12.5793842
              ],
              [
                -70.006312,
                12.5794013
              ],
              [
                -70.006138,
                12.579269
              ],
              [
                -70.0057152,
                12.578814
              ],
              [
                -70.0055704,
                12.5786255
              ],
              [
                -70.0054706,
                12.5785308
              ],
              [
                -70.0052173,
                12.5783322
              ],
              [
                -70.0051166,
                12.5782145
              ],
              [
                -70.0050861,
                12.5781857
              ],
              [
                -70.0050413,
                12.5780974
              ],
              [
                -70.0050369,
                12.5780254
              ],
              [
                -70.005064,
                12.5780016
              ],
              [
                -70.0050653,
                12.5779795
              ],
              [
                -70.005043,
                12.5779495
              ],
              [
                -70.0050208,
                12.5779352
              ],
              [
                -70.005019,
                12.5779157
              ],
              [
                -70.0051331,
                12.5778568
              ],
              [
                -70.0051299,
                12.5778128
              ],
              [
                -70.0050924,
                12.5777923
              ],
              [
                -70.0049704,
                12.5778072
              ],
              [
                -70.0049221,
                12.5777927
              ],
              [
                -70.0048388,
                12.5778084
              ],
              [
                -70.0046581,
                12.5777025
              ],
              [
                -70.0046138,
                12.5776516
              ],
              [
                -70.004442,
                12.5774684
              ],
              [
                -70.0041918,
                12.5771327
              ],
              [
                -70.0040595,
                12.5770086
              ],
              [
                -70.0039489,
                12.5768332
              ],
              [
                -70.0038477,
                12.5767157
              ],
              [
                -70.003834,
                12.5766555
              ],
              [
                -70.0038547,
                12.5766125
              ],
              [
                -70.0039433,
                12.5765904
              ],
              [
                -70.0039633,
                12.5765746
              ],
              [
                -70.0039655,
                12.5765357
              ],
              [
                -70.0040486,
                12.5764713
              ],
              [
                -70.0042269,
                12.5763913
              ],
              [
                -70.004302,
                12.5763654
              ],
              [
                -70.0042948,
                12.5762594
              ],
              [
                -70.0041811,
                12.5762812
              ],
              [
                -70.004136,
                12.5763039
              ],
              [
                -70.0041171,
                12.576297
              ],
              [
                -70.0041095,
                12.5762728
              ],
              [
                -70.0040482,
                12.5762738
              ],
              [
                -70.0039915,
                12.5762188
              ],
              [
                -70.0039576,
                12.5762081
              ],
              [
                -70.0039015,
                12.5762457
              ],
              [
                -70.0038608,
                12.5762536
              ],
              [
                -70.0037274,
                12.5760963
              ],
              [
                -70.0036964,
                12.5760453
              ],
              [
                -70.0037181,
                12.5759888
              ],
              [
                -70.0037172,
                12.5759467
              ],
              [
                -70.003695,
                12.5760141
              ],
              [
                -70.0036181,
                12.5760397
              ],
              [
                -70.0035343,
                12.5759726
              ],
              [
                -70.0035048,
                12.5759266
              ],
              [
                -70.0034757,
                12.5758714
              ],
              [
                -70.0034654,
                12.575807
              ],
              [
                -70.003433,
                12.5757663
              ],
              [
                -70.0030762,
                12.5754128
              ],
              [
                -70.0030526,
                12.5753091
              ],
              [
                -70.0027863,
                12.5751713
              ],
              [
                -70.0023322,
                12.5745264
              ],
              [
                -70.0023454,
                12.5745089
              ],
              [
                -70.0028118,
                12.5738913
              ],
              [
                -70.0026897,
                12.5736844
              ],
              [
                -70.0025379,
                12.573534
              ],
              [
                -70.0023304,
                12.5734152
              ],
              [
                -70.002192,
                12.573336
              ],
              [
                -70.0020747,
                12.5733007
              ],
              [
                -70.0018969,
                12.5734602
              ],
              [
                -70.0017482,
                12.5735869
              ],
              [
                -70.0015632,
                12.5736712
              ],
              [
                -70.0014093,
                12.5738206
              ],
              [
                -70.0013852,
                12.573844
              ],
              [
                -70.0003823,
                12.5732505
              ],
              [
                -70.0003535,
                12.5732405
              ],
              [
                -70.000346,
                12.5732219
              ],
              [
                -70.000331,
                12.5731727
              ],
              [
                -70.0002828,
                12.57319
              ],
              [
                -70.0002173,
                12.5731717
              ],
              [
                -70.000128,
                12.5731007
              ],
              [
                -70.0000008,
                12.5730495
              ],
              [
                -69.9997559,
                12.5728458
              ],
              [
                -69.9993319,
                12.5725375
              ],
              [
                -69.999293,
                12.5724952
              ],
              [
                -69.999296,
                12.5724514
              ],
              [
                -69.9992813,
                12.572427
              ],
              [
                -69.9992899,
                12.5723769
              ],
              [
                -69.9992037,
                12.5723976
              ],
              [
                -69.9991669,
                12.5723298
              ],
              [
                -69.9990934,
                12.5723006
              ],
              [
                -69.999016,
                12.5722143
              ],
              [
                -69.9989799,
                12.5721405
              ],
              [
                -69.9989617,
                12.5720269
              ],
              [
                -69.9989764,
                12.5719655
              ],
              [
                -69.9989661,
                12.5719527
              ],
              [
                -69.9989553,
                12.5719051
              ],
              [
                -69.9990843,
                12.5718102
              ],
              [
                -69.9990793,
                12.5717495
              ],
              [
                -69.9991108,
                12.5717246
              ],
              [
                -69.9991255,
                12.5716088
              ],
              [
                -69.9991684,
                12.5715451
              ],
              [
                -69.9992569,
                12.5714629
              ],
              [
                -69.9993058,
                12.5714169
              ],
              [
                -69.9992164,
                12.5713323
              ],
              [
                -69.9991551,
                12.5713017
              ],
              [
                -69.9991146,
                12.5713567
              ],
              [
                -69.9989986,
                12.5714353
              ],
              [
                -69.9989229,
                12.5715005
              ],
              [
                -69.9988329,
                12.5716194
              ],
              [
                -69.9988082,
                12.5716419
              ],
              [
                -69.9987545,
                12.571749
              ],
              [
                -69.9986891,
                12.5717981
              ],
              [
                -69.9985986,
                12.5718018
              ],
              [
                -69.9985134,
                12.571751
              ],
              [
                -69.9983514,
                12.5716305
              ],
              [
                -69.9981338,
                12.5714177
              ],
              [
                -69.9980524,
                12.5713582
              ],
              [
                -69.9980131,
                12.5712896
              ],
              [
                -69.9980236,
                12.5711849
              ],
              [
                -69.9980165,
                12.5711525
              ],
              [
                -69.9980304,
                12.5711244
              ],
              [
                -69.9980534,
                12.5710973
              ],
              [
                -69.9981107,
                12.5710783
              ],
              [
                -69.9981267,
                12.5710477
              ],
              [
                -69.9981191,
                12.5710138
              ],
              [
                -69.9982593,
                12.5708593
              ],
              [
                -69.9982684,
                12.5708423
              ],
              [
                -69.9982203,
                12.5707992
              ],
              [
                -69.9981904,
                12.5707838
              ],
              [
                -69.9980768,
                12.5709168
              ],
              [
                -69.997955,
                12.5710072
              ],
              [
                -69.9979174,
                12.5710334
              ],
              [
                -69.9978134,
                12.5710488
              ],
              [
                -69.9977536,
                12.5710787
              ],
              [
                -69.9977099,
                12.5710959
              ],
              [
                -69.9977028,
                12.5710777
              ],
              [
                -69.997595,
                12.5710255
              ],
              [
                -69.9974363,
                12.570905
              ],
              [
                -69.9973415,
                12.5708615
              ],
              [
                -69.9971423,
                12.5706989
              ],
              [
                -69.9970281,
                12.5705514
              ],
              [
                -69.9969961,
                12.5704881
              ],
              [
                -69.9970038,
                12.570421
              ],
              [
                -69.9969936,
                12.5704001
              ],
              [
                -69.997034475,
                12.570335225
              ],
              [
                -69.9970372,
                12.5703309
              ],
              [
                -69.9970455,
                12.5702929
              ],
              [
                -69.9970804,
                12.5702702
              ],
              [
                -69.9970518,
                12.5702549
              ],
              [
                -69.9970349,
                12.5702233
              ],
              [
                -69.9970619,
                12.5701799
              ],
              [
                -69.9970856,
                12.5701475
              ],
              [
                -69.997057,
                12.5701315
              ],
              [
                -69.9970145,
                12.5701993
              ],
              [
                -69.9970165,
                12.5702294
              ],
              [
                -69.9969608,
                12.5702964
              ],
              [
                -69.9968925,
                12.5702803
              ],
              [
                -69.996838,
                12.5703021
              ],
              [
                -69.9967894,
                12.5702928
              ],
              [
                -69.9967735,
                12.5702076
              ],
              [
                -69.996811,
                12.5701819
              ],
              [
                -69.9968775,
                12.5701729
              ],
              [
                -69.9968871,
                12.5701505
              ],
              [
                -69.9968763,
                12.5700993
              ],
              [
                -69.9969227,
                12.5700453
              ],
              [
                -69.996941,
                12.5699606
              ],
              [
                -69.9969309,
                12.5699419
              ],
              [
                -69.996949,
                12.5699132
              ],
              [
                -69.9969185,
                12.5697988
              ],
              [
                -69.9968771,
                12.569689
              ],
              [
                -69.9968666,
                12.569618
              ],
              [
                -69.9967914,
                12.5695279
              ],
              [
                -69.9966631,
                12.5694711
              ],
              [
                -69.9966145,
                12.5694764
              ],
              [
                -69.9965868,
                12.5694711
              ],
              [
                -69.9965396,
                12.5694978
              ],
              [
                -69.9964568,
                12.5696435
              ],
              [
                -69.9964527,
                12.569716
              ],
              [
                -69.9964296,
                12.5697433
              ],
              [
                -69.9963944,
                12.5697441
              ],
              [
                -69.996385,
                12.5697811
              ],
              [
                -69.9963405,
                12.5698199
              ],
              [
                -69.9963014,
                12.5698394
              ],
              [
                -69.9962684,
                12.5698308
              ],
              [
                -69.9961602,
                12.5697531
              ],
              [
                -69.9960831,
                12.5696673
              ],
              [
                -69.9960173,
                12.569641
              ],
              [
                -69.9959625,
                12.5695946
              ],
              [
                -69.9958138,
                12.5694296
              ],
              [
                -69.9957522,
                12.5693915
              ],
              [
                -69.9956832,
                12.5693006
              ],
              [
                -69.9956382,
                12.5692099
              ],
              [
                -69.9956072,
                12.5691837
              ],
              [
                -69.9956089,
                12.5691506
              ],
              [
                -69.9956954,
                12.5690309
              ],
              [
                -69.9956789,
                12.569005
              ],
              [
                -69.9956467,
                12.5689904
              ],
              [
                -69.9956126,
                12.5689992
              ],
              [
                -69.9956005,
                12.5690318
              ],
              [
                -69.9954623,
                12.5690452
              ],
              [
                -69.995376997,
                12.569035277
              ],
              [
                -69.9953643,
                12.5690338
              ],
              [
                -69.9953139,
                12.5690101
              ],
              [
                -69.9952643,
                12.5689416
              ],
              [
                -69.995176997,
                12.568896049
              ],
              [
                -69.9950621,
                12.5688361
              ],
              [
                -69.9949372,
                12.5686896
              ],
              [
                -69.9948746,
                12.5686212
              ],
              [
                -69.9949289,
                12.5685519
              ],
              [
                -69.9949199,
                12.5685191
              ],
              [
                -69.9948925,
                12.5685055
              ],
              [
                -69.9948054,
                12.5685304
              ],
              [
                -69.9946726,
                12.5685213
              ],
              [
                -69.9946087,
                12.5684711
              ],
              [
                -69.9945653,
                12.5684368
              ],
              [
                -69.9946108,
                12.5684126
              ],
              [
                -69.9946099,
                12.5683955
              ],
              [
                -69.9945489,
                12.568321
              ],
              [
                -69.9944935,
                12.5682829
              ],
              [
                -69.9944068,
                12.5683577
              ],
              [
                -69.9944129,
                12.5683992
              ],
              [
                -69.9943892,
                12.5684107
              ],
              [
                -69.9943338,
                12.5684022
              ],
              [
                -69.9942465,
                12.5684034
              ],
              [
                -69.9942338,
                12.5683931
              ],
              [
                -69.9942193,
                12.5683643
              ],
              [
                -69.9942427,
                12.5683139
              ],
              [
                -69.9942481,
                12.5682985
              ],
              [
                -69.9942066,
                12.5682674
              ],
              [
                -69.9942042,
                12.5682435
              ],
              [
                -69.9941519,
                12.568174
              ],
              [
                -69.9938903,
                12.567936
              ],
              [
                -69.9937786,
                12.5678018
              ],
              [
                -69.9937652,
                12.5677079
              ],
              [
                -69.9937536,
                12.567567
              ],
              [
                -69.9937654,
                12.5675376
              ],
              [
                -69.99377,
                12.5675169
              ],
              [
                -69.9937476,
                12.5674929
              ],
              [
                -69.9936955,
                12.5674953
              ],
              [
                -69.9935833,
                12.5674066
              ],
              [
                -69.9935575,
                12.5672566
              ],
              [
                -69.9934694,
                12.5671472
              ],
              [
                -69.9934744,
                12.5671188
              ],
              [
                -69.993508,
                12.5670902
              ],
              [
                -69.9935062,
                12.5670722
              ],
              [
                -69.993436,
                12.5670694
              ],
              [
                -69.9933934,
                12.5669993
              ],
              [
                -69.9933911,
                12.5668737
              ],
              [
                -69.9934064,
                12.5668582
              ],
              [
                -69.9934154,
                12.5667946
              ],
              [
                -69.9933463,
                12.566662
              ],
              [
                -69.9933051,
                12.5666195
              ],
              [
                -69.9933014,
                12.5665625
              ],
              [
                -69.9932477,
                12.5665243
              ],
              [
                -69.9932181,
                12.5663943
              ],
              [
                -69.993207,
                12.5663595
              ],
              [
                -69.9931065,
                12.5663988
              ],
              [
                -69.9930092,
                12.5663848
              ],
              [
                -69.9929109,
                12.5662429
              ],
              [
                -69.9929228,
                12.5662151
              ],
              [
                -69.9928914,
                12.5661712
              ],
              [
                -69.9928847,
                12.5661577
              ],
              [
                -69.9927815,
                12.566072
              ],
              [
                -69.9926735,
                12.5659554
              ],
              [
                -69.9926205,
                12.5659092
              ],
              [
                -69.9925686,
                12.5659471
              ],
              [
                -69.992526,
                12.5659583
              ],
              [
                -69.9923805,
                12.5658688
              ],
              [
                -69.9923083,
                12.56589
              ],
              [
                -69.9922704,
                12.5658784
              ],
              [
                -69.992193,
                12.565832
              ],
              [
                -69.9921661,
                12.5657876
              ],
              [
                -69.9921538,
                12.5657633
              ],
              [
                -69.9922196,
                12.5657198
              ],
              [
                -69.9922086,
                12.5656966
              ],
              [
                -69.9921444,
                12.5656727
              ],
              [
                -69.9921333,
                12.5656457
              ],
              [
                -69.9920607,
                12.5656441
              ],
              [
                -69.992079,
                12.5656885
              ],
              [
                -69.9920706,
                12.5657085
              ],
              [
                -69.9920443,
                12.5657163
              ],
              [
                -69.9918179,
                12.5656437
              ],
              [
                -69.9918113,
                12.5656362
              ],
              [
                -69.9918553,
                12.5655729
              ],
              [
                -69.9918332,
                12.5655508
              ],
              [
                -69.9918393,
                12.5654952
              ],
              [
                -69.9918276,
                12.565485
              ],
              [
                -69.9917064,
                12.5654944
              ],
              [
                -69.9916657,
                12.5655566
              ],
              [
                -69.9916519,
                12.5655561
              ],
              [
                -69.9916424,
                12.5655175
              ],
              [
                -69.9915873,
                12.565492
              ],
              [
                -69.9915709,
                12.565372
              ],
              [
                -69.9915582,
                12.5653678
              ],
              [
                -69.9915293,
                12.5654239
              ],
              [
                -69.9914834,
                12.5654296
              ],
              [
                -69.9915165,
                12.565359
              ],
              [
                -69.9914646,
                12.5653449
              ],
              [
                -69.9914277,
                12.565315
              ],
              [
                -69.9914704,
                12.5652608
              ],
              [
                -69.9914626,
                12.5652089
              ],
              [
                -69.991495,
                12.5651851
              ],
              [
                -69.9915166,
                12.5651907
              ],
              [
                -69.9915642,
                12.5651414
              ],
              [
                -69.991528,
                12.5651055
              ],
              [
                -69.9914517,
                12.5650835
              ],
              [
                -69.9914585,
                12.565004
              ],
              [
                -69.9914157,
                12.5649455
              ],
              [
                -69.9913768,
                12.5649373
              ],
              [
                -69.9913181,
                12.56497
              ],
              [
                -69.9912522,
                12.5649707
              ],
              [
                -69.9912416,
                12.5649512
              ],
              [
                -69.9912832,
                12.5647461
              ],
              [
                -69.991238,
                12.5647081
              ],
              [
                -69.9911967,
                12.5647058
              ],
              [
                -69.9910833,
                12.5646003
              ],
              [
                -69.9910485,
                12.5645355
              ],
              [
                -69.9910242,
                12.5645152
              ],
              [
                -69.9910174,
                12.5644829
              ],
              [
                -69.9910565,
                12.5644364
              ],
              [
                -69.9911444,
                12.5642599
              ],
              [
                -69.9911433,
                12.5639893
              ],
              [
                -69.9911101,
                12.5639151
              ],
              [
                -69.9910843,
                12.5639042
              ],
              [
                -69.9910258,
                12.5639117
              ],
              [
                -69.9909265,
                12.5639558
              ],
              [
                -69.9908892,
                12.5639919
              ],
              [
                -69.990868,
                12.5640124
              ],
              [
                -69.9908288,
                12.5639922
              ],
              [
                -69.9906738,
                12.5638428
              ],
              [
                -69.9905337,
                12.5636156
              ],
              [
                -69.9904879,
                12.5635475
              ],
              [
                -69.9904979,
                12.5635336
              ],
              [
                -69.990541,
                12.563527
              ],
              [
                -69.9905324,
                12.5634947
              ],
              [
                -69.9905894,
                12.5634348
              ],
              [
                -69.9906038,
                12.5633797
              ],
              [
                -69.9906552,
                12.5632968
              ],
              [
                -69.9906873,
                12.5632664
              ],
              [
                -69.9905454,
                12.5632338
              ],
              [
                -69.9904728,
                12.5633052
              ],
              [
                -69.9904502,
                12.5632997
              ],
              [
                -69.9903926,
                12.5632409
              ],
              [
                -69.9902971,
                12.5631831
              ],
              [
                -69.9902449,
                12.5631675
              ],
              [
                -69.9902188,
                12.563122
              ],
              [
                -69.9901538,
                12.5630811
              ],
              [
                -69.9901296,
                12.5630307
              ],
              [
                -69.9900947,
                12.5630179
              ],
              [
                -69.9900875,
                12.5629907
              ],
              [
                -69.9900444,
                12.5629508
              ],
              [
                -69.989983,
                12.5629314
              ],
              [
                -69.9899935,
                12.5628942
              ],
              [
                -69.9898717,
                12.562791
              ],
              [
                -69.9898378,
                12.5627701
              ],
              [
                -69.9897396,
                12.562766
              ],
              [
                -69.9897141,
                12.5627515
              ],
              [
                -69.9896695,
                12.5626287
              ],
              [
                -69.9896473,
                12.5626107
              ],
              [
                -69.9896255,
                12.562604
              ],
              [
                -69.9895643,
                12.5626318
              ],
              [
                -69.9895436,
                12.5626241
              ],
              [
                -69.9895439,
                12.5625919
              ],
              [
                -69.9896165,
                12.562544
              ],
              [
                -69.9896386,
                12.5624742
              ],
              [
                -69.9895795,
                12.5624245
              ],
              [
                -69.9895593,
                12.5623846
              ],
              [
                -69.9895174,
                12.5623674
              ],
              [
                -69.9894364,
                12.5623396
              ],
              [
                -69.9893934,
                12.562388
              ],
              [
                -69.9893315,
                12.5623437
              ],
              [
                -69.9892824,
                12.5623449
              ],
              [
                -69.9892496,
                12.5622872
              ],
              [
                -69.9892814,
                12.5622541
              ],
              [
                -69.9892661,
                12.5622293
              ],
              [
                -69.9893101,
                12.5622259
              ],
              [
                -69.9892855,
                12.5621864
              ],
              [
                -69.9892855,
                12.5621685
              ],
              [
                -69.9893349,
                12.5621325
              ],
              [
                -69.9893363,
                12.5621017
              ],
              [
                -69.9893194,
                12.5620899
              ],
              [
                -69.98931,
                12.562036
              ],
              [
                -69.9892905,
                12.5620095
              ],
              [
                -69.9893145,
                12.5619635
              ],
              [
                -69.9892922,
                12.5619037
              ],
              [
                -69.9891852,
                12.5616347
              ],
              [
                -69.9890779,
                12.5614979
              ],
              [
                -69.9890016,
                12.5613705
              ],
              [
                -69.9889265,
                12.5612986
              ],
              [
                -69.9888968,
                12.5612495
              ],
              [
                -69.9888728,
                12.5611103
              ],
              [
                -69.9888374,
                12.5610355
              ],
              [
                -69.9888104,
                12.5610089
              ],
              [
                -69.9888299,
                12.5609326
              ],
              [
                -69.9889917,
                12.5608018
              ],
              [
                -69.9890066,
                12.560786
              ],
              [
                -69.9889915,
                12.560725
              ],
              [
                -69.9889177,
                12.5607535
              ],
              [
                -69.9888589,
                12.560751
              ],
              [
                -69.9888458,
                12.5607353
              ],
              [
                -69.988875,
                12.560657
              ],
              [
                -69.9888638,
                12.560636
              ],
              [
                -69.9888446,
                12.5606305
              ],
              [
                -69.988821,
                12.560674
              ],
              [
                -69.9887859,
                12.5606704
              ],
              [
                -69.9887016,
                12.5606216
              ],
              [
                -69.988687,
                12.5605996
              ],
              [
                -69.9886298,
                12.5605776
              ],
              [
                -69.9885898,
                12.5605924
              ],
              [
                -69.9885658,
                12.5606264
              ],
              [
                -69.9884818,
                12.560558
              ],
              [
                -69.9884789,
                12.5605418
              ],
              [
                -69.9884977,
                12.5605326
              ],
              [
                -69.9884873,
                12.560493
              ],
              [
                -69.9884631,
                12.5604827
              ],
              [
                -69.988415,
                12.5604188
              ],
              [
                -69.9883797,
                12.5603489
              ],
              [
                -69.988389,
                12.5603258
              ],
              [
                -69.9883176,
                12.5602203
              ],
              [
                -69.988314,
                12.5601305
              ],
              [
                -69.988291,
                12.5601041
              ],
              [
                -69.9883043,
                12.5600571
              ],
              [
                -69.9882564,
                12.5599497
              ],
              [
                -69.9882695,
                12.5598407
              ],
              [
                -69.9882429,
                12.5596999
              ],
              [
                -69.9882466,
                12.5595545
              ],
              [
                -69.9882013,
                12.5593454
              ],
              [
                -69.9882128,
                12.5593136
              ],
              [
                -69.9878875,
                12.5590359
              ],
              [
                -69.9878523,
                12.5590122
              ],
              [
                -69.9877893,
                12.5589745
              ],
              [
                -69.9877273,
                12.5590039
              ],
              [
                -69.9875405,
                12.5588835
              ],
              [
                -69.9873988,
                12.5588777
              ],
              [
                -69.9873811,
                12.5588842
              ],
              [
                -69.9873473,
                12.558946
              ],
              [
                -69.9872356,
                12.5590024
              ],
              [
                -69.9871671,
                12.5590199
              ],
              [
                -69.9871496,
                12.5589903
              ],
              [
                -69.9872306,
                12.5588987
              ],
              [
                -69.9872468,
                12.5587869
              ],
              [
                -69.9872224,
                12.5587195
              ],
              [
                -69.9871432,
                12.5586806
              ],
              [
                -69.98706,
                12.5586623
              ],
              [
                -69.9869509,
                12.5587493
              ],
              [
                -69.9868588,
                12.5587728
              ],
              [
                -69.9866307,
                12.558763
              ],
              [
                -69.986565,
                12.5587128
              ],
              [
                -69.9865131,
                12.5586252
              ],
              [
                -69.9864175,
                12.5585732
              ],
              [
                -69.9862867,
                12.5585397
              ],
              [
                -69.9861752,
                12.5584115
              ],
              [
                -69.9859595,
                12.5583641
              ],
              [
                -69.98591,
                12.5583646
              ],
              [
                -69.9858637,
                12.5583655
              ],
              [
                -69.9858075,
                12.558348
              ],
              [
                -69.9857018,
                12.5582329
              ],
              [
                -69.985296,
                12.558011
              ],
              [
                -69.9851471,
                12.5578397
              ],
              [
                -69.9850543,
                12.5577683
              ],
              [
                -69.9848736,
                12.5577005
              ],
              [
                -69.9848477,
                12.5576945
              ],
              [
                -69.98483,
                12.5577231
              ],
              [
                -69.9847814,
                12.5577279
              ],
              [
                -69.9846006,
                12.557706
              ],
              [
                -69.9845147,
                12.557628
              ],
              [
                -69.9844593,
                12.5576008
              ],
              [
                -69.9842974,
                12.5575629
              ],
              [
                -69.9840339,
                12.5575319
              ],
              [
                -69.9838802,
                12.5574178
              ],
              [
                -69.9838093,
                12.5573885
              ],
              [
                -69.9836277,
                12.5574081
              ],
              [
                -69.983564,
                12.5573894
              ],
              [
                -69.9835232,
                12.5573999
              ],
              [
                -69.9834603,
                12.5574492
              ],
              [
                -69.9833818,
                12.5574743
              ],
              [
                -69.9832423,
                12.5574809
              ],
              [
                -69.9831487,
                12.5575191
              ],
              [
                -69.9830263,
                12.5575417
              ],
              [
                -69.9828153,
                12.5574999
              ],
              [
                -69.9827502,
                12.5574474
              ],
              [
                -69.9827276,
                12.5574067
              ],
              [
                -69.9827077,
                12.5573847
              ],
              [
                -69.9826807,
                12.5573805
              ],
              [
                -69.9826287,
                12.5574084
              ],
              [
                -69.9826,
                12.5575516
              ],
              [
                -69.982561,
                12.5576431
              ],
              [
                -69.9824038,
                12.5578117
              ],
              [
                -69.9821625,
                12.5579787
              ],
              [
                -69.9820393,
                12.5580346
              ],
              [
                -69.9819455,
                12.5580526
              ],
              [
                -69.980927,
                12.5577479
              ],
              [
                -69.9807567,
                12.5576834
              ],
              [
                -69.9803584,
                12.5574731
              ],
              [
                -69.9799423,
                12.5572296
              ],
              [
                -69.9798885,
                12.5571481
              ],
              [
                -69.9799334,
                12.5570483
              ],
              [
                -69.9799436,
                12.5569286
              ],
              [
                -69.9800909,
                12.5568145
              ],
              [
                -69.9801772,
                12.5567698
              ],
              [
                -69.9802245,
                12.5566222
              ],
              [
                -69.9802975,
                12.5565596
              ],
              [
                -69.980294,
                12.5565468
              ],
              [
                -69.9802394,
                12.5565716
              ],
              [
                -69.980291,
                12.5564971
              ],
              [
                -69.9803044,
                12.5565072
              ],
              [
                -69.9803362,
                12.556481
              ],
              [
                -69.9804157,
                12.5564673
              ],
              [
                -69.9804386,
                12.5564465
              ],
              [
                -69.9804372,
                12.556402
              ],
              [
                -69.9804086,
                12.5563296
              ],
              [
                -69.9803063,
                12.5562222
              ],
              [
                -69.980187,
                12.5561468
              ],
              [
                -69.980021,
                12.5561067
              ],
              [
                -69.9799055,
                12.556137
              ],
              [
                -69.979838,
                12.5562099
              ],
              [
                -69.9798523,
                12.5562572
              ],
              [
                -69.9798911,
                12.5562776
              ],
              [
                -69.9799133,
                12.5564118
              ],
              [
                -69.9798455,
                12.5564625
              ],
              [
                -69.9798005,
                12.5564683
              ],
              [
                -69.9795348,
                12.556625
              ],
              [
                -69.9794156,
                12.5566679
              ],
              [
                -69.9793649,
                12.5566665
              ],
              [
                -69.9792941,
                12.5566742
              ],
              [
                -69.9792108,
                12.5566386
              ],
              [
                -69.9790308,
                12.5565428
              ],
              [
                -69.9788699,
                12.556417
              ],
              [
                -69.9787459,
                12.5563987
              ],
              [
                -69.9786974,
                12.5563783
              ],
              [
                -69.9786825,
                12.5563564
              ],
              [
                -69.9786218,
                12.5563419
              ],
              [
                -69.9783127,
                12.5561977
              ],
              [
                -69.9781452,
                12.5561024
              ],
              [
                -69.9779268,
                12.5559509
              ],
              [
                -69.9775159,
                12.555756
              ],
              [
                -69.977186,
                12.555533
              ],
              [
                -69.9770201,
                12.5554556
              ],
              [
                -69.9763403,
                12.5550718
              ],
              [
                -69.9761146,
                12.5548606
              ],
              [
                -69.9758962,
                12.5547149
              ],
              [
                -69.9756259,
                12.554485
              ],
              [
                -69.9752036,
                12.5542136
              ],
              [
                -69.9748265,
                12.5539246
              ],
              [
                -69.9747151,
                12.5537987
              ],
              [
                -69.9746022,
                12.5536978
              ],
              [
                -69.9745808,
                12.5536187
              ],
              [
                -69.9744786,
                12.5532756
              ],
              [
                -69.9744676,
                12.5532204
              ],
              [
                -69.9744652,
                12.5532087
              ],
              [
                -69.9745027,
                12.5531442
              ],
              [
                -69.9746535,
                12.5530167
              ],
              [
                -69.9747809,
                12.5528271
              ],
              [
                -69.9747889,
                12.5526586
              ],
              [
                -69.9747199,
                12.5525291
              ],
              [
                -69.9745598,
                12.552422
              ],
              [
                -69.9743305,
                12.552346
              ],
              [
                -69.9742779,
                12.5523434
              ],
              [
                -69.9740217,
                12.55242
              ],
              [
                -69.9740096,
                12.5524219
              ],
              [
                -69.9740163,
                12.5523977
              ],
              [
                -69.9739985,
                12.5523941
              ],
              [
                -69.9737954,
                12.5525255
              ],
              [
                -69.973699,
                12.5525705
              ],
              [
                -69.9735347,
                12.5525837
              ],
              [
                -69.9734197,
                12.5526331
              ],
              [
                -69.9733892,
                12.552648
              ],
              [
                -69.9731413,
                12.5526318
              ],
              [
                -69.9731607,
                12.5525383
              ],
              [
                -69.9732336,
                12.5525199
              ],
              [
                -69.9732507,
                12.5523124
              ],
              [
                -69.9731986,
                12.5522717
              ],
              [
                -69.9731183,
                12.5523243
              ],
              [
                -69.9730229,
                12.5523667
              ],
              [
                -69.9729668,
                12.552451
              ],
              [
                -69.9728733,
                12.5525109
              ],
              [
                -69.972835,
                12.552543
              ],
              [
                -69.9725108,
                12.552424
              ],
              [
                -69.9715631,
                12.5518333
              ],
              [
                -69.9713977,
                12.5516564
              ],
              [
                -69.9714948,
                12.5515371
              ],
              [
                -69.9715274,
                12.5515095
              ],
              [
                -69.9715407,
                12.5514601
              ],
              [
                -69.9714564,
                12.5514312
              ],
              [
                -69.9713847,
                12.5513714
              ],
              [
                -69.9713259,
                12.5513447
              ],
              [
                -69.9711688,
                12.5513028
              ],
              [
                -69.9711297,
                12.5512661
              ],
              [
                -69.9711088,
                12.5512165
              ],
              [
                -69.9710978,
                12.551147
              ],
              [
                -69.9711992,
                12.5509897
              ],
              [
                -69.9712298,
                12.5508893
              ],
              [
                -69.9713235,
                12.5507683
              ],
              [
                -69.9714415,
                12.5505538
              ],
              [
                -69.9715739,
                12.5504395
              ],
              [
                -69.9716944,
                12.5502894
              ],
              [
                -69.9716848,
                12.5502546
              ],
              [
                -69.9715258,
                12.55014
              ],
              [
                -69.9714516,
                12.5500448
              ],
              [
                -69.9713897,
                12.5499921
              ],
              [
                -69.9712708,
                12.5499563
              ],
              [
                -69.9712203,
                12.5499327
              ],
              [
                -69.9710977,
                12.5498756
              ],
              [
                -69.9710696,
                12.5498709
              ],
              [
                -69.9710502,
                12.5499724
              ],
              [
                -69.9708694,
                12.5500992
              ],
              [
                -69.9705782,
                12.5504241
              ],
              [
                -69.9705221,
                12.5504601
              ],
              [
                -69.9703703,
                12.5506053
              ],
              [
                -69.9701746,
                12.5507407
              ],
              [
                -69.9701157,
                12.5508093
              ],
              [
                -69.9700445,
                12.550855
              ],
              [
                -69.9699872,
                12.5508734
              ],
              [
                -69.9699744,
                12.5508646
              ],
              [
                -69.9698856,
                12.5508031
              ],
              [
                -69.9697106,
                12.5507737
              ],
              [
                -69.9694541,
                12.5506087
              ],
              [
                -69.9690752,
                12.5504239
              ],
              [
                -69.968342,
                12.5499743
              ],
              [
                -69.9681127,
                12.5498176
              ],
              [
                -69.967994,
                12.5496998
              ],
              [
                -69.9679174,
                12.5496471
              ],
              [
                -69.9678907,
                12.549622
              ],
              [
                -69.9678898,
                12.549594
              ],
              [
                -69.9679852,
                12.5494717
              ],
              [
                -69.9680909,
                12.5493675
              ],
              [
                -69.9681175,
                12.5492657
              ],
              [
                -69.9681668,
                12.5491551
              ],
              [
                -69.9681746,
                12.549124
              ],
              [
                -69.9681314,
                12.5491012
              ],
              [
                -69.9681135,
                12.5491043
              ],
              [
                -69.9680704,
                12.5491846
              ],
              [
                -69.9679728,
                12.5492801
              ],
              [
                -69.9679094,
                12.5493728
              ],
              [
                -69.9678623,
                12.549391
              ],
              [
                -69.9677513,
                12.5495005
              ],
              [
                -69.9677091,
                12.549528
              ],
              [
                -69.9673919,
                12.549382
              ],
              [
                -69.9671483,
                12.549332
              ],
              [
                -69.9670438,
                12.5493441
              ],
              [
                -69.9670033,
                12.5493104
              ],
              [
                -69.9669436,
                12.5492962
              ],
              [
                -69.9669096,
                12.549341
              ],
              [
                -69.96692,
                12.5494106
              ],
              [
                -69.9669028,
                12.5494459
              ],
              [
                -69.9668796,
                12.5494398
              ],
              [
                -69.9668533,
                12.5495668
              ],
              [
                -69.9668256,
                12.5495672
              ],
              [
                -69.966813,
                12.549546
              ],
              [
                -69.966854,
                12.5494587
              ],
              [
                -69.9668396,
                12.5494541
              ],
              [
                -69.9667863,
                12.5495358
              ],
              [
                -69.9667057,
                12.549508
              ],
              [
                -69.9666732,
                12.5495202
              ],
              [
                -69.9666508,
                12.5495073
              ],
              [
                -69.9666188,
                12.5494407
              ],
              [
                -69.9666182,
                12.5493714
              ],
              [
                -69.9666307,
                12.5493474
              ],
              [
                -69.9666734,
                12.549357
              ],
              [
                -69.9666989,
                12.5493313
              ],
              [
                -69.9667574,
                12.5493711
              ],
              [
                -69.9667599,
                12.5493555
              ],
              [
                -69.9667334,
                12.5493183
              ],
              [
                -69.9666542,
                12.549274
              ],
              [
                -69.966586,
                12.5490715
              ],
              [
                -69.9665911,
                12.5490341
              ],
              [
                -69.966611,
                12.5490173
              ],
              [
                -69.9666684,
                12.5490527
              ],
              [
                -69.9666446,
                12.549002
              ],
              [
                -69.9665816,
                12.5489579
              ],
              [
                -69.9665906,
                12.5488273
              ],
              [
                -69.9665618,
                12.5487385
              ],
              [
                -69.9665749,
                12.5486508
              ],
              [
                -69.9663646,
                12.5484696
              ],
              [
                -69.96628,
                12.5484691
              ],
              [
                -69.966206,
                12.548544
              ],
              [
                -69.9661559,
                12.5485344
              ],
              [
                -69.9661017,
                12.5485184
              ],
              [
                -69.9660115,
                12.5484967
              ],
              [
                -69.9658681,
                12.5484896
              ],
              [
                -69.9657616,
                12.5485281
              ],
              [
                -69.965555,
                12.5486446
              ],
              [
                -69.9655121,
                12.548642
              ],
              [
                -69.965491,
                12.5486074
              ],
              [
                -69.9655059,
                12.5485879
              ],
              [
                -69.9655149,
                12.5485047
              ],
              [
                -69.9654952,
                12.548478
              ],
              [
                -69.9655112,
                12.548391
              ],
              [
                -69.9655066,
                12.548235
              ],
              [
                -69.9653596,
                12.5480674
              ],
              [
                -69.9653193,
                12.5479407
              ],
              [
                -69.9652382,
                12.5478667
              ],
              [
                -69.9650942,
                12.5478515
              ],
              [
                -69.96506,
                12.5478601
              ],
              [
                -69.965027,
                12.5478421
              ],
              [
                -69.9648357,
                12.5476987
              ],
              [
                -69.9646731,
                12.5475309
              ],
              [
                -69.9644223,
                12.5474351
              ],
              [
                -69.9641513,
                12.5472782
              ],
              [
                -69.9641406,
                12.5472575
              ],
              [
                -69.9641837,
                12.5471714
              ],
              [
                -69.9641482,
                12.5470761
              ],
              [
                -69.9641739,
                12.5470125
              ],
              [
                -69.9642978,
                12.5469273
              ],
              [
                -69.964351,
                12.5468698
              ],
              [
                -69.9644827,
                12.5465679
              ],
              [
                -69.9644423,
                12.5465368
              ],
              [
                -69.9644099,
                12.5465499
              ],
              [
                -69.9643248,
                12.5468069
              ],
              [
                -69.9641426,
                12.5469692
              ],
              [
                -69.9640113,
                12.5471237
              ],
              [
                -69.9639831,
                12.5471436
              ],
              [
                -69.9639559,
                12.5471418
              ],
              [
                -69.9639287,
                12.5471094
              ],
              [
                -69.9636041,
                12.5469126
              ],
              [
                -69.9635931,
                12.5467943
              ],
              [
                -69.9635162,
                12.5468636
              ],
              [
                -69.9631737,
                12.5466285
              ],
              [
                -69.9629351,
                12.5464865
              ],
              [
                -69.9628697,
                12.5464644
              ],
              [
                -69.9628313,
                12.546438
              ],
              [
                -69.9628096,
                12.5463499
              ],
              [
                -69.9627786,
                12.546318
              ],
              [
                -69.9626445,
                12.5462379
              ],
              [
                -69.9626537,
                12.546161
              ],
              [
                -69.9626856,
                12.5461599
              ],
              [
                -69.9627052,
                12.5461432
              ],
              [
                -69.9628693,
                12.5459049
              ],
              [
                -69.9628483,
                12.5458707
              ],
              [
                -69.9628616,
                12.5457961
              ],
              [
                -69.9628212,
                12.5457395
              ],
              [
                -69.9627755,
                12.5457234
              ],
              [
                -69.9627235,
                12.5457269
              ],
              [
                -69.9626483,
                12.5458032
              ],
              [
                -69.9626151,
                12.5458658
              ],
              [
                -69.9625645,
                12.5458905
              ],
              [
                -69.9625625,
                12.545957
              ],
              [
                -69.9625163,
                12.546012
              ],
              [
                -69.9623477,
                12.5460798
              ],
              [
                -69.9622813,
                12.5461557
              ],
              [
                -69.9622636,
                12.5461176
              ],
              [
                -69.9621845,
                12.546108
              ],
              [
                -69.9622034,
                12.5460481
              ],
              [
                -69.9621859,
                12.5460326
              ],
              [
                -69.9620786,
                12.5460423
              ],
              [
                -69.962059,
                12.5459633
              ],
              [
                -69.9621064,
                12.5458557
              ],
              [
                -69.9620756,
                12.5457912
              ],
              [
                -69.9620431,
                12.5457953
              ],
              [
                -69.962009,
                12.5458719
              ],
              [
                -69.9619389,
                12.5459461
              ],
              [
                -69.9619032,
                12.5459329
              ],
              [
                -69.9619408,
                12.5458935
              ],
              [
                -69.961935,
                12.5458767
              ],
              [
                -69.9618851,
                12.5458606
              ],
              [
                -69.9618043,
                12.5458645
              ],
              [
                -69.9617584,
                12.5458452
              ],
              [
                -69.9617239,
                12.5457995
              ],
              [
                -69.9616318,
                12.5457709
              ],
              [
                -69.9615223,
                12.5457091
              ],
              [
                -69.9613997,
                12.5455971
              ],
              [
                -69.9613908,
                12.5455789
              ],
              [
                -69.9614188,
                12.5454576
              ],
              [
                -69.9614634,
                12.5453903
              ],
              [
                -69.9614878,
                12.5453198
              ],
              [
                -69.9616284,
                12.5452063
              ],
              [
                -69.9616102,
                12.5451864
              ],
              [
                -69.9616418,
                12.5451425
              ],
              [
                -69.9616741,
                12.5451529
              ],
              [
                -69.9617706,
                12.544975
              ],
              [
                -69.961776,
                12.5449407
              ],
              [
                -69.9617637,
                12.544931
              ],
              [
                -69.9617014,
                12.5449372
              ],
              [
                -69.9615344,
                12.5450911
              ],
              [
                -69.9614683,
                12.5451815
              ],
              [
                -69.9613964,
                12.5452326
              ],
              [
                -69.9613749,
                12.5452648
              ],
              [
                -69.9613076,
                12.5453024
              ],
              [
                -69.9612223,
                12.5453191
              ],
              [
                -69.9611648,
                12.545352
              ],
              [
                -69.961147046,
                12.545346476
              ],
              [
                -69.9610883,
                12.5453282
              ],
              [
                -69.9610217,
                12.5453018
              ],
              [
                -69.9610136,
                12.5452877
              ],
              [
                -69.9610291,
                12.5452382
              ],
              [
                -69.9609892,
                12.5452076
              ],
              [
                -69.9609646,
                12.5451622
              ],
              [
                -69.960947046,
                12.545160011
              ],
              [
                -69.9608764,
                12.5451512
              ],
              [
                -69.9608469,
                12.5451314
              ],
              [
                -69.9608406,
                12.5450837
              ],
              [
                -69.9608844,
                12.5450673
              ],
              [
                -69.9608092,
                12.5449913
              ],
              [
                -69.9607213,
                12.5450019
              ],
              [
                -69.9606645,
                12.5449419
              ],
              [
                -69.9606532,
                12.5449438
              ],
              [
                -69.9606579,
                12.5449894
              ],
              [
                -69.9606259,
                12.5450159
              ],
              [
                -69.9605909,
                12.5449893
              ],
              [
                -69.9605902,
                12.5449491
              ],
              [
                -69.9605747,
                12.5449485
              ],
              [
                -69.9605293,
                12.5449757
              ],
              [
                -69.9605135,
                12.5449361
              ],
              [
                -69.960485,
                12.5449494
              ],
              [
                -69.9604757,
                12.5449319
              ],
              [
                -69.9605187,
                12.5449134
              ],
              [
                -69.9605806,
                12.544853
              ],
              [
                -69.9605443,
                12.5448342
              ],
              [
                -69.9605632,
                12.5447363
              ],
              [
                -69.9607804,
                12.5444955
              ],
              [
                -69.960785,
                12.5444518
              ],
              [
                -69.9607387,
                12.5444666
              ],
              [
                -69.960752,
                12.5444834
              ],
              [
                -69.9606882,
                12.5445307
              ],
              [
                -69.9606821,
                12.5445071
              ],
              [
                -69.9607941,
                12.5443607
              ],
              [
                -69.960755,
                12.5443267
              ],
              [
                -69.9607445,
                12.5442872
              ],
              [
                -69.9607168,
                12.5442728
              ],
              [
                -69.9607282,
                12.5442269
              ],
              [
                -69.9606393,
                12.5442131
              ],
              [
                -69.9605626,
                12.5442158
              ],
              [
                -69.9605583,
                12.5442641
              ],
              [
                -69.9605219,
                12.544354
              ],
              [
                -69.9604946,
                12.5443866
              ],
              [
                -69.9604604,
                12.5443778
              ],
              [
                -69.9604365,
                12.544406
              ],
              [
                -69.9604327,
                12.5444773
              ],
              [
                -69.960342,
                12.5444815
              ],
              [
                -69.9601885,
                12.5445367
              ],
              [
                -69.9601335,
                12.5445444
              ],
              [
                -69.960114,
                12.5445168
              ],
              [
                -69.960069,
                12.544495
              ],
              [
                -69.9600188,
                12.5445397
              ],
              [
                -69.9600036,
                12.5445347
              ],
              [
                -69.9599043,
                12.5444354
              ],
              [
                -69.9598171,
                12.5443834
              ],
              [
                -69.9597741,
                12.5442901
              ],
              [
                -69.9596286,
                12.5442411
              ],
              [
                -69.9596115,
                12.5441797
              ],
              [
                -69.9595786,
                12.5441591
              ],
              [
                -69.9595834,
                12.5441266
              ],
              [
                -69.9595707,
                12.544124
              ],
              [
                -69.9593211,
                12.54418
              ],
              [
                -69.9592532,
                12.5442119
              ],
              [
                -69.959209,
                12.5442079
              ],
              [
                -69.9591445,
                12.5442324
              ],
              [
                -69.9591008,
                12.5442706
              ],
              [
                -69.9590997,
                12.5442829
              ],
              [
                -69.9591915,
                12.5443511
              ],
              [
                -69.9591776,
                12.5443762
              ],
              [
                -69.9591581,
                12.5443806
              ],
              [
                -69.9590941,
                12.5443319
              ],
              [
                -69.9590202,
                12.5443223
              ],
              [
                -69.9589823,
                12.5443413
              ],
              [
                -69.9590219,
                12.5443801
              ],
              [
                -69.9590211,
                12.5444095
              ],
              [
                -69.9589393,
                12.5444098
              ],
              [
                -69.9589264,
                12.5444584
              ],
              [
                -69.9588203,
                12.5444594
              ],
              [
                -69.9588126,
                12.5445024
              ],
              [
                -69.9587471,
                12.5445131
              ],
              [
                -69.9587241,
                12.5445667
              ],
              [
                -69.9586904,
                12.5446022
              ],
              [
                -69.9585919,
                12.5445986
              ],
              [
                -69.9586308,
                12.5445637
              ],
              [
                -69.9585623,
                12.5445421
              ],
              [
                -69.958464,
                12.5446014
              ],
              [
                -69.9584441,
                12.5446325
              ],
              [
                -69.958398,
                12.5446438
              ],
              [
                -69.958389,
                12.5447152
              ],
              [
                -69.9583735,
                12.5447338
              ],
              [
                -69.958298,
                12.5447729
              ],
              [
                -69.9582173,
                12.5447593
              ],
              [
                -69.9581737,
                12.5447276
              ],
              [
                -69.9580871,
                12.5447024
              ],
              [
                -69.9580327,
                12.5446978
              ],
              [
                -69.9580141,
                12.5447494
              ],
              [
                -69.9579525,
                12.5447686
              ],
              [
                -69.9579279,
                12.5447906
              ],
              [
                -69.9579395,
                12.5447536
              ],
              [
                -69.9579149,
                12.544749
              ],
              [
                -69.9579044,
                12.5447317
              ],
              [
                -69.9579329,
                12.5447124
              ],
              [
                -69.957937,
                12.5446926
              ],
              [
                -69.9579029,
                12.5447004
              ],
              [
                -69.9578407,
                12.5446545
              ],
              [
                -69.9578269,
                12.5446568
              ],
              [
                -69.9578133,
                12.5446938
              ],
              [
                -69.9577409,
                12.5447056
              ],
              [
                -69.9576831,
                12.5446857
              ],
              [
                -69.9575796,
                12.5446345
              ],
              [
                -69.9575107,
                12.5445378
              ],
              [
                -69.9574351,
                12.5445023
              ],
              [
                -69.9574201,
                12.5444607
              ],
              [
                -69.9573491,
                12.5444678
              ],
              [
                -69.9573252,
                12.5444547
              ],
              [
                -69.9573324,
                12.5444129
              ],
              [
                -69.957418,
                12.5444075
              ],
              [
                -69.9574539,
                12.5442278
              ],
              [
                -69.9574692,
                12.5442091
              ],
              [
                -69.9575187,
                12.5442123
              ],
              [
                -69.9574863,
                12.5441228
              ],
              [
                -69.9574994,
                12.5440395
              ],
              [
                -69.9575942,
                12.5440171
              ],
              [
                -69.9575715,
                12.5440022
              ],
              [
                -69.9575137,
                12.5439972
              ],
              [
                -69.9574971,
                12.5439655
              ],
              [
                -69.9575835,
                12.5439805
              ],
              [
                -69.9575891,
                12.5439113
              ],
              [
                -69.9576159,
                12.5439025
              ],
              [
                -69.9576568,
                12.5439162
              ],
              [
                -69.9576651,
                12.5439021
              ],
              [
                -69.9576514,
                12.5438618
              ],
              [
                -69.9576643,
                12.5438271
              ],
              [
                -69.9576808,
                12.5438077
              ],
              [
                -69.9577261,
                12.543803
              ],
              [
                -69.9577582,
                12.5437463
              ],
              [
                -69.9577888,
                12.5437432
              ],
              [
                -69.9578233,
                12.5437085
              ],
              [
                -69.9578475,
                12.5436247
              ],
              [
                -69.957825,
                12.5435398
              ],
              [
                -69.957859,
                12.5435258
              ],
              [
                -69.9578875,
                12.5434878
              ],
              [
                -69.9577922,
                12.5434605
              ],
              [
                -69.9577738,
                12.5434397
              ],
              [
                -69.9578228,
                12.5433673
              ],
              [
                -69.9578184,
                12.5432698
              ],
              [
                -69.9577943,
                12.5432124
              ],
              [
                -69.9576482,
                12.5432371
              ],
              [
                -69.9576209,
                12.5432368
              ],
              [
                -69.9575829,
                12.5432124
              ],
              [
                -69.9575848,
                12.543178
              ],
              [
                -69.9577016,
                12.5431386
              ],
              [
                -69.9577079,
                12.5431203
              ],
              [
                -69.9575611,
                12.5431619
              ],
              [
                -69.9575333,
                12.5431625
              ],
              [
                -69.9575016,
                12.5431363
              ],
              [
                -69.9574985,
                12.5431088
              ],
              [
                -69.9575279,
                12.5430638
              ],
              [
                -69.9576015,
                12.5430355
              ],
              [
                -69.9576093,
                12.5430199
              ],
              [
                -69.9575649,
                12.5430135
              ],
              [
                -69.9575415,
                12.5429553
              ],
              [
                -69.9574862,
                12.5429317
              ],
              [
                -69.9574816,
                12.5429129
              ],
              [
                -69.9575188,
                12.5428985
              ],
              [
                -69.9574852,
                12.5428204
              ],
              [
                -69.957437,
                12.5427961
              ],
              [
                -69.9575135,
                12.5427705
              ],
              [
                -69.9574906,
                12.5426963
              ],
              [
                -69.9574852,
                12.5426818
              ],
              [
                -69.9574997,
                12.5426662
              ],
              [
                -69.9575684,
                12.5426955
              ],
              [
                -69.9575882,
                12.5426869
              ],
              [
                -69.9575865,
                12.5425774
              ],
              [
                -69.9575547,
                12.5424937
              ],
              [
                -69.9575566,
                12.5424545
              ],
              [
                -69.9576015,
                12.542375
              ],
              [
                -69.9576119,
                12.5421374
              ],
              [
                -69.9575237,
                12.5419719
              ],
              [
                -69.95752,
                12.5418457
              ],
              [
                -69.9575677,
                12.5418081
              ],
              [
                -69.9576285,
                12.5418218
              ],
              [
                -69.9576603,
                12.5418079
              ],
              [
                -69.957672,
                12.5417224
              ],
              [
                -69.957674,
                12.5416901
              ],
              [
                -69.9576104,
                12.5416482
              ],
              [
                -69.9576,
                12.5416064
              ],
              [
                -69.9575046,
                12.5415336
              ],
              [
                -69.9575182,
                12.541469
              ],
              [
                -69.9577149,
                12.5412897
              ],
              [
                -69.957728,
                12.5412218
              ],
              [
                -69.9577778,
                12.5411541
              ],
              [
                -69.9578312,
                12.5411512
              ],
              [
                -69.9578249,
                12.5411607
              ],
              [
                -69.9578927,
                12.5411415
              ],
              [
                -69.9579087,
                12.5411267
              ],
              [
                -69.9579316,
                12.5411054
              ],
              [
                -69.9579576,
                12.5410584
              ],
              [
                -69.9579757,
                12.5410256
              ],
              [
                -69.958003,
                12.5409457
              ],
              [
                -69.958003,
                12.5408887
              ],
              [
                -69.9579744,
                12.5408159
              ],
              [
                -69.9578861,
                12.5407005
              ],
              [
                -69.9578485,
                12.540653
              ],
              [
                -69.9577411,
                12.5405688
              ],
              [
                -69.9574594,
                12.5404057
              ],
              [
                -69.9574227,
                12.5403457
              ],
              [
                -69.9573612,
                12.5403081
              ],
              [
                -69.9572694,
                12.5402203
              ],
              [
                -69.9571458,
                12.5399504
              ],
              [
                -69.9571917,
                12.5398411
              ],
              [
                -69.9572027,
                12.5397318
              ],
              [
                -69.9571825,
                12.5396261
              ],
              [
                -69.9572008,
                12.5395741
              ],
              [
                -69.9572761,
                12.5394989
              ],
              [
                -69.9573458,
                12.539309
              ],
              [
                -69.9574303,
                12.53918
              ],
              [
                -69.9574463,
                12.5390693
              ],
              [
                -69.9574663,
                12.538767
              ],
              [
                -69.9573709,
                12.5386828
              ],
              [
                -69.9572112,
                12.5385699
              ],
              [
                -69.9570658,
                12.5384759
              ],
              [
                -69.9570111,
                12.5385681
              ],
              [
                -69.9568991,
                12.5385806
              ],
              [
                -69.9567358,
                12.5386308
              ],
              [
                -69.956655,
                12.538638
              ],
              [
                -69.9566163,
                12.5385955
              ],
              [
                -69.9564698,
                12.5386149
              ],
              [
                -69.956422,
                12.5386389
              ],
              [
                -69.9563821,
                12.5386344
              ],
              [
                -69.9563258,
                12.5385986
              ],
              [
                -69.9563202,
                12.538378
              ],
              [
                -69.9563009,
                12.5383358
              ],
              [
                -69.9563127,
                12.5381198
              ],
              [
                -69.9562992,
                12.5380875
              ],
              [
                -69.9562059,
                12.5380346
              ],
              [
                -69.9561576,
                12.5378853
              ],
              [
                -69.9562605,
                12.5377969
              ],
              [
                -69.9562624,
                12.5377449
              ],
              [
                -69.9557594,
                12.5377324
              ],
              [
                -69.9554786,
                12.5377879
              ],
              [
                -69.9553767,
                12.5377906
              ],
              [
                -69.9553334,
                12.5378105
              ],
              [
                -69.9552603,
                12.5378755
              ],
              [
                -69.9552352,
                12.5380621
              ],
              [
                -69.955253,
                12.5381931
              ],
              [
                -69.9551986,
                12.5382629
              ],
              [
                -69.9550428,
                12.538389
              ],
              [
                -69.9549527,
                12.5384404
              ],
              [
                -69.9548979,
                12.53844
              ],
              [
                -69.9549056,
                12.5384136
              ],
              [
                -69.9549123,
                12.5382763
              ],
              [
                -69.9549778,
                12.5381148
              ],
              [
                -69.9549873,
                12.5380517
              ],
              [
                -69.9549974,
                12.5379779
              ],
              [
                -69.9549141,
                12.5379068
              ],
              [
                -69.9548943,
                12.5378403
              ],
              [
                -69.9547908,
                12.5376911
              ],
              [
                -69.9547116,
                12.5376379
              ],
              [
                -69.9545195,
                12.5376037
              ],
              [
                -69.9543869,
                12.537576
              ],
              [
                -69.9541342,
                12.5375801
              ],
              [
                -69.9539392,
                12.5376382
              ],
              [
                -69.9539236,
                12.5376437
              ],
              [
                -69.9539172,
                12.5376727
              ],
              [
                -69.9538093,
                12.5376856
              ],
              [
                -69.9537525,
                12.5376603
              ],
              [
                -69.9537012,
                12.5376061
              ],
              [
                -69.9535633,
                12.5377194
              ],
              [
                -69.9534586,
                12.5377586
              ],
              [
                -69.9533822,
                12.5377595
              ],
              [
                -69.9532549,
                12.53786
              ],
              [
                -69.9531194,
                12.5379042
              ],
              [
                -69.952954,
                12.5380286
              ],
              [
                -69.9528607,
                12.5380535
              ],
              [
                -69.9528235,
                12.5380469
              ],
              [
                -69.952757,
                12.5380667
              ],
              [
                -69.9527003,
                12.5380661
              ],
              [
                -69.952577,
                12.5380189
              ],
              [
                -69.9525074,
                12.5380157
              ],
              [
                -69.9524124,
                12.5380232
              ],
              [
                -69.9523606,
                12.5380797
              ],
              [
                -69.952063,
                12.5381691
              ],
              [
                -69.9519829,
                12.5382256
              ],
              [
                -69.9519538,
                12.5382869
              ],
              [
                -69.9518982,
                12.5383164
              ],
              [
                -69.9516574,
                12.5384441
              ],
              [
                -69.9516015,
                12.5384688
              ],
              [
                -69.9515011,
                12.5384765
              ],
              [
                -69.9514297,
                12.5384987
              ],
              [
                -69.9513819,
                12.5385244
              ],
              [
                -69.9511904,
                12.5384606
              ],
              [
                -69.9511415,
                12.5384552
              ],
              [
                -69.9511074,
                12.5384676
              ],
              [
                -69.9510952,
                12.5384739
              ],
              [
                -69.9510572,
                12.5384938
              ],
              [
                -69.9509918,
                12.5385568
              ],
              [
                -69.9509354,
                12.5385591
              ],
              [
                -69.9508717,
                12.5385393
              ],
              [
                -69.9507638,
                12.5385485
              ],
              [
                -69.9506879,
                12.5384865
              ],
              [
                -69.9507572,
                12.5384352
              ],
              [
                -69.9507213,
                12.5383612
              ],
              [
                -69.9507081,
                12.5383248
              ],
              [
                -69.9508056,
                12.5382127
              ],
              [
                -69.9507703,
                12.5381427
              ],
              [
                -69.9508185,
                12.5381042
              ],
              [
                -69.9508171,
                12.5380499
              ],
              [
                -69.9507897,
                12.5379343
              ],
              [
                -69.9507511,
                12.5379082
              ],
              [
                -69.9507145,
                12.5378713
              ],
              [
                -69.9506814,
                12.5379154
              ],
              [
                -69.9506934,
                12.5380099
              ],
              [
                -69.9506715,
                12.5380389
              ],
              [
                -69.9506303,
                12.538036
              ],
              [
                -69.950631,
                12.5379987
              ],
              [
                -69.9506424,
                12.537948
              ],
              [
                -69.9506132,
                12.5378978
              ],
              [
                -69.9505836,
                12.5378829
              ],
              [
                -69.9505081,
                12.5378964
              ],
              [
                -69.9504815,
                12.5379139
              ],
              [
                -69.9504253,
                12.5379038
              ],
              [
                -69.9503764,
                12.5379094
              ],
              [
                -69.9502806,
                12.5379176
              ],
              [
                -69.9501776,
                12.5379865
              ],
              [
                -69.9500989,
                12.5380659
              ],
              [
                -69.9500334,
                12.5381321
              ],
              [
                -69.9499968,
                12.538198
              ],
              [
                -69.9499952,
                12.5382235
              ],
              [
                -69.9500147,
                12.5382542
              ],
              [
                -69.9500098,
                12.5382935
              ],
              [
                -69.9500289,
                12.5383226
              ],
              [
                -69.9500191,
                12.5383585
              ],
              [
                -69.9500824,
                12.538352
              ],
              [
                -69.9501563,
                12.5384117
              ],
              [
                -69.9501684,
                12.5384397
              ],
              [
                -69.950233,
                12.5384799
              ],
              [
                -69.9502439,
                12.5385083
              ],
              [
                -69.9502525,
                12.5385433
              ],
              [
                -69.9502401,
                12.5386062
              ],
              [
                -69.9502587,
                12.5386818
              ],
              [
                -69.9502493,
                12.5387223
              ],
              [
                -69.9502661,
                12.5388634
              ],
              [
                -69.9501924,
                12.5389944
              ],
              [
                -69.9499336,
                12.5389966
              ],
              [
                -69.9495519,
                12.5389989
              ],
              [
                -69.9494781,
                12.5389884
              ],
              [
                -69.949298,
                12.5390088
              ],
              [
                -69.9492405,
                12.5389471
              ],
              [
                -69.9492145,
                12.5389648
              ],
              [
                -69.9491978,
                12.5390099
              ],
              [
                -69.9490983,
                12.5389975
              ],
              [
                -69.9489939,
                12.5390185
              ],
              [
                -69.9489819,
                12.5390157
              ],
              [
                -69.9489753,
                12.5389644
              ],
              [
                -69.9490065,
                12.5388676
              ],
              [
                -69.9489688,
                12.5387681
              ],
              [
                -69.948865,
                12.5386453
              ],
              [
                -69.9487528,
                12.5387235
              ],
              [
                -69.9486378,
                12.5387531
              ],
              [
                -69.94855,
                12.5388102
              ],
              [
                -69.948548,
                12.538937
              ],
              [
                -69.9484564,
                12.5389781
              ],
              [
                -69.9484103,
                12.5390298
              ],
              [
                -69.9483829,
                12.5390881
              ],
              [
                -69.9483061,
                12.5391455
              ],
              [
                -69.9483229,
                12.5391805
              ],
              [
                -69.9483176,
                12.5392462
              ],
              [
                -69.9482596,
                12.5392653
              ],
              [
                -69.9482382,
                12.5393059
              ],
              [
                -69.948234,
                12.5393651
              ],
              [
                -69.9481691,
                12.5394404
              ],
              [
                -69.9482317,
                12.5394764
              ],
              [
                -69.9482473,
                12.5395168
              ],
              [
                -69.9482263,
                12.5395211
              ],
              [
                -69.9481109,
                12.5394815
              ],
              [
                -69.9481262,
                12.5395018
              ],
              [
                -69.9480921,
                12.5396587
              ],
              [
                -69.9480955,
                12.5397367
              ],
              [
                -69.948078,
                12.5397705
              ],
              [
                -69.9480957,
                12.5397728
              ],
              [
                -69.9481346,
                12.5397234
              ],
              [
                -69.9481465,
                12.539728
              ],
              [
                -69.9481615,
                12.539742
              ],
              [
                -69.9481202,
                12.5398215
              ],
              [
                -69.948133,
                12.5398328
              ],
              [
                -69.9481946,
                12.5398223
              ],
              [
                -69.9482023,
                12.539834
              ],
              [
                -69.9481095,
                12.5398581
              ],
              [
                -69.9480452,
                12.5398204
              ],
              [
                -69.9480251,
                12.5397819
              ],
              [
                -69.9480316,
                12.5397347
              ],
              [
                -69.9480004,
                12.5397011
              ],
              [
                -69.9480303,
                12.5396545
              ],
              [
                -69.9480064,
                12.53964
              ],
              [
                -69.947878,
                12.5396871
              ],
              [
                -69.9478167,
                12.5396874
              ],
              [
                -69.9477774,
                12.5397105
              ],
              [
                -69.9477835,
                12.5397327
              ],
              [
                -69.9477572,
                12.539748
              ],
              [
                -69.9477297,
                12.5398271
              ],
              [
                -69.9476379,
                12.5398523
              ],
              [
                -69.9475442,
                12.5398452
              ],
              [
                -69.9474335,
                12.5397773
              ],
              [
                -69.9474686,
                12.5398269
              ],
              [
                -69.9474749,
                12.5398771
              ],
              [
                -69.9474673,
                12.5399062
              ],
              [
                -69.9474069,
                12.5399645
              ],
              [
                -69.9473723,
                12.5400205
              ],
              [
                -69.9473607,
                12.540047
              ],
              [
                -69.9473914,
                12.5400574
              ],
              [
                -69.9473946,
                12.5400757
              ],
              [
                -69.9473583,
                12.5400972
              ],
              [
                -69.9474411,
                12.5401266
              ],
              [
                -69.947489,
                12.540205
              ],
              [
                -69.947442,
                12.5402196
              ],
              [
                -69.9472998,
                12.5402098
              ],
              [
                -69.9473851,
                12.5402374
              ],
              [
                -69.9473902,
                12.5402926
              ],
              [
                -69.9473597,
                12.5403106
              ],
              [
                -69.947203,
                12.5403433
              ],
              [
                -69.9471836,
                12.5402254
              ],
              [
                -69.9470937,
                12.5402369
              ],
              [
                -69.9470211,
                12.5402148
              ],
              [
                -69.9469943,
                12.5402216
              ],
              [
                -69.946874,
                12.5401067
              ],
              [
                -69.9467893,
                12.5400849
              ],
              [
                -69.9467159,
                12.5400146
              ],
              [
                -69.94667,
                12.5400326
              ],
              [
                -69.9465564,
                12.5399658
              ],
              [
                -69.9465808,
                12.539865
              ],
              [
                -69.9466111,
                12.5398251
              ],
              [
                -69.9466678,
                12.5397861
              ],
              [
                -69.9467027,
                12.5397786
              ],
              [
                -69.9467227,
                12.5398035
              ],
              [
                -69.9467439,
                12.5397985
              ],
              [
                -69.9467508,
                12.539829
              ],
              [
                -69.9467861,
                12.5398342
              ],
              [
                -69.946837,
                12.5397112
              ],
              [
                -69.9468066,
                12.5396974
              ],
              [
                -69.9467802,
                12.5396585
              ],
              [
                -69.9467442,
                12.5396455
              ],
              [
                -69.9466822,
                12.5396679
              ],
              [
                -69.9465903,
                12.5396347
              ],
              [
                -69.9464534,
                12.5396756
              ],
              [
                -69.9463796,
                12.5396475
              ],
              [
                -69.9462919,
                12.5396512
              ],
              [
                -69.9462644,
                12.5396297
              ],
              [
                -69.946282,
                12.539597
              ],
              [
                -69.9463458,
                12.5395757
              ],
              [
                -69.9463858,
                12.5395356
              ],
              [
                -69.9464325,
                12.5395154
              ],
              [
                -69.9465304,
                12.5395679
              ],
              [
                -69.9465394,
                12.5395123
              ],
              [
                -69.9465955,
                12.5395294
              ],
              [
                -69.946604,
                12.5395145
              ],
              [
                -69.9466058,
                12.539464
              ],
              [
                -69.9465833,
                12.5394362
              ],
              [
                -69.9466032,
                12.5393961
              ],
              [
                -69.946622,
                12.5393828
              ],
              [
                -69.9466453,
                12.539417
              ],
              [
                -69.946684,
                12.5394309
              ],
              [
                -69.9467069,
                12.5394231
              ],
              [
                -69.9467069,
                12.5393982
              ],
              [
                -69.9467424,
                12.5393606
              ],
              [
                -69.9467732,
                12.5393503
              ],
              [
                -69.9467905,
                12.5393117
              ],
              [
                -69.9467839,
                12.5392817
              ],
              [
                -69.9467322,
                12.5392011
              ],
              [
                -69.9466529,
                12.539129
              ],
              [
                -69.9465975,
                12.5391166
              ],
              [
                -69.9465395,
                12.5392051
              ],
              [
                -69.9465102,
                12.5391832
              ],
              [
                -69.9464931,
                12.5392206
              ],
              [
                -69.9464524,
                12.539253
              ],
              [
                -69.9463928,
                12.5392746
              ],
              [
                -69.9463648,
                12.5392505
              ],
              [
                -69.9463019,
                12.539252
              ],
              [
                -69.9462905,
                12.5392252
              ],
              [
                -69.9462439,
                12.5392118
              ],
              [
                -69.9462212,
                12.5392111
              ],
              [
                -69.9461712,
                12.539249
              ],
              [
                -69.9461019,
                12.5392519
              ],
              [
                -69.9460509,
                12.5392217
              ],
              [
                -69.945997,
                12.5392249
              ],
              [
                -69.9459366,
                12.5392079
              ],
              [
                -69.9459099,
                12.5392162
              ],
              [
                -69.9458594,
                12.5391335
              ],
              [
                -69.9457705,
                12.5391657
              ],
              [
                -69.9457009,
                12.5391093
              ],
              [
                -69.9456657,
                12.5391217
              ],
              [
                -69.9456721,
                12.5390728
              ],
              [
                -69.9456449,
                12.5390538
              ],
              [
                -69.945665,
                12.5390297
              ],
              [
                -69.9456487,
                12.5390054
              ],
              [
                -69.9456852,
                12.5389567
              ],
              [
                -69.9456847,
                12.5389358
              ],
              [
                -69.9456157,
                12.5388981
              ],
              [
                -69.9455025,
                12.5389076
              ],
              [
                -69.9454184,
                12.5388921
              ],
              [
                -69.9453166,
                12.5387839
              ],
              [
                -69.9453484,
                12.5387497
              ],
              [
                -69.9452847,
                12.5387184
              ],
              [
                -69.9452587,
                12.5386898
              ],
              [
                -69.9452154,
                12.5386809
              ],
              [
                -69.9452047,
                12.5386425
              ],
              [
                -69.9451563,
                12.5386101
              ],
              [
                -69.9451948,
                12.5384379
              ],
              [
                -69.9452646,
                12.5383799
              ],
              [
                -69.9451859,
                12.5383594
              ],
              [
                -69.9451351,
                12.5383117
              ],
              [
                -69.9451335,
                12.5382689
              ],
              [
                -69.945084,
                12.5382209
              ],
              [
                -69.9450864,
                12.5381361
              ],
              [
                -69.9450948,
                12.5381059
              ],
              [
                -69.9450469,
                12.5380915
              ],
              [
                -69.9450094,
                12.5381281
              ],
              [
                -69.9448774,
                12.5381109
              ],
              [
                -69.9447506,
                12.5380654
              ],
              [
                -69.9447126,
                12.5379881
              ],
              [
                -69.9447256,
                12.5379637
              ],
              [
                -69.9447718,
                12.5379659
              ],
              [
                -69.9447724,
                12.5379414
              ],
              [
                -69.9448804,
                12.5379353
              ],
              [
                -69.9448933,
                12.5379122
              ],
              [
                -69.9449195,
                12.5378652
              ],
              [
                -69.9448442,
                12.5377946
              ],
              [
                -69.9448434,
                12.5377308
              ],
              [
                -69.9448267,
                12.5376455
              ],
              [
                -69.944822,
                12.5375387
              ],
              [
                -69.9448219,
                12.5371847
              ],
              [
                -69.9448704,
                12.536938
              ],
              [
                -69.9448747,
                12.5367247
              ],
              [
                -69.9447881,
                12.5364701
              ],
              [
                -69.9447359,
                12.5363726
              ],
              [
                -69.9446883,
                12.5363257
              ],
              [
                -69.9445814,
                12.5362853
              ],
              [
                -69.9444537,
                12.5362763
              ],
              [
                -69.9443628,
                12.5363226
              ],
              [
                -69.9442939,
                12.5363882
              ],
              [
                -69.9442128,
                12.5364041
              ],
              [
                -69.9440475,
                12.5365097
              ],
              [
                -69.9440074,
                12.5366133
              ],
              [
                -69.9439514,
                12.5367384
              ],
              [
                -69.9439105,
                12.5368387
              ],
              [
                -69.9438422,
                12.5368943
              ],
              [
                -69.94383207,
                12.536897776
              ],
              [
                -69.9438116,
                12.5369048
              ],
              [
                -69.9436852,
                12.536893
              ],
              [
                -69.9436499,
                12.5369043
              ],
              [
                -69.9435204,
                12.5368315
              ],
              [
                -69.9434843,
                12.5368112
              ],
              [
                -69.9433759,
                12.5367031
              ],
              [
                -69.9432675,
                12.5365045
              ],
              [
                -69.9430433,
                12.5363279
              ],
              [
                -69.9429988,
                12.5363124
              ],
              [
                -69.9429494,
                12.5363242
              ],
              [
                -69.9429428,
                12.5363036
              ],
              [
                -69.9429718,
                12.5362767
              ],
              [
                -69.9429388,
                12.5362324
              ],
              [
                -69.9429307,
                12.536186
              ],
              [
                -69.9428284,
                12.5360471
              ],
              [
                -69.942752,
                12.5358707
              ],
              [
                -69.9427506,
                12.5358107
              ],
              [
                -69.9426158,
                12.5357164
              ],
              [
                -69.9425609,
                12.535714
              ],
              [
                -69.9425461,
                12.5356935
              ],
              [
                -69.9426645,
                12.5355971
              ],
              [
                -69.9427096,
                12.5355332
              ],
              [
                -69.9427092,
                12.5354985
              ],
              [
                -69.9427239,
                12.5354816
              ],
              [
                -69.9427634,
                12.5354714
              ],
              [
                -69.9427946,
                12.5354429
              ],
              [
                -69.9428265,
                12.5354356
              ],
              [
                -69.942825,
                12.5354098
              ],
              [
                -69.9427619,
                12.5353046
              ],
              [
                -69.942748,
                12.5352017
              ],
              [
                -69.9426339,
                12.5351781
              ],
              [
                -69.9426441,
                12.5351369
              ],
              [
                -69.9426785,
                12.535101
              ],
              [
                -69.9426708,
                12.5350854
              ],
              [
                -69.9426435,
                12.5350685
              ],
              [
                -69.9425595,
                12.5350612
              ],
              [
                -69.9425392,
                12.5350102
              ],
              [
                -69.9424509,
                12.5349971
              ],
              [
                -69.9422918,
                12.5350059
              ],
              [
                -69.9422119,
                12.5350405
              ],
              [
                -69.9421857,
                12.5350051
              ],
              [
                -69.9421753,
                12.5349448
              ],
              [
                -69.9421159,
                12.5349723
              ],
              [
                -69.9420863,
                12.5349504
              ],
              [
                -69.9420916,
                12.5349337
              ],
              [
                -69.9421355,
                12.5349214
              ],
              [
                -69.9421431,
                12.5349007
              ],
              [
                -69.942127,
                12.5348904
              ],
              [
                -69.9420794,
                12.5349151
              ],
              [
                -69.942044,
                12.5348349
              ],
              [
                -69.9420097,
                12.5348149
              ],
              [
                -69.9420092,
                12.5347957
              ],
              [
                -69.9420625,
                12.5347365
              ],
              [
                -69.9420216,
                12.5346984
              ],
              [
                -69.9419687,
                12.5347217
              ],
              [
                -69.9418901,
                12.5348076
              ],
              [
                -69.9417953,
                12.5348266
              ],
              [
                -69.9417121,
                12.534907
              ],
              [
                -69.9415628,
                12.5348262
              ],
              [
                -69.9415534,
                12.5347783
              ],
              [
                -69.9415213,
                12.5347778
              ],
              [
                -69.9414593,
                12.534735
              ],
              [
                -69.9414233,
                12.534762
              ],
              [
                -69.9412806,
                12.5347312
              ],
              [
                -69.9411583,
                12.5345375
              ],
              [
                -69.9411817,
                12.5345046
              ],
              [
                -69.9411453,
                12.5344082
              ],
              [
                -69.9409636,
                12.5341812
              ],
              [
                -69.9408838,
                12.5341343
              ],
              [
                -69.9408027,
                12.5340044
              ],
              [
                -69.9407485,
                12.5339813
              ],
              [
                -69.9407423,
                12.5339571
              ],
              [
                -69.9407733,
                12.5339319
              ],
              [
                -69.9407148,
                12.5338828
              ],
              [
                -69.9407413,
                12.5338711
              ],
              [
                -69.9408176,
                12.5338934
              ],
              [
                -69.9408221,
                12.5338697
              ],
              [
                -69.9407644,
                12.533852
              ],
              [
                -69.9407513,
                12.5338234
              ],
              [
                -69.9407671,
                12.5338004
              ],
              [
                -69.9406623,
                12.5335833
              ],
              [
                -69.9405395,
                12.533485
              ],
              [
                -69.9404885,
                12.5334751
              ],
              [
                -69.9404535,
                12.5334496
              ],
              [
                -69.9404275,
                12.5334648
              ],
              [
                -69.9403926,
                12.5334461
              ],
              [
                -69.9403179,
                12.5335076
              ],
              [
                -69.9402738,
                12.5334924
              ],
              [
                -69.9402523,
                12.5334191
              ],
              [
                -69.9401128,
                12.5333039
              ],
              [
                -69.9398634,
                12.5331546
              ],
              [
                -69.9397534,
                12.5330159
              ],
              [
                -69.9395603,
                12.53283
              ],
              [
                -69.9394262,
                12.5326755
              ],
              [
                -69.9392867,
                12.5325655
              ],
              [
                -69.9391794,
                12.5324529
              ],
              [
                -69.9389541,
                12.5319712
              ],
              [
                -69.9389148,
                12.5317972
              ],
              [
                -69.9388897,
                12.5316858
              ],
              [
                -69.9389139,
                12.531602
              ],
              [
                -69.9389729,
                12.5315575
              ],
              [
                -69.9390909,
                12.5315313
              ],
              [
                -69.9392197,
                12.5314815
              ],
              [
                -69.9395227,
                12.5313087
              ],
              [
                -69.9396716,
                12.5311529
              ],
              [
                -69.9397427,
                12.5310613
              ],
              [
                -69.9397816,
                12.5309932
              ],
              [
                -69.939803,
                12.530916
              ],
              [
                -69.9398057,
                12.5308348
              ],
              [
                -69.9397722,
                12.5307222
              ],
              [
                -69.9397239,
                12.5306083
              ],
              [
                -69.939626,
                12.530391
              ],
              [
                -69.9395214,
                12.5302522
              ],
              [
                -69.9394275,
                12.5301593
              ],
              [
                -69.9393524,
                12.5301239
              ],
              [
                -69.9393068,
                12.5301436
              ],
              [
                -69.9392438,
                12.5301868
              ],
              [
                -69.9391969,
                12.5302287
              ],
              [
                -69.9391244,
                12.5302732
              ],
              [
                -69.938993,
                12.530336
              ],
              [
                -69.9389152,
                12.5303871
              ],
              [
                -69.9388562,
                12.5304538
              ],
              [
                -69.9388287,
                12.5305101
              ],
              [
                -69.938818,
                12.5305272
              ],
              [
                -69.9387939,
                12.5305403
              ],
              [
                -69.9386973,
                12.5305442
              ],
              [
                -69.9385384,
                12.5305232
              ],
              [
                -69.9384841,
                12.5305193
              ],
              [
                -69.9384385,
                12.5305226
              ],
              [
                -69.9383023,
                12.530573
              ],
              [
                -69.9381495,
                12.5306463
              ],
              [
                -69.9380757,
                12.5306646
              ],
              [
                -69.9379516,
                12.5306686
              ],
              [
                -69.9378899,
                12.5306705
              ],
              [
                -69.937847,
                12.530683
              ],
              [
                -69.9378135,
                12.5306895
              ],
              [
                -69.937784,
                12.5306902
              ],
              [
                -69.9377263,
                12.5306733
              ],
              [
                -69.9377237,
                12.5306725
              ],
              [
                -69.9376854,
                12.5306371
              ],
              [
                -69.9376425,
                12.5305704
              ],
              [
                -69.9376076,
                12.5305337
              ],
              [
                -69.9375741,
                12.5304892
              ],
              [
                -69.937562,
                12.5304538
              ],
              [
                -69.937546,
                12.530408
              ],
              [
                -69.9375191,
                12.5303517
              ],
              [
                -69.9374762,
                12.5302981
              ],
              [
                -69.9374346,
                12.530213
              ],
              [
                -69.9374125,
                12.5301639
              ],
              [
                -69.9373897,
                12.5301305
              ],
              [
                -69.9373622,
                12.5301069
              ],
              [
                -69.9373327,
                12.5300964
              ],
              [
                -69.9372925,
                12.530086
              ],
              [
                -69.9372643,
                12.5300618
              ],
              [
                -69.9372543,
                12.5300375
              ],
              [
                -69.9372429,
                12.5299662
              ],
              [
                -69.9372429,
                12.5298582
              ],
              [
                -69.9372509,
                12.5297692
              ],
              [
                -69.9372791,
                12.5297089
              ],
              [
                -69.9372952,
                12.5296461
              ],
              [
                -69.9372804,
                12.529616
              ],
              [
                -69.9372321,
                12.5295963
              ],
              [
                -69.9371141,
                12.5296147
              ],
              [
                -69.9370068,
                12.5296435
              ],
              [
                -69.9369465,
                12.5296474
              ],
              [
                -69.9368674,
                12.5296317
              ],
              [
                -69.9368083,
                12.5295859
              ],
              [
                -69.9367091,
                12.5295047
              ],
              [
                -69.9366233,
                12.529455
              ],
              [
                -69.9365723,
                12.5294314
              ],
              [
                -69.9364999,
                12.5294065
              ],
              [
                -69.9364208,
                12.529383
              ],
              [
                -69.9363792,
                12.5293332
              ],
              [
                -69.9363403,
                12.5292638
              ],
              [
                -69.9362813,
                12.5291944
              ],
              [
                -69.9361901,
                12.5291604
              ],
              [
                -69.9361163,
                12.5291552
              ],
              [
                -69.9360318,
                12.5291408
              ],
              [
                -69.9359487,
                12.5291211
              ],
              [
                -69.9358749,
                12.5290792
              ],
              [
                -69.9357945,
                12.5290439
              ],
              [
                -69.9356644,
                12.5290216
              ],
              [
                -69.9356027,
                12.5289941
              ],
              [
                -69.9355343,
                12.5289378
              ],
              [
                -69.935427,
                12.5288383
              ],
              [
                -69.9353868,
                12.5287899
              ],
              [
                -69.9353667,
                12.5287244
              ],
              [
                -69.9353988,
                12.5286577
              ],
              [
                -69.9354485,
                12.5285844
              ],
              [
                -69.9354793,
                12.5284953
              ],
              [
                -69.9354686,
                12.5284037
              ],
              [
                -69.9354284,
                12.5283539
              ],
              [
                -69.9353506,
                12.5282872
              ],
              [
                -69.9353036,
                12.5282636
              ],
              [
                -69.9351977,
                12.52824
              ],
              [
                -69.9351454,
                12.5282296
              ],
              [
                -69.9351186,
                12.5282099
              ],
              [
                -69.9351078,
                12.5281353
              ],
              [
                -69.9350971,
                12.5280214
              ],
              [
                -69.9350709,
                12.5279632
              ],
              [
                -69.9350696,
                12.5279389
              ],
              [
                -69.9350713,
                12.5279134
              ],
              [
                -69.9350777,
                12.527899
              ],
              [
                -69.9350924,
                12.5278794
              ],
              [
                -69.9351119,
                12.5278394
              ],
              [
                -69.9351253,
                12.527791
              ],
              [
                -69.9351346,
                12.5277229
              ],
              [
                -69.9351427,
                12.5276404
              ],
              [
                -69.9351447,
                12.5275927
              ],
              [
                -69.9351487,
                12.5275554
              ],
              [
                -69.9351601,
                12.5275259
              ],
              [
                -69.935189,
                12.5274768
              ],
              [
                -69.9352084,
                12.5274094
              ],
              [
                -69.9352258,
                12.5273348
              ],
              [
                -69.9352446,
                12.5272974
              ],
              [
                -69.9352507,
                12.5272866
              ],
              [
                -69.9352678,
                12.5272716
              ],
              [
                -69.9352956,
                12.5272614
              ],
              [
                -69.9353174,
                12.5272591
              ],
              [
                -69.9353382,
                12.5272657
              ],
              [
                -69.9353563,
                12.5272722
              ],
              [
                -69.935373,
                12.5272722
              ],
              [
                -69.9353871,
                12.5272677
              ],
              [
                -69.9353975,
                12.5272555
              ],
              [
                -69.9354056,
                12.5272245
              ],
              [
                -69.9354082,
                12.5271763
              ],
              [
                -69.9353955,
                12.5271161
              ],
              [
                -69.935376,
                12.5270598
              ],
              [
                -69.9353076,
                12.526923
              ],
              [
                -69.9352211,
                12.5268334
              ],
              [
                -69.9350522,
                12.5267705
              ],
              [
                -69.9349274,
                12.5267318
              ],
              [
                -69.9348054,
                12.5267201
              ],
              [
                -69.9347625,
                12.5267293
              ],
              [
                -69.934672,
                12.5267129
              ],
              [
                -69.9345312,
                12.5267332
              ],
              [
                -69.9344789,
                12.5269885
              ],
              [
                -69.9345217,
                12.5270841
              ],
              [
                -69.9341154,
                12.5273702
              ],
              [
                -69.9337741,
                12.5272451
              ],
              [
                -69.9338774,
                12.5270566
              ],
              [
                -69.9339833,
                12.5269721
              ],
              [
                -69.9341684,
                12.5268818
              ],
              [
                -69.9343796,
                12.5269564
              ],
              [
                -69.9344332,
                12.5267155
              ],
              [
                -69.934389,
                12.5265571
              ],
              [
                -69.9343253,
                12.5264766
              ],
              [
                -69.9342817,
                12.5264157
              ],
              [
                -69.9342153,
                12.5263522
              ],
              [
                -69.9341422,
                12.5262972
              ],
              [
                -69.934102,
                12.5262769
              ],
              [
                -69.9340644,
                12.5262671
              ],
              [
                -69.9339954,
                12.5262547
              ],
              [
                -69.9339277,
                12.5262521
              ],
              [
                -69.933872,
                12.5262606
              ],
              [
                -69.933821,
                12.5262724
              ],
              [
                -69.9337842,
                12.5263025
              ],
              [
                -69.9337593,
                12.5263568
              ],
              [
                -69.9337426,
                12.5264059
              ],
              [
                -69.9337332,
                12.5264432
              ],
              [
                -69.9337084,
                12.5264831
              ],
              [
                -69.9336386,
                12.5265486
              ],
              [
                -69.9335615,
                12.5266075
              ],
              [
                -69.9334113,
                12.5267221
              ],
              [
                -69.9332115,
                12.5269073
              ],
              [
                -69.9331525,
                12.526961
              ],
              [
                -69.9331056,
                12.5270225
              ],
              [
                -69.9330586,
                12.5270644
              ],
              [
                -69.9330157,
                12.5270736
              ],
              [
                -69.9329835,
                12.5270552
              ],
              [
                -69.932895,
                12.5269976
              ],
              [
                -69.9326938,
                12.5268418
              ],
              [
                -69.932498,
                12.5266507
              ],
              [
                -69.9323747,
                12.5264805
              ],
              [
                -69.9322714,
                12.5263457
              ],
              [
                -69.9322104,
                12.5263031
              ],
              [
                -69.9321802,
                12.52629
              ],
              [
                -69.9321453,
                12.5262789
              ],
              [
                -69.9320924,
                12.5262652
              ],
              [
                -69.9320588,
                12.5262468
              ],
              [
                -69.9320273,
                12.5262154
              ],
              [
                -69.9320112,
                12.5261709
              ],
              [
                -69.9320132,
                12.526131
              ],
              [
                -69.9320226,
                12.526095
              ],
              [
                -69.9320193,
                12.5260753
              ],
              [
                -69.9319958,
                12.5260576
              ],
              [
                -69.9319683,
                12.5260603
              ],
              [
                -69.9319468,
                12.5260858
              ],
              [
                -69.931918,
                12.5260976
              ],
              [
                -69.9318798,
                12.5260904
              ],
              [
                -69.9318422,
                12.5260577
              ],
              [
                -69.9317899,
                12.5259582
              ],
              [
                -69.9317685,
                12.5259005
              ],
              [
                -69.9317484,
                12.5258534
              ],
              [
                -69.9317242,
                12.5258102
              ],
              [
                -69.9316598,
                12.5257657
              ],
              [
                -69.931629,
                12.5257487
              ],
              [
                -69.931578,
                12.5257513
              ],
              [
                -69.9315512,
                12.5257683
              ],
              [
                -69.9315164,
                12.5257997
              ],
              [
                -69.93146,
                12.5258063
              ],
              [
                -69.9313916,
                12.5257853
              ],
              [
                -69.9313313,
                12.525729
              ],
              [
                -69.9313192,
                12.5256963
              ],
              [
                -69.9313313,
                12.5256361
              ],
              [
                -69.9313246,
                12.5256178
              ],
              [
                -69.931287,
                12.5255968
              ],
              [
                -69.9312092,
                12.5255929
              ],
              [
                -69.931106,
                12.525606
              ],
              [
                -69.9310054,
                12.5256086
              ],
              [
                -69.9308243,
                12.5256439
              ],
              [
                -69.9307519,
                12.5256479
              ],
              [
                -69.9306554,
                12.5256479
              ],
              [
                -69.9305521,
                12.5256269
              ],
              [
                -69.9304757,
                12.5256007
              ],
              [
                -69.9304341,
                12.5255837
              ],
              [
                -69.9303482,
                12.5255733
              ],
              [
                -69.9302383,
                12.5255497
              ],
              [
                -69.9301994,
                12.5255104
              ],
              [
                -69.9301927,
                12.5254476
              ],
              [
                -69.9301766,
                12.5253428
              ],
              [
                -69.9301323,
                12.5252643
              ],
              [
                -69.930072,
                12.5251897
              ],
              [
                -69.9300049,
                12.5251582
              ],
              [
                -69.9298936,
                12.5251347
              ],
              [
                -69.9296871,
                12.5250862
              ],
              [
                -69.9294913,
                12.5250574
              ],
              [
                -69.9294189,
                12.5250339
              ],
              [
                -69.9293625,
                12.5249933
              ],
              [
                -69.9293008,
                12.5248702
              ],
              [
                -69.9292351,
                12.524789
              ],
              [
                -69.9291855,
                12.5247354
              ],
              [
                -69.929093,
                12.5246843
              ],
              [
                -69.9290232,
                12.5246555
              ],
              [
                -69.9289817,
                12.5246477
              ],
              [
                -69.9289455,
                12.5246437
              ],
              [
                -69.9288891,
                12.5246686
              ],
              [
                -69.9288221,
                12.5247105
              ],
              [
                -69.9287644,
                12.5247262
              ],
              [
                -69.9287148,
                12.5247367
              ],
              [
                -69.928688,
                12.5247563
              ],
              [
                -69.9286343,
                12.5248008
              ],
              [
                -69.9285793,
                12.5248192
              ],
              [
                -69.9285619,
                12.5248205
              ],
              [
                -69.9285364,
                12.5248165
              ],
              [
                -69.9285277,
                12.5248048
              ],
              [
                -69.9285264,
                12.524789
              ],
              [
                -69.9285351,
                12.5247655
              ],
              [
                -69.9285565,
                12.5247589
              ],
              [
                -69.928586,
                12.5247511
              ],
              [
                -69.9286041,
                12.52474
              ],
              [
                -69.9286068,
                12.5247295
              ],
              [
                -69.9285941,
                12.5247092
              ],
              [
                -69.9285673,
                12.524685
              ],
              [
                -69.9285243,
                12.5246535
              ],
              [
                -69.9284948,
                12.5246306
              ],
              [
                -69.9284707,
                12.5246261
              ],
              [
                -69.9284345,
                12.5246254
              ],
              [
                -69.9283996,
                12.5246247
              ],
              [
                -69.9283547,
                12.5246058
              ],
              [
                -69.9283178,
                12.5245698
              ],
              [
                -69.9283051,
                12.5245449
              ],
              [
                -69.9283031,
                12.5245292
              ],
              [
                -69.9283239,
                12.5244925
              ],
              [
                -69.9283607,
                12.5244513
              ],
              [
                -69.9283996,
                12.5244159
              ],
              [
                -69.9284479,
                12.524412
              ],
              [
                -69.9284841,
                12.5244421
              ],
              [
                -69.9285021,
                12.5244355
              ],
              [
                -69.9285353,
                12.5244195
              ],
              [
                -69.9285902,
                12.5243614
              ],
              [
                -69.9286797,
                12.5243259
              ],
              [
                -69.9287436,
                12.5243657
              ],
              [
                -69.9287912,
                12.5243479
              ],
              [
                -69.9288408,
                12.5242614
              ],
              [
                -69.9288838,
                12.5241816
              ],
              [
                -69.9289106,
                12.5240847
              ],
              [
                -69.9289387,
                12.524035
              ],
              [
                -69.9290246,
                12.5239446
              ],
              [
                -69.929097,
                12.5238726
              ],
              [
                -69.9291399,
                12.5237849
              ],
              [
                -69.9291815,
                12.5237142
              ],
              [
                -69.9292003,
                12.5235741
              ],
              [
                -69.929211,
                12.5234118
              ],
              [
                -69.929207,
                12.523307
              ],
              [
                -69.9292056,
                12.5231028
              ],
              [
                -69.9292351,
                12.5230426
              ],
              [
                -69.929262,
                12.523019
              ],
              [
                -69.9293008,
                12.5229994
              ],
              [
                -69.9293451,
                12.5229968
              ],
              [
                -69.92938,
                12.5229719
              ],
              [
                -69.9294068,
                12.5229326
              ],
              [
                -69.9294403,
                12.5228279
              ],
              [
                -69.929451,
                12.5227533
              ],
              [
                -69.9294658,
                12.522642
              ],
              [
                -69.9294443,
                12.5225975
              ],
              [
                -69.9293478,
                12.5225215
              ],
              [
                -69.9292848,
                12.5224083
              ],
              [
                -69.9291503,
                12.522425
              ],
              [
                -69.9291335,
                12.5224135
              ],
              [
                -69.9293894,
                12.5222885
              ],
              [
                -69.9297152,
                12.5222204
              ],
              [
                -69.9297997,
                12.5220764
              ],
              [
                -69.9298815,
                12.5219821
              ],
              [
                -69.9299124,
                12.5219114
              ],
              [
                -69.9299151,
                12.5218434
              ],
              [
                -69.9298882,
                12.5217478
              ],
              [
                -69.9297649,
                12.5215828
              ],
              [
                -69.9297052,
                12.5215658
              ],
              [
                -69.9296609,
                12.5215717
              ],
              [
                -69.9296093,
                12.5216038
              ],
              [
                -69.9294812,
                12.5217524
              ],
              [
                -69.9293578,
                12.5217713
              ],
              [
                -69.929278,
                12.521753
              ],
              [
                -69.9292492,
                12.5217327
              ],
              [
                -69.9292385,
                12.5216961
              ],
              [
                -69.9292613,
                12.5216653
              ],
              [
                -69.9295533,
                12.5214781
              ],
              [
                -69.9295744,
                12.521444
              ],
              [
                -69.9295825,
                12.5213904
              ],
              [
                -69.9295691,
                12.5212496
              ],
              [
                -69.9295489,
                12.5212045
              ],
              [
                -69.9294792,
                12.521139
              ],
              [
                -69.9293008,
                12.5211226
              ],
              [
                -69.9292097,
                12.5211527
              ],
              [
                -69.9291117,
                12.5211279
              ],
              [
                -69.9290789,
                12.5211043
              ],
              [
                -69.9288261,
                12.5206926
              ],
              [
                -69.9288315,
                12.5203797
              ],
              [
                -69.928869,
                12.520216
              ],
              [
                -69.9289629,
                12.5201702
              ],
              [
                -69.9291305,
                12.5201584
              ],
              [
                -69.9292767,
                12.5200668
              ],
              [
                -69.9293022,
                12.5199561
              ],
              [
                -69.929276,
                12.5198743
              ],
              [
                -69.9292177,
                12.5198363
              ],
              [
                -69.929158,
                12.519852
              ],
              [
                -69.9290447,
                12.5199155
              ],
              [
                -69.9288415,
                12.519909
              ],
              [
                -69.9287993,
                12.5199025
              ],
              [
                -69.928755,
                12.5198743
              ],
              [
                -69.9287289,
                12.5198344
              ],
              [
                -69.9286383,
                12.5198147
              ],
              [
                -69.9286343,
                12.5197722
              ],
              [
                -69.9286685,
                12.51971
              ],
              [
                -69.9287738,
                12.5195791
              ],
              [
                -69.9287731,
                12.5195437
              ],
              [
                -69.9287376,
                12.5194828
              ],
              [
                -69.9287376,
                12.5194436
              ],
              [
                -69.9287778,
                12.5192668
              ],
              [
                -69.9287396,
                12.5192014
              ],
              [
                -69.9287041,
                12.5191771
              ],
              [
                -69.9284761,
                12.5191745
              ],
              [
                -69.9283674,
                12.5191405
              ],
              [
                -69.9280818,
                12.5191065
              ],
              [
                -69.9280503,
                12.5190796
              ],
              [
                -69.9280161,
                12.5190011
              ],
              [
                -69.9279651,
                12.5189395
              ],
              [
                -69.9277378,
                12.5188282
              ],
              [
                -69.9277163,
                12.5188066
              ],
              [
                -69.9277022,
                12.5186927
              ],
              [
                -69.9276372,
                12.5185134
              ],
              [
                -69.9274883,
                12.5184296
              ],
              [
                -69.9274836,
                12.5183556
              ],
              [
                -69.9274997,
                12.5182934
              ],
              [
                -69.9274783,
                12.5182417
              ],
              [
                -69.9272919,
                12.5179681
              ],
              [
                -69.9272248,
                12.5179367
              ],
              [
                -69.9270143,
                12.517917
              ],
              [
                -69.9269392,
                12.5178712
              ],
              [
                -69.9268453,
                12.5177128
              ],
              [
                -69.9268104,
                12.5176002
              ],
              [
                -69.926717094,
                12.51749875
              ],
              [
                -69.9266924,
                12.5174719
              ],
              [
                -69.9266817,
                12.5173894
              ],
              [
                -69.9267232,
                12.5173095
              ],
              [
                -69.9268198,
                12.5172572
              ],
              [
                -69.9269526,
                12.5172336
              ],
              [
                -69.9270947,
                12.5170032
              ],
              [
                -69.9273106,
                12.5168133
              ],
              [
                -69.9273737,
                12.5167243
              ],
              [
                -69.9274005,
                12.5166301
              ],
              [
                -69.9274112,
                12.5165476
              ],
              [
                -69.9273984,
                12.5164473
              ],
              [
                -69.9273804,
                12.5163067
              ],
              [
                -69.9273281,
                12.5161535
              ],
              [
                -69.927143,
                12.5158236
              ],
              [
                -69.9270612,
                12.5157594
              ],
              [
                -69.9269754,
                12.5157221
              ],
              [
                -69.926905,
                12.5157195
              ],
              [
                -69.9267494,
                12.5157699
              ],
              [
                -69.9266468,
                12.5157758
              ],
              [
                -69.9264765,
                12.5157581
              ],
              [
                -69.9263397,
                12.5157679
              ],
              [
                -69.9262659,
                12.5158072
              ],
              [
                -69.9262089,
                12.5158825
              ],
              [
                -69.926156,
                12.5159008
              ],
              [
                -69.9259722,
                12.5157954
              ],
              [
                -69.92581,
                12.515766
              ],
              [
                -69.9257429,
                12.5157129
              ],
              [
                -69.9256819,
                12.5157136
              ],
              [
                -69.9255712,
                12.5156684
              ],
              [
                -69.9255142,
                12.5156265
              ],
              [
                -69.9253513,
                12.515584
              ],
              [
                -69.9252051,
                12.5154714
              ],
              [
                -69.9251273,
                12.5153313
              ],
              [
                -69.9250509,
                12.5152344
              ],
              [
                -69.9249141,
                12.5151912
              ],
              [
                -69.9246137,
                12.5152226
              ],
              [
                -69.9244863,
                12.5151428
              ],
              [
                -69.924446,
                12.5150891
              ],
              [
                -69.9244232,
                12.514949
              ],
              [
                -69.9244179,
                12.5148037
              ],
              [
                -69.9244487,
                12.5145405
              ],
              [
                -69.924442,
                12.5144829
              ],
              [
                -69.9244186,
                12.5144338
              ],
              [
                -69.9243689,
                12.5143841
              ],
              [
                -69.9243287,
                12.514371
              ],
              [
                -69.9242965,
                12.5143769
              ],
              [
                -69.9242684,
                12.5143965
              ],
              [
                -69.9242187,
                12.5144711
              ],
              [
                -69.924145,
                12.5145333
              ],
              [
                -69.9240752,
                12.5145706
              ],
              [
                -69.9240283,
                12.5145687
              ],
              [
                -69.9239686,
                12.5145379
              ],
              [
                -69.9239592,
                12.5144194
              ],
              [
                -69.9239405,
                12.5143978
              ],
              [
                -69.9239049,
                12.5143926
              ],
              [
                -69.9238855,
                12.514371
              ],
              [
                -69.9238855,
                12.5143409
              ],
              [
                -69.9238955,
                12.5143016
              ],
              [
                -69.9239123,
                12.5142924
              ],
              [
                -69.9240296,
                12.5143048
              ],
              [
                -69.9241041,
                12.5142793
              ],
              [
                -69.9241161,
                12.5142145
              ],
              [
                -69.924092,
                12.5140456
              ],
              [
                -69.9242932,
                12.5138479
              ],
              [
                -69.9244031,
                12.5137681
              ],
              [
                -69.9245238,
                12.5136254
              ],
              [
                -69.9245453,
                12.5135272
              ],
              [
                -69.9245426,
                12.5134224
              ],
              [
                -69.9245225,
                12.5133308
              ],
              [
                -69.9244367,
                12.5131174
              ],
              [
                -69.9243897,
                12.513048
              ],
              [
                -69.9243213,
                12.5129877
              ],
              [
                -69.924214,
                12.5129603
              ],
              [
                -69.9240491,
                12.5129419
              ],
              [
                -69.9239217,
                12.5128974
              ],
              [
                -69.9238372,
                12.5128398
              ],
              [
                -69.9237473,
                12.5127455
              ],
              [
                -69.9236709,
                12.5127468
              ],
              [
                -69.9235448,
                12.5128306
              ],
              [
                -69.923463,
                12.5129197
              ],
              [
                -69.9234161,
                12.5129511
              ],
              [
                -69.923353,
                12.5129603
              ],
              [
                -69.9232458,
                12.5129118
              ],
              [
                -69.922948,
                12.5129092
              ],
              [
                -69.9228595,
                12.5128948
              ],
              [
                -69.9226892,
                12.5128398
              ],
              [
                -69.9225926,
                12.512739
              ],
              [
                -69.9225806,
                12.5126657
              ],
              [
                -69.9226047,
                12.5124143
              ],
              [
                -69.9225779,
                12.5123528
              ],
              [
                -69.9224894,
                12.5122271
              ],
              [
                -69.9222802,
                12.5120477
              ],
              [
                -69.9222768,
                12.512015
              ],
              [
                -69.9222949,
                12.5119862
              ],
              [
                -69.9223995,
                12.5119613
              ],
              [
                -69.922427,
                12.5119397
              ],
              [
                -69.922423,
                12.5118893
              ],
              [
                -69.9223821,
                12.5118657
              ],
              [
                -69.9223486,
                12.5118644
              ],
              [
                -69.9222728,
                12.511903
              ],
              [
                -69.9221588,
                12.511888
              ],
              [
                -69.922079,
                12.5118546
              ],
              [
                -69.9220341,
                12.5117924
              ],
              [
                -69.9219925,
                12.51178
              ],
              [
                -69.9219201,
                12.5117813
              ],
              [
                -69.9217974,
                12.5118317
              ],
              [
                -69.9217089,
                12.5118513
              ],
              [
                -69.9215855,
                12.5118487
              ],
              [
                -69.9215211,
                12.5118264
              ],
              [
                -69.9214688,
                12.5117872
              ],
              [
                -69.9214152,
                12.5117165
              ],
              [
                -69.9213642,
                12.5114494
              ],
              [
                -69.9213105,
                12.5114062
              ],
              [
                -69.9211476,
                12.5113211
              ],
              [
                -69.9210691,
                12.5112288
              ],
              [
                -69.9210323,
                12.5112072
              ],
              [
                -69.9210054,
                12.5112032
              ],
              [
                -69.9208961,
                12.5112432
              ],
              [
                -69.9207868,
                12.5112412
              ],
              [
                -69.9206474,
                12.5111685
              ],
              [
                -69.9206252,
                12.5111443
              ],
              [
                -69.9206219,
                12.5111063
              ],
              [
                -69.9206836,
                12.5109584
              ],
              [
                -69.9206715,
                12.5108602
              ],
              [
                -69.9204938,
                12.5106461
              ],
              [
                -69.9205059,
                12.5105997
              ],
              [
                -69.9205877,
                12.5105715
              ],
              [
                -69.9206085,
                12.5105349
              ],
              [
                -69.9205984,
                12.5105015
              ],
              [
                -69.9205535,
                12.5104484
              ],
              [
                -69.920644,
                12.5103535
              ],
              [
                -69.9206521,
                12.5103025
              ],
              [
                -69.9206333,
                12.5101925
              ],
              [
                -69.9206051,
                12.5101336
              ],
              [
                -69.9205153,
                12.5100733
              ],
              [
                -69.9202846,
                12.5099843
              ],
              [
                -69.9202122,
                12.5099791
              ],
              [
                -69.9200673,
                12.5100406
              ],
              [
                -69.9200003,
                12.5100812
              ],
              [
                -69.919893,
                12.5100917
              ],
              [
                -69.9198461,
                12.5100419
              ],
              [
                -69.9198125,
                12.5098626
              ],
              [
                -69.9197415,
                12.5098193
              ],
              [
                -69.9195403,
                12.5097827
              ],
              [
                -69.9193217,
                12.5097015
              ],
              [
                -69.9191413,
                12.5096969
              ],
              [
                -69.9191212,
                12.5096151
              ],
              [
                -69.9190769,
                12.5095261
              ],
              [
                -69.9190863,
                12.5094842
              ],
              [
                -69.9191145,
                12.5094495
              ],
              [
                -69.9193277,
                12.5093598
              ],
              [
                -69.9193438,
                12.5093264
              ],
              [
                -69.9193304,
                12.5092695
              ],
              [
                -69.9189341,
                12.5089173
              ],
              [
                -69.918741,
                12.5088413
              ],
              [
                -69.9184674,
                12.5085363
              ],
              [
                -69.9184205,
                12.5084629
              ],
              [
                -69.9184084,
                12.5083818
              ],
              [
                -69.9183762,
                12.5083111
              ],
              [
                -69.9183185,
                12.508277
              ],
              [
                -69.9182716,
                12.508226
              ],
              [
                -69.9182649,
                12.5081749
              ],
              [
                -69.9182957,
                12.5079851
              ],
              [
                -69.9182971,
                12.5078908
              ],
              [
                -69.9182314,
                12.507807
              ],
              [
                -69.9180088,
                12.5076106
              ],
              [
                -69.9179807,
                12.5075442
              ],
              [
                -69.9179551,
                12.5074836
              ],
              [
                -69.9179819,
                12.5074234
              ],
              [
                -69.9180946,
                12.5073776
              ],
              [
                -69.9182796,
                12.5072767
              ],
              [
                -69.9184781,
                12.5072925
              ],
              [
                -69.9185304,
                12.5072689
              ],
              [
                -69.9185693,
                12.507227
              ],
              [
                -69.9185935,
                12.5071314
              ],
              [
                -69.9185988,
                12.5070096
              ],
              [
                -69.9185841,
                12.5068761
              ],
              [
                -69.9185479,
                12.5067517
              ],
              [
                -69.9184835,
                12.5066352
              ],
              [
                -69.9183749,
                12.5066221
              ],
              [
                -69.9182126,
                12.5066653
              ],
              [
                -69.9181415,
                12.5066365
              ],
              [
                -69.9180235,
                12.5065579
              ],
              [
                -69.9179712,
                12.5065056
              ],
              [
                -69.9178827,
                12.5064781
              ],
              [
                -69.9178813,
                12.5064375
              ],
              [
                -69.917943,
                12.5064198
              ],
              [
                -69.9179833,
                12.5063904
              ],
              [
                -69.9181053,
                12.5061966
              ],
              [
                -69.9180879,
                12.506118
              ],
              [
                -69.9180101,
                12.5059334
              ],
              [
                -69.9179276,
                12.5057979
              ],
              [
                -69.9177338,
                12.5055419
              ],
              [
                -69.9175709,
                12.5053554
              ],
              [
                -69.9173771,
                12.5053102
              ],
              [
                -69.9172577,
                12.5053442
              ],
              [
                -69.9170015,
                12.5054869
              ],
              [
                -69.9168373,
                12.5055694
              ],
              [
                -69.9164692,
                12.5056526
              ],
              [
                -69.916422,
                12.5056669
              ],
              [
                -69.916396,
                12.5056748
              ],
              [
                -69.916327,
                12.5056624
              ],
              [
                -69.9161654,
                12.5056192
              ],
              [
                -69.9159568,
                12.5055799
              ],
              [
                -69.9156994,
                12.5055851
              ],
              [
                -69.91547,
                12.5055197
              ],
              [
                -69.915399,
                12.5054699
              ],
              [
                -69.9153547,
                12.505428
              ],
              [
                -69.9152823,
                12.5052395
              ],
              [
                -69.9152286,
                12.5051937
              ],
              [
                -69.9149946,
                12.5051269
              ],
              [
                -69.9149544,
                12.5050732
              ],
              [
                -69.9148947,
                12.5048807
              ],
              [
                -69.9148706,
                12.504867
              ],
              [
                -69.9148364,
                12.5048657
              ],
              [
                -69.9148028,
                12.5048893
              ],
              [
                -69.9147901,
                12.5049357
              ],
              [
                -69.9146473,
                12.5049429
              ],
              [
                -69.9146312,
                12.5049659
              ],
              [
                -69.9146359,
                12.5050123
              ],
              [
                -69.9145976,
                12.505047
              ],
              [
                -69.9145339,
                12.505051
              ],
              [
                -69.9145105,
                12.5050392
              ],
              [
                -69.914491,
                12.5050051
              ],
              [
                -69.9144837,
                12.5048827
              ],
              [
                -69.9144528,
                12.504778
              ],
              [
                -69.9144179,
                12.5047459
              ],
              [
                -69.9143328,
                12.5047321
              ],
              [
                -69.9142134,
                12.5045456
              ],
              [
                -69.9141383,
                12.5045403
              ],
              [
                -69.9141108,
                12.504522
              ],
              [
                -69.9141343,
                12.5043636
              ],
              [
                -69.9141256,
                12.5043204
              ],
              [
                -69.914086,
                12.5042732
              ],
              [
                -69.9139908,
                12.5042726
              ],
              [
                -69.9138131,
                12.5043269
              ],
              [
                -69.9135865,
                12.5043328
              ],
              [
                -69.9134302,
                12.504378
              ],
              [
                -69.9133109,
                12.5044572
              ],
              [
                -69.9132552,
                12.5044637
              ],
              [
                -69.9132244,
                12.5044395
              ],
              [
                -69.913217,
                12.5043459
              ],
              [
                -69.9132545,
                12.5041659
              ],
              [
                -69.9133296,
                12.5039381
              ],
              [
                -69.9133269,
                12.503904
              ],
              [
                -69.9132304,
                12.5036801
              ],
              [
                -69.9132867,
                12.5035302
              ],
              [
                -69.9132881,
                12.5034628
              ],
              [
                -69.9132512,
                12.5032029
              ],
              [
                -69.9131861,
                12.5031466
              ],
              [
                -69.9131452,
                12.5030052
              ],
              [
                -69.9131499,
                12.5029698
              ],
              [
                -69.9131841,
                12.502924
              ],
              [
                -69.9131459,
                12.5028199
              ],
              [
                -69.9131177,
                12.5028042
              ],
              [
                -69.9130829,
                12.5028094
              ],
              [
                -69.9130332,
                12.5028422
              ],
              [
                -69.9125893,
                12.503231
              ],
              [
                -69.9121374,
                12.5033855
              ],
              [
                -69.9119275,
                12.5033836
              ],
              [
                -69.9118323,
                12.5033593
              ],
              [
                -69.9117659,
                12.5032886
              ],
              [
                -69.9116593,
                12.5032572
              ],
              [
                -69.9115902,
                12.5031878
              ],
              [
                -69.911558,
                12.5031839
              ],
              [
                -69.9115131,
                12.5032088
              ],
              [
                -69.9114534,
                12.5032801
              ],
              [
                -69.9114119,
                12.5032958
              ],
              [
                -69.9113709,
                12.50329
              ],
              [
                -69.9113441,
                12.503269
              ],
              [
                -69.9113368,
                12.5032029
              ],
              [
                -69.9113522,
                12.5030968
              ],
              [
                -69.91133,
                12.5030785
              ],
              [
                -69.9112335,
                12.503051
              ],
              [
                -69.9110487,
                12.5028451
              ],
              [
                -69.9109633,
                12.5028157
              ],
              [
                -69.9109197,
                12.5027256
              ],
              [
                -69.9106206,
                12.502632
              ],
              [
                -69.9105515,
                12.5026052
              ],
              [
                -69.9105247,
                12.5025777
              ],
              [
                -69.9105207,
                12.5025175
              ],
              [
                -69.9105851,
                12.502469
              ],
              [
                -69.9105931,
                12.502395
              ],
              [
                -69.9105636,
                12.5023368
              ],
              [
                -69.9105334,
                12.5022163
              ],
              [
                -69.9104677,
                12.5021469
              ],
              [
                -69.9103772,
                12.5021018
              ],
              [
                -69.910227,
                12.5020638
              ],
              [
                -69.9101948,
                12.5020749
              ],
              [
                -69.9101197,
                12.5021424
              ],
              [
                -69.9099273,
                12.50216
              ],
              [
                -69.9098682,
                12.5021535
              ],
              [
                -69.9098173,
                12.502109
              ],
              [
                -69.909765,
                12.5019152
              ],
              [
                -69.9097288,
                12.5018406
              ],
              [
                -69.9096631,
                12.5017646
              ],
              [
                -69.9095853,
                12.501724
              ],
              [
                -69.9095209,
                12.5016651
              ],
              [
                -69.9093881,
                12.5014648
              ],
              [
                -69.9085969,
                12.5008782
              ],
              [
                -69.9084453,
                12.5007525
              ],
              [
                -69.9084227,
                12.5007284
              ],
              [
                -69.9083246,
                12.5006242
              ],
              [
                -69.9082797,
                12.5005496
              ],
              [
                -69.908273,
                12.5005188
              ],
              [
                -69.9082877,
                12.5004704
              ],
              [
                -69.908444,
                12.5002818
              ],
              [
                -69.908509,
                12.5001457
              ],
              [
                -69.9085513,
                12.5000016
              ],
              [
                -69.9085211,
                12.4999499
              ],
              [
                -69.9083508,
                12.4998255
              ],
              [
                -69.9082743,
                12.4997889
              ],
              [
                -69.908265,
                12.4997646
              ],
              [
                -69.9082831,
                12.4997182
              ],
              [
                -69.9083199,
                12.4996763
              ],
              [
                -69.9083897,
                12.4996213
              ],
              [
                -69.9084051,
                12.4995774
              ],
              [
                -69.9083763,
                12.499544
              ],
              [
                -69.9083327,
                12.4995237
              ],
              [
                -69.9082253,
                12.4995008
              ],
              [
                -69.9080745,
                12.4995414
              ],
              [
                -69.9078801,
                12.499563
              ],
              [
                -69.9076018,
                12.4996488
              ],
              [
                -69.907296,
                12.4997077
              ],
              [
                -69.907237,
                12.4996789
              ],
              [
                -69.9071243,
                12.4995597
              ],
              [
                -69.9069198,
                12.4992926
              ],
              [
                -69.9069205,
                12.4992246
              ],
              [
                -69.9069802,
                12.4991702
              ],
              [
                -69.9071619,
                12.4990557
              ],
              [
                -69.907296,
                12.4989195
              ],
              [
                -69.9073818,
                12.498799
              ],
              [
                -69.907471,
                12.4984671
              ],
              [
                -69.9074885,
                12.4982301
              ],
              [
                -69.907526,
                12.4981633
              ],
              [
                -69.9075421,
                12.4981372
              ],
              [
                -69.9075408,
                12.4981142
              ],
              [
                -69.907532,
                12.4980933
              ],
              [
                -69.9074583,
                12.4980174
              ],
              [
                -69.9073818,
                12.4979624
              ],
              [
                -69.9072725,
                12.4978917
              ],
              [
                -69.9071673,
                12.4978419
              ],
              [
                -69.907129,
                12.4978609
              ],
              [
                -69.9070573,
                12.4979002
              ],
              [
                -69.9069909,
                12.4979872
              ],
              [
                -69.9068655,
                12.4982229
              ],
              [
                -69.9066972,
                12.498308
              ],
              [
                -69.906612,
                12.4983283
              ],
              [
                -69.9065497,
                12.4983002
              ],
              [
                -69.9064994,
                12.4982144
              ],
              [
                -69.9063445,
                12.4981882
              ],
              [
                -69.9062882,
                12.4981594
              ],
              [
                -69.9062452,
                12.4980462
              ],
              [
                -69.9062003,
                12.4977489
              ],
              [
                -69.9061105,
                12.4976088
              ],
              [
                -69.9060434,
                12.4975722
              ],
              [
                -69.905908,
                12.4975584
              ],
              [
                -69.9057618,
                12.4975237
              ],
              [
                -69.9055901,
                12.4975316
              ],
              [
                -69.9055298,
                12.4975552
              ],
              [
                -69.9053682,
                12.4977097
              ],
              [
                -69.9052567,
                12.4977298
              ],
              [
                -69.9052206,
                12.4977169
              ],
              [
                -69.9051945,
                12.497692
              ],
              [
                -69.9051596,
                12.4975578
              ],
              [
                -69.9050443,
                12.4973876
              ],
              [
                -69.9050108,
                12.4972972
              ],
              [
                -69.9050148,
                12.4971768
              ],
              [
                -69.9049866,
                12.4970799
              ],
              [
                -69.9049424,
                12.4970118
              ],
              [
                -69.9048736,
                12.4969447
              ],
              [
                -69.9048297,
                12.4968547
              ],
              [
                -69.9048109,
                12.4966557
              ],
              [
                -69.9047908,
                12.4966445
              ],
              [
                -69.9047043,
                12.4966458
              ],
              [
                -69.9046728,
                12.4966124
              ],
              [
                -69.9046138,
                12.4964409
              ],
              [
                -69.9045481,
                12.4963872
              ],
              [
                -69.9044327,
                12.4963355
              ],
              [
                -69.904245,
                12.4962779
              ],
              [
                -69.904133,
                12.4962635
              ],
              [
                -69.9040224,
                12.4962694
              ],
              [
                -69.9039084,
                12.4963034
              ],
              [
                -69.9038333,
                12.4963028
              ],
              [
                -69.9037032,
                12.4962563
              ],
              [
                -69.9035302,
                12.4961201
              ],
              [
                -69.9032982,
                12.4958242
              ],
              [
                -69.9032043,
                12.4956121
              ],
              [
                -69.9031574,
                12.4954602
              ],
              [
                -69.9030943,
                12.4953332
              ],
              [
                -69.9029669,
                12.4951617
              ],
              [
                -69.9026611,
                12.4946851
              ],
              [
                -69.902578,
                12.4945267
              ],
              [
                -69.9025324,
                12.4942268
              ],
              [
                -69.9025592,
                12.4941391
              ],
              [
                -69.9026149,
                12.4940658
              ],
              [
                -69.9026296,
                12.4940219
              ],
              [
                -69.9026357,
                12.4938818
              ],
              [
                -69.9026518,
                12.4938576
              ],
              [
                -69.9029562,
                12.4937031
              ],
              [
                -69.9030125,
                12.493618
              ],
              [
                -69.9030367,
                12.4935538
              ],
              [
                -69.903038,
                12.4933731
              ],
              [
                -69.9030004,
                12.4932723
              ],
              [
                -69.90292,
                12.493182
              ],
              [
                -69.902802,
                12.4930956
              ],
              [
                -69.9027228,
                12.4930563
              ],
              [
                -69.9026048,
                12.4930078
              ],
              [
                -69.9024104,
                12.4929725
              ],
              [
                -69.9022588,
                12.4928874
              ],
              [
                -69.9021797,
                12.4928049
              ],
              [
                -69.9021462,
                12.4927486
              ],
              [
                -69.901839,
                12.4925757
              ],
              [
                -69.9016915,
                12.4924631
              ],
              [
                -69.9015802,
                12.4923296
              ],
              [
                -69.9014354,
                12.4922065
              ],
              [
                -69.9011081,
                12.4919734
              ],
              [
                -69.9009901,
                12.4918713
              ],
              [
                -69.9008212,
                12.4916762
              ],
              [
                -69.9007367,
                12.4915296
              ],
              [
                -69.9007165,
                12.4913803
              ],
              [
                -69.9007179,
                12.4911852
              ],
              [
                -69.9006669,
                12.4910805
              ],
              [
                -69.9006468,
                12.4909993
              ],
              [
                -69.9006414,
                12.4908873
              ],
              [
                -69.9006508,
                12.4908225
              ],
              [
                -69.9008138,
                12.4906091
              ],
              [
                -69.9008111,
                12.4905476
              ],
              [
                -69.900787,
                12.4905325
              ],
              [
                -69.9007534,
                12.4905345
              ],
              [
                -69.9005288,
                12.4906988
              ],
              [
                -69.9004725,
                12.4907053
              ],
              [
                -69.9004503,
                12.4906438
              ],
              [
                -69.9004021,
                12.4905993
              ],
              [
                -69.9003759,
                12.4905469
              ],
              [
                -69.9003585,
                12.4903832
              ],
              [
                -69.9003913,
                12.4903151
              ],
              [
                -69.9004597,
                12.4902673
              ],
              [
                -69.9004644,
                12.4902202
              ],
              [
                -69.9003451,
                12.4900421
              ],
              [
                -69.9002512,
                12.4899754
              ],
              [
                -69.9001533,
                12.4899276
              ],
              [
                -69.900042,
                12.4898778
              ],
              [
                -69.8999186,
                12.489851
              ],
              [
                -69.8997992,
                12.4898359
              ],
              [
                -69.899476,
                12.4898785
              ],
              [
                -69.8994103,
                12.4898614
              ],
              [
                -69.8993486,
                12.4898209
              ],
              [
                -69.8991434,
                12.489597
              ],
              [
                -69.8990415,
                12.4895236
              ],
              [
                -69.8989718,
                12.4894032
              ],
              [
                -69.8989195,
                12.4892735
              ],
              [
                -69.8988712,
                12.4890653
              ],
              [
                -69.8988256,
                12.4889842
              ],
              [
                -69.8987183,
                12.4888899
              ],
              [
                -69.8985386,
                12.4887799
              ],
              [
                -69.8985238,
                12.4886608
              ],
              [
                -69.8986821,
                12.4883072
              ],
              [
                -69.898674,
                12.4881841
              ],
              [
                -69.898607,
                12.4879393
              ],
              [
                -69.8985185,
                12.4878149
              ],
              [
                -69.8981564,
                12.4875308
              ],
              [
                -69.8980732,
                12.487447
              ],
              [
                -69.8978855,
                12.4871379
              ],
              [
                -69.8976816,
                12.4868918
              ],
              [
                -69.8975663,
                12.486626
              ],
              [
                -69.8974657,
                12.4864728
              ],
              [
                -69.8973316,
                12.4863432
              ],
              [
                -69.8972632,
                12.4862515
              ],
              [
                -69.8972277,
                12.4861782
              ],
              [
                -69.8972189,
                12.4859916
              ],
              [
                -69.8971767,
                12.4859359
              ],
              [
                -69.8970674,
                12.485843
              ],
              [
                -69.8968977,
                12.4856466
              ],
              [
                -69.8967683,
                12.4856387
              ],
              [
                -69.8967442,
                12.4856236
              ],
              [
                -69.8967395,
                12.4855968
              ],
              [
                -69.8967744,
                12.4855425
              ],
              [
                -69.8967724,
                12.485513
              ],
              [
                -69.8967516,
                12.4854993
              ],
              [
                -69.8966161,
                12.4854822
              ],
              [
                -69.8965095,
                12.4854312
              ],
              [
                -69.896476,
                12.4853768
              ],
              [
                -69.8964646,
                12.4853002
              ],
              [
                -69.8963794,
                12.4852138
              ],
              [
                -69.896366,
                12.4851568
              ],
              [
                -69.8963331,
                12.4851045
              ],
              [
                -69.8962064,
                12.4850757
              ],
              [
                -69.8961957,
                12.4850023
              ],
              [
                -69.8961776,
                12.4849834
              ],
              [
                -69.8961273,
                12.4849565
              ],
              [
                -69.8958088,
                12.4846999
              ],
              [
                -69.8956499,
                12.484639
              ],
              [
                -69.895497,
                12.4845526
              ],
              [
                -69.8952616,
                12.4843843
              ],
              [
                -69.8951476,
                12.4843411
              ],
              [
                -69.8949538,
                12.48422
              ],
              [
                -69.8945729,
                12.4841958
              ],
              [
                -69.8945099,
                12.4841709
              ],
              [
                -69.8943517,
                12.4841486
              ],
              [
                -69.8941492,
                12.4841447
              ],
              [
                -69.8939721,
                12.4841283
              ],
              [
                -69.8939064,
                12.484108
              ],
              [
                -69.8937723,
                12.4840458
              ],
              [
                -69.8937475,
                12.4840177
              ],
              [
                -69.8936992,
                12.483875
              ],
              [
                -69.8934712,
                12.4836844
              ],
              [
                -69.8932271,
                12.4835816
              ],
              [
                -69.8929375,
                12.4835227
              ],
              [
                -69.8928449,
                12.4835168
              ],
              [
                -69.8927625,
                12.4835443
              ],
              [
                -69.8925854,
                12.4835666
              ],
              [
                -69.8924285,
                12.4836307
              ],
              [
                -69.8921234,
                12.4836746
              ],
              [
                -69.8920409,
                12.4836484
              ],
              [
                -69.8920168,
                12.4836091
              ],
              [
                -69.8920128,
                12.4835358
              ],
              [
                -69.8919846,
                12.4834638
              ],
              [
                -69.8919404,
                12.483414
              ],
              [
                -69.8918002,
                12.4833021
              ],
              [
                -69.8917332,
                12.483289
              ],
              [
                -69.8915937,
                12.4833479
              ],
              [
                -69.8914991,
                12.4834239
              ],
              [
                -69.891418,
                12.4835633
              ],
              [
                -69.8914019,
                12.4836923
              ],
              [
                -69.8913023,
                12.4838121
              ],
              [
                -69.8912758,
                12.4838596
              ],
              [
                -69.8912138,
                12.4839057
              ],
              [
                -69.8910861,
                12.4839385
              ],
              [
                -69.8910107,
                12.4839336
              ],
              [
                -69.8909813,
                12.4839276
              ],
              [
                -69.890942,
                12.4839382
              ],
              [
                -69.8908672,
                12.4839641
              ],
              [
                -69.8907244,
                12.4839438
              ],
              [
                -69.8905701,
                12.483885
              ],
              [
                -69.890383,
                12.4838457
              ],
              [
                -69.8901772,
                12.4837788
              ],
              [
                -69.8899113,
                12.4837312
              ],
              [
                -69.8896777,
                12.4836624
              ],
              [
                -69.8896236,
                12.4836243
              ],
              [
                -69.8895627,
                12.4836048
              ],
              [
                -69.8893554,
                12.4835799
              ],
              [
                -69.889314,
                12.4836058
              ],
              [
                -69.8893104,
                12.4836535
              ],
              [
                -69.8892922,
                12.4836801
              ],
              [
                -69.8892035,
                12.4836485
              ],
              [
                -69.8891731,
                12.4836513
              ],
              [
                -69.8891354,
                12.4836337
              ],
              [
                -69.8891127,
                12.4835706
              ],
              [
                -69.8890744,
                12.4835193
              ],
              [
                -69.8890627,
                12.4834194
              ],
              [
                -69.8890467,
                12.4834015
              ],
              [
                -69.8886641,
                12.4831496
              ],
              [
                -69.8884389,
                12.4830665
              ],
              [
                -69.8883311,
                12.483001
              ],
              [
                -69.8883056,
                12.4829722
              ],
              [
                -69.8882995,
                12.4829274
              ],
              [
                -69.888313,
                12.4828752
              ],
              [
                -69.8882924,
                12.4828588
              ],
              [
                -69.8881986,
                12.4828494
              ],
              [
                -69.888144,
                12.4828192
              ],
              [
                -69.8881165,
                12.4827045
              ],
              [
                -69.8879005,
                12.4825216
              ],
              [
                -69.8878564,
                12.4823582
              ],
              [
                -69.8878644,
                12.4822815
              ],
              [
                -69.8878344,
                12.4821566
              ],
              [
                -69.8878446,
                12.4821231
              ],
              [
                -69.8878069,
                12.4820847
              ],
              [
                -69.8877889,
                12.482027
              ],
              [
                -69.8874353,
                12.4816247
              ],
              [
                -69.8873632,
                12.4815685
              ],
              [
                -69.8872979,
                12.4814643
              ],
              [
                -69.8872066,
                12.4813738
              ],
              [
                -69.8871609,
                12.4812986
              ],
              [
                -69.8871065,
                12.4812426
              ],
              [
                -69.8871042,
                12.4811865
              ],
              [
                -69.8870227,
                12.4810705
              ],
              [
                -69.8868495,
                12.4808976
              ],
              [
                -69.8866447,
                12.4806515
              ],
              [
                -69.8865473,
                12.4804536
              ],
              [
                -69.8865167,
                12.4803622
              ],
              [
                -69.8865185,
                12.4803046
              ],
              [
                -69.8864801,
                12.4802891
              ],
              [
                -69.8862751,
                12.4799027
              ],
              [
                -69.8861514,
                12.4797819
              ],
              [
                -69.8860403,
                12.4797139
              ],
              [
                -69.8859607,
                12.4796238
              ],
              [
                -69.8858905,
                12.4795692
              ],
              [
                -69.8858121,
                12.4794306
              ],
              [
                -69.8855727,
                12.4792555
              ],
              [
                -69.8855368,
                12.4792098
              ],
              [
                -69.8854221,
                12.4791278
              ],
              [
                -69.8853931,
                12.4790772
              ],
              [
                -69.8853522,
                12.4790503
              ],
              [
                -69.8852201,
                12.4788277
              ],
              [
                -69.8852234,
                12.478799
              ],
              [
                -69.8852062,
                12.4787802
              ],
              [
                -69.8852292,
                12.4787229
              ],
              [
                -69.8852189,
                12.4786605
              ],
              [
                -69.8851492,
                12.4786341
              ],
              [
                -69.8851123,
                12.478525
              ],
              [
                -69.8850525,
                12.4784151
              ],
              [
                -69.8850363,
                12.4782653
              ],
              [
                -69.8849734,
                12.4782002
              ],
              [
                -69.8848943,
                12.4780773
              ],
              [
                -69.8847809,
                12.4778536
              ],
              [
                -69.8847881,
                12.4778309
              ],
              [
                -69.8847128,
                12.4776533
              ],
              [
                -69.884617,
                12.4775676
              ],
              [
                -69.884551,
                12.477481
              ],
              [
                -69.884557,
                12.4774601
              ],
              [
                -69.8845326,
                12.4774553
              ],
              [
                -69.8844787,
                12.4773708
              ],
              [
                -69.8844451,
                12.4772341
              ],
              [
                -69.8843927,
                12.4771233
              ],
              [
                -69.8843919,
                12.4770859
              ],
              [
                -69.8843027,
                12.4769093
              ],
              [
                -69.8842861,
                12.4768292
              ],
              [
                -69.884242,
                12.4767323
              ],
              [
                -69.8842078,
                12.4766862
              ],
              [
                -69.8841707,
                12.4765214
              ],
              [
                -69.8841549,
                12.4763592
              ],
              [
                -69.8840662,
                12.476111
              ],
              [
                -69.8840689,
                12.4759763
              ],
              [
                -69.8840216,
                12.4759209
              ],
              [
                -69.8839876,
                12.4757158
              ],
              [
                -69.8839516,
                12.4756562
              ],
              [
                -69.8839072,
                12.4754702
              ],
              [
                -69.8838726,
                12.4754016
              ],
              [
                -69.8838133,
                12.4750753
              ],
              [
                -69.8838274,
                12.4750582
              ],
              [
                -69.8837905,
                12.475036
              ],
              [
                -69.8837329,
                12.4749
              ],
              [
                -69.8837078,
                12.4747878
              ],
              [
                -69.8836649,
                12.4747239
              ],
              [
                -69.8836726,
                12.474697
              ],
              [
                -69.8836266,
                12.4745905
              ],
              [
                -69.8835785,
                12.4743902
              ],
              [
                -69.8835974,
                12.4743571
              ],
              [
                -69.8835496,
                12.4742592
              ],
              [
                -69.8835643,
                12.4742184
              ],
              [
                -69.8835904,
                12.4742016
              ],
              [
                -69.883657,
                12.4741985
              ],
              [
                -69.8837639,
                12.4741335
              ],
              [
                -69.8838071,
                12.4741359
              ],
              [
                -69.8838105,
                12.4740977
              ],
              [
                -69.8837958,
                12.4740777
              ],
              [
                -69.883701,
                12.474069
              ],
              [
                -69.8835748,
                12.4740633
              ],
              [
                -69.8835437,
                12.4740406
              ],
              [
                -69.8834991,
                12.4740624
              ],
              [
                -69.8834681,
                12.4740156
              ],
              [
                -69.883502,
                12.4739975
              ],
              [
                -69.8834891,
                12.4739643
              ],
              [
                -69.8834999,
                12.473944
              ],
              [
                -69.8835645,
                12.4739137
              ],
              [
                -69.8835531,
                12.4738733
              ],
              [
                -69.8835737,
                12.473812
              ],
              [
                -69.8835415,
                12.4737733
              ],
              [
                -69.8834872,
                12.4738033
              ],
              [
                -69.8834238,
                12.4737904
              ],
              [
                -69.8833861,
                12.4734821
              ],
              [
                -69.8833545,
                12.4733642
              ],
              [
                -69.8833599,
                12.4732807
              ],
              [
                -69.8833397,
                12.4732542
              ],
              [
                -69.883321,
                12.4731607
              ],
              [
                -69.8833158,
                12.4728295
              ],
              [
                -69.883217,
                12.4725651
              ],
              [
                -69.8832287,
                12.4724463
              ],
              [
                -69.883144,
                12.4720612
              ],
              [
                -69.8831452,
                12.4718666
              ],
              [
                -69.8831237,
                12.4718176
              ],
              [
                -69.8830553,
                12.4717352
              ],
              [
                -69.8831908,
                12.4716911
              ],
              [
                -69.8832168,
                12.4716665
              ],
              [
                -69.8833729,
                12.471662
              ],
              [
                -69.8834364,
                12.4716631
              ],
              [
                -69.8834254,
                12.4715273
              ],
              [
                -69.8834129,
                12.4713743
              ],
              [
                -69.8833558,
                12.471393
              ],
              [
                -69.8832064,
                12.4713626
              ],
              [
                -69.8829547,
                12.4713784
              ],
              [
                -69.8829264,
                12.471341
              ],
              [
                -69.8828918,
                12.4710942
              ],
              [
                -69.8826987,
                12.4703847
              ],
              [
                -69.8826854,
                12.47025
              ],
              [
                -69.8826236,
                12.4699953
              ],
              [
                -69.8825851,
                12.4696063
              ],
              [
                -69.8825936,
                12.4695662
              ],
              [
                -69.882645,
                12.4695148
              ],
              [
                -69.8828338,
                12.4694288
              ],
              [
                -69.8829144,
                12.4694064
              ],
              [
                -69.8828763,
                12.4692749
              ],
              [
                -69.8827691,
                12.4693063
              ],
              [
                -69.8825198,
                12.4693392
              ],
              [
                -69.8824139,
                12.4692954
              ],
              [
                -69.8824282,
                12.4691662
              ],
              [
                -69.8824651,
                12.4690377
              ],
              [
                -69.8824487,
                12.4686278
              ],
              [
                -69.8823396,
                12.4684341
              ],
              [
                -69.8823252,
                12.4682917
              ],
              [
                -69.8822833,
                12.4681539
              ],
              [
                -69.8821912,
                12.4680088
              ],
              [
                -69.8821838,
                12.4679792
              ],
              [
                -69.8822194,
                12.4678104
              ],
              [
                -69.8821384,
                12.4677042
              ],
              [
                -69.882141,
                12.4676387
              ],
              [
                -69.8821043,
                12.4675623
              ],
              [
                -69.881962,
                12.4674348
              ],
              [
                -69.8819457,
                12.4671109
              ],
              [
                -69.8819838,
                12.4667407
              ],
              [
                -69.8818775,
                12.4665001
              ],
              [
                -69.8818012,
                12.466388
              ],
              [
                -69.8817566,
                12.4662167
              ],
              [
                -69.8817553,
                12.4661772
              ],
              [
                -69.8817993,
                12.4660461
              ],
              [
                -69.8817995,
                12.4659979
              ],
              [
                -69.8817582,
                12.4658875
              ],
              [
                -69.8817638,
                12.4658607
              ],
              [
                -69.8817959,
                12.465812
              ],
              [
                -69.8818093,
                12.4657296
              ],
              [
                -69.88186,
                12.4656618
              ],
              [
                -69.8818886,
                12.4655945
              ],
              [
                -69.8819154,
                12.4654754
              ],
              [
                -69.8819135,
                12.4653323
              ],
              [
                -69.881892,
                12.4652063
              ],
              [
                -69.8820042,
                12.4650584
              ],
              [
                -69.882031767,
                12.464862275
              ],
              [
                -69.8820566,
                12.4646856
              ],
              [
                -69.8820827,
                12.4646037
              ],
              [
                -69.8821509,
                12.4644902
              ],
              [
                -69.8823525,
                12.4642767
              ],
              [
                -69.8824408,
                12.4641577
              ],
              [
                -69.8825455,
                12.4639996
              ],
              [
                -69.8825825,
                12.4638968
              ],
              [
                -69.8825928,
                12.4638095
              ],
              [
                -69.8825559,
                12.4637079
              ],
              [
                -69.8824743,
                12.4636213
              ],
              [
                -69.8824064,
                12.4635787
              ],
              [
                -69.8823938,
                12.463553
              ],
              [
                -69.8823964,
                12.4634497
              ],
              [
                -69.8824243,
                12.4633834
              ],
              [
                -69.8824777,
                12.4633278
              ],
              [
                -69.8824639,
                12.4632897
              ],
              [
                -69.882454,
                12.463278
              ],
              [
                -69.8823246,
                12.4631646
              ],
              [
                -69.8822129,
                12.4630964
              ],
              [
                -69.8820401,
                12.4630439
              ],
              [
                -69.8819895,
                12.4630369
              ],
              [
                -69.8819368,
                12.4630371
              ],
              [
                -69.8818828,
                12.4630405
              ],
              [
                -69.8818378,
                12.4630522
              ],
              [
                -69.8817935,
                12.4630685
              ],
              [
                -69.8817505,
                12.4630827
              ],
              [
                -69.8817181,
                12.463094
              ],
              [
                -69.8816748,
                12.4631089
              ],
              [
                -69.8816266,
                12.4631132
              ],
              [
                -69.8815837,
                12.4631079
              ],
              [
                -69.8815401,
                12.4630995
              ],
              [
                -69.8814952,
                12.4630911
              ],
              [
                -69.8814436,
                12.4630756
              ],
              [
                -69.8813928,
                12.4630538
              ],
              [
                -69.8813414,
                12.4630323
              ],
              [
                -69.8812893,
                12.463015
              ],
              [
                -69.8812222,
                12.4629859
              ],
              [
                -69.8811836,
                12.4629647
              ],
              [
                -69.8811217,
                12.462931
              ],
              [
                -69.8810841,
                12.462909
              ],
              [
                -69.8810373,
                12.4628745
              ],
              [
                -69.8810081,
                12.4628512
              ],
              [
                -69.8809538,
                12.4628154
              ],
              [
                -69.880918,
                12.4627908
              ],
              [
                -69.8808641,
                12.4627449
              ],
              [
                -69.8808238,
                12.4627078
              ],
              [
                -69.8808034,
                12.4626876
              ],
              [
                -69.8807871,
                12.4626714
              ],
              [
                -69.8807505,
                12.4626329
              ],
              [
                -69.8807248,
                12.4626003
              ],
              [
                -69.8806976,
                12.4625637
              ],
              [
                -69.8806633,
                12.4625216
              ],
              [
                -69.8806407,
                12.4624912
              ],
              [
                -69.8806055,
                12.462446
              ],
              [
                -69.8805778,
                12.462411
              ],
              [
                -69.8805345,
                12.4623546
              ],
              [
                -69.8805031,
                12.46231
              ],
              [
                -69.8804684,
                12.4622621
              ],
              [
                -69.8804356,
                12.4622176
              ],
              [
                -69.8803975,
                12.4621657
              ],
              [
                -69.8803707,
                12.4621232
              ],
              [
                -69.8803425,
                12.4620782
              ],
              [
                -69.8803197,
                12.4620347
              ],
              [
                -69.8802879,
                12.4619767
              ],
              [
                -69.8802658,
                12.4619351
              ],
              [
                -69.8802468,
                12.4618965
              ],
              [
                -69.8802309,
                12.461861
              ],
              [
                -69.8802078,
                12.4618094
              ],
              [
                -69.8801926,
                12.4617762
              ],
              [
                -69.8801817,
                12.4617424
              ],
              [
                -69.8801712,
                12.4617048
              ],
              [
                -69.8801626,
                12.4616687
              ],
              [
                -69.8801546,
                12.4616282
              ],
              [
                -69.8801455,
                12.4615785
              ],
              [
                -69.8801408,
                12.4615362
              ],
              [
                -69.8801407,
                12.4614967
              ],
              [
                -69.8801432,
                12.4614667
              ],
              [
                -69.8801397,
                12.4614236
              ],
              [
                -69.8801364,
                12.4613791
              ],
              [
                -69.8801361,
                12.4613411
              ],
              [
                -69.8801379,
                12.4612947
              ],
              [
                -69.8801333,
                12.4612484
              ],
              [
                -69.8801283,
                12.4612036
              ],
              [
                -69.8801294,
                12.4611676
              ],
              [
                -69.8801282,
                12.4611335
              ],
              [
                -69.8801199,
                12.4610809
              ],
              [
                -69.8801145,
                12.4610368
              ],
              [
                -69.8801071,
                12.4610006
              ],
              [
                -69.8800962,
                12.4609643
              ],
              [
                -69.8800804,
                12.4609278
              ],
              [
                -69.8800654,
                12.4608942
              ],
              [
                -69.8800488,
                12.4608641
              ],
              [
                -69.8800284,
                12.4608329
              ],
              [
                -69.8800082,
                12.4608012
              ],
              [
                -69.8799904,
                12.4607703
              ],
              [
                -69.8799611,
                12.4607398
              ],
              [
                -69.8799373,
                12.4607168
              ],
              [
                -69.8799066,
                12.4606867
              ],
              [
                -69.8798854,
                12.4606605
              ],
              [
                -69.879851,
                12.4606251
              ],
              [
                -69.8798269,
                12.4605984
              ],
              [
                -69.8798009,
                12.4605704
              ],
              [
                -69.8797726,
                12.4605384
              ],
              [
                -69.8797492,
                12.4605126
              ],
              [
                -69.8797257,
                12.4604765
              ],
              [
                -69.8797061,
                12.4604432
              ],
              [
                -69.8796843,
                12.4604058
              ],
              [
                -69.8796685,
                12.4603761
              ],
              [
                -69.8796497,
                12.4603396
              ],
              [
                -69.8796328,
                12.4603045
              ],
              [
                -69.8796166,
                12.4602621
              ],
              [
                -69.8796042,
                12.4602251
              ],
              [
                -69.879589,
                12.4601787
              ],
              [
                -69.8795724,
                12.4601338
              ],
              [
                -69.879562,
                12.4600976
              ],
              [
                -69.8795481,
                12.4600565
              ],
              [
                -69.8795422,
                12.4600139
              ],
              [
                -69.8795394,
                12.4599694
              ],
              [
                -69.8795337,
                12.4599251
              ],
              [
                -69.8795212,
                12.459873
              ],
              [
                -69.8795137,
                12.4598298
              ],
              [
                -69.8795042,
                12.4597823
              ],
              [
                -69.8794958,
                12.4597316
              ],
              [
                -69.8794944,
                12.4596946
              ],
              [
                -69.8794936,
                12.4596559
              ],
              [
                -69.8794946,
                12.4596137
              ],
              [
                -69.8794856,
                12.459553
              ],
              [
                -69.8794746,
                12.4594988
              ],
              [
                -69.8794709,
                12.4594543
              ],
              [
                -69.8794667,
                12.4593994
              ],
              [
                -69.8794644,
                12.4593461
              ],
              [
                -69.8794601,
                12.4593025
              ],
              [
                -69.8794519,
                12.4592448
              ],
              [
                -69.8794456,
                12.4591935
              ],
              [
                -69.8794353,
                12.4591558
              ],
              [
                -69.8794228,
                12.4591259
              ],
              [
                -69.8794076,
                12.4590826
              ],
              [
                -69.8793982,
                12.4590538
              ],
              [
                -69.8792743,
                12.4588621
              ],
              [
                -69.8792385,
                12.4588276
              ],
              [
                -69.8792066,
                12.4587942
              ],
              [
                -69.8791726,
                12.4587553
              ],
              [
                -69.8791476,
                12.4587244
              ],
              [
                -69.8791166,
                12.4586836
              ],
              [
                -69.8790926,
                12.4586494
              ],
              [
                -69.8790701,
                12.4586176
              ],
              [
                -69.8790495,
                12.4585877
              ],
              [
                -69.8790281,
                12.4585521
              ],
              [
                -69.8790102,
                12.4585054
              ],
              [
                -69.8789986,
                12.4584574
              ],
              [
                -69.878991,
                12.4584145
              ],
              [
                -69.8789799,
                12.4583744
              ],
              [
                -69.8789631,
                12.4583418
              ],
              [
                -69.8789468,
                12.4583123
              ],
              [
                -69.8789269,
                12.4582617
              ],
              [
                -69.8789064,
                12.4582215
              ],
              [
                -69.8788847,
                12.4581843
              ],
              [
                -69.878866,
                12.4581476
              ],
              [
                -69.8788479,
                12.4581095
              ],
              [
                -69.8788278,
                12.4580641
              ],
              [
                -69.8788036,
                12.4580183
              ],
              [
                -69.8787842,
                12.4579763
              ],
              [
                -69.878766,
                12.4579368
              ],
              [
                -69.8787476,
                12.4578946
              ],
              [
                -69.8787275,
                12.457852
              ],
              [
                -69.8787061,
                12.4578139
              ],
              [
                -69.8786823,
                12.4577691
              ],
              [
                -69.8786588,
                12.4577258
              ],
              [
                -69.8786353,
                12.4576864
              ],
              [
                -69.8786126,
                12.4576492
              ],
              [
                -69.8785916,
                12.4576119
              ],
              [
                -69.8785731,
                12.4575754
              ],
              [
                -69.8785598,
                12.4575486
              ],
              [
                -69.8785444,
                12.4575134
              ],
              [
                -69.8785229,
                12.4574714
              ],
              [
                -69.8785048,
                12.4574394
              ],
              [
                -69.8784824,
                12.457393
              ],
              [
                -69.8784691,
                12.4573567
              ],
              [
                -69.8784592,
                12.45732
              ],
              [
                -69.8784558,
                12.4572766
              ],
              [
                -69.8784499,
                12.4572335
              ],
              [
                -69.8784375,
                12.4571981
              ],
              [
                -69.8784334,
                12.4571623
              ],
              [
                -69.8784212,
                12.4571124
              ],
              [
                -69.8784129,
                12.4570677
              ],
              [
                -69.8784083,
                12.4570278
              ],
              [
                -69.8784023,
                12.4569853
              ],
              [
                -69.8783941,
                12.4569449
              ],
              [
                -69.878385,
                12.4569066
              ],
              [
                -69.8783759,
                12.4568718
              ],
              [
                -69.8783693,
                12.4568308
              ],
              [
                -69.8783727,
                12.4567981
              ],
              [
                -69.8783824,
                12.4567612
              ],
              [
                -69.8783916,
                12.4567302
              ],
              [
                -69.8783974,
                12.4566953
              ],
              [
                -69.8783963,
                12.4566499
              ],
              [
                -69.8783971,
                12.4566081
              ],
              [
                -69.8783997,
                12.4565701
              ],
              [
                -69.8784011,
                12.4565267
              ],
              [
                -69.8783977,
                12.456481
              ],
              [
                -69.8783899,
                12.456423
              ],
              [
                -69.8783816,
                12.4563777
              ],
              [
                -69.8783709,
                12.4563313
              ],
              [
                -69.8783574,
                12.456283
              ],
              [
                -69.878345,
                12.4562355
              ],
              [
                -69.8783292,
                12.4561778
              ],
              [
                -69.8783139,
                12.4561334
              ],
              [
                -69.8783041,
                12.4560993
              ],
              [
                -69.8782951,
                12.4560324
              ],
              [
                -69.878288,
                12.4559786
              ],
              [
                -69.8782794,
                12.4559152
              ],
              [
                -69.8782728,
                12.4558595
              ],
              [
                -69.8782685,
                12.4558137
              ],
              [
                -69.8782619,
                12.455768
              ],
              [
                -69.8782509,
                12.4557055
              ],
              [
                -69.8782405,
                12.4556724
              ],
              [
                -69.8782269,
                12.4556309
              ],
              [
                -69.8782152,
                12.455596
              ],
              [
                -69.878205,
                12.4555467
              ],
              [
                -69.8781975,
                12.455501
              ],
              [
                -69.8781866,
                12.4554585
              ],
              [
                -69.8781781,
                12.4554118
              ],
              [
                -69.8781698,
                12.4553736
              ],
              [
                -69.8781606,
                12.4553389
              ],
              [
                -69.8781489,
                12.4553028
              ],
              [
                -69.8781422,
                12.4552667
              ],
              [
                -69.8781337,
                12.4552374
              ],
              [
                -69.8781224,
                12.4552062
              ],
              [
                -69.8781074,
                12.4551664
              ],
              [
                -69.8780956,
                12.4551275
              ],
              [
                -69.8780811,
                12.455083
              ],
              [
                -69.8780696,
                12.4550519
              ],
              [
                -69.8780597,
                12.4550173
              ],
              [
                -69.8780481,
                12.4549777
              ],
              [
                -69.8780394,
                12.4549418
              ],
              [
                -69.8780399,
                12.4549012
              ],
              [
                -69.8780323,
                12.4548761
              ],
              [
                -69.8780295,
                12.4548627
              ],
              [
                -69.877914,
                12.4546093
              ],
              [
                -69.8777858,
                12.4543498
              ],
              [
                -69.8776772,
                12.4541172
              ],
              [
                -69.8776028,
                12.4539648
              ],
              [
                -69.8775404,
                12.4538265
              ],
              [
                -69.8775007,
                12.4537166
              ],
              [
                -69.8774789,
                12.4536431
              ],
              [
                -69.8774575,
                12.4535708
              ],
              [
                -69.8774337,
                12.4534338
              ],
              [
                -69.8774035,
                12.4533006
              ],
              [
                -69.8773734,
                12.4532073
              ],
              [
                -69.877333,
                12.4531087
              ],
              [
                -69.8772942,
                12.4530022
              ],
              [
                -69.8771982,
                12.4528185
              ],
              [
                -69.8771431,
                12.452694
              ],
              [
                -69.8771001,
                12.4525675
              ],
              [
                -69.8770557,
                12.4523833
              ],
              [
                -69.877019,
                12.4522319
              ],
              [
                -69.8769955,
                12.4521312
              ],
              [
                -69.8769484,
                12.4520141
              ],
              [
                -69.8769023,
                12.4518856
              ],
              [
                -69.8768636,
                12.45177
              ],
              [
                -69.8768444,
                12.451673
              ],
              [
                -69.8768263,
                12.4515966
              ],
              [
                -69.8768169,
                12.4515227
              ],
              [
                -69.8768249,
                12.4514589
              ],
              [
                -69.8768306,
                12.451377
              ],
              [
                -69.8768296,
                12.451287
              ],
              [
                -69.8768228,
                12.4511901
              ],
              [
                -69.8768115,
                12.4511076
              ],
              [
                -69.8768103,
                12.4510213
              ],
              [
                -69.8767917,
                12.4509375
              ],
              [
                -69.8767734,
                12.450845
              ],
              [
                -69.8767598,
                12.4507724
              ],
              [
                -69.8767388,
                12.4507157
              ],
              [
                -69.8766771,
                12.4506013
              ],
              [
                -69.8765022,
                12.4503833
              ],
              [
                -69.8764684,
                12.4503474
              ],
              [
                -69.8764513,
                12.4502895
              ],
              [
                -69.8764289,
                12.4502386
              ],
              [
                -69.8764088,
                12.4501898
              ],
              [
                -69.8763986,
                12.4501675
              ],
              [
                -69.8763833,
                12.4501234
              ],
              [
                -69.8763517,
                12.4500532
              ],
              [
                -69.876318,
                12.4499868
              ],
              [
                -69.8762737,
                12.4499138
              ],
              [
                -69.8762223,
                12.4498438
              ],
              [
                -69.8761724,
                12.44978
              ],
              [
                -69.8761141,
                12.449709
              ],
              [
                -69.8760596,
                12.4496474
              ],
              [
                -69.8760164,
                12.4495895
              ],
              [
                -69.8759733,
                12.449527
              ],
              [
                -69.8759236,
                12.4494819
              ],
              [
                -69.8758683,
                12.4494396
              ],
              [
                -69.8758079,
                12.4493926
              ],
              [
                -69.8757541,
                12.4493439
              ],
              [
                -69.8757034,
                12.4492839
              ],
              [
                -69.8756582,
                12.4492221
              ],
              [
                -69.8756139,
                12.4491415
              ],
              [
                -69.8755773,
                12.4490659
              ],
              [
                -69.8755484,
                12.4489831
              ],
              [
                -69.8755247,
                12.4489043
              ],
              [
                -69.8755056,
                12.4488328
              ],
              [
                -69.8754855,
                12.4487558
              ],
              [
                -69.8754606,
                12.448673
              ],
              [
                -69.8754407,
                12.4485925
              ],
              [
                -69.87542,
                12.4485145
              ],
              [
                -69.8754136,
                12.4484406
              ],
              [
                -69.8754187,
                12.4483819
              ],
              [
                -69.8754148,
                12.4483418
              ],
              [
                -69.8754012,
                12.4482661
              ],
              [
                -69.8753806,
                12.4482023
              ],
              [
                -69.8753639,
                12.448168
              ],
              [
                -69.8753478,
                12.4481251
              ],
              [
                -69.8753285,
                12.4480797
              ],
              [
                -69.8753037,
                12.448024
              ],
              [
                -69.8752911,
                12.4479944
              ],
              [
                -69.8752726,
                12.447952
              ],
              [
                -69.875252,
                12.447905
              ],
              [
                -69.8752365,
                12.4478626
              ],
              [
                -69.8752051,
                12.4477819
              ],
              [
                -69.8751899,
                12.447736
              ],
              [
                -69.8751771,
                12.4476913
              ],
              [
                -69.8751717,
                12.4476481
              ],
              [
                -69.875171,
                12.4476009
              ],
              [
                -69.8751663,
                12.4475617
              ],
              [
                -69.8751655,
                12.447511
              ],
              [
                -69.8751732,
                12.4474337
              ],
              [
                -69.8751744,
                12.4473871
              ],
              [
                -69.8751752,
                12.4473493
              ],
              [
                -69.875175,
                12.4473026
              ],
              [
                -69.8751778,
                12.4472571
              ],
              [
                -69.8751834,
                12.4472123
              ],
              [
                -69.8751838,
                12.4471604
              ],
              [
                -69.8751744,
                12.4471117
              ],
              [
                -69.8751616,
                12.4470589
              ],
              [
                -69.875157,
                12.4470211
              ],
              [
                -69.8751497,
                12.446982
              ],
              [
                -69.8751404,
                12.4469427
              ],
              [
                -69.8751253,
                12.4468988
              ],
              [
                -69.8751142,
                12.4468592
              ],
              [
                -69.8751015,
                12.4468095
              ],
              [
                -69.8750794,
                12.4467465
              ],
              [
                -69.8750596,
                12.4466908
              ],
              [
                -69.8750462,
                12.4466505
              ],
              [
                -69.8750304,
                12.4466064
              ],
              [
                -69.8750112,
                12.4465589
              ],
              [
                -69.8749848,
                12.4465025
              ],
              [
                -69.8749592,
                12.446451
              ],
              [
                -69.8749375,
                12.4464138
              ],
              [
                -69.8748934,
                12.4463385
              ],
              [
                -69.874878,
                12.4462982
              ],
              [
                -69.8748668,
                12.4462495
              ],
              [
                -69.8748562,
                12.4462005
              ],
              [
                -69.8748445,
                12.4461273
              ],
              [
                -69.8748247,
                12.4460775
              ],
              [
                -69.8748039,
                12.4460414
              ],
              [
                -69.874781,
                12.4460056
              ],
              [
                -69.8747531,
                12.4459588
              ],
              [
                -69.8747261,
                12.4459029
              ],
              [
                -69.8747085,
                12.4458441
              ],
              [
                -69.8746964,
                12.4457953
              ],
              [
                -69.8746827,
                12.4457401
              ],
              [
                -69.8746624,
                12.4456791
              ],
              [
                -69.8746366,
                12.4456173
              ],
              [
                -69.8746158,
                12.4455701
              ],
              [
                -69.8745928,
                12.4455214
              ],
              [
                -69.8745742,
                12.4454792
              ],
              [
                -69.8745541,
                12.4454277
              ],
              [
                -69.8745321,
                12.4453712
              ],
              [
                -69.8745061,
                12.4453071
              ],
              [
                -69.8744743,
                12.4452387
              ],
              [
                -69.8744471,
                12.4451857
              ],
              [
                -69.8744201,
                12.4451329
              ],
              [
                -69.8743938,
                12.4450804
              ],
              [
                -69.8743689,
                12.4450258
              ],
              [
                -69.8743391,
                12.4449613
              ],
              [
                -69.8743046,
                12.4448932
              ],
              [
                -69.8742843,
                12.444814
              ],
              [
                -69.874174,
                12.4447741
              ],
              [
                -69.8739517,
                12.4447429
              ],
              [
                -69.8739098,
                12.4447166
              ],
              [
                -69.8738806,
                12.4446748
              ],
              [
                -69.8738306,
                12.444496
              ],
              [
                -69.8738374,
                12.4443703
              ],
              [
                -69.8737686,
                12.4442562
              ],
              [
                -69.8737727,
                12.4441407
              ],
              [
                -69.8737444,
                12.444027
              ],
              [
                -69.8736391,
                12.443863
              ],
              [
                -69.873543,
                12.4437547
              ],
              [
                -69.8734226,
                12.4434472
              ],
              [
                -69.8732799,
                12.4431236
              ],
              [
                -69.8733039,
                12.4429536
              ],
              [
                -69.8734579,
                12.4427666
              ],
              [
                -69.8737099,
                12.4424886
              ],
              [
                -69.8739094,
                12.4422454
              ],
              [
                -69.8740788,
                12.4419314
              ],
              [
                -69.8741155,
                12.4418633
              ],
              [
                -69.8743457,
                12.4412219
              ],
              [
                -69.8744817,
                12.4407538
              ],
              [
                -69.8746024,
                12.4402312
              ],
              [
                -69.8747045,
                12.4396983
              ],
              [
                -69.8746885,
                12.4392743
              ],
              [
                -69.8745558,
                12.4387346
              ],
              [
                -69.87442,
                12.4384841
              ],
              [
                -69.8742691,
                12.4382733
              ],
              [
                -69.8740989,
                12.4381207
              ],
              [
                -69.8740653,
                12.4380939
              ],
              [
                -69.8738725,
                12.4379379
              ],
              [
                -69.8735249,
                12.4378177
              ],
              [
                -69.8731187,
                12.4378749
              ],
              [
                -69.872838,
                12.4379399
              ],
              [
                -69.8727896,
                12.4379376
              ],
              [
                -69.8727419,
                12.4379216
              ],
              [
                -69.8725472,
                12.4378277
              ],
              [
                -69.872288,
                12.437555
              ],
              [
                -69.8722078,
                12.437433
              ],
              [
                -69.8721543,
                12.4373012
              ],
              [
                -69.8716476,
                12.4355543
              ],
              [
                -69.8717152,
                12.4345505
              ],
              [
                -69.8716843,
                12.4342755
              ],
              [
                -69.8716682,
                12.434172
              ],
              [
                -69.8716508,
                12.4340686
              ],
              [
                -69.8716266,
                12.4339743
              ],
              [
                -69.8716092,
                12.433897
              ],
              [
                -69.8715904,
                12.4338328
              ],
              [
                -69.8715703,
                12.4337713
              ],
              [
                -69.8715448,
                12.4336914
              ],
              [
                -69.871514,
                12.4336181
              ],
              [
                -69.871463,
                12.4334832
              ],
              [
                -69.8714362,
                12.4333836
              ],
              [
                -69.8714161,
                12.4333168
              ],
              [
                -69.871396,
                12.4332645
              ],
              [
                -69.8713624,
                12.4331374
              ],
              [
                -69.8713477,
                12.4330562
              ],
              [
                -69.8713638,
                12.4329108
              ],
              [
                -69.8713839,
                12.4328768
              ],
              [
                -69.8714094,
                12.4328532
              ],
              [
                -69.8714429,
                12.4328454
              ],
              [
                -69.8714671,
                12.4328585
              ],
              [
                -69.8715033,
                12.4329004
              ],
              [
                -69.8715556,
                12.4329122
              ],
              [
                -69.8716266,
                12.4328977
              ],
              [
                -69.871687,
                12.4328716
              ],
              [
                -69.8717366,
                12.4328493
              ],
              [
                -69.8718023,
                12.4328179
              ],
              [
                -69.8718533,
                12.4327917
              ],
              [
                -69.8718908,
                12.4327694
              ],
              [
                -69.8719271,
                12.4327432
              ],
              [
                -69.8719539,
                12.4326987
              ],
              [
                -69.871978,
                12.4326607
              ],
              [
                -69.8719995,
                12.432607
              ],
              [
                -69.8720102,
                12.4325376
              ],
              [
                -69.8720223,
                12.4324643
              ],
              [
                -69.872029,
                12.4323922
              ],
              [
                -69.8720317,
                12.432315
              ],
              [
                -69.8720343,
                12.4322573
              ],
              [
                -69.8720129,
                12.432201
              ],
              [
                -69.8719861,
                12.4321185
              ],
              [
                -69.8719646,
                12.432053
              ],
              [
                -69.8719499,
                12.4320046
              ],
              [
                -69.8719203,
                12.4319561
              ],
              [
                -69.8718774,
                12.431909
              ],
              [
                -69.8718452,
                12.4318644
              ],
              [
                -69.8717996,
                12.4318003
              ],
              [
                -69.8717728,
                12.4317597
              ],
              [
                -69.8717433,
                12.4317322
              ],
              [
                -69.8716709,
                12.4316706
              ],
              [
                -69.8716213,
                12.4316248
              ],
              [
                -69.871573,
                12.4315842
              ],
              [
                -69.8715086,
                12.4315174
              ],
              [
                -69.8714443,
                12.4314689
              ],
              [
                -69.8713839,
                12.4314493
              ],
              [
                -69.8713044,
                12.4314427
              ],
              [
                -69.8712525,
                12.4313995
              ],
              [
                -69.8712203,
                12.4313497
              ],
              [
                -69.8712109,
                12.4312973
              ],
              [
                -69.8712002,
                12.4312306
              ],
              [
                -69.8711868,
                12.4311755
              ],
              [
                -69.8711747,
                12.4311153
              ],
              [
                -69.8711734,
                12.4310642
              ],
              [
                -69.871172,
                12.4309987
              ],
              [
                -69.8711908,
                12.430928
              ],
              [
                -69.8712069,
                12.430873
              ],
              [
                -69.8712324,
                12.4308232
              ],
              [
                -69.8712632,
                12.4307604
              ],
              [
                -69.8712659,
                12.430708
              ],
              [
                -69.8712592,
                12.4306713
              ],
              [
                -69.8712391,
                12.4306216
              ],
              [
                -69.8712283,
                12.43056
              ],
              [
                -69.8712216,
                12.4305102
              ],
              [
                -69.8712015,
                12.4304539
              ],
              [
                -69.8711801,
                12.4304015
              ],
              [
                -69.8711599,
                12.4303636
              ],
              [
                -69.8711331,
                12.4303203
              ],
              [
                -69.8711063,
                12.430264
              ],
              [
                -69.8710795,
                12.4301946
              ],
              [
                -69.8710607,
                12.4301344
              ],
              [
                -69.8710486,
                12.4301029
              ],
              [
                -69.8710299,
                12.430065
              ],
              [
                -69.8710017,
                12.4300414
              ],
              [
                -69.8709789,
                12.4300191
              ],
              [
                -69.8709641,
                12.4300008
              ],
              [
                -69.870938,
                12.429951
              ],
              [
                -69.8709273,
                12.4299222
              ],
              [
                -69.8708877,
                12.4298489
              ],
              [
                -69.8708206,
                12.4298043
              ],
              [
                -69.8707831,
                12.429769
              ],
              [
                -69.8707353,
                12.4297412
              ],
              [
                -69.8706898,
                12.4297231
              ],
              [
                -69.8706651,
                12.4297061
              ],
              [
                -69.8706517,
                12.429678
              ],
              [
                -69.870643,
                12.4296522
              ],
              [
                -69.8705926,
                12.429566
              ],
              [
                -69.870587,
                12.4294615
              ],
              [
                -69.8705446,
                12.4293645
              ],
              [
                -69.8705208,
                12.4293404
              ],
              [
                -69.8704945,
                12.4292315
              ],
              [
                -69.8704131,
                12.4290988
              ],
              [
                -69.8704033,
                12.4289879
              ],
              [
                -69.8703262,
                12.4288425
              ],
              [
                -69.8703281,
                12.4287671
              ],
              [
                -69.8702157,
                12.4284998
              ],
              [
                -69.8702252,
                12.4284533
              ],
              [
                -69.8701842,
                12.4284014
              ],
              [
                -69.8701207,
                12.4282208
              ],
              [
                -69.8700749,
                12.4280286
              ],
              [
                -69.8700542,
                12.4278109
              ],
              [
                -69.8699332,
                12.4273249
              ],
              [
                -69.8698946,
                12.4272755
              ],
              [
                -69.8697794,
                12.4269768
              ],
              [
                -69.8697578,
                12.4268693
              ],
              [
                -69.869644,
                12.4265204
              ],
              [
                -69.8696218,
                12.4263751
              ],
              [
                -69.8695432,
                12.4262665
              ],
              [
                -69.8695763,
                12.4262036
              ],
              [
                -69.869573,
                12.426175
              ],
              [
                -69.8694376,
                12.425867
              ],
              [
                -69.8693471,
                12.4255544
              ],
              [
                -69.8692942,
                12.4254323
              ],
              [
                -69.8692978,
                12.4253735
              ],
              [
                -69.8692815,
                12.4253215
              ],
              [
                -69.869292,
                12.4252782
              ],
              [
                -69.8692358,
                12.4251757
              ],
              [
                -69.8692278,
                12.425147
              ],
              [
                -69.8692386,
                12.4251097
              ],
              [
                -69.8691866,
                12.4250252
              ],
              [
                -69.869176,
                12.4249185
              ],
              [
                -69.8691202,
                12.4247334
              ],
              [
                -69.8691272,
                12.4246565
              ],
              [
                -69.8690729,
                12.4245845
              ],
              [
                -69.8691173,
                12.4245237
              ],
              [
                -69.8691097,
                12.4245056
              ],
              [
                -69.8690506,
                12.4244807
              ],
              [
                -69.8690374,
                12.4244562
              ],
              [
                -69.869036,
                12.4243402
              ],
              [
                -69.8689728,
                12.4242158
              ],
              [
                -69.8689622,
                12.4241194
              ],
              [
                -69.8688937,
                12.4239374
              ],
              [
                -69.8689064,
                12.4238208
              ],
              [
                -69.8688517,
                12.4237191
              ],
              [
                -69.8688177,
                12.4235253
              ],
              [
                -69.8687693,
                12.4233978
              ],
              [
                -69.8687732,
                12.4232145
              ],
              [
                -69.868699,
                12.4230968
              ],
              [
                -69.8686711,
                12.4230127
              ],
              [
                -69.868678,
                12.4228979
              ],
              [
                -69.8686639,
                12.4228654
              ],
              [
                -69.8686773,
                12.4227561
              ],
              [
                -69.8686285,
                12.4226092
              ],
              [
                -69.8685793,
                12.4225175
              ],
              [
                -69.8685896,
                12.4224387
              ],
              [
                -69.8685734,
                12.4223732
              ],
              [
                -69.8685137,
                12.4222916
              ],
              [
                -69.8685106,
                12.4222201
              ],
              [
                -69.868451,
                12.4221299
              ],
              [
                -69.8684495,
                12.4220035
              ],
              [
                -69.8683866,
                12.4218597
              ],
              [
                -69.8683709,
                12.4216586
              ],
              [
                -69.8682114,
                12.4216303
              ],
              [
                -69.8681894,
                12.4216154
              ],
              [
                -69.8681725,
                12.4215677
              ],
              [
                -69.8680052,
                12.4214686
              ],
              [
                -69.8679889,
                12.4214198
              ],
              [
                -69.8680468,
                12.4213631
              ],
              [
                -69.868042,
                12.421346
              ],
              [
                -69.8680172,
                12.4213367
              ],
              [
                -69.8679635,
                12.4213393
              ],
              [
                -69.8679401,
                12.4213263
              ],
              [
                -69.8679525,
                12.4212967
              ],
              [
                -69.8679416,
                12.4212187
              ],
              [
                -69.8678929,
                12.4212183
              ],
              [
                -69.8678302,
                12.4212405
              ],
              [
                -69.8678049,
                12.4212145
              ],
              [
                -69.8677513,
                12.4212217
              ],
              [
                -69.867744,
                12.421198
              ],
              [
                -69.8677133,
                12.421192
              ],
              [
                -69.8677059,
                12.4211767
              ],
              [
                -69.8677135,
                12.4211343
              ],
              [
                -69.867677,
                12.4211367
              ],
              [
                -69.867657,
                12.4211162
              ],
              [
                -69.8676481,
                12.4210835
              ],
              [
                -69.86766,
                12.421044
              ],
              [
                -69.8676237,
                12.4210402
              ],
              [
                -69.8675902,
                12.4210792
              ],
              [
                -69.8675758,
                12.4210792
              ],
              [
                -69.8675862,
                12.4210077
              ],
              [
                -69.8675667,
                12.4209766
              ],
              [
                -69.8675546,
                12.4210078
              ],
              [
                -69.8675041,
                12.4210025
              ],
              [
                -69.8675109,
                12.4210366
              ],
              [
                -69.8674219,
                12.4210253
              ],
              [
                -69.8674749,
                12.4209626
              ],
              [
                -69.8674717,
                12.4209413
              ],
              [
                -69.8674335,
                12.4209232
              ],
              [
                -69.8674407,
                12.4208873
              ],
              [
                -69.867418,
                12.4208707
              ],
              [
                -69.8674005,
                12.4208987
              ],
              [
                -69.8673834,
                12.4208943
              ],
              [
                -69.8673738,
                12.4208706
              ],
              [
                -69.867385,
                12.4208656
              ],
              [
                -69.8673656,
                12.4208514
              ],
              [
                -69.8673606,
                12.4208246
              ],
              [
                -69.8673273,
                12.4208299
              ],
              [
                -69.8673109,
                12.4207582
              ],
              [
                -69.8672708,
                12.4207249
              ],
              [
                -69.8672898,
                12.420667
              ],
              [
                -69.8672689,
                12.4206106
              ],
              [
                -69.8671138,
                12.4206183
              ],
              [
                -69.8671001,
                12.4206226
              ],
              [
                -69.8670985,
                12.4206426
              ],
              [
                -69.8670797,
                12.4206456
              ],
              [
                -69.8669774,
                12.4206199
              ],
              [
                -69.8669345,
                12.4205893
              ],
              [
                -69.8669202,
                12.4205082
              ],
              [
                -69.8669679,
                12.4204516
              ],
              [
                -69.8670958,
                12.4203703
              ],
              [
                -69.8671194,
                12.4203953
              ],
              [
                -69.8671652,
                12.4203767
              ],
              [
                -69.8671868,
                12.4203199
              ],
              [
                -69.8671731,
                12.4202144
              ],
              [
                -69.8671326,
                12.4202223
              ],
              [
                -69.867102,
                12.4201776
              ],
              [
                -69.8671652,
                12.4201117
              ],
              [
                -69.8671698,
                12.4200774
              ],
              [
                -69.8671374,
                12.4200317
              ],
              [
                -69.8671443,
                12.4200215
              ],
              [
                -69.867097,
                12.4199891
              ],
              [
                -69.8670901,
                12.4199383
              ],
              [
                -69.8670721,
                12.4199401
              ],
              [
                -69.8670563,
                12.4199666
              ],
              [
                -69.8670057,
                12.4199822
              ],
              [
                -69.8669921,
                12.4199731
              ],
              [
                -69.8670107,
                12.4199188
              ],
              [
                -69.8670023,
                12.4199121
              ],
              [
                -69.8669597,
                12.4199819
              ],
              [
                -69.866881,
                12.4199749
              ],
              [
                -69.8669063,
                12.4199421
              ],
              [
                -69.8668807,
                12.4198803
              ],
              [
                -69.8669782,
                12.4197592
              ],
              [
                -69.8669951,
                12.4197077
              ],
              [
                -69.8669973,
                12.4196811
              ],
              [
                -69.8669837,
                12.4196704
              ],
              [
                -69.8669257,
                12.4197022
              ],
              [
                -69.8668778,
                12.4196947
              ],
              [
                -69.8668714,
                12.4196789
              ],
              [
                -69.8669105,
                12.4196323
              ],
              [
                -69.8669317,
                12.4196201
              ],
              [
                -69.8669287,
                12.419599
              ],
              [
                -69.8668808,
                12.4196106
              ],
              [
                -69.8667951,
                12.419601
              ],
              [
                -69.8666737,
                12.4195644
              ],
              [
                -69.8666576,
                12.4194341
              ],
              [
                -69.8666869,
                12.4193953
              ],
              [
                -69.8666803,
                12.4193757
              ],
              [
                -69.8666023,
                12.4194006
              ],
              [
                -69.8665408,
                12.4193801
              ],
              [
                -69.8665156,
                12.4193844
              ],
              [
                -69.8665099,
                12.4194035
              ],
              [
                -69.8664843,
                12.4194034
              ],
              [
                -69.8664724,
                12.4193896
              ],
              [
                -69.8664868,
                12.419338
              ],
              [
                -69.8664684,
                12.4193118
              ],
              [
                -69.8664612,
                12.4193466
              ],
              [
                -69.8663662,
                12.4193843
              ],
              [
                -69.8662788,
                12.4193708
              ],
              [
                -69.8662532,
                12.41935
              ],
              [
                -69.8662424,
                12.419312
              ],
              [
                -69.8662654,
                12.4192514
              ],
              [
                -69.8663243,
                12.4192054
              ],
              [
                -69.8663292,
                12.4191742
              ],
              [
                -69.8662309,
                12.4190314
              ],
              [
                -69.8661639,
                12.4190317
              ],
              [
                -69.866105,
                12.4189657
              ],
              [
                -69.8661397,
                12.418951
              ],
              [
                -69.8661552,
                12.4189009
              ],
              [
                -69.8660731,
                12.4188901
              ],
              [
                -69.866045,
                12.4188686
              ],
              [
                -69.866013,
                12.4188353
              ],
              [
                -69.8659787,
                12.4187601
              ],
              [
                -69.866047,
                12.4187567
              ],
              [
                -69.866068,
                12.4187304
              ],
              [
                -69.8660437,
                12.418628
              ],
              [
                -69.8661016,
                12.4185949
              ],
              [
                -69.8661011,
                12.4185669
              ],
              [
                -69.8660696,
                12.4185342
              ],
              [
                -69.8660164,
                12.4185201
              ],
              [
                -69.8659655,
                12.4185332
              ],
              [
                -69.8659347,
                12.418499
              ],
              [
                -69.8658032,
                12.4185066
              ],
              [
                -69.8658763,
                12.4184266
              ],
              [
                -69.8658692,
                12.4183712
              ],
              [
                -69.8657372,
                12.4182697
              ],
              [
                -69.8656433,
                12.4181557
              ],
              [
                -69.8655527,
                12.418103
              ],
              [
                -69.8654678,
                12.4180934
              ],
              [
                -69.8654556,
                12.418073
              ],
              [
                -69.8655334,
                12.4179648
              ],
              [
                -69.8656514,
                12.4178928
              ],
              [
                -69.8657411,
                12.4178077
              ],
              [
                -69.8657893,
                12.4177772
              ],
              [
                -69.8659237,
                12.4177701
              ],
              [
                -69.8660087,
                12.4176598
              ],
              [
                -69.8660755,
                12.4176476
              ],
              [
                -69.8661091,
                12.4176096
              ],
              [
                -69.8662285,
                12.417563
              ],
              [
                -69.8663117,
                12.4174764
              ],
              [
                -69.8663635,
                12.4174451
              ],
              [
                -69.8664831,
                12.4174284
              ],
              [
                -69.8666394,
                12.4173027
              ],
              [
                -69.8668855,
                12.4171444
              ],
              [
                -69.8669273,
                12.4170977
              ],
              [
                -69.8668901,
                12.4170642
              ],
              [
                -69.8670262,
                12.4167715
              ],
              [
                -69.8669938,
                12.4166791
              ],
              [
                -69.866998,
                12.4166357
              ],
              [
                -69.8670171,
                12.416606
              ],
              [
                -69.8670456,
                12.4166094
              ],
              [
                -69.8670824,
                12.4166438
              ],
              [
                -69.8671164,
                12.4166372
              ],
              [
                -69.8671093,
                12.416621
              ],
              [
                -69.8669805,
                12.4165704
              ],
              [
                -69.8670195,
                12.4165204
              ],
              [
                -69.8669967,
                12.4164829
              ],
              [
                -69.8668283,
                12.416439
              ],
              [
                -69.866812,
                12.416424
              ],
              [
                -69.8668342,
                12.4163687
              ],
              [
                -69.8667352,
                12.4163351
              ],
              [
                -69.8667397,
                12.4163198
              ],
              [
                -69.8667691,
                12.4163089
              ],
              [
                -69.8667696,
                12.4162921
              ],
              [
                -69.8667477,
                12.4162755
              ],
              [
                -69.8667074,
                12.4162776
              ],
              [
                -69.8666394,
                12.4161797
              ],
              [
                -69.8666539,
                12.4160859
              ],
              [
                -69.8666984,
                12.4160238
              ],
              [
                -69.866693,
                12.4159863
              ],
              [
                -69.8667905,
                12.4159152
              ],
              [
                -69.8668017,
                12.4158869
              ],
              [
                -69.8667092,
                12.4157116
              ],
              [
                -69.8667037,
                12.4156694
              ],
              [
                -69.8667221,
                12.4156144
              ],
              [
                -69.8666574,
                12.4155202
              ],
              [
                -69.8666367,
                12.4154359
              ],
              [
                -69.8666505,
                12.4153669
              ],
              [
                -69.8667053,
                12.4152733
              ],
              [
                -69.8666791,
                12.4151984
              ],
              [
                -69.8666976,
                12.4151399
              ],
              [
                -69.8667425,
                12.4150696
              ],
              [
                -69.8667194,
                12.4149575
              ],
              [
                -69.8667355,
                12.4149142
              ],
              [
                -69.8668139,
                12.4148366
              ],
              [
                -69.8668885,
                12.4148094
              ],
              [
                -69.8669251,
                12.4148191
              ],
              [
                -69.866992,
                12.4148915
              ],
              [
                -69.8670358,
                12.4149031
              ],
              [
                -69.8671267,
                12.4149332
              ],
              [
                -69.8672671,
                12.4150455
              ],
              [
                -69.8674241,
                12.4151472
              ],
              [
                -69.8675112,
                12.4151839
              ],
              [
                -69.8676155,
                12.4153342
              ],
              [
                -69.8677667,
                12.4153754
              ],
              [
                -69.8678997,
                12.4154509
              ],
              [
                -69.8680719,
                12.415459
              ],
              [
                -69.8684339,
                12.4154899
              ],
              [
                -69.8686308,
                12.4154786
              ],
              [
                -69.8687952,
                12.4154855
              ],
              [
                -69.8690012,
                12.4154674
              ],
              [
                -69.8690526,
                12.4155186
              ],
              [
                -69.8689597,
                12.4155121
              ],
              [
                -69.8688862,
                12.4155441
              ],
              [
                -69.8688873,
                12.4156253
              ],
              [
                -69.8690093,
                12.4157276
              ],
              [
                -69.869136,
                12.4157183
              ],
              [
                -69.8691941,
                12.4156613
              ],
              [
                -69.8691731,
                12.4156074
              ],
              [
                -69.8691005,
                12.4155454
              ],
              [
                -69.8691105,
                12.41549
              ],
              [
                -69.8691936,
                12.4154845
              ],
              [
                -69.869329,
                12.4154662
              ],
              [
                -69.8696822,
                12.415371
              ],
              [
                -69.8699348,
                12.4152429
              ],
              [
                -69.8704992,
                12.4150098
              ],
              [
                -69.870885,
                12.4148807
              ],
              [
                -69.8713547,
                12.4147366
              ],
              [
                -69.8717355,
                12.4145367
              ],
              [
                -69.8720954,
                12.4144723
              ],
              [
                -69.8723654,
                12.4143543
              ],
              [
                -69.8725541,
                12.4141862
              ],
              [
                -69.8727944,
                12.4140394
              ],
              [
                -69.8731634,
                12.4137919
              ],
              [
                -69.8733087,
                12.4137246
              ],
              [
                -69.8733807,
                12.4136387
              ],
              [
                -69.8735162,
                12.4134455
              ],
              [
                -69.8736328,
                12.4132681
              ],
              [
                -69.8736851,
                12.4131622
              ],
              [
                -69.8736923,
                12.413004
              ],
              [
                -69.8737143,
                12.4127435
              ],
              [
                -69.8735817,
                12.4126255
              ],
              [
                -69.8736073,
                12.4125674
              ],
              [
                -69.8736623,
                12.4125272
              ],
              [
                -69.873734,
                12.4125448
              ],
              [
                -69.8738098,
                12.4125583
              ],
              [
                -69.8738528,
                12.4125465
              ],
              [
                -69.8740379,
                12.4125242
              ],
              [
                -69.8741929,
                12.4124474
              ],
              [
                -69.8744643,
                12.4124195
              ],
              [
                -69.8745004,
                12.4124446
              ],
              [
                -69.8745543,
                12.412451
              ],
              [
                -69.8746085,
                12.4124562
              ],
              [
                -69.8746797,
                12.4124604
              ],
              [
                -69.8747629,
                12.4124607
              ],
              [
                -69.87482,
                12.4124892
              ],
              [
                -69.8749141,
                12.4125035
              ],
              [
                -69.8749532,
                12.4124783
              ],
              [
                -69.8750698,
                12.4124828
              ],
              [
                -69.8751476,
                12.4124648
              ],
              [
                -69.8752053,
                12.4124636
              ],
              [
                -69.8753334,
                12.4124856
              ],
              [
                -69.8755868,
                12.4125013
              ],
              [
                -69.8759023,
                12.4124867
              ],
              [
                -69.8763717,
                12.4125156
              ],
              [
                -69.8764936,
                12.4125161
              ],
              [
                -69.8766882,
                12.4125101
              ],
              [
                -69.8768984,
                12.4124706
              ],
              [
                -69.8770268,
                12.4125081
              ],
              [
                -69.8771449,
                12.4125156
              ],
              [
                -69.8772152,
                12.4125074
              ],
              [
                -69.8772793,
                12.4124863
              ],
              [
                -69.8773565,
                12.4124954
              ],
              [
                -69.8773766,
                12.412488
              ],
              [
                -69.8773869,
                12.4124755
              ],
              [
                -69.877401,
                12.4124701
              ],
              [
                -69.8774125,
                12.41248
              ],
              [
                -69.8774361,
                12.4124955
              ],
              [
                -69.8774826,
                12.412506
              ],
              [
                -69.8775504,
                12.4125013
              ],
              [
                -69.8776104,
                12.4124946
              ],
              [
                -69.8776889,
                12.4124985
              ],
              [
                -69.8777709,
                12.4125039
              ],
              [
                -69.877862,
                12.4125071
              ],
              [
                -69.8779621,
                12.4124796
              ],
              [
                -69.8780574,
                12.4124574
              ],
              [
                -69.8781383,
                12.4124598
              ],
              [
                -69.8782411,
                12.4124525
              ],
              [
                -69.8783783,
                12.4124476
              ],
              [
                -69.8786354,
                12.4124363
              ],
              [
                -69.8787155,
                12.4124371
              ],
              [
                -69.8788508,
                12.4124396
              ],
              [
                -69.8792379,
                12.412466
              ],
              [
                -69.8793708,
                12.4124404
              ],
              [
                -69.879515,
                12.4123995
              ],
              [
                -69.879569,
                12.4124193
              ],
              [
                -69.8795766,
                12.4124956
              ],
              [
                -69.8795514,
                12.4125099
              ],
              [
                -69.8795126,
                12.412532
              ],
              [
                -69.8794644,
                12.4125774
              ],
              [
                -69.8794325,
                12.4126255
              ],
              [
                -69.8793888,
                12.412751
              ],
              [
                -69.8793819,
                12.4128415
              ],
              [
                -69.8793686,
                12.4129348
              ],
              [
                -69.8793807,
                12.4130454
              ],
              [
                -69.8794198,
                12.4131287
              ],
              [
                -69.8794807,
                12.4132586
              ],
              [
                -69.8795589,
                12.4134203
              ],
              [
                -69.8796294,
                12.4135496
              ],
              [
                -69.8797187,
                12.4136811
              ],
              [
                -69.8798325,
                12.4138463
              ],
              [
                -69.8799181,
                12.4139433
              ],
              [
                -69.8800138,
                12.4140304
              ],
              [
                -69.8801014,
                12.4140784
              ],
              [
                -69.8801929,
                12.4141378
              ],
              [
                -69.8802698,
                12.4141734
              ],
              [
                -69.8803318,
                12.4141859
              ],
              [
                -69.8803909,
                12.4141953
              ],
              [
                -69.8804596,
                12.4142013
              ],
              [
                -69.8805239,
                12.4142139
              ],
              [
                -69.8805901,
                12.4142197
              ],
              [
                -69.8806434,
                12.414214
              ],
              [
                -69.8807121,
                12.414202
              ],
              [
                -69.8807739,
                12.4141801
              ],
              [
                -69.8808319,
                12.4141502
              ],
              [
                -69.8808821,
                12.4141341
              ],
              [
                -69.8809489,
                12.4141416
              ],
              [
                -69.8810313,
                12.4141361
              ],
              [
                -69.8811314,
                12.4141809
              ],
              [
                -69.8812467,
                12.4142288
              ],
              [
                -69.8813485,
                12.4142662
              ],
              [
                -69.8814457,
                12.4142813
              ],
              [
                -69.8815477,
                12.4142783
              ],
              [
                -69.8816287,
                12.414275
              ],
              [
                -69.8816948,
                12.4142691
              ],
              [
                -69.8817738,
                12.4142478
              ],
              [
                -69.8818466,
                12.4142185
              ],
              [
                -69.8819059,
                12.4141904
              ],
              [
                -69.8819775,
                12.4141656
              ],
              [
                -69.8820492,
                12.4141344
              ],
              [
                -69.8821438,
                12.414118
              ],
              [
                -69.8822114,
                12.4140798
              ],
              [
                -69.8822804,
                12.414049
              ],
              [
                -69.882381,
                12.4139862
              ],
              [
                -69.8824563,
                12.4139561
              ],
              [
                -69.8825337,
                12.4139054
              ],
              [
                -69.8826285,
                12.4138319
              ],
              [
                -69.8827036,
                12.4137758
              ],
              [
                -69.8827934,
                12.4136838
              ],
              [
                -69.8828817,
                12.4135881
              ],
              [
                -69.8829493,
                12.413509
              ],
              [
                -69.8830025,
                12.413431
              ],
              [
                -69.8830486,
                12.413338
              ],
              [
                -69.8830927,
                12.4132449
              ],
              [
                -69.8831024,
                12.4131838
              ],
              [
                -69.8830869,
                12.4131162
              ],
              [
                -69.8830659,
                12.4130316
              ],
              [
                -69.8830163,
                12.4129528
              ],
              [
                -69.8829062,
                12.4128652
              ],
              [
                -69.882879,
                12.4128192
              ],
              [
                -69.8828582,
                12.412775
              ],
              [
                -69.8828382,
                12.4127383
              ],
              [
                -69.882805,
                12.4127014
              ],
              [
                -69.8827669,
                12.4126409
              ],
              [
                -69.8827653,
                12.4126138
              ],
              [
                -69.8827104,
                12.412388
              ],
              [
                -69.8826843,
                12.412325
              ],
              [
                -69.8826612,
                12.4122692
              ],
              [
                -69.882632,
                12.4122114
              ],
              [
                -69.8826029,
                12.4121872
              ],
              [
                -69.8825814,
                12.4121514
              ],
              [
                -69.8825663,
                12.412116
              ],
              [
                -69.8825379,
                12.4120888
              ],
              [
                -69.8824968,
                12.4120824
              ],
              [
                -69.8824572,
                12.4121007
              ],
              [
                -69.8824277,
                12.4121286
              ],
              [
                -69.8823968,
                12.4121523
              ],
              [
                -69.8823684,
                12.4121746
              ],
              [
                -69.8823265,
                12.4121722
              ],
              [
                -69.882285,
                12.4121435
              ],
              [
                -69.8822134,
                12.4121433
              ],
              [
                -69.8821123,
                12.4121767
              ],
              [
                -69.8820416,
                12.4121692
              ],
              [
                -69.8820152,
                12.4120888
              ],
              [
                -69.8820309,
                12.4120248
              ],
              [
                -69.8820398,
                12.4119884
              ],
              [
                -69.8820539,
                12.4119494
              ],
              [
                -69.8820918,
                12.4119104
              ],
              [
                -69.8821573,
                12.4119121
              ],
              [
                -69.8822018,
                12.4119179
              ],
              [
                -69.8822342,
                12.4118993
              ],
              [
                -69.8822645,
                12.4118868
              ],
              [
                -69.8823036,
                12.4118811
              ],
              [
                -69.8823457,
                12.411871
              ],
              [
                -69.8823824,
                12.4118597
              ],
              [
                -69.8824187,
                12.4118454
              ],
              [
                -69.8824715,
                12.411832
              ],
              [
                -69.8825177,
                12.4118281
              ],
              [
                -69.8825685,
                12.4118258
              ],
              [
                -69.8826265,
                12.4118306
              ],
              [
                -69.8826765,
                12.4118368
              ],
              [
                -69.8827412,
                12.4118418
              ],
              [
                -69.8827917,
                12.4118556
              ],
              [
                -69.8828389,
                12.4118663
              ],
              [
                -69.8828853,
                12.4118841
              ],
              [
                -69.8830057,
                12.4119068
              ],
              [
                -69.8831108,
                12.4119573
              ],
              [
                -69.8832702,
                12.4120241
              ],
              [
                -69.8834891,
                12.4120804
              ],
              [
                -69.883732,
                12.412126
              ],
              [
                -69.8838967,
                12.4121432
              ],
              [
                -69.8839586,
                12.4121543
              ],
              [
                -69.8839679,
                12.412197
              ],
              [
                -69.8839921,
                12.412267
              ],
              [
                -69.8839695,
                12.4123152
              ],
              [
                -69.8838854,
                12.4123042
              ],
              [
                -69.8838565,
                12.4122439
              ],
              [
                -69.8838058,
                12.412249
              ],
              [
                -69.8837569,
                12.4122403
              ],
              [
                -69.8836996,
                12.4122349
              ],
              [
                -69.8836171,
                12.4122481
              ],
              [
                -69.883518,
                12.4122313
              ],
              [
                -69.8834128,
                12.4122465
              ],
              [
                -69.8833364,
                12.4122654
              ],
              [
                -69.8832945,
                12.4123212
              ],
              [
                -69.8833261,
                12.4123561
              ],
              [
                -69.8833618,
                12.4124173
              ],
              [
                -69.8834267,
                12.412494
              ],
              [
                -69.8834466,
                12.4125637
              ],
              [
                -69.883481,
                12.4126413
              ],
              [
                -69.8835759,
                12.4127611
              ],
              [
                -69.8836923,
                12.4128442
              ],
              [
                -69.883797,
                12.4129114
              ],
              [
                -69.8838903,
                12.4129574
              ],
              [
                -69.8840393,
                12.4130524
              ],
              [
                -69.884077,
                12.413109
              ],
              [
                -69.8841718,
                12.413123
              ],
              [
                -69.8842031,
                12.413154
              ],
              [
                -69.8842298,
                12.4131727
              ],
              [
                -69.8842676,
                12.4131917
              ],
              [
                -69.8843022,
                12.4132144
              ],
              [
                -69.8844055,
                12.4132276
              ],
              [
                -69.8844389,
                12.4132354
              ],
              [
                -69.8844756,
                12.4132609
              ],
              [
                -69.8844873,
                12.4132794
              ],
              [
                -69.8844854,
                12.4132886
              ],
              [
                -69.8844723,
                12.4133017
              ],
              [
                -69.8844647,
                12.4133024
              ],
              [
                -69.8844186,
                12.4132832
              ],
              [
                -69.8843934,
                12.4132731
              ],
              [
                -69.8843664,
                12.4132692
              ],
              [
                -69.8843278,
                12.4132632
              ],
              [
                -69.8842921,
                12.4132558
              ],
              [
                -69.8842514,
                12.4132542
              ],
              [
                -69.884214,
                12.413248
              ],
              [
                -69.8841916,
                12.4132502
              ],
              [
                -69.8840964,
                12.4132172
              ],
              [
                -69.8841282,
                12.4133024
              ],
              [
                -69.8841489,
                12.4133372
              ],
              [
                -69.8841787,
                12.4133945
              ],
              [
                -69.8842454,
                12.4134696
              ],
              [
                -69.8843267,
                12.4135388
              ],
              [
                -69.8843858,
                12.4135996
              ],
              [
                -69.8844453,
                12.4136588
              ],
              [
                -69.884529,
                12.4137779
              ],
              [
                -69.8846364,
                12.4138559
              ],
              [
                -69.884724,
                12.4139434
              ],
              [
                -69.8848367,
                12.4140474
              ],
              [
                -69.8848628,
                12.4140715
              ],
              [
                -69.8849734,
                12.4141801
              ],
              [
                -69.8850055,
                12.4142759
              ],
              [
                -69.8850116,
                12.4143645
              ],
              [
                -69.884999,
                12.4144222
              ],
              [
                -69.8849322,
                12.4144627
              ],
              [
                -69.8848893,
                12.4145225
              ],
              [
                -69.8848486,
                12.4145606
              ],
              [
                -69.8847992,
                12.4145977
              ],
              [
                -69.8847664,
                12.4146263
              ],
              [
                -69.8847472,
                12.4146726
              ],
              [
                -69.8847366,
                12.4147407
              ],
              [
                -69.8847205,
                12.4147578
              ],
              [
                -69.8846662,
                12.414744
              ],
              [
                -69.8846233,
                12.4147191
              ],
              [
                -69.8845871,
                12.4147139
              ],
              [
                -69.8845321,
                12.414744
              ],
              [
                -69.8845026,
                12.4147964
              ],
              [
                -69.8844758,
                12.4148671
              ],
              [
                -69.8844355,
                12.4149929
              ],
              [
                -69.8844101,
                12.4150714
              ],
              [
                -69.8843913,
                12.4151199
              ],
              [
                -69.8843685,
                12.4151762
              ],
              [
                -69.8843403,
                12.4152574
              ],
              [
                -69.8843108,
                12.415336
              ],
              [
                -69.8842947,
                12.4153884
              ],
              [
                -69.8842873,
                12.4154218
              ],
              [
                -69.8842498,
                12.4154296
              ],
              [
                -69.8842189,
                12.4154395
              ],
              [
                -69.8841821,
                12.415463
              ],
              [
                -69.8841459,
                12.4155154
              ],
              [
                -69.884119,
                12.4155849
              ],
              [
                -69.8840895,
                12.4156936
              ],
              [
                -69.8840654,
                12.4158311
              ],
              [
                -69.8840305,
                12.4159542
              ],
              [
                -69.8840037,
                12.4160826
              ],
              [
                -69.8839916,
                12.4161651
              ],
              [
                -69.8839755,
                12.4162541
              ],
              [
                -69.8839782,
                12.416334
              ],
              [
                -69.8839916,
                12.4164087
              ],
              [
                -69.8840238,
                12.4164755
              ],
              [
                -69.8840466,
                12.4165357
              ],
              [
                -69.8840667,
                12.4166078
              ],
              [
                -69.8840882,
                12.4166811
              ],
              [
                -69.8841137,
                12.4167662
              ],
              [
                -69.8841561,
                12.4168666
              ],
              [
                -69.8841754,
                12.416926
              ],
              [
                -69.8842143,
                12.4170164
              ],
              [
                -69.8842531,
                12.4170911
              ],
              [
                -69.8843028,
                12.417167
              ],
              [
                -69.8843698,
                12.4172574
              ],
              [
                -69.8844208,
                12.4173268
              ],
              [
                -69.8844691,
                12.4174198
              ],
              [
                -69.8845053,
                12.4174761
              ],
              [
                -69.8845576,
                12.4175455
              ],
              [
                -69.8846233,
                12.4176215
              ],
              [
                -69.8847064,
                12.417687
              ],
              [
                -69.884748,
                12.4177263
              ],
              [
                -69.8847748,
                12.4177394
              ],
              [
                -69.8848191,
                12.4177656
              ],
              [
                -69.8848459,
                12.4177944
              ],
              [
                -69.8848553,
                12.4178494
              ],
              [
                -69.884858,
                12.417907
              ],
              [
                -69.8848674,
                12.418
              ],
              [
                -69.8848566,
                12.4180904
              ],
              [
                -69.8848633,
                12.4181349
              ],
              [
                -69.8848861,
                12.4181821
              ],
              [
                -69.8849317,
                12.4182384
              ],
              [
                -69.8849854,
                12.4182842
              ],
              [
                -69.8850659,
                12.4183536
              ],
              [
                -69.8851302,
                12.41841
              ],
              [
                -69.8851825,
                12.4184741
              ],
              [
                -69.8852187,
                12.4185239
              ],
              [
                -69.885259,
                12.4185645
              ],
              [
                -69.8852952,
                12.4186077
              ],
              [
                -69.8853408,
                12.4186549
              ],
              [
                -69.8853783,
                12.4186929
              ],
              [
                -69.8854186,
                12.4187282
              ],
              [
                -69.8854628,
                12.4187767
              ],
              [
                -69.8854977,
                12.4188147
              ],
              [
                -69.8855366,
                12.4188723
              ],
              [
                -69.8855835,
                12.4189181
              ],
              [
                -69.8856412,
                12.4189758
              ],
              [
                -69.8856638,
                12.4190056
              ],
              [
                -69.8856975,
                12.4190583
              ],
              [
                -69.8857391,
                12.4191028
              ],
              [
                -69.885774,
                12.4191539
              ],
              [
                -69.8858075,
                12.4192128
              ],
              [
                -69.885841,
                12.4192678
              ],
              [
                -69.8858679,
                12.4193102
              ],
              [
                -69.8859113,
                12.4193266
              ],
              [
                -69.88595,
                12.4193454
              ],
              [
                -69.8859802,
                12.4193789
              ],
              [
                -69.8860118,
                12.4193734
              ],
              [
                -69.886052,
                12.419374
              ],
              [
                -69.8860893,
                12.4193853
              ],
              [
                -69.8861494,
                12.4194386
              ],
              [
                -69.8861502,
                12.4194697
              ],
              [
                -69.8861799,
                12.4195216
              ],
              [
                -69.8862106,
                12.419551
              ],
              [
                -69.8862576,
                12.4195645
              ],
              [
                -69.8863532,
                12.4196724
              ],
              [
                -69.8864595,
                12.4197171
              ],
              [
                -69.8865641,
                12.4198134
              ],
              [
                -69.886655,
                12.4198446
              ],
              [
                -69.8866758,
                12.4198873
              ],
              [
                -69.8867628,
                12.4199466
              ],
              [
                -69.8868559,
                12.4199591
              ],
              [
                -69.8869721,
                12.4200757
              ],
              [
                -69.8870674,
                12.4201865
              ],
              [
                -69.887114862,
                12.42032292
              ],
              [
                -69.8871191,
                12.4203351
              ],
              [
                -69.8872158,
                12.4204915
              ],
              [
                -69.887314862,
                12.420602614
              ],
              [
                -69.887358,
                12.420651
              ],
              [
                -69.8875745,
                12.4208056
              ],
              [
                -69.8876867,
                12.420922
              ],
              [
                -69.8878424,
                12.420941
              ],
              [
                -69.8883343,
                12.4210689
              ],
              [
                -69.8884659,
                12.4210332
              ],
              [
                -69.8885563,
                12.4210196
              ],
              [
                -69.8886538,
                12.4210058
              ],
              [
                -69.8887104,
                12.4209594
              ],
              [
                -69.8887662,
                12.4210022
              ],
              [
                -69.8887393,
                12.4210863
              ],
              [
                -69.8889065,
                12.4211634
              ],
              [
                -69.8889749,
                12.4212208
              ],
              [
                -69.8890093,
                12.4213058
              ],
              [
                -69.8891106,
                12.4214982
              ],
              [
                -69.8892199,
                12.4215569
              ],
              [
                -69.8892461,
                12.4216281
              ],
              [
                -69.8893011,
                12.4216952
              ],
              [
                -69.8894136,
                12.4217395
              ],
              [
                -69.8897153,
                12.4217966
              ],
              [
                -69.8898249,
                12.4218005
              ],
              [
                -69.8899217,
                12.4218343
              ],
              [
                -69.8899918,
                12.4218291
              ],
              [
                -69.8900412,
                12.4218532
              ],
              [
                -69.8900834,
                12.4218617
              ],
              [
                -69.8902535,
                12.4219625
              ],
              [
                -69.8902856,
                12.4220267
              ],
              [
                -69.8904211,
                12.4221691
              ],
              [
                -69.8904934,
                12.4222339
              ],
              [
                -69.8906266,
                12.4223178
              ],
              [
                -69.8906876,
                12.4223469
              ],
              [
                -69.8907535,
                12.4223653
              ],
              [
                -69.8908096,
                12.4223605
              ],
              [
                -69.8909326,
                12.4223848
              ],
              [
                -69.8911086,
                12.4224232
              ],
              [
                -69.8911653,
                12.4224418
              ],
              [
                -69.8912278,
                12.4224788
              ],
              [
                -69.8913175,
                12.4224098
              ],
              [
                -69.8913466,
                12.4224181
              ],
              [
                -69.8913732,
                12.4224558
              ],
              [
                -69.8913232,
                12.422534
              ],
              [
                -69.8913235,
                12.4225796
              ],
              [
                -69.8913459,
                12.422617
              ],
              [
                -69.8913909,
                12.4226631
              ],
              [
                -69.8914335,
                12.4227067
              ],
              [
                -69.8915735,
                12.4228442
              ],
              [
                -69.8917899,
                12.4229237
              ],
              [
                -69.8918272,
                12.4228894
              ],
              [
                -69.8918791,
                12.4227969
              ],
              [
                -69.8918384,
                12.4227518
              ],
              [
                -69.8916946,
                12.4226269
              ],
              [
                -69.8916927,
                12.4225954
              ],
              [
                -69.8916081,
                12.4224966
              ],
              [
                -69.8916528,
                12.4223901
              ],
              [
                -69.8916945,
                12.4223431
              ],
              [
                -69.8917659,
                12.422316
              ],
              [
                -69.8919268,
                12.4222966
              ],
              [
                -69.892272,
                12.4223949
              ],
              [
                -69.89248,
                12.4225209
              ],
              [
                -69.892702,
                12.4226314
              ],
              [
                -69.8927387,
                12.4227117
              ],
              [
                -69.8927388,
                12.4227612
              ],
              [
                -69.8928013,
                12.422869
              ],
              [
                -69.8928182,
                12.4228808
              ],
              [
                -69.8928857,
                12.422873
              ],
              [
                -69.8929047,
                12.4229067
              ],
              [
                -69.8929951,
                12.4229572
              ],
              [
                -69.8930439,
                12.423003
              ],
              [
                -69.8930537,
                12.4230312
              ],
              [
                -69.8930888,
                12.4230433
              ],
              [
                -69.893085,
                12.4230569
              ],
              [
                -69.8930534,
                12.423044
              ],
              [
                -69.893045,
                12.4230782
              ],
              [
                -69.8929723,
                12.4231604
              ],
              [
                -69.8929673,
                12.4231835
              ],
              [
                -69.8929833,
                12.4231914
              ],
              [
                -69.892995,
                12.4231784
              ],
              [
                -69.8930225,
                12.4232067
              ],
              [
                -69.8930545,
                12.423206
              ],
              [
                -69.8930984,
                12.4231317
              ],
              [
                -69.8931529,
                12.423085
              ],
              [
                -69.8931673,
                12.4230881
              ],
              [
                -69.8932116,
                12.4231716
              ],
              [
                -69.8932326,
                12.4231805
              ],
              [
                -69.8932879,
                12.4231578
              ],
              [
                -69.8933431,
                12.4230726
              ],
              [
                -69.8933494,
                12.4230282
              ],
              [
                -69.8928752,
                12.4227551
              ],
              [
                -69.8928187,
                12.4226887
              ],
              [
                -69.8928051,
                12.4226373
              ],
              [
                -69.8927299,
                12.4225626
              ],
              [
                -69.8922773,
                12.4222605
              ],
              [
                -69.8921599,
                12.4221266
              ],
              [
                -69.8921403,
                12.4220166
              ],
              [
                -69.8923218,
                12.4217385
              ],
              [
                -69.892499,
                12.4215712
              ],
              [
                -69.8927499,
                12.4214777
              ],
              [
                -69.893088,
                12.4214015
              ],
              [
                -69.8937042,
                12.4213982
              ],
              [
                -69.8940841,
                12.4215192
              ],
              [
                -69.8950996,
                12.4219576
              ],
              [
                -69.8953665,
                12.4221223
              ],
              [
                -69.8955014,
                12.4224511
              ],
              [
                -69.8955499,
                12.4224576
              ],
              [
                -69.8958644,
                12.4226158
              ],
              [
                -69.895994,
                12.4226643
              ],
              [
                -69.8963952,
                12.4227696
              ],
              [
                -69.8967691,
                12.4228306
              ],
              [
                -69.8968606,
                12.4228696
              ],
              [
                -69.8969504,
                12.4228683
              ],
              [
                -69.8970405,
                12.4228391
              ],
              [
                -69.8971346,
                12.4226801
              ],
              [
                -69.8972152,
                12.422598
              ],
              [
                -69.8973143,
                12.4223438
              ],
              [
                -69.8981674,
                12.4226664
              ],
              [
                -69.8981338,
                12.4227789
              ],
              [
                -69.8983535,
                12.422906
              ],
              [
                -69.8986898,
                12.42306
              ],
              [
                -69.8988664,
                12.4231635
              ],
              [
                -69.8991075,
                12.4232768
              ],
              [
                -69.8991264,
                12.4232105
              ],
              [
                -69.8991993,
                12.4232361
              ],
              [
                -69.8991755,
                12.4233016
              ],
              [
                -69.8993281,
                12.4233842
              ],
              [
                -69.8997568,
                12.423538
              ],
              [
                -69.899799,
                12.4235891
              ],
              [
                -69.8998147,
                12.4236336
              ],
              [
                -69.8998028,
                12.4239504
              ],
              [
                -69.900072,
                12.4240825
              ],
              [
                -69.9001071,
                12.4241372
              ],
              [
                -69.9001291,
                12.4242844
              ],
              [
                -69.9001584,
                12.4243394
              ],
              [
                -69.9004337,
                12.4245441
              ],
              [
                -69.9007724,
                12.4249252
              ],
              [
                -69.901022,
                12.4251563
              ],
              [
                -69.9016462,
                12.4251133
              ],
              [
                -69.9019729,
                12.4250588
              ],
              [
                -69.9023511,
                12.4250412
              ],
              [
                -69.9028704,
                12.4249841
              ],
              [
                -69.9029523,
                12.4249272
              ],
              [
                -69.902992,
                12.4248777
              ],
              [
                -69.9031324,
                12.4247214
              ],
              [
                -69.9032373,
                12.424687
              ],
              [
                -69.9033131,
                12.4246804
              ],
              [
                -69.9035051,
                12.4246528
              ],
              [
                -69.9037009,
                12.4246054
              ],
              [
                -69.9037291,
                12.4245856
              ],
              [
                -69.9038396,
                12.4245664
              ],
              [
                -69.9039432,
                12.424561
              ],
              [
                -69.9039982,
                12.4245729
              ],
              [
                -69.9040499,
                12.424606
              ],
              [
                -69.9040603,
                12.424617
              ],
              [
                -69.9040752,
                12.4246537
              ],
              [
                -69.9040361,
                12.424724
              ],
              [
                -69.9039549,
                12.4246876
              ],
              [
                -69.903875,
                12.4246808
              ],
              [
                -69.9036462,
                12.4247234
              ],
              [
                -69.9034047,
                12.4248083
              ],
              [
                -69.9032561,
                12.4248806
              ],
              [
                -69.9031415,
                12.4249633
              ],
              [
                -69.9031172,
                12.4250474
              ],
              [
                -69.9029446,
                12.4251046
              ],
              [
                -69.9021848,
                12.4251677
              ],
              [
                -69.9011854,
                12.4253176
              ],
              [
                -69.9009119,
                12.4252578
              ],
              [
                -69.9008888,
                12.4252706
              ],
              [
                -69.9008523,
                12.4253488
              ],
              [
                -69.900819,
                12.4253512
              ],
              [
                -69.9008007,
                12.4253906
              ],
              [
                -69.9008208,
                12.4254125
              ],
              [
                -69.9007831,
                12.4254819
              ],
              [
                -69.9007747,
                12.4255559
              ],
              [
                -69.9007617,
                12.4255655
              ],
              [
                -69.9008993,
                12.4255668
              ],
              [
                -69.901177,
                12.4255433
              ],
              [
                -69.901363,
                12.4255184
              ],
              [
                -69.9014403,
                12.4254685
              ],
              [
                -69.9015322,
                12.425451
              ],
              [
                -69.9017198,
                12.4254458
              ],
              [
                -69.9020713,
                12.4255014
              ],
              [
                -69.9021512,
                12.4255511
              ],
              [
                -69.9022386,
                12.4255823
              ],
              [
                -69.9024263,
                12.4255746
              ],
              [
                -69.902631,
                12.4255203
              ],
              [
                -69.9026739,
                12.4255323
              ],
              [
                -69.9028438,
                12.4254886
              ],
              [
                -69.9029441,
                12.4254785
              ],
              [
                -69.9033751,
                12.4255321
              ],
              [
                -69.9033857,
                12.4255566
              ],
              [
                -69.9034425,
                12.4255736
              ],
              [
                -69.9034502,
                12.4256318
              ],
              [
                -69.903377,
                12.4256407
              ],
              [
                -69.9033521,
                12.4256698
              ],
              [
                -69.9031725,
                12.4257008
              ],
              [
                -69.9030487,
                12.4256934
              ],
              [
                -69.9027854,
                12.4257215
              ],
              [
                -69.90254,
                12.425715
              ],
              [
                -69.9023812,
                12.4257288
              ],
              [
                -69.9023303,
                12.4257573
              ],
              [
                -69.9018072,
                12.4257796
              ],
              [
                -69.9010545,
                12.4257682
              ],
              [
                -69.9008938,
                12.4258599
              ],
              [
                -69.9009225,
                12.4259167
              ],
              [
                -69.9008991,
                12.4259282
              ],
              [
                -69.9009268,
                12.4259527
              ],
              [
                -69.9010535,
                12.4259352
              ],
              [
                -69.9011367,
                12.4258946
              ],
              [
                -69.9013216,
                12.4259179
              ],
              [
                -69.9016237,
                12.4260884
              ],
              [
                -69.9017155,
                12.4263086
              ],
              [
                -69.9017113,
                12.4264617
              ],
              [
                -69.9016289,
                12.4265022
              ],
              [
                -69.9015833,
                12.426581
              ],
              [
                -69.9018391,
                12.4264855
              ],
              [
                -69.9019109,
                12.4264277
              ],
              [
                -69.9024617,
                12.4265309
              ],
              [
                -69.9025901,
                12.4264776
              ],
              [
                -69.9029276,
                12.4262596
              ],
              [
                -69.9030877,
                12.4262417
              ],
              [
                -69.9032008,
                12.4261911
              ],
              [
                -69.9034246,
                12.4261844
              ],
              [
                -69.9034288,
                12.4262556
              ],
              [
                -69.9034825,
                12.4264397
              ],
              [
                -69.9035017,
                12.426601
              ],
              [
                -69.903503,
                12.4268422
              ],
              [
                -69.9035429,
                12.4271075
              ],
              [
                -69.9035816,
                12.4272039
              ],
              [
                -69.9037292,
                12.4274415
              ],
              [
                -69.9037819,
                12.4274887
              ],
              [
                -69.9038695,
                12.4275198
              ],
              [
                -69.9040178,
                12.4275448
              ],
              [
                -69.904055,
                12.4275654
              ],
              [
                -69.9042292,
                12.4275878
              ],
              [
                -69.9042856,
                12.4276457
              ],
              [
                -69.9042956,
                12.4277312
              ],
              [
                -69.9042827,
                12.4278078
              ],
              [
                -69.9042989,
                12.4279101
              ],
              [
                -69.9044076,
                12.4280365
              ],
              [
                -69.9044791,
                12.4280845
              ],
              [
                -69.9045949,
                12.4281932
              ],
              [
                -69.9046628,
                12.428239
              ],
              [
                -69.9047122,
                12.4282531
              ],
              [
                -69.9047368,
                12.4283532
              ],
              [
                -69.9047567,
                12.4283696
              ],
              [
                -69.904882,
                12.4284135
              ],
              [
                -69.9049021,
                12.428496
              ],
              [
                -69.9051701,
                12.4286183
              ],
              [
                -69.905279,
                12.42869
              ],
              [
                -69.9054592,
                12.4288594
              ],
              [
                -69.9055077,
                12.428937
              ],
              [
                -69.9056283,
                12.4290106
              ],
              [
                -69.9057326,
                12.4290426
              ],
              [
                -69.9057995,
                12.4291001
              ],
              [
                -69.9059021,
                12.4291402
              ],
              [
                -69.9061384,
                12.4293174
              ],
              [
                -69.9061874,
                12.4293857
              ],
              [
                -69.9062427,
                12.4294115
              ],
              [
                -69.9062967,
                12.4295423
              ],
              [
                -69.9063197,
                12.4295856
              ],
              [
                -69.9063639,
                12.4296131
              ],
              [
                -69.9064164,
                12.4296074
              ],
              [
                -69.9064294,
                12.4296269
              ],
              [
                -69.9064209,
                12.4297037
              ],
              [
                -69.9064352,
                12.429815
              ],
              [
                -69.9064356,
                12.4298366
              ],
              [
                -69.9065078,
                12.4298696
              ],
              [
                -69.9066526,
                12.4299931
              ],
              [
                -69.9068206,
                12.4300066
              ],
              [
                -69.9068333,
                12.4300249
              ],
              [
                -69.9068949,
                12.4300043
              ],
              [
                -69.9069132,
                12.4300468
              ],
              [
                -69.9068992,
                12.4300645
              ],
              [
                -69.9069336,
                12.4300671
              ],
              [
                -69.9069333,
                12.4301082
              ],
              [
                -69.906967,
                12.4301305
              ],
              [
                -69.9069787,
                12.4301724
              ],
              [
                -69.9070219,
                12.4302136
              ],
              [
                -69.9071673,
                12.4304325
              ],
              [
                -69.907228,
                12.4304919
              ],
              [
                -69.9077865,
                12.4306408
              ],
              [
                -69.9078263,
                12.4306662
              ],
              [
                -69.9078677,
                12.4306663
              ],
              [
                -69.9079011,
                12.4306949
              ],
              [
                -69.9079777,
                12.4307201
              ],
              [
                -69.9080448,
                12.4307702
              ],
              [
                -69.9080793,
                12.4308395
              ],
              [
                -69.9080861,
                12.4309316
              ],
              [
                -69.9080848,
                12.4309565
              ],
              [
                -69.9081298,
                12.4309701
              ],
              [
                -69.9084161,
                12.431014
              ],
              [
                -69.9083963,
                12.4312223
              ],
              [
                -69.908774125,
                12.431288378
              ],
              [
                -69.909282,
                12.4313772
              ],
              [
                -69.9094947,
                12.4316933
              ],
              [
                -69.9106244,
                12.4318113
              ],
              [
                -69.9106166,
                12.4319077
              ],
              [
                -69.9106653,
                12.4319189
              ],
              [
                -69.9106895,
                12.4319244
              ],
              [
                -69.9108055,
                12.431921
              ],
              [
                -69.9109123,
                12.4318912
              ],
              [
                -69.9109628,
                12.4318429
              ],
              [
                -69.9110707,
                12.4318122
              ],
              [
                -69.9136295,
                12.4315853
              ],
              [
                -69.9137516,
                12.4315648
              ],
              [
                -69.9137818,
                12.4315761
              ],
              [
                -69.9138884,
                12.43173
              ],
              [
                -69.9139289,
                12.431764
              ],
              [
                -69.9140605,
                12.4317926
              ],
              [
                -69.914183,
                12.4317983
              ],
              [
                -69.9142447,
                12.4318011
              ],
              [
                -69.9143839,
                12.4318016
              ],
              [
                -69.9147366,
                12.4317456
              ],
              [
                -69.9148291,
                12.4317584
              ],
              [
                -69.9148888,
                12.4316884
              ],
              [
                -69.9149742,
                12.4316515
              ],
              [
                -69.9150651,
                12.431625
              ],
              [
                -69.9152612,
                12.43162
              ],
              [
                -69.9154254,
                12.4315764
              ],
              [
                -69.9157968,
                12.4315101
              ],
              [
                -69.9165088,
                12.431268
              ],
              [
                -69.916602,
                12.4312593
              ],
              [
                -69.9167838,
                12.4311854
              ],
              [
                -69.9169672,
                12.4311608
              ],
              [
                -69.9172355,
                12.4310858
              ],
              [
                -69.9174696,
                12.4310404
              ],
              [
                -69.9177391,
                12.4309651
              ],
              [
                -69.9178322,
                12.4309573
              ],
              [
                -69.9179167,
                12.4309213
              ],
              [
                -69.9180696,
                12.4308153
              ],
              [
                -69.9182561,
                12.4308536
              ],
              [
                -69.918528,
                12.4308574
              ],
              [
                -69.9189733,
                12.4310034
              ],
              [
                -69.9197669,
                12.4309948
              ],
              [
                -69.9200028,
                12.4310397
              ],
              [
                -69.9201402,
                12.4310872
              ],
              [
                -69.9203239,
                12.4311263
              ],
              [
                -69.9204166,
                12.4311233
              ],
              [
                -69.9205026,
                12.431086
              ],
              [
                -69.9206862,
                12.4310456
              ],
              [
                -69.920912,
                12.4310227
              ],
              [
                -69.9210401,
                12.431061
              ],
              [
                -69.9213164,
                12.4312016
              ],
              [
                -69.9214413,
                12.431291
              ],
              [
                -69.9217565,
                12.4315671
              ],
              [
                -69.9220616,
                12.432273
              ],
              [
                -69.9221259,
                12.4324328
              ],
              [
                -69.9222735,
                12.4326502
              ],
              [
                -69.9229467,
                12.4331296
              ],
              [
                -69.9231452,
                12.433271
              ],
              [
                -69.9233651,
                12.4334098
              ],
              [
                -69.9236387,
                12.4335486
              ],
              [
                -69.9239096,
                12.4337268
              ],
              [
                -69.9240652,
                12.4338603
              ],
              [
                -69.9242234,
                12.4340358
              ],
              [
                -69.925763,
                12.4348347
              ],
              [
                -69.9259132,
                12.4349028
              ],
              [
                -69.926168,
                12.4350181
              ],
              [
                -69.9261958,
                12.4350326
              ],
              [
                -69.9262349,
                12.4350528
              ],
              [
                -69.9263343,
                12.4351045
              ],
              [
                -69.9265435,
                12.4353271
              ],
              [
                -69.9272919,
                12.4360239
              ],
              [
                -69.9273911,
                12.4360684
              ],
              [
                -69.9276084,
                12.4361208
              ],
              [
                -69.9277398,
                12.4362177
              ],
              [
                -69.9277854,
                12.4363225
              ],
              [
                -69.9281368,
                12.4364613
              ],
              [
                -69.9286222,
                12.4366211
              ],
              [
                -69.929762,
                12.4370243
              ],
              [
                -69.9317562,
                12.4376976
              ],
              [
                -69.9317792,
                12.4377054
              ],
              [
                -69.9318183,
                12.4377205
              ],
              [
                -69.9333255,
                12.4383026
              ],
              [
                -69.9337909,
                12.4383799
              ],
              [
                -69.9338982,
                12.4384218
              ],
              [
                -69.9339035,
                12.4384729
              ],
              [
                -69.9338713,
                12.438524
              ],
              [
                -69.9338043,
                12.4385829
              ],
              [
                -69.9336742,
                12.4386156
              ],
              [
                -69.9335817,
                12.4386108
              ],
              [
                -69.933545,
                12.4386067
              ],
              [
                -69.9334085,
                12.4385672
              ],
              [
                -69.9333547,
                12.4385905
              ],
              [
                -69.9332775,
                12.4385807
              ],
              [
                -69.9332062,
                12.4385295
              ],
              [
                -69.933061,
                12.4384939
              ],
              [
                -69.9330078,
                12.438449
              ],
              [
                -69.9329547,
                12.4384338
              ],
              [
                -69.9328721,
                12.4384405
              ],
              [
                -69.9327818,
                12.4384103
              ],
              [
                -69.9326878,
                12.4383512
              ],
              [
                -69.9325534,
                12.4383032
              ],
              [
                -69.9324887,
                12.4382505
              ],
              [
                -69.9324202,
                12.4382232
              ],
              [
                -69.9323103,
                12.4382192
              ],
              [
                -69.9321519,
                12.4381396
              ],
              [
                -69.9320082,
                12.4380986
              ],
              [
                -69.931925,
                12.4381181
              ],
              [
                -69.9318812,
                12.4380855
              ],
              [
                -69.9318354,
                12.4380919
              ],
              [
                -69.9318129,
                12.4380628
              ],
              [
                -69.9317758,
                12.4380776
              ],
              [
                -69.9316372,
                12.4380349
              ],
              [
                -69.931456,
                12.4379504
              ],
              [
                -69.9314339,
                12.4378777
              ],
              [
                -69.9313877,
                12.4378424
              ],
              [
                -69.9313355,
                12.4378289
              ],
              [
                -69.9312855,
                12.4377617
              ],
              [
                -69.9311059,
                12.4376972
              ],
              [
                -69.9310177,
                12.4376659
              ],
              [
                -69.9308376,
                12.4376207
              ],
              [
                -69.9306508,
                12.4376021
              ],
              [
                -69.9305847,
                12.4375351
              ],
              [
                -69.9304927,
                12.437522
              ],
              [
                -69.9304154,
                12.4374707
              ],
              [
                -69.9299587,
                12.4373685
              ],
              [
                -69.92987,
                12.4374002
              ],
              [
                -69.9297884,
                12.4373505
              ],
              [
                -69.9296059,
                12.4373007
              ],
              [
                -69.9292613,
                12.437164
              ],
              [
                -69.9291689,
                12.4371571
              ],
              [
                -69.9289898,
                12.4371104
              ],
              [
                -69.9288406,
                12.4369976
              ],
              [
                -69.9287503,
                12.4369721
              ],
              [
                -69.9286641,
                12.43701
              ],
              [
                -69.9284976,
                12.4369282
              ],
              [
                -69.9284026,
                12.4369191
              ],
              [
                -69.928217,
                12.4368739
              ],
              [
                -69.9279216,
                12.4367707
              ],
              [
                -69.927384,
                12.4365115
              ],
              [
                -69.9271068,
                12.4364669
              ],
              [
                -69.9268903,
                12.4363186
              ],
              [
                -69.9267441,
                12.436198
              ],
              [
                -69.9262575,
                12.4359088
              ],
              [
                -69.9255472,
                12.4356195
              ],
              [
                -69.9254538,
                12.4356284
              ],
              [
                -69.9239832,
                12.4382565
              ],
              [
                -69.9255534,
                12.4390995
              ],
              [
                -69.9253336,
                12.4395171
              ],
              [
                -69.9254073,
                12.4395086
              ],
              [
                -69.9254859,
                12.4394996
              ],
              [
                -69.925673,
                12.4394917
              ],
              [
                -69.9258523,
                12.4395369
              ],
              [
                -69.9259469,
                12.4395405
              ],
              [
                -69.9260395,
                12.4395581
              ],
              [
                -69.9260374,
                12.4396499
              ],
              [
                -69.9261155,
                12.4396994
              ],
              [
                -69.9261547,
                12.4396161
              ],
              [
                -69.9262382,
                12.4395775
              ],
              [
                -69.9264153,
                12.4396063
              ],
              [
                -69.9271144,
                12.4398391
              ],
              [
                -69.9271985,
                12.4398799
              ],
              [
                -69.9273175,
                12.4399833
              ],
              [
                -69.9273706,
                12.4401912
              ],
              [
                -69.9273991,
                12.4402316
              ],
              [
                -69.9274361,
                12.440251
              ],
              [
                -69.9277644,
                12.4403755
              ],
              [
                -69.9280219,
                12.4404254
              ],
              [
                -69.9284135,
                12.4404275
              ],
              [
                -69.928421,
                12.4403474
              ],
              [
                -69.9284372,
                12.4403468
              ],
              [
                -69.9284651,
                12.4403487
              ],
              [
                -69.9284955,
                12.4403515
              ],
              [
                -69.9284757,
                12.440584
              ],
              [
                -69.9284606,
                12.4406705
              ],
              [
                -69.9286635,
                12.4406741
              ],
              [
                -69.9287179,
                12.4405886
              ],
              [
                -69.9287977,
                12.4404986
              ],
              [
                -69.9288084,
                12.440376
              ],
              [
                -69.9286931,
                12.4403001
              ],
              [
                -69.9286589,
                12.4402397
              ],
              [
                -69.9286649,
                12.4402131
              ],
              [
                -69.9287475,
                12.4401691
              ],
              [
                -69.9290786,
                12.4401477
              ],
              [
                -69.9291721,
                12.4401348
              ],
              [
                -69.9292231,
                12.4400523
              ],
              [
                -69.929278,
                12.4399554
              ],
              [
                -69.9293143,
                12.4399082
              ],
              [
                -69.9293612,
                12.4398873
              ],
              [
                -69.9293974,
                12.4398833
              ],
              [
                -69.9294329,
                12.439884
              ],
              [
                -69.9295141,
                12.4399036
              ],
              [
                -69.9295557,
                12.439903
              ],
              [
                -69.929616,
                12.4398978
              ],
              [
                -69.92973,
                12.4398794
              ],
              [
                -69.9298748,
                12.4398886
              ],
              [
                -69.929966,
                12.4399069
              ],
              [
                -69.9300975,
                12.4399462
              ],
              [
                -69.9302048,
                12.4399842
              ],
              [
                -69.930304,
                12.4400117
              ],
              [
                -69.9304006,
                12.44003
              ],
              [
                -69.93054,
                12.4400549
              ],
              [
                -69.930701,
                12.4400994
              ],
              [
                -69.9307948,
                12.4401374
              ],
              [
                -69.9308351,
                12.4401557
              ],
              [
                -69.9308874,
                12.4401741
              ],
              [
                -69.9309357,
                12.4401885
              ],
              [
                -69.9309759,
                12.4402042
              ],
              [
                -69.9310228,
                12.4402186
              ],
              [
                -69.9310832,
                12.4402461
              ],
              [
                -69.9311596,
                12.4402749
              ],
              [
                -69.9312575,
                12.4403116
              ],
              [
                -69.9313688,
                12.4403587
              ],
              [
                -69.9315016,
                12.4404006
              ],
              [
                -69.9316786,
                12.4404295
              ],
              [
                -69.9317832,
                12.4404209
              ],
              [
                -69.931858,
                12.4403987
              ],
              [
                -69.9320541,
                12.4403404
              ],
              [
                -69.9321735,
                12.4403378
              ],
              [
                -69.9323277,
                12.4404085
              ],
              [
                -69.9323948,
                12.4404124
              ],
              [
                -69.9324731,
                12.4403887
              ],
              [
                -69.9325011,
                12.4404021
              ],
              [
                -69.9325331,
                12.4404452
              ],
              [
                -69.9325683,
                12.440455
              ],
              [
                -69.9326833,
                12.4403996
              ],
              [
                -69.9327691,
                12.4403306
              ],
              [
                -69.9328293,
                12.4403142
              ],
              [
                -69.9329499,
                12.4403703
              ],
              [
                -69.9330242,
                12.4403714
              ],
              [
                -69.9330604,
                12.4404248
              ],
              [
                -69.9331362,
                12.4404411
              ],
              [
                -69.9331958,
                12.4405047
              ],
              [
                -69.9332144,
                12.4404998
              ],
              [
                -69.9332166,
                12.4404682
              ],
              [
                -69.9332439,
                12.4404465
              ],
              [
                -69.9332765,
                12.4404504
              ],
              [
                -69.9333101,
                12.4404748
              ],
              [
                -69.9334005,
                12.4404739
              ],
              [
                -69.9334143,
                12.4404678
              ],
              [
                -69.9334002,
                12.440439
              ],
              [
                -69.9334221,
                12.4404102
              ],
              [
                -69.9336438,
                12.4403542
              ],
              [
                -69.9336822,
                12.4403968
              ],
              [
                -69.9337038,
                12.4404693
              ],
              [
                -69.933735,
                12.4404257
              ],
              [
                -69.9338091,
                12.440438
              ],
              [
                -69.9338046,
                12.4404894
              ],
              [
                -69.9338449,
                12.4404597
              ],
              [
                -69.9338764,
                12.4404662
              ],
              [
                -69.9339125,
                12.4405208
              ],
              [
                -69.9339113,
                12.4405493
              ],
              [
                -69.9338731,
                12.4406148
              ],
              [
                -69.9339079,
                12.440669
              ],
              [
                -69.9339394,
                12.4406649
              ],
              [
                -69.9339507,
                12.4406462
              ],
              [
                -69.9339296,
                12.4405947
              ],
              [
                -69.9339463,
                12.440561
              ],
              [
                -69.9339973,
                12.4405216
              ],
              [
                -69.9340336,
                12.4405167
              ],
              [
                -69.9340695,
                12.4405373
              ],
              [
                -69.9341411,
                12.440548
              ],
              [
                -69.9341968,
                12.4405743
              ],
              [
                -69.9342097,
                12.4406058
              ],
              [
                -69.9342671,
                12.4406197
              ],
              [
                -69.9346364,
                12.4410592
              ],
              [
                -69.9347381,
                12.441231
              ],
              [
                -69.9347925,
                12.4412854
              ],
              [
                -69.9349211,
                12.4414139
              ],
              [
                -69.9357609,
                12.4414924
              ],
              [
                -69.9358046,
                12.4410986
              ],
              [
                -69.9358578,
                12.441056
              ],
              [
                -69.9359769,
                12.441083
              ],
              [
                -69.9360546,
                12.4411121
              ],
              [
                -69.9360706,
                12.4411516
              ],
              [
                -69.9360546,
                12.4411817
              ],
              [
                -69.9359812,
                12.4411713
              ],
              [
                -69.9359248,
                12.4412129
              ],
              [
                -69.9358918,
                12.4412846
              ],
              [
                -69.9358439,
                12.4415132
              ],
              [
                -69.9358737,
                12.4415963
              ],
              [
                -69.936044,
                12.4416233
              ],
              [
                -69.9361993,
                12.4416472
              ],
              [
                -69.9362749,
                12.44164
              ],
              [
                -69.9363345,
                12.4415672
              ],
              [
                -69.9364117,
                12.4413347
              ],
              [
                -69.9364509,
                12.4413341
              ],
              [
                -69.9365015,
                12.4413875
              ],
              [
                -69.9365509,
                12.4413956
              ],
              [
                -69.9365467,
                12.4415634
              ],
              [
                -69.9366491,
                12.4415667
              ],
              [
                -69.9366651,
                12.4415298
              ],
              [
                -69.9366641,
                12.4414114
              ],
              [
                -69.9367144,
                12.4413946
              ],
              [
                -69.936716,
                12.4415511
              ],
              [
                -69.936746,
                12.4415732
              ],
              [
                -69.936845,
                12.4416031
              ],
              [
                -69.9368761,
                12.4415962
              ],
              [
                -69.9368963,
                12.4415975
              ],
              [
                -69.9371396,
                12.4416329
              ],
              [
                -69.9371982,
                12.4415277
              ],
              [
                -69.937242,
                12.4415247
              ],
              [
                -69.9373729,
                12.4416074
              ],
              [
                -69.9373895,
                12.4416444
              ],
              [
                -69.9373094,
                12.4417694
              ],
              [
                -69.9374366,
                12.4419204
              ],
              [
                -69.9373765,
                12.4419789
              ],
              [
                -69.9375662,
                12.4420591
              ],
              [
                -69.9377425,
                12.4420922
              ],
              [
                -69.9379035,
                12.4420946
              ],
              [
                -69.9379698,
                12.4420756
              ],
              [
                -69.9380322,
                12.4420427
              ],
              [
                -69.9381241,
                12.4419823
              ],
              [
                -69.938185,
                12.4419424
              ],
              [
                -69.9382898,
                12.4419426
              ],
              [
                -69.9385432,
                12.4419942
              ],
              [
                -69.9385639,
                12.4417908
              ],
              [
                -69.93859,
                12.441726
              ],
              [
                -69.9386591,
                12.4416572
              ],
              [
                -69.9386852,
                12.4416278
              ],
              [
                -69.9387047,
                12.4416068
              ],
              [
                -69.9390353,
                12.4416844
              ],
              [
                -69.9390453,
                12.4416952
              ],
              [
                -69.9390252,
                12.4418203
              ],
              [
                -69.9390001,
                12.4418284
              ],
              [
                -69.9387446,
                12.4417571
              ],
              [
                -69.9387347,
                12.441771
              ],
              [
                -69.9387248,
                12.4417865
              ],
              [
                -69.9387348,
                12.4421097
              ],
              [
                -69.9389133,
                12.4421447
              ],
              [
                -69.9391554,
                12.4422912
              ],
              [
                -69.9395033,
                12.4424295
              ],
              [
                -69.9395751,
                12.442483
              ],
              [
                -69.9396292,
                12.4425099
              ],
              [
                -69.9397324,
                12.4425539
              ],
              [
                -69.9398569,
                12.4426361
              ],
              [
                -69.9399244,
                12.4426987
              ],
              [
                -69.940014,
                12.4427256
              ],
              [
                -69.9405729,
                12.4426842
              ],
              [
                -69.9406725,
                12.4427104
              ],
              [
                -69.9408318,
                12.4426278
              ],
              [
                -69.9408583,
                12.442632
              ],
              [
                -69.9409491,
                12.4427663
              ],
              [
                -69.9410381,
                12.4428179
              ],
              [
                -69.9410993,
                12.4428829
              ],
              [
                -69.941213,
                12.4429457
              ],
              [
                -69.9412437,
                12.4429627
              ],
              [
                -69.9413538,
                12.443048
              ],
              [
                -69.9414406,
                12.4431152
              ],
              [
                -69.9414631,
                12.4432816
              ],
              [
                -69.9413838,
                12.4434024
              ],
              [
                -69.9412364,
                12.4435378
              ],
              [
                -69.9411749,
                12.4436299
              ],
              [
                -69.9411237,
                12.4437695
              ],
              [
                -69.9414422,
                12.4439943
              ],
              [
                -69.9416604,
                12.4440565
              ],
              [
                -69.9418616,
                12.4441139
              ],
              [
                -69.9419411,
                12.4441366
              ],
              [
                -69.942128,
                12.4441447
              ],
              [
                -69.9424028,
                12.4442146
              ],
              [
                -69.9424851,
                12.4442109
              ],
              [
                -69.9425995,
                12.4441675
              ],
              [
                -69.9426468,
                12.4441755
              ],
              [
                -69.9426699,
                12.4442157
              ],
              [
                -69.9427073,
                12.4442295
              ],
              [
                -69.9427828,
                12.4442116
              ],
              [
                -69.9428213,
                12.4442337
              ],
              [
                -69.9428661,
                12.4442257
              ],
              [
                -69.942924,
                12.4441852
              ],
              [
                -69.9429314,
                12.44418
              ],
              [
                -69.9430674,
                12.4440849
              ],
              [
                -69.9432098,
                12.4440202
              ],
              [
                -69.9433486,
                12.4440648
              ],
              [
                -69.9434716,
                12.4440581
              ],
              [
                -69.9435178,
                12.4440555
              ],
              [
                -69.9435874,
                12.4440341
              ],
              [
                -69.9436654,
                12.4440335
              ],
              [
                -69.9437053,
                12.4440465
              ],
              [
                -69.9437361,
                12.4439982
              ],
              [
                -69.9438574,
                12.4440699
              ],
              [
                -69.944051,
                12.4441717
              ],
              [
                -69.9440417,
                12.4442279
              ],
              [
                -69.9440946,
                12.4442838
              ],
              [
                -69.9441136,
                12.4442879
              ],
              [
                -69.944181,
                12.4443247
              ],
              [
                -69.9441882,
                12.4443428
              ],
              [
                -69.9441598,
                12.4444082
              ],
              [
                -69.9441767,
                12.4444357
              ],
              [
                -69.9442486,
                12.4444367
              ],
              [
                -69.9443394,
                12.4443532
              ],
              [
                -69.9443469,
                12.4443748
              ],
              [
                -69.9443317,
                12.4444285
              ],
              [
                -69.9445004,
                12.4444897
              ],
              [
                -69.9445616,
                12.4445682
              ],
              [
                -69.9445557,
                12.4445805
              ],
              [
                -69.9445991,
                12.444601
              ],
              [
                -69.9446505,
                12.4446643
              ],
              [
                -69.9447359,
                12.4447039
              ],
              [
                -69.9447812,
                12.4447271
              ],
              [
                -69.9448474,
                12.4447555
              ],
              [
                -69.944899,
                12.4447911
              ],
              [
                -69.9449361,
                12.4447983
              ],
              [
                -69.9449837,
                12.4448535
              ],
              [
                -69.9450286,
                12.4448775
              ],
              [
                -69.9450889,
                12.4448828
              ],
              [
                -69.9451629,
                12.4449179
              ],
              [
                -69.9452337,
                12.4449626
              ],
              [
                -69.9452646,
                12.444974
              ],
              [
                -69.9453134,
                12.4449921
              ],
              [
                -69.9454698,
                12.4450182
              ],
              [
                -69.9454803,
                12.4450762
              ],
              [
                -69.9454856,
                12.4451055
              ],
              [
                -69.9455385,
                12.4451697
              ],
              [
                -69.9456463,
                12.4452182
              ],
              [
                -69.945692,
                12.4452514
              ],
              [
                -69.9457464,
                12.4452922
              ],
              [
                -69.945763,
                12.4453152
              ],
              [
                -69.945812,
                12.4453481
              ],
              [
                -69.9459456,
                12.4453896
              ],
              [
                -69.9460643,
                12.4455105
              ],
              [
                -69.9461294,
                12.445606
              ],
              [
                -69.9464343,
                12.4458009
              ],
              [
                -69.9464631,
                12.4458564
              ],
              [
                -69.9465002,
                12.445905
              ],
              [
                -69.9465864,
                12.4460121
              ],
              [
                -69.9467371,
                12.4461013
              ],
              [
                -69.9468784,
                12.4461977
              ],
              [
                -69.946918,
                12.4462445
              ],
              [
                -69.9469743,
                12.4462932
              ],
              [
                -69.9471848,
                12.4464197
              ],
              [
                -69.9472198,
                12.4464524
              ],
              [
                -69.9473515,
                12.4465415
              ],
              [
                -69.9473299,
                12.4465724
              ],
              [
                -69.9473554,
                12.4465794
              ],
              [
                -69.9474203,
                12.446638
              ],
              [
                -69.9473891,
                12.4466648
              ],
              [
                -69.9474538,
                12.4467055
              ],
              [
                -69.9475334,
                12.4467194
              ],
              [
                -69.9475375,
                12.4467354
              ],
              [
                -69.9475828,
                12.446712
              ],
              [
                -69.9476771,
                12.4467187
              ],
              [
                -69.9477861,
                12.4468105
              ],
              [
                -69.9478466,
                12.4468773
              ],
              [
                -69.9478814,
                12.446905
              ],
              [
                -69.9478905,
                12.4469122
              ],
              [
                -69.9479309,
                12.4469443
              ],
              [
                -69.9479806,
                12.4469841
              ],
              [
                -69.9480311,
                12.4470096
              ],
              [
                -69.9480933,
                12.447046
              ],
              [
                -69.9481966,
                12.4470766
              ],
              [
                -69.9482177,
                12.4471515
              ],
              [
                -69.9483712,
                12.4473093
              ],
              [
                -69.9484253,
                12.4473145
              ],
              [
                -69.9484672,
                12.4473688
              ],
              [
                -69.9484518,
                12.4474264
              ],
              [
                -69.9485495,
                12.4474787
              ],
              [
                -69.9485548,
                12.4475251
              ],
              [
                -69.9485784,
                12.4475351
              ],
              [
                -69.9485993,
                12.4475441
              ],
              [
                -69.9486308,
                12.4475576
              ],
              [
                -69.9486614,
                12.4476012
              ],
              [
                -69.9488089,
                12.4476884
              ],
              [
                -69.9489975,
                12.4478209
              ],
              [
                -69.9490886,
                12.4479499
              ],
              [
                -69.9490724,
                12.4480272
              ],
              [
                -69.9490367,
                12.4480687
              ],
              [
                -69.9491665,
                12.4481983
              ],
              [
                -69.949248,
                12.448256
              ],
              [
                -69.949379,
                12.4483702
              ],
              [
                -69.9493998,
                12.4483819
              ],
              [
                -69.9495465,
                12.448465
              ],
              [
                -69.9499476,
                12.4486851
              ],
              [
                -69.9501623,
                12.4487829
              ],
              [
                -69.9501509,
                12.4488324
              ],
              [
                -69.9501805,
                12.4488592
              ],
              [
                -69.9502599,
                12.4489095
              ],
              [
                -69.9503667,
                12.448939
              ],
              [
                -69.9505843,
                12.4489713
              ],
              [
                -69.9505907,
                12.4490334
              ],
              [
                -69.9506354,
                12.4490811
              ],
              [
                -69.950857,
                12.4491685
              ],
              [
                -69.9509713,
                12.4491856
              ],
              [
                -69.9510189,
                12.4491727
              ],
              [
                -69.9510509,
                12.449205
              ],
              [
                -69.9510741,
                12.449213
              ],
              [
                -69.9511343,
                12.4492825
              ],
              [
                -69.9512801,
                12.4493625
              ],
              [
                -69.9514104,
                12.4495172
              ],
              [
                -69.9514691,
                12.4495391
              ],
              [
                -69.9516428,
                12.449627
              ],
              [
                -69.9519265,
                12.4496292
              ],
              [
                -69.9522882,
                12.4497825
              ],
              [
                -69.9523823,
                12.4498304
              ],
              [
                -69.9525044,
                12.4498555
              ],
              [
                -69.9525806,
                12.4498167
              ],
              [
                -69.9526465,
                12.4497142
              ],
              [
                -69.9526594,
                12.4497303
              ],
              [
                -69.9526016,
                12.4498654
              ],
              [
                -69.9526215,
                12.4499011
              ],
              [
                -69.9527529,
                12.4499513
              ],
              [
                -69.9528605,
                12.4499338
              ],
              [
                -69.9529105,
                12.449839
              ],
              [
                -69.9529313,
                12.4498014
              ],
              [
                -69.9529485,
                12.4498121
              ],
              [
                -69.9529523,
                12.4498418
              ],
              [
                -69.9530088,
                12.4500582
              ],
              [
                -69.9530668,
                12.4500409
              ],
              [
                -69.9530887,
                12.4501173
              ],
              [
                -69.9531911,
                12.4500898
              ],
              [
                -69.953274,
                12.4502029
              ],
              [
                -69.9533268,
                12.4502697
              ],
              [
                -69.9534041,
                12.4503884
              ],
              [
                -69.9534784,
                12.4503671
              ],
              [
                -69.9535141,
                12.4503719
              ],
              [
                -69.9535428,
                12.4504295
              ],
              [
                -69.9539084,
                12.4504014
              ],
              [
                -69.9540304,
                12.4504239
              ],
              [
                -69.9541374,
                12.4504763
              ],
              [
                -69.9542144,
                12.4505423
              ],
              [
                -69.9542616,
                12.4506069
              ],
              [
                -69.9547895,
                12.4516782
              ],
              [
                -69.9548298,
                12.4518013
              ],
              [
                -69.9548873,
                12.4519177
              ],
              [
                -69.9549527,
                12.4520014
              ],
              [
                -69.9552055,
                12.4520642
              ],
              [
                -69.9553095,
                12.4520535
              ],
              [
                -69.9553864,
                12.4520881
              ],
              [
                -69.9554334,
                12.4520935
              ],
              [
                -69.9555295,
                12.4520732
              ],
              [
                -69.955612,
                12.4520733
              ],
              [
                -69.9556416,
                12.4521158
              ],
              [
                -69.9556982,
                12.4521107
              ],
              [
                -69.9557185,
                12.4521234
              ],
              [
                -69.9557065,
                12.4521648
              ],
              [
                -69.9556586,
                12.4521985
              ],
              [
                -69.9556546,
                12.4522779
              ],
              [
                -69.9555855,
                12.4523615
              ],
              [
                -69.955561,
                12.4524343
              ],
              [
                -69.9555685,
                12.4525455
              ],
              [
                -69.9556253,
                12.4525765
              ],
              [
                -69.9556574,
                12.4526203
              ],
              [
                -69.955743,
                12.4526651
              ],
              [
                -69.9557395,
                12.4527738
              ],
              [
                -69.9557731,
                12.4528774
              ],
              [
                -69.9557743,
                12.4529832
              ],
              [
                -69.9558134,
                12.4530381
              ],
              [
                -69.9558431,
                12.4530891
              ],
              [
                -69.9559283,
                12.4530984
              ],
              [
                -69.9559687,
                12.453113
              ],
              [
                -69.9560581,
                12.453114
              ],
              [
                -69.9561122,
                12.4530984
              ],
              [
                -69.9561954,
                12.45308
              ],
              [
                -69.9562919,
                12.4531364
              ],
              [
                -69.9563549,
                12.4532765
              ],
              [
                -69.9564247,
                12.4532922
              ],
              [
                -69.9565199,
                12.4532725
              ],
              [
                -69.9566071,
                12.4532987
              ],
              [
                -69.9566433,
                12.4533354
              ],
              [
                -69.9566607,
                12.4533747
              ],
              [
                -69.95666,
                12.453448
              ],
              [
                -69.9566212,
                12.453541
              ],
              [
                -69.956597,
                12.4536281
              ],
              [
                -69.9565917,
                12.4536661
              ],
              [
                -69.9566145,
                12.4537119
              ],
              [
                -69.95665,
                12.4537682
              ],
              [
                -69.9566643,
                12.4538035
              ],
              [
                -69.956705,
                12.4538592
              ],
              [
                -69.9567479,
                12.4539103
              ],
              [
                -69.9567814,
                12.4539594
              ],
              [
                -69.9568438,
                12.4540111
              ],
              [
                -69.9569001,
                12.4540367
              ],
              [
                -69.9569651,
                12.4540681
              ],
              [
                -69.9570168,
                12.4541126
              ],
              [
                -69.9570724,
                12.4541663
              ],
              [
                -69.9571301,
                12.4542351
              ],
              [
                -69.9572669,
                12.4543182
              ],
              [
                -69.9573621,
                12.4543673
              ],
              [
                -69.9574694,
                12.4544164
              ],
              [
                -69.9575901,
                12.4544839
              ],
              [
                -69.9577598,
                12.4545402
              ],
              [
                -69.9578845,
                12.4545389
              ],
              [
                -69.9580253,
                12.4545723
              ],
              [
                -69.9581224,
                12.4546311
              ],
              [
                -69.9581803,
                12.4546723
              ],
              [
                -69.9582081,
                12.4547012
              ],
              [
                -69.9582377,
                12.4547091
              ],
              [
                -69.9582732,
                12.4547103
              ],
              [
                -69.9583083,
                12.4547091
              ],
              [
                -69.9583497,
                12.4546938
              ],
              [
                -69.9584012,
                12.4546728
              ],
              [
                -69.9584414,
                12.4546804
              ],
              [
                -69.9584888,
                12.4546872
              ],
              [
                -69.9585468,
                12.4547355
              ],
              [
                -69.9585649,
                12.4548727
              ],
              [
                -69.9585824,
                12.4550031
              ],
              [
                -69.9586255,
                12.4550976
              ],
              [
                -69.9587945,
                12.4552511
              ],
              [
                -69.9589415,
                12.4553022
              ],
              [
                -69.9592034,
                12.4553203
              ],
              [
                -69.9594382,
                12.4552775
              ],
              [
                -69.9595514,
                12.4552956
              ],
              [
                -69.959766,
                12.4553616
              ],
              [
                -69.9599502,
                12.4554688
              ],
              [
                -69.9600533,
                12.4555843
              ],
              [
                -69.9600431,
                12.4556503
              ],
              [
                -69.9599908,
                12.4557196
              ],
              [
                -69.9599739,
                12.4558401
              ],
              [
                -69.9600279,
                12.455911
              ],
              [
                -69.9602138,
                12.4559902
              ],
              [
                -69.9603017,
                12.4560001
              ],
              [
                -69.9603422,
                12.455977
              ],
              [
                -69.9603371,
                12.4559275
              ],
              [
                -69.960305,
                12.4558351
              ],
              [
                -69.960327,
                12.4557856
              ],
              [
                -69.9603997,
                12.4557774
              ],
              [
                -69.9604436,
                12.4558038
              ],
              [
                -69.9604723,
                12.4558549
              ],
              [
                -69.960523,
                12.4559374
              ],
              [
                -69.9605727,
                12.4559558
              ],
              [
                -69.9606693,
                12.4560527
              ],
              [
                -69.960672,
                12.4561234
              ],
              [
                -69.9606156,
                12.456236
              ],
              [
                -69.9604531,
                12.456531
              ],
              [
                -69.9603047,
                12.4571293
              ],
              [
                -69.960338,
                12.4572758
              ],
              [
                -69.960452,
                12.4573911
              ],
              [
                -69.9606062,
                12.4574461
              ],
              [
                -69.9607471,
                12.4574657
              ],
              [
                -69.9609087,
                12.457593
              ],
              [
                -69.9609877,
                12.4576896
              ],
              [
                -69.9610383,
                12.4578152
              ],
              [
                -69.9610385,
                12.4579853
              ],
              [
                -69.9611127,
                12.458244
              ],
              [
                -69.9612614,
                12.4584519
              ],
              [
                -69.9614878,
                12.4585146
              ],
              [
                -69.9616771,
                12.4584222
              ],
              [
                -69.9618291,
                12.4583496
              ],
              [
                -69.9620104,
                12.4583549
              ],
              [
                -69.9621928,
                12.458423
              ],
              [
                -69.9623913,
                12.458567
              ],
              [
                -69.9628409,
                12.4588078
              ],
              [
                -69.9630899,
                12.458881
              ],
              [
                -69.9633769,
                12.4589402
              ],
              [
                -69.9635661,
                12.4591844
              ],
              [
                -69.963627,
                12.459455
              ],
              [
                -69.9636067,
                12.459653
              ],
              [
                -69.963665,
                12.4597946
              ],
              [
                -69.9638646,
                12.4600263
              ],
              [
                -69.9645478,
                12.4605994
              ],
              [
                -69.9647972,
                12.460845
              ],
              [
                -69.9648731,
                12.4612014
              ],
              [
                -69.9650915,
                12.4613491
              ],
              [
                -69.9652104,
                12.4615194
              ],
              [
                -69.9652944,
                12.461541
              ],
              [
                -69.9654512,
                12.461634
              ],
              [
                -69.9655796,
                12.4617997
              ],
              [
                -69.9657347,
                12.4618383
              ],
              [
                -69.9658102,
                12.4618955
              ],
              [
                -69.965833,
                12.4619693
              ],
              [
                -69.965843,
                12.4620132
              ],
              [
                -69.9658513,
                12.4621053
              ],
              [
                -69.9660768,
                12.4622165
              ],
              [
                -69.9662338,
                12.4622861
              ],
              [
                -69.9663768,
                12.4622954
              ],
              [
                -69.9664792,
                12.4623021
              ],
              [
                -69.9666071,
                12.4624218
              ],
              [
                -69.96673,
                12.4624847
              ],
              [
                -69.9667799,
                12.4625102
              ],
              [
                -69.9670511,
                12.4628116
              ],
              [
                -69.9670606,
                12.462819
              ],
              [
                -69.9670932,
                12.4628445
              ],
              [
                -69.9671576,
                12.4629111
              ],
              [
                -69.9671882,
                12.4629091
              ],
              [
                -69.9672642,
                12.4629041
              ],
              [
                -69.967392,
                12.4628694
              ],
              [
                -69.9675277,
                12.4628292
              ],
              [
                -69.967541,
                12.4628141
              ],
              [
                -69.9676094,
                12.4627364
              ],
              [
                -69.9676569,
                12.4627108
              ],
              [
                -69.967677,
                12.4626999
              ],
              [
                -69.967785,
                12.462714
              ],
              [
                -69.9679023,
                12.4626636
              ],
              [
                -69.9680246,
                12.4626544
              ],
              [
                -69.9681662,
                12.4626881
              ],
              [
                -69.9683222,
                12.4627548
              ],
              [
                -69.9684003,
                12.4627978
              ],
              [
                -69.9685288,
                12.4628339
              ],
              [
                -69.9686528,
                12.4628644
              ],
              [
                -69.9688102,
                12.4628681
              ],
              [
                -69.9688791,
                12.4628818
              ],
              [
                -69.968939,
                12.4629133
              ],
              [
                -69.9689782,
                12.4629455
              ],
              [
                -69.9689723,
                12.4630458
              ],
              [
                -69.9690301,
                12.4631407
              ],
              [
                -69.9691314,
                12.4631863
              ],
              [
                -69.9691276,
                12.4632616
              ],
              [
                -69.9691075,
                12.4633428
              ],
              [
                -69.9690874,
                12.4633782
              ],
              [
                -69.9690606,
                12.4634345
              ],
              [
                -69.9689898,
                12.4634927
              ],
              [
                -69.9689727,
                12.4635166
              ],
              [
                -69.9689647,
                12.4635392
              ],
              [
                -69.9689613,
                12.4635572
              ],
              [
                -69.968964,
                12.4635782
              ],
              [
                -69.9689821,
                12.4635975
              ],
              [
                -69.9690063,
                12.4636207
              ],
              [
                -69.9690344,
                12.463641
              ],
              [
                -69.9690639,
                12.4636584
              ],
              [
                -69.9691129,
                12.4636908
              ],
              [
                -69.9691464,
                12.4637121
              ],
              [
                -69.9691967,
                12.4637356
              ],
              [
                -69.9692785,
                12.4637841
              ],
              [
                -69.9693469,
                12.4638168
              ],
              [
                -69.9693791,
                12.4638326
              ],
              [
                -69.969422,
                12.4638443
              ],
              [
                -69.9695072,
                12.4638633
              ],
              [
                -69.9695695,
                12.4638745
              ],
              [
                -69.9696091,
                12.4638921
              ],
              [
                -69.9696473,
                12.4639268
              ],
              [
                -69.9696929,
                12.4639799
              ],
              [
                -69.9697067,
                12.4639994
              ],
              [
                -69.9697137,
                12.4640093
              ],
              [
                -69.9697573,
                12.464066
              ],
              [
                -69.9697978,
                12.4641216
              ],
              [
                -69.9698324,
                12.4641563
              ],
              [
                -69.9698649,
                12.4641786
              ],
              [
                -69.9699078,
                12.4642022
              ],
              [
                -69.9699306,
                12.4642048
              ],
              [
                -69.9699474,
                12.4642031
              ],
              [
                -69.9699574,
                12.464194
              ],
              [
                -69.9699665,
                12.4641576
              ],
              [
                -69.9699816,
                12.464121
              ],
              [
                -69.9699967,
                12.4640997
              ],
              [
                -69.9700228,
                12.4640872
              ],
              [
                -69.9700543,
                12.4640827
              ],
              [
                -69.9700879,
                12.4640814
              ],
              [
                -69.970118,
                12.4640931
              ],
              [
                -69.9701449,
                12.4641174
              ],
              [
                -69.9701603,
                12.4641521
              ],
              [
                -69.9701636,
                12.464209
              ],
              [
                -69.9701583,
                12.4642817
              ],
              [
                -69.9701442,
                12.4643406
              ],
              [
                -69.9701328,
                12.4643766
              ],
              [
                -69.970118,
                12.4643983
              ],
              [
                -69.9700946,
                12.4644159
              ],
              [
                -69.9700557,
                12.4644428
              ],
              [
                -69.9700342,
                12.4644696
              ],
              [
                -69.9700134,
                12.4645037
              ],
              [
                -69.9699893,
                12.464541
              ],
              [
                -69.9699702,
                12.4645633
              ],
              [
                -69.9699524,
                12.4645737
              ],
              [
                -69.9699423,
                12.464579
              ],
              [
                -69.9699232,
                12.4645842
              ],
              [
                -69.9699118,
                12.4645885
              ],
              [
                -69.9698954,
                12.464594
              ],
              [
                -69.9698823,
                12.464598
              ],
              [
                -69.9698677,
                12.4646007
              ],
              [
                -69.9698656,
                12.4646081
              ],
              [
                -69.9698667,
                12.4646158
              ],
              [
                -69.9698698,
                12.4646212
              ],
              [
                -69.96989,
                12.4646222
              ],
              [
                -69.9699076,
                12.4646204
              ],
              [
                -69.969933,
                12.464622
              ],
              [
                -69.9699501,
                12.4646245
              ],
              [
                -69.9699534,
                12.4646273
              ],
              [
                -69.9699675,
                12.4646395
              ],
              [
                -69.9699873,
                12.4646654
              ],
              [
                -69.9700027,
                12.4646844
              ],
              [
                -69.9700161,
                12.4647112
              ],
              [
                -69.9700168,
                12.4647485
              ],
              [
                -69.9700027,
                12.4647911
              ],
              [
                -69.9699517,
                12.4648716
              ],
              [
                -69.9699021,
                12.4649482
              ],
              [
                -69.9698545,
                12.4650157
              ],
              [
                -69.9698166,
                12.4650723
              ],
              [
                -69.9697999,
                12.4651015
              ],
              [
                -69.9697905,
                12.4651175
              ],
              [
                -69.9697851,
                12.465129
              ],
              [
                -69.9697842,
                12.4651409
              ],
              [
                -69.9697838,
                12.4651456
              ],
              [
                -69.9697878,
                12.4651581
              ],
              [
                -69.9697985,
                12.4651758
              ],
              [
                -69.9698273,
                12.4652004
              ],
              [
                -69.9698696,
                12.46523
              ],
              [
                -69.969874,
                12.4652331
              ],
              [
                -69.9699303,
                12.4652678
              ],
              [
                -69.9699906,
                12.4652985
              ],
              [
                -69.9700496,
                12.465328
              ],
              [
                -69.9701225,
                12.4653621
              ],
              [
                -69.9701791,
                12.4653928
              ],
              [
                -69.9702434,
                12.4654262
              ],
              [
                -69.9703708,
                12.4654891
              ],
              [
                -69.970686,
                12.465636
              ],
              [
                -69.9710423,
                12.4657708
              ],
              [
                -69.9713335,
                12.4658178
              ],
              [
                -69.971614,
                12.4659068
              ],
              [
                -69.97187,
                12.4660411
              ],
              [
                -69.9721019,
                12.4662055
              ],
              [
                -69.9723339,
                12.4663671
              ],
              [
                -69.972535,
                12.466551
              ],
              [
                -69.9726758,
                12.4666556
              ],
              [
                -69.9727496,
                12.4667733
              ],
              [
                -69.9730447,
                12.4671138
              ],
              [
                -69.9733199,
                12.4673593
              ],
              [
                -69.9734394,
                12.4675026
              ],
              [
                -69.9736697,
                12.46768
              ],
              [
                -69.9740982,
                12.467879
              ],
              [
                -69.9744477,
                12.4680878
              ],
              [
                -69.9748012,
                12.4684292
              ],
              [
                -69.9750685,
                12.4685352
              ],
              [
                -69.9752943,
                12.4686723
              ],
              [
                -69.9755534,
                12.4688531
              ],
              [
                -69.9760918,
                12.4694355
              ],
              [
                -69.9767499,
                12.469866
              ],
              [
                -69.9767712,
                12.4698396
              ],
              [
                -69.9767795,
                12.4698327
              ],
              [
                -69.9767922,
                12.4698244
              ],
              [
                -69.976806,
                12.4698233
              ],
              [
                -69.9768182,
                12.4698146
              ],
              [
                -69.9768316,
                12.469816
              ],
              [
                -69.9768368,
                12.4698077
              ],
              [
                -69.9768403,
                12.4697934
              ],
              [
                -69.9768494,
                12.4697847
              ],
              [
                -69.9768647,
                12.4697847
              ],
              [
                -69.9768947,
                12.4697999
              ],
              [
                -69.9769034,
                12.4697964
              ],
              [
                -69.9769085,
                12.4697921
              ],
              [
                -69.976916,
                12.4697745
              ],
              [
                -69.9769242,
                12.4697574
              ],
              [
                -69.9769351,
                12.4697568
              ],
              [
                -69.9769532,
                12.4697698
              ],
              [
                -69.9769627,
                12.46977
              ],
              [
                -69.9769714,
                12.4697618
              ],
              [
                -69.9769714,
                12.4697372
              ],
              [
                -69.9769757,
                12.4697198
              ],
              [
                -69.9769892,
                12.469719
              ],
              [
                -69.9769987,
                12.4697287
              ],
              [
                -69.9770039,
                12.4697461
              ],
              [
                -69.9770108,
                12.4697533
              ],
              [
                -69.9770173,
                12.4697499
              ],
              [
                -69.9770265,
                12.4697419
              ],
              [
                -69.9770451,
                12.4697359
              ],
              [
                -69.9770746,
                12.4697372
              ],
              [
                -69.9771138,
                12.469767
              ],
              [
                -69.9771323,
                12.4697723
              ],
              [
                -69.9771469,
                12.4697828
              ],
              [
                -69.9771646,
                12.4698001
              ],
              [
                -69.9771816,
                12.4698422
              ],
              [
                -69.9772146,
                12.4698811
              ],
              [
                -69.977229,
                12.4699068
              ],
              [
                -69.9772619,
                12.4699421
              ],
              [
                -69.9772739,
                12.4699511
              ],
              [
                -69.9772866,
                12.4699539
              ],
              [
                -69.9772879,
                12.4699223
              ],
              [
                -69.9773427,
                12.46993
              ],
              [
                -69.9773699,
                12.4699621
              ],
              [
                -69.9773779,
                12.4699791
              ],
              [
                -69.9773839,
                12.4699941
              ],
              [
                -69.9773899,
                12.4700111
              ],
              [
                -69.9773919,
                12.4700301
              ],
              [
                -69.9773919,
                12.4700461
              ],
              [
                -69.9773969,
                12.4700651
              ],
              [
                -69.9774079,
                12.4700811
              ],
              [
                -69.9774249,
                12.4700991
              ],
              [
                -69.9774419,
                12.4701151
              ],
              [
                -69.9774619,
                12.4701331
              ],
              [
                -69.9774789,
                12.4701471
              ],
              [
                -69.9774969,
                12.4701601
              ],
              [
                -69.9775209,
                12.4701761
              ],
              [
                -69.9775489,
                12.4701891
              ],
              [
                -69.9775729,
                12.4702021
              ],
              [
                -69.9775909,
                12.4702131
              ],
              [
                -69.9776102,
                12.4702267
              ],
              [
                -69.9776259,
                12.4702371
              ],
              [
                -69.9776409,
                12.4702531
              ],
              [
                -69.9776569,
                12.4702701
              ],
              [
                -69.9776759,
                12.4702851
              ],
              [
                -69.9776959,
                12.4702961
              ],
              [
                -69.9777189,
                12.4703111
              ],
              [
                -69.9777379,
                12.4703281
              ],
              [
                -69.9777509,
                12.4703481
              ],
              [
                -69.9777589,
                12.4703732
              ],
              [
                -69.9777659,
                12.4703951
              ],
              [
                -69.9777719,
                12.4704161
              ],
              [
                -69.9777779,
                12.4704361
              ],
              [
                -69.9777859,
                12.4704571
              ],
              [
                -69.9777959,
                12.4704741
              ],
              [
                -69.9778009,
                12.4704841
              ],
              [
                -69.97782,
                12.4704716
              ],
              [
                -69.9778441,
                12.4704978
              ],
              [
                -69.9779467,
                12.4706068
              ],
              [
                -69.9778989,
                12.4706401
              ],
              [
                -69.9779269,
                12.4706641
              ],
              [
                -69.9779809,
                12.4707211
              ],
              [
                -69.9780892,
                12.4708649
              ],
              [
                -69.9781188,
                12.4708986
              ],
              [
                -69.9781399,
                12.4709142
              ],
              [
                -69.9781863,
                12.4709104
              ],
              [
                -69.9782332,
                12.4709948
              ],
              [
                -69.9782764,
                12.4710723
              ],
              [
                -69.9782714,
                12.4710879
              ],
              [
                -69.9782579,
                12.4710861
              ],
              [
                -69.9782469,
                12.4710811
              ],
              [
                -69.9782389,
                12.4710791
              ],
              [
                -69.9782349,
                12.4710781
              ],
              [
                -69.9782299,
                12.4710801
              ],
              [
                -69.9782289,
                12.4710821
              ],
              [
                -69.9782269,
                12.4710951
              ],
              [
                -69.9782259,
                12.4711061
              ],
              [
                -69.9782259,
                12.4711091
              ],
              [
                -69.9782319,
                12.4711151
              ],
              [
                -69.9782429,
                12.4711201
              ],
              [
                -69.9782539,
                12.4711231
              ],
              [
                -69.9782649,
                12.4711281
              ],
              [
                -69.9782711,
                12.4711345
              ],
              [
                -69.9782708,
                12.4711508
              ],
              [
                -69.9782679,
                12.4711625
              ],
              [
                -69.9782649,
                12.4711777
              ],
              [
                -69.9782599,
                12.4711921
              ],
              [
                -69.9782499,
                12.4712001
              ],
              [
                -69.9782469,
                12.4712081
              ],
              [
                -69.9782519,
                12.4712321
              ],
              [
                -69.9782639,
                12.4712741
              ],
              [
                -69.9782619,
                12.4712831
              ],
              [
                -69.9782439,
                12.4713001
              ],
              [
                -69.9782239,
                12.4713111
              ],
              [
                -69.9782139,
                12.4713141
              ],
              [
                -69.9781799,
                12.4713081
              ],
              [
                -69.9781529,
                12.4712971
              ],
              [
                -69.9781099,
                12.4712821
              ],
              [
                -69.9780709,
                12.4712721
              ],
              [
                -69.9780279,
                12.4712561
              ],
              [
                -69.9780089,
                12.4712541
              ],
              [
                -69.9780009,
                12.4712571
              ],
              [
                -69.9779779,
                12.4712781
              ],
              [
                -69.9779519,
                12.4713071
              ],
              [
                -69.9779269,
                12.4713351
              ],
              [
                -69.9779039,
                12.4713621
              ],
              [
                -69.9778899,
                12.4713841
              ],
              [
                -69.9778869,
                12.4714081
              ],
              [
                -69.9779109,
                12.4714281
              ],
              [
                -69.9779369,
                12.4714501
              ],
              [
                -69.9779609,
                12.4714671
              ],
              [
                -69.9779809,
                12.4714691
              ],
              [
                -69.9779889,
                12.4714761
              ],
              [
                -69.9779889,
                12.4714891
              ],
              [
                -69.9779839,
                12.4714951
              ],
              [
                -69.9779729,
                12.4714971
              ],
              [
                -69.9779529,
                12.4714871
              ],
              [
                -69.9779259,
                12.4714691
              ],
              [
                -69.9779009,
                12.4714551
              ],
              [
                -69.9778769,
                12.4714441
              ],
              [
                -69.9778719,
                12.4714441
              ],
              [
                -69.9778609,
                12.4714491
              ],
              [
                -69.9778489,
                12.4714651
              ],
              [
                -69.9778429,
                12.4714991
              ],
              [
                -69.9778469,
                12.4715301
              ],
              [
                -69.9778559,
                12.4715471
              ],
              [
                -69.9778789,
                12.4715751
              ],
              [
                -69.9779029,
                12.4716041
              ],
              [
                -69.9779309,
                12.4716401
              ],
              [
                -69.9779589,
                12.4716741
              ],
              [
                -69.9780161,
                12.4717575
              ],
              [
                -69.9780818,
                12.4717592
              ],
              [
                -69.9781535,
                12.471851
              ],
              [
                -69.9781748,
                12.4719283
              ],
              [
                -69.9783653,
                12.4720652
              ],
              [
                -69.9784965,
                12.4720845
              ],
              [
                -69.9785935,
                12.472186
              ],
              [
                -69.9786901,
                12.4722169
              ],
              [
                -69.9787272,
                12.4723175
              ],
              [
                -69.9786378,
                12.4723489
              ],
              [
                -69.9785882,
                12.4723933
              ],
              [
                -69.9786909,
                12.4725034
              ],
              [
                -69.9788171,
                12.4725629
              ],
              [
                -69.9788888,
                12.47261
              ],
              [
                -69.9789827,
                12.4726969
              ],
              [
                -69.9790804,
                12.4727452
              ],
              [
                -69.9791916,
                12.472826
              ],
              [
                -69.9792337,
                12.4729166
              ],
              [
                -69.9792683,
                12.4729781
              ],
              [
                -69.9793239,
                12.4730288
              ],
              [
                -69.9793659,
                12.4729986
              ],
              [
                -69.9793981,
                12.4730035
              ],
              [
                -69.979429,
                12.4730312
              ],
              [
                -69.9794265,
                12.4730662
              ],
              [
                -69.979393,
                12.4730965
              ],
              [
                -69.9794401,
                12.4730928
              ],
              [
                -69.9794648,
                12.4731145
              ],
              [
                -69.9794685,
                12.4731483
              ],
              [
                -69.979565,
                12.473228
              ],
              [
                -69.9796008,
                12.47324
              ],
              [
                -69.9796193,
                12.4732829
              ],
              [
                -69.9797333,
                12.4732979
              ],
              [
                -69.9798025,
                12.4733233
              ],
              [
                -69.9799027,
                12.4733655
              ],
              [
                -69.9799855,
                12.4734404
              ],
              [
                -69.9800448,
                12.4734729
              ],
              [
                -69.9800893,
                12.4735598
              ],
              [
                -69.9800943,
                12.4736117
              ],
              [
                -69.98009,
                12.4736663
              ],
              [
                -69.9804393,
                12.473924
              ],
              [
                -69.9804812,
                12.4739087
              ],
              [
                -69.9805317,
                12.4739065
              ],
              [
                -69.9806118,
                12.4739444
              ],
              [
                -69.9807613,
                12.4740581
              ],
              [
                -69.9807846,
                12.4740854
              ],
              [
                -69.9807717,
                12.4741078
              ],
              [
                -69.9807753,
                12.4741708
              ],
              [
                -69.9808181,
                12.4741293
              ],
              [
                -69.9808732,
                12.4741708
              ],
              [
                -69.9808755,
                12.4741945
              ],
              [
                -69.9808782,
                12.4742276
              ],
              [
                -69.9809225,
                12.4742958
              ],
              [
                -69.981067,
                12.4744081
              ],
              [
                -69.9810923,
                12.4743825
              ],
              [
                -69.9811406,
                12.4743253
              ],
              [
                -69.981166,
                12.4742905
              ],
              [
                -69.9812581,
                12.4742653
              ],
              [
                -69.9813712,
                12.4743307
              ],
              [
                -69.9813677,
                12.4743792
              ],
              [
                -69.9813677,
                12.474426
              ],
              [
                -69.9814068,
                12.4744544
              ],
              [
                -69.9814487,
                12.4744493
              ],
              [
                -69.9814991,
                12.4744596
              ],
              [
                -69.9816688,
                12.4745806
              ],
              [
                -69.981693,
                12.4746109
              ],
              [
                -69.9817129,
                12.4746329
              ],
              [
                -69.9817301,
                12.474648
              ],
              [
                -69.9818298,
                12.4747434
              ],
              [
                -69.9819515,
                12.4748049
              ],
              [
                -69.9819443,
                12.474822
              ],
              [
                -69.9819206,
                12.4748131
              ],
              [
                -69.9819152,
                12.4748213
              ],
              [
                -69.9819075,
                12.4748288
              ],
              [
                -69.9818973,
                12.474832
              ],
              [
                -69.9818503,
                12.474834
              ],
              [
                -69.9818221,
                12.4748507
              ],
              [
                -69.9817923,
                12.474877
              ],
              [
                -69.9817759,
                12.4748933
              ],
              [
                -69.9817593,
                12.474915
              ],
              [
                -69.9817228,
                12.4750145
              ],
              [
                -69.9817792,
                12.4750587
              ],
              [
                -69.9821899,
                12.4752924
              ],
              [
                -69.9830314,
                12.4759597
              ],
              [
                -69.9833153,
                12.4761926
              ],
              [
                -69.9834833,
                12.4762876
              ],
              [
                -69.9843759,
                12.4765557
              ],
              [
                -69.9847278,
                12.4765871
              ],
              [
                -69.9850347,
                12.4767129
              ],
              [
                -69.9853587,
                12.4769161
              ],
              [
                -69.9857014,
                12.4771783
              ],
              [
                -69.9861316,
                12.4775107
              ],
              [
                -69.9865271,
                12.477658
              ],
              [
                -69.9869423,
                12.4777122
              ],
              [
                -69.9872856,
                12.4779553
              ],
              [
                -69.9879262,
                12.4782011
              ],
              [
                -69.9882487,
                12.4784525
              ],
              [
                -69.988822,
                12.4787514
              ],
              [
                -69.9892195,
                12.4788644
              ],
              [
                -69.989329,
                12.4789645
              ],
              [
                -69.9893817,
                12.4790373
              ],
              [
                -69.9894031,
                12.4790648
              ],
              [
                -69.9894078,
                12.4790773
              ],
              [
                -69.9894098,
                12.4790943
              ],
              [
                -69.9893971,
                12.4791375
              ],
              [
                -69.9893988,
                12.4791686
              ],
              [
                -69.9894088,
                12.4791915
              ],
              [
                -69.9894433,
                12.4792292
              ],
              [
                -69.9895319,
                12.4792914
              ],
              [
                -69.9895889,
                12.4793182
              ],
              [
                -69.9896432,
                12.4793287
              ],
              [
                -69.9897578,
                12.4793293
              ],
              [
                -69.9897867,
                12.4793398
              ],
              [
                -69.9898061,
                12.479349
              ],
              [
                -69.9898631,
                12.4793876
              ],
              [
                -69.9899087,
                12.4794118
              ],
              [
                -69.9899389,
                12.4794256
              ],
              [
                -69.9899516,
                12.4794537
              ],
              [
                -69.9899536,
                12.4794878
              ],
              [
                -69.9899443,
                12.4795218
              ],
              [
                -69.9899261,
                12.4795637
              ],
              [
                -69.9899114,
                12.4796
              ],
              [
                -69.9898859,
                12.4796592
              ],
              [
                -69.9898732,
                12.4797122
              ],
              [
                -69.9898158,
                12.4797495
              ],
              [
                -69.989787,
                12.4797713
              ],
              [
                -69.9897934,
                12.4797994
              ],
              [
                -69.9898381,
                12.4798492
              ],
              [
                -69.9898349,
                12.4798866
              ],
              [
                -69.9898349,
                12.4799333
              ],
              [
                -69.9897807,
                12.4799831
              ],
              [
                -69.9897807,
                12.4800174
              ],
              [
                -69.9898126,
                12.4800547
              ],
              [
                -69.9898508,
                12.480061
              ],
              [
                -69.9899146,
                12.4800828
              ],
              [
                -69.989921,
                12.4801233
              ],
              [
                -69.9899529,
                12.48017
              ],
              [
                -69.9899848,
                12.4802167
              ],
              [
                -69.9900295,
                12.4802167
              ],
              [
                -69.9900677,
                12.4802572
              ],
              [
                -69.9900805,
                12.4802977
              ],
              [
                -69.9900996,
                12.480335
              ],
              [
                -69.9901379,
                12.4803381
              ],
              [
                -69.9901698,
                12.4803693
              ],
              [
                -69.9902336,
                12.4803849
              ],
              [
                -69.9902655,
                12.4804285
              ],
              [
                -69.9902719,
                12.480497
              ],
              [
                -69.9903421,
                12.4805375
              ],
              [
                -69.9903803,
                12.4805406
              ],
              [
                -69.9904027,
                12.4805935
              ],
              [
                -69.9905015,
                12.4806433
              ],
              [
                -69.990559,
                12.4806278
              ],
              [
                -69.99061,
                12.4806527
              ],
              [
                -69.9907503,
                12.480662
              ],
              [
                -69.990779,
                12.480743
              ],
              [
                -69.9908492,
                12.4807617
              ],
              [
                -69.9909253,
                12.4808188
              ],
              [
                -69.9909722,
                12.480792
              ],
              [
                -69.9910077,
                12.4807645
              ],
              [
                -69.9910399,
                12.4807298
              ],
              [
                -69.9910507,
                12.4806905
              ],
              [
                -69.9910533,
                12.4806512
              ],
              [
                -69.9910399,
                12.4806106
              ],
              [
                -69.990946,
                12.4804561
              ],
              [
                -69.9909202,
                12.480384
              ],
              [
                -69.9910048,
                12.4802187
              ],
              [
                -69.991026,
                12.4802209
              ],
              [
                -69.9910442,
                12.4802265
              ],
              [
                -69.9911185,
                12.4802369
              ],
              [
                -69.9912037,
                12.4802928
              ],
              [
                -69.9911911,
                12.4804677
              ],
              [
                -69.9911981,
                12.480587
              ],
              [
                -69.9913523,
                12.48066
              ],
              [
                -69.9915576,
                12.4806551
              ],
              [
                -69.9918794,
                12.4806132
              ],
              [
                -69.9920383,
                12.4806458
              ],
              [
                -69.9921371,
                12.480666
              ],
              [
                -69.9924052,
                12.4807283
              ],
              [
                -69.9927001,
                12.4809065
              ],
              [
                -69.9931454,
                12.4811317
              ],
              [
                -69.993596,
                12.4813271
              ],
              [
                -69.9939179,
                12.4813936
              ],
              [
                -69.9942692,
                12.4813253
              ],
              [
                -69.9945283,
                12.481348
              ],
              [
                -69.9946651,
                12.4811995
              ],
              [
                -69.9939017,
                12.480607
              ],
              [
                -69.9947215,
                12.4788657
              ],
              [
                -69.995611175,
                12.479259527
              ],
              [
                -69.9956825,
                12.4792911
              ],
              [
                -69.9958809,
                12.4788695
              ],
              [
                -69.9988921,
                12.480305
              ],
              [
                -69.9992588,
                12.4804887
              ],
              [
                -69.9996042,
                12.4806566
              ],
              [
                -69.999417,
                12.4810211
              ],
              [
                -69.9993223,
                12.4812271
              ],
              [
                -69.9993669,
                12.4812521
              ],
              [
                -70.000123,
                12.481608
              ],
              [
                -70.0002014,
                12.4816821
              ],
              [
                -70.0003447,
                12.4820707
              ],
              [
                -70.0001635,
                12.4821454
              ],
              [
                -70.0002444,
                12.4823198
              ],
              [
                -70.0002552,
                12.482343
              ],
              [
                -70.0002644,
                12.4823546
              ],
              [
                -70.0003787,
                12.4824982
              ],
              [
                -70.0003868,
                12.4825156
              ],
              [
                -70.0004913,
                12.4827399
              ],
              [
                -70.0006708,
                12.4834421
              ],
              [
                -70.0006258,
                12.4834893
              ],
              [
                -70.0007515,
                12.4838839
              ],
              [
                -70.0007772,
                12.4839959
              ],
              [
                -70.0007399,
                12.4841218
              ],
              [
                -70.0005742,
                12.4845683
              ],
              [
                -70.0006615,
                12.4847538
              ],
              [
                -70.0007834,
                12.4848689
              ],
              [
                -70.0009567,
                12.4849598
              ],
              [
                -70.0009781,
                12.4849743
              ],
              [
                -70.0011323,
                12.4850699
              ],
              [
                -70.0012785,
                12.4851452
              ],
              [
                -70.0015232,
                12.4852303
              ],
              [
                -70.0017729,
                12.4852871
              ],
              [
                -70.0023294,
                12.4853141
              ],
              [
                -70.0029522,
                12.4855663
              ],
              [
                -70.003014,
                12.485635
              ],
              [
                -70.003262,
                12.4856821
              ],
              [
                -70.0033587,
                12.4856792
              ],
              [
                -70.0034868,
                12.4857206
              ],
              [
                -70.0036786,
                12.4857589
              ],
              [
                -70.0041755,
                12.4858582
              ],
              [
                -70.0050588,
                12.4861186
              ],
              [
                -70.005395,
                12.4862407
              ],
              [
                -70.0055453,
                12.4862781
              ],
              [
                -70.005689,
                12.4863461
              ],
              [
                -70.0059588,
                12.4865076
              ],
              [
                -70.0062857,
                12.4866123
              ],
              [
                -70.0063417,
                12.4867584
              ],
              [
                -70.0067926,
                12.4869733
              ],
              [
                -70.0090836,
                12.4880736
              ],
              [
                -70.0091012,
                12.4881352
              ],
              [
                -70.009201,
                12.4881811
              ],
              [
                -70.0093184,
                12.4882097
              ],
              [
                -70.0094035,
                12.4882025
              ],
              [
                -70.0095194,
                12.488277
              ],
              [
                -70.0096221,
                12.4883616
              ],
              [
                -70.0097424,
                12.4883988
              ],
              [
                -70.0098466,
                12.4885292
              ],
              [
                -70.0100491,
                12.4887124
              ],
              [
                -70.0100667,
                12.4887646
              ],
              [
                -70.0100799,
                12.4888406
              ],
              [
                -70.0100971,
                12.4889518
              ],
              [
                -70.0101859,
                12.4890335
              ],
              [
                -70.0102906,
                12.4891493
              ],
              [
                -70.0104197,
                12.4892511
              ],
              [
                -70.0105281,
                12.4892705
              ],
              [
                -70.0105919,
                12.4893081
              ],
              [
                -70.010849,
                12.4895575
              ],
              [
                -70.0110485,
                12.4897648
              ],
              [
                -70.0112047,
                12.4899293
              ],
              [
                -70.0112721,
                12.4901164
              ],
              [
                -70.0114231,
                12.4902893
              ],
              [
                -70.0117004,
                12.4904989
              ],
              [
                -70.0118287,
                12.4907007
              ],
              [
                -70.0120444,
                12.4909862
              ],
              [
                -70.0122534,
                12.4913481
              ],
              [
                -70.0124264,
                12.4916429
              ],
              [
                -70.0125714,
                12.491968
              ],
              [
                -70.0127032,
                12.4921448
              ],
              [
                -70.0129837,
                12.4924849
              ],
              [
                -70.0131784,
                12.4925905
              ],
              [
                -70.0132905,
                12.4926766
              ],
              [
                -70.0133371,
                12.4927402
              ],
              [
                -70.0133313,
                12.4928393
              ],
              [
                -70.0132751,
                12.4928908
              ],
              [
                -70.0132208,
                12.4928644
              ],
              [
                -70.0131752,
                12.4927746
              ],
              [
                -70.0130715,
                12.4926901
              ],
              [
                -70.0129698,
                12.4926267
              ],
              [
                -70.0129051,
                12.4925511
              ],
              [
                -70.0126071,
                12.492205
              ],
              [
                -70.0124056,
                12.4919993
              ],
              [
                -70.0121247,
                12.4916653
              ],
              [
                -70.012003,
                12.4914686
              ],
              [
                -70.0119304,
                12.4912396
              ],
              [
                -70.0118307,
                12.4910783
              ],
              [
                -70.011698,
                12.4910046
              ],
              [
                -70.0115784,
                12.4908906
              ],
              [
                -70.011505,
                12.4907493
              ],
              [
                -70.0114489,
                12.4906156
              ],
              [
                -70.0113915,
                12.4905259
              ],
              [
                -70.011255,
                12.4904306
              ],
              [
                -70.0109017,
                12.490165
              ],
              [
                -70.0106204,
                12.4901679
              ],
              [
                -70.0104158,
                12.4901082
              ],
              [
                -70.0102842,
                12.4900316
              ],
              [
                -70.0102041,
                12.4899704
              ],
              [
                -70.0101349,
                12.4898866
              ],
              [
                -70.0100277,
                12.4898023
              ],
              [
                -70.0099201,
                12.4898022
              ],
              [
                -70.0098497,
                12.4898317
              ],
              [
                -70.0098306,
                12.4899015
              ],
              [
                -70.0097802,
                12.4900116
              ],
              [
                -70.0097081,
                12.490096
              ],
              [
                -70.0095974,
                12.4901431
              ],
              [
                -70.0095169,
                12.490224
              ],
              [
                -70.009459,
                12.4903427
              ],
              [
                -70.0094467,
                12.4905641
              ],
              [
                -70.0094301,
                12.490759
              ],
              [
                -70.0094159,
                12.4909203
              ],
              [
                -70.0094014,
                12.4910176
              ],
              [
                -70.009337,
                12.4911229
              ],
              [
                -70.0092125,
                12.4911979
              ],
              [
                -70.0091607,
                12.4912484
              ],
              [
                -70.0091544,
                12.4913316
              ],
              [
                -70.0091943,
                12.4913945
              ],
              [
                -70.0092748,
                12.4914492
              ],
              [
                -70.0093951,
                12.4914856
              ],
              [
                -70.0094471,
                12.4915821
              ],
              [
                -70.0094686,
                12.4916726
              ],
              [
                -70.0094209,
                12.4917476
              ],
              [
                -70.0094126,
                12.491859
              ],
              [
                -70.0094458,
                12.4919603
              ],
              [
                -70.0094804,
                12.491984
              ],
              [
                -70.0094831,
                12.4920333
              ],
              [
                -70.009514,
                12.492185
              ],
              [
                -70.0095587,
                12.4922965
              ],
              [
                -70.0095587,
                12.4923714
              ],
              [
                -70.0095131,
                12.4924444
              ],
              [
                -70.0095086,
                12.4925635
              ],
              [
                -70.0096023,
                12.492649
              ],
              [
                -70.0097096,
                12.4926833
              ],
              [
                -70.0098576,
                12.492722
              ],
              [
                -70.0100174,
                12.4927139
              ],
              [
                -70.0101315,
                12.4927118
              ],
              [
                -70.0102136,
                12.4926845
              ],
              [
                -70.0102581,
                12.492647
              ],
              [
                -70.0103349,
                12.4926531
              ],
              [
                -70.0103826,
                12.492724
              ],
              [
                -70.0104656,
                12.4927645
              ],
              [
                -70.0105196,
                12.4927807
              ],
              [
                -70.0105756,
                12.4928091
              ],
              [
                -70.0106005,
                12.4928557
              ],
              [
                -70.0106358,
                12.4929084
              ],
              [
                -70.0107105,
                12.4929246
              ],
              [
                -70.0107769,
                12.4929651
              ],
              [
                -70.01084,
                12.4929834
              ],
              [
                -70.0108599,
                12.4930522
              ],
              [
                -70.0109139,
                12.4931961
              ],
              [
                -70.0109685,
                12.4933412
              ],
              [
                -70.0110384,
                12.4934007
              ],
              [
                -70.0111546,
                12.4934271
              ],
              [
                -70.0112646,
                12.4934311
              ],
              [
                -70.0113912,
                12.4935365
              ],
              [
                -70.0113752,
                12.4936269
              ],
              [
                -70.0115273,
                12.4937257
              ],
              [
                -70.0115802,
                12.4937753
              ],
              [
                -70.0116103,
                12.4937833
              ],
              [
                -70.0116542,
                12.493795
              ],
              [
                -70.0117131,
                12.4938371
              ],
              [
                -70.0118193,
                12.4938508
              ],
              [
                -70.011899,
                12.493869
              ],
              [
                -70.0119182,
                12.4938786
              ],
              [
                -70.0119906,
                12.4939144
              ],
              [
                -70.0120727,
                12.4939649
              ],
              [
                -70.0121286,
                12.4940163
              ],
              [
                -70.0121504,
                12.4940579
              ],
              [
                -70.012179,
                12.4940852
              ],
              [
                -70.0122245,
                12.4940996
              ],
              [
                -70.0123398,
                12.4941212
              ],
              [
                -70.0125027,
                12.4942204
              ],
              [
                -70.0125221,
                12.4942177
              ],
              [
                -70.0125378,
                12.4942095
              ],
              [
                -70.0125512,
                12.4941944
              ],
              [
                -70.0126019,
                12.4941512
              ],
              [
                -70.012618,
                12.4941476
              ],
              [
                -70.0126304,
                12.4941538
              ],
              [
                -70.0126733,
                12.4941915
              ],
              [
                -70.0126921,
                12.4942373
              ],
              [
                -70.0126947,
                12.4942661
              ],
              [
                -70.0127041,
                12.4943087
              ],
              [
                -70.0127289,
                12.4943434
              ],
              [
                -70.0127792,
                12.4943813
              ],
              [
                -70.0128289,
                12.4944069
              ],
              [
                -70.0128926,
                12.4944671
              ],
              [
                -70.0129455,
                12.4945849
              ],
              [
                -70.0129777,
                12.4946504
              ],
              [
                -70.0130387,
                12.4947185
              ],
              [
                -70.0130729,
                12.4947447
              ],
              [
                -70.0131185,
                12.4947912
              ],
              [
                -70.0131507,
                12.4948278
              ],
              [
                -70.0131963,
                12.4948795
              ],
              [
                -70.0132426,
                12.4949385
              ],
              [
                -70.0132768,
                12.4949817
              ],
              [
                -70.0133304,
                12.4950491
              ],
              [
                -70.0133653,
                12.4950923
              ],
              [
                -70.0134216,
                12.4951493
              ],
              [
                -70.0134719,
                12.4951984
              ],
              [
                -70.0135664,
                12.4952538
              ],
              [
                -70.0135491,
                12.4952784
              ],
              [
                -70.0136044,
                12.4953174
              ],
              [
                -70.0136195,
                12.4953258
              ],
              [
                -70.0136637,
                12.4953601
              ],
              [
                -70.0137271,
                12.4954118
              ],
              [
                -70.0137485,
                12.4954344
              ],
              [
                -70.013799,
                12.4954701
              ],
              [
                -70.0138488,
                12.4955165
              ],
              [
                -70.0138803,
                12.4955637
              ],
              [
                -70.0139821,
                12.4957263
              ],
              [
                -70.0141202,
                12.4958941
              ],
              [
                -70.0142175,
                12.4960289
              ],
              [
                -70.0142273,
                12.4960458
              ],
              [
                -70.0142724,
                12.4960984
              ],
              [
                -70.0142873,
                12.4961106
              ],
              [
                -70.0143135,
                12.4961198
              ],
              [
                -70.0143363,
                12.4961365
              ],
              [
                -70.0144,
                12.4962026
              ],
              [
                -70.0145803,
                12.4963624
              ],
              [
                -70.0146791,
                12.496448
              ],
              [
                -70.0147627,
                12.4965444
              ],
              [
                -70.0148217,
                12.4966242
              ],
              [
                -70.0149646,
                12.4967918
              ],
              [
                -70.0150779,
                12.496907
              ],
              [
                -70.0151981,
                12.496999
              ],
              [
                -70.0152131,
                12.4970089
              ],
              [
                -70.0152392,
                12.4970236
              ],
              [
                -70.0152697,
                12.4970393
              ],
              [
                -70.0152985,
                12.4970576
              ],
              [
                -70.0153129,
                12.4970708
              ],
              [
                -70.0153563,
                12.497098
              ],
              [
                -70.0153965,
                12.4970535
              ],
              [
                -70.015441,
                12.4970818
              ],
              [
                -70.0154551,
                12.4970956
              ],
              [
                -70.015499,
                12.4971417
              ],
              [
                -70.0155427,
                12.4971799
              ],
              [
                -70.0156882,
                12.4973199
              ],
              [
                -70.015802,
                12.4974377
              ],
              [
                -70.0158319,
                12.4974095
              ],
              [
                -70.0158524,
                12.497399
              ],
              [
                -70.0159218,
                12.497473
              ],
              [
                -70.0159297,
                12.4974825
              ],
              [
                -70.0159944,
                12.4975428
              ],
              [
                -70.0160039,
                12.4975686
              ],
              [
                -70.0160653,
                12.497638
              ],
              [
                -70.0161064,
                12.4976721
              ],
              [
                -70.0161205,
                12.4976841
              ],
              [
                -70.0162625,
                12.4977867
              ],
              [
                -70.0164708,
                12.4979188
              ],
              [
                -70.0166268,
                12.4980125
              ],
              [
                -70.0166498,
                12.4980313
              ],
              [
                -70.0167844,
                12.4981355
              ],
              [
                -70.0168742,
                12.498053
              ],
              [
                -70.017101,
                12.4982618
              ],
              [
                -70.0171242,
                12.4982849
              ],
              [
                -70.0170935,
                12.4983192
              ],
              [
                -70.0171343,
                12.4983521
              ],
              [
                -70.0171543,
                12.4983721
              ],
              [
                -70.0172214,
                12.4983101
              ],
              [
                -70.0172366,
                12.4983252
              ],
              [
                -70.0174067,
                12.4985015
              ],
              [
                -70.0174886,
                12.4985819
              ],
              [
                -70.0175157,
                12.4985528
              ],
              [
                -70.0176937,
                12.4987312
              ],
              [
                -70.0175782,
                12.4988355
              ],
              [
                -70.0180902,
                12.4993693
              ],
              [
                -70.0184204,
                12.4991892
              ],
              [
                -70.0186436,
                12.4994577
              ],
              [
                -70.0187032,
                12.4994138
              ],
              [
                -70.0187624,
                12.4993726
              ],
              [
                -70.0185256,
                12.4990723
              ],
              [
                -70.0188367,
                12.4988881
              ],
              [
                -70.0188616,
                12.4988733
              ],
              [
                -70.0189587,
                12.4988158
              ],
              [
                -70.0197062,
                12.4983432
              ],
              [
                -70.0197584,
                12.4983525
              ],
              [
                -70.0197975,
                12.4983968
              ],
              [
                -70.0199979,
                12.498767
              ],
              [
                -70.0200891,
                12.4990015
              ],
              [
                -70.0200223,
                12.4990217
              ],
              [
                -70.0199143,
                12.4991327
              ],
              [
                -70.0199617,
                12.4992318
              ],
              [
                -70.0199773,
                12.4994016
              ],
              [
                -70.0200494,
                12.4995037
              ],
              [
                -70.0200756,
                12.499573
              ],
              [
                -70.0201548,
                12.4996342
              ],
              [
                -70.0204085,
                12.4996413
              ],
              [
                -70.020603,
                12.499683
              ],
              [
                -70.0206704,
                12.4997125
              ],
              [
                -70.0207192,
                12.4997431
              ],
              [
                -70.0207495,
                12.4997533
              ],
              [
                -70.0208064,
                12.4997522
              ],
              [
                -70.0208877,
                12.4997545
              ],
              [
                -70.0209679,
                12.4997976
              ],
              [
                -70.0209771,
                12.4998601
              ],
              [
                -70.0210666,
                12.4998588
              ],
              [
                -70.0211502,
                12.4998236
              ],
              [
                -70.0211762,
                12.4998109
              ],
              [
                -70.0212386,
                12.4997805
              ],
              [
                -70.0213432,
                12.4997714
              ],
              [
                -70.0214222,
                12.4998009
              ],
              [
                -70.0214849,
                12.499835
              ],
              [
                -70.0215814,
                12.4998735
              ],
              [
                -70.0216802,
                12.4999598
              ],
              [
                -70.0217676,
                12.5000687
              ],
              [
                -70.021821,
                12.5001231
              ],
              [
                -70.0218628,
                12.5001413
              ],
              [
                -70.021914,
                12.5001821
              ],
              [
                -70.0219279,
                12.5002287
              ],
              [
                -70.0219361,
                12.5002854
              ],
              [
                -70.021921,
                12.5003285
              ],
              [
                -70.0219314,
                12.5003376
              ],
              [
                -70.0219849,
                12.5003387
              ],
              [
                -70.0220279,
                12.500358
              ],
              [
                -70.0220674,
                12.500383
              ],
              [
                -70.0220732,
                12.500417
              ],
              [
                -70.0220546,
                12.5004465
              ],
              [
                -70.0220162,
                12.5004613
              ],
              [
                -70.021993,
                12.5004715
              ],
              [
                -70.0219814,
                12.5005044
              ],
              [
                -70.0219849,
                12.500535
              ],
              [
                -70.0219663,
                12.5005668
              ],
              [
                -70.0219407,
                12.5005781
              ],
              [
                -70.0219198,
                12.5005611
              ],
              [
                -70.0219058,
                12.5005237
              ],
              [
                -70.0218907,
                12.5004578
              ],
              [
                -70.0218535,
                12.5004011
              ],
              [
                -70.0218024,
                12.5003637
              ],
              [
                -70.021742,
                12.5003421
              ],
              [
                -70.021706,
                12.5003172
              ],
              [
                -70.0217036,
                12.5002854
              ],
              [
                -70.0216653,
                12.5002434
              ],
              [
                -70.0216165,
                12.5002139
              ],
              [
                -70.0215491,
                12.5001924
              ],
              [
                -70.0215084,
                12.500139
              ],
              [
                -70.0214848,
                12.5000959
              ],
              [
                -70.0214542,
                12.5000941
              ],
              [
                -70.0214374,
                12.5001404
              ],
              [
                -70.0214304,
                12.5001937
              ],
              [
                -70.0214037,
                12.5002357
              ],
              [
                -70.0213909,
                12.5002663
              ],
              [
                -70.0214025,
                12.5003105
              ],
              [
                -70.0214072,
                12.5003661
              ],
              [
                -70.0214049,
                12.5004115
              ],
              [
                -70.02142,
                12.5004512
              ],
              [
                -70.0214665,
                12.5004751
              ],
              [
                -70.0214955,
                12.5005057
              ],
              [
                -70.0214874,
                12.5005465
              ],
              [
                -70.0214537,
                12.5005772
              ],
              [
                -70.0214316,
                12.5006233
              ],
              [
                -70.0214088,
                12.5006487
              ],
              [
                -70.0213664,
                12.5006663
              ],
              [
                -70.0213485,
                12.5006857
              ],
              [
                -70.0213462,
                12.50073
              ],
              [
                -70.021344,
                12.5007592
              ],
              [
                -70.0213623,
                12.5007973
              ],
              [
                -70.0213874,
                12.5008444
              ],
              [
                -70.0214015,
                12.500889
              ],
              [
                -70.0214158,
                12.5009253
              ],
              [
                -70.021427,
                12.5009639
              ],
              [
                -70.0214204,
                12.5009937
              ],
              [
                -70.0214245,
                12.5010086
              ],
              [
                -70.0214396,
                12.5010085
              ],
              [
                -70.0214591,
                12.5009866
              ],
              [
                -70.0214797,
                12.500975
              ],
              [
                -70.0215018,
                12.5009767
              ],
              [
                -70.0215262,
                12.500983
              ],
              [
                -70.0215512,
                12.5009994
              ],
              [
                -70.0215645,
                12.5010374
              ],
              [
                -70.0215616,
                12.5010641
              ],
              [
                -70.0215407,
                12.5010873
              ],
              [
                -70.0215332,
                12.5011174
              ],
              [
                -70.0215454,
                12.5011333
              ],
              [
                -70.0215651,
                12.5011446
              ],
              [
                -70.0215907,
                12.5011418
              ],
              [
                -70.0216093,
                12.501148
              ],
              [
                -70.0216273,
                12.5011792
              ],
              [
                -70.0216558,
                12.5012263
              ],
              [
                -70.021643,
                12.5012564
              ],
              [
                -70.0216325,
                12.5012808
              ],
              [
                -70.0216401,
                12.5012995
              ],
              [
                -70.0216627,
                12.501312
              ],
              [
                -70.0216883,
                12.5013133
              ],
              [
                -70.0217296,
                12.5013186
              ],
              [
                -70.0217627,
                12.5013278
              ],
              [
                -70.0217778,
                12.5013179
              ],
              [
                -70.0217912,
                12.5013175
              ],
              [
                -70.0217963,
                12.5013295
              ],
              [
                -70.0217898,
                12.5013423
              ],
              [
                -70.021818,
                12.501345
              ],
              [
                -70.021845,
                12.5013499
              ],
              [
                -70.0218711,
                12.5013522
              ],
              [
                -70.0218958,
                12.5013422
              ],
              [
                -70.0219173,
                12.501346
              ],
              [
                -70.0219295,
                12.5013587
              ],
              [
                -70.0219471,
                12.5013581
              ],
              [
                -70.021971,
                12.5013501
              ],
              [
                -70.0220104,
                12.5013465
              ],
              [
                -70.0220349,
                12.5013382
              ],
              [
                -70.0220653,
                12.5013225
              ],
              [
                -70.0220949,
                12.5013049
              ],
              [
                -70.0221195,
                12.5012872
              ],
              [
                -70.0221365,
                12.5012875
              ],
              [
                -70.022145,
                12.5012702
              ],
              [
                -70.0221269,
                12.5012466
              ],
              [
                -70.0221243,
                12.5012309
              ],
              [
                -70.0221343,
                12.5012162
              ],
              [
                -70.0221536,
                12.501213
              ],
              [
                -70.0221897,
                12.5011988
              ],
              [
                -70.0222176,
                12.5011816
              ],
              [
                -70.0222776,
                12.5011695
              ],
              [
                -70.0223305,
                12.5011651
              ],
              [
                -70.0224276,
                12.5011918
              ],
              [
                -70.0224857,
                12.5012338
              ],
              [
                -70.0225258,
                12.5012775
              ],
              [
                -70.0225618,
                12.5013263
              ],
              [
                -70.0226069,
                12.5013587
              ],
              [
                -70.0226887,
                12.5013895
              ],
              [
                -70.0227695,
                12.5014075
              ],
              [
                -70.0227859,
                12.5014229
              ],
              [
                -70.0227946,
                12.5014465
              ],
              [
                -70.0228157,
                12.5015109
              ],
              [
                -70.0228382,
                12.5015728
              ],
              [
                -70.0228737,
                12.5016147
              ],
              [
                -70.022927,
                12.5016386
              ],
              [
                -70.0229757,
                12.5016438
              ],
              [
                -70.0231057,
                12.5016527
              ],
              [
                -70.0231889,
                12.501654
              ],
              [
                -70.023258,
                12.5016343
              ],
              [
                -70.0233036,
                12.5016075
              ],
              [
                -70.0233552,
                12.5015879
              ],
              [
                -70.0234008,
                12.5015905
              ],
              [
                -70.0234859,
                12.5016219
              ],
              [
                -70.0235486,
                12.5016502
              ],
              [
                -70.0236589,
                12.5016821
              ],
              [
                -70.023722,
                12.5016946
              ],
              [
                -70.0237642,
                12.501705
              ],
              [
                -70.0238105,
                12.5017221
              ],
              [
                -70.0238521,
                12.5017221
              ],
              [
                -70.0238775,
                12.5017142
              ],
              [
                -70.0238916,
                12.5017037
              ],
              [
                -70.0239198,
                12.5016664
              ],
              [
                -70.0239439,
                12.5016533
              ],
              [
                -70.0239654,
                12.5016533
              ],
              [
                -70.0240029,
                12.5016579
              ],
              [
                -70.0241089,
                12.5017181
              ],
              [
                -70.0242001,
                12.5017627
              ],
              [
                -70.0242873,
                12.5018008
              ],
              [
                -70.0246587,
                12.5019047
              ],
              [
                -70.0250604,
                12.5020186
              ],
              [
                -70.025163,
                12.5020383
              ],
              [
                -70.0252663,
                12.5020415
              ],
              [
                -70.0253885,
                12.5020311
              ],
              [
                -70.0254312,
                12.5020317
              ],
              [
                -70.0254493,
                12.5020386
              ],
              [
                -70.0254657,
                12.5020504
              ],
              [
                -70.0254916,
                12.502088
              ],
              [
                -70.0255231,
                12.5021135
              ],
              [
                -70.0255548,
                12.5021239
              ],
              [
                -70.0255921,
                12.502126
              ],
              [
                -70.0256223,
                12.5021325
              ],
              [
                -70.0256491,
                12.5021489
              ],
              [
                -70.025682,
                12.5021705
              ],
              [
                -70.0257383,
                12.5022137
              ],
              [
                -70.0257725,
                12.5022288
              ],
              [
                -70.0257997,
                12.5022347
              ],
              [
                -70.0258205,
                12.5022348
              ],
              [
                -70.0258389,
                12.5022288
              ],
              [
                -70.0258693,
                12.5022283
              ],
              [
                -70.0258939,
                12.5022379
              ],
              [
                -70.0259098,
                12.5022548
              ],
              [
                -70.0259268,
                12.5022844
              ],
              [
                -70.0259328,
                12.5022928
              ],
              [
                -70.0259396,
                12.5022964
              ],
              [
                -70.0259623,
                12.5022982
              ],
              [
                -70.0259903,
                12.5023
              ],
              [
                -70.0260112,
                12.5023045
              ],
              [
                -70.0260374,
                12.5023152
              ],
              [
                -70.0260924,
                12.5023401
              ],
              [
                -70.026178,
                12.5023762
              ],
              [
                -70.026321,
                12.5024023
              ],
              [
                -70.026427,
                12.5024127
              ],
              [
                -70.0265182,
                12.5024245
              ],
              [
                -70.0266054,
                12.5024422
              ],
              [
                -70.0266583,
                12.502471
              ],
              [
                -70.0267066,
                12.5025004
              ],
              [
                -70.0267596,
                12.5025482
              ],
              [
                -70.0268105,
                12.5025803
              ],
              [
                -70.027414,
                12.502799
              ],
              [
                -70.027473,
                12.5028479
              ],
              [
                -70.0275219,
                12.502901
              ],
              [
                -70.027585,
                12.502951
              ],
              [
                -70.027629,
                12.502973
              ],
              [
                -70.0276619,
                12.502994
              ],
              [
                -70.027699,
                12.503041
              ],
              [
                -70.0277494,
                12.5030693
              ],
              [
                -70.027824,
                12.5031229
              ],
              [
                -70.027875,
                12.503143
              ],
              [
                -70.0279219,
                12.503174
              ],
              [
                -70.0279669,
                12.5031909
              ],
              [
                -70.02807,
                12.5032199
              ],
              [
                -70.028145,
                12.503256
              ],
              [
                -70.028271,
                12.503299
              ],
              [
                -70.0282949,
                12.503319
              ],
              [
                -70.028346,
                12.5033519
              ],
              [
                -70.028475,
                12.503373
              ],
              [
                -70.028534,
                12.503374
              ],
              [
                -70.0285679,
                12.503403
              ],
              [
                -70.0287176,
                12.5034776
              ],
              [
                -70.0287788,
                12.5034803
              ],
              [
                -70.0288294,
                12.5035545
              ],
              [
                -70.0288592,
                12.5036553
              ],
              [
                -70.0289082,
                12.5038197
              ],
              [
                -70.0288714,
                12.5038727
              ],
              [
                -70.0288611,
                12.5039351
              ],
              [
                -70.0289137,
                12.5040016
              ],
              [
                -70.0290672,
                12.5041316
              ],
              [
                -70.0291223,
                12.5041937
              ],
              [
                -70.0290958,
                12.5044068
              ],
              [
                -70.0291409,
                12.5045253
              ],
              [
                -70.0292446,
                12.5046061
              ],
              [
                -70.029347,
                12.5046675
              ],
              [
                -70.0293356,
                12.5047496
              ],
              [
                -70.0293584,
                12.5048477
              ],
              [
                -70.0293579,
                12.5049645
              ],
              [
                -70.0293733,
                12.505098
              ],
              [
                -70.0295266,
                12.5051913
              ],
              [
                -70.0293199,
                12.5051943
              ],
              [
                -70.0292174,
                12.5051922
              ],
              [
                -70.0291317,
                12.505189
              ],
              [
                -70.0290614,
                12.5051886
              ],
              [
                -70.0289506,
                12.5052086
              ],
              [
                -70.0290417,
                12.5052909
              ],
              [
                -70.0290259,
                12.5053281
              ],
              [
                -70.0288922,
                12.505435
              ],
              [
                -70.028768,
                12.5055178
              ],
              [
                -70.028788,
                12.5055399
              ],
              [
                -70.0288003,
                12.5055534
              ],
              [
                -70.0289793,
                12.5054117
              ],
              [
                -70.0290372,
                12.5053809
              ],
              [
                -70.0291088,
                12.5053592
              ],
              [
                -70.029183,
                12.5053454
              ],
              [
                -70.0292765,
                12.5053333
              ],
              [
                -70.0293312,
                12.5053525
              ],
              [
                -70.029456,
                12.5053329
              ],
              [
                -70.0294762,
                12.505377
              ],
              [
                -70.0295091,
                12.505414
              ],
              [
                -70.0295734,
                12.5054569
              ],
              [
                -70.029666,
                12.5055667
              ],
              [
                -70.0296894,
                12.5056041
              ],
              [
                -70.029752,
                12.5057039
              ],
              [
                -70.0299821,
                12.5057353
              ],
              [
                -70.0300813,
                12.5058589
              ],
              [
                -70.0301082,
                12.5058806
              ],
              [
                -70.0301898,
                12.5059462
              ],
              [
                -70.0302911,
                12.5060332
              ],
              [
                -70.0303553,
                12.5061223
              ],
              [
                -70.0303687,
                12.5061916
              ],
              [
                -70.0303441,
                12.5062362
              ],
              [
                -70.0302844,
                12.5062676
              ],
              [
                -70.0301481,
                12.5062898
              ],
              [
                -70.0301034,
                12.5063241
              ],
              [
                -70.0300713,
                12.5064137
              ],
              [
                -70.0300369,
                12.5065027
              ],
              [
                -70.0300017,
                12.5066201
              ],
              [
                -70.029953,
                12.5066981
              ],
              [
                -70.0299359,
                12.5067255
              ],
              [
                -70.0298959,
                12.5068301
              ],
              [
                -70.0298185,
                12.5069744
              ],
              [
                -70.0297721,
                12.5071671
              ],
              [
                -70.0297233,
                12.5074489
              ],
              [
                -70.0297016,
                12.5077517
              ],
              [
                -70.0296824,
                12.5081323
              ],
              [
                -70.029682,
                12.5082702
              ],
              [
                -70.0296828,
                12.5082937
              ],
              [
                -70.029681,
                12.5083564
              ],
              [
                -70.029697,
                12.5086
              ],
              [
                -70.0297462,
                12.5088072
              ],
              [
                -70.0298557,
                12.5090751
              ],
              [
                -70.0299316,
                12.5092676
              ],
              [
                -70.0299788,
                12.5093668
              ],
              [
                -70.0300216,
                12.5094856
              ],
              [
                -70.0300569,
                12.5095964
              ],
              [
                -70.0301113,
                12.5096965
              ],
              [
                -70.0301347,
                12.5097838
              ],
              [
                -70.0301651,
                12.5098946
              ],
              [
                -70.0301939,
                12.5099698
              ],
              [
                -70.0302239,
                12.510062
              ],
              [
                -70.0302417,
                12.510126
              ],
              [
                -70.0303104,
                12.510289
              ],
              [
                -70.0303409,
                12.5104101
              ],
              [
                -70.0303448,
                12.5104209
              ],
              [
                -70.0303482,
                12.5104285
              ],
              [
                -70.0304063,
                12.5105499
              ],
              [
                -70.0305289,
                12.5107624
              ],
              [
                -70.0306589,
                12.5109988
              ],
              [
                -70.030805,
                12.5112645
              ],
              [
                -70.0311202,
                12.5118242
              ],
              [
                -70.0312856,
                12.5120671
              ],
              [
                -70.0314946,
                12.5123059
              ],
              [
                -70.0317395,
                12.5125673
              ],
              [
                -70.031925,
                12.512843
              ],
              [
                -70.0321804,
                12.513147
              ],
              [
                -70.0324128,
                12.5134167
              ],
              [
                -70.0329172,
                12.5139958
              ],
              [
                -70.033282,
                12.5143851
              ],
              [
                -70.0335392,
                12.5145138
              ],
              [
                -70.0337198,
                12.5146368
              ],
              [
                -70.0338098,
                12.5147889
              ],
              [
                -70.0339191,
                12.5148796
              ],
              [
                -70.0341076,
                12.5149811
              ],
              [
                -70.0343343,
                12.5150975
              ],
              [
                -70.034386,
                12.5151147
              ],
              [
                -70.0344992,
                12.5151244
              ],
              [
                -70.0346224,
                12.5151194
              ],
              [
                -70.0347047,
                12.5151003
              ],
              [
                -70.0348529,
                12.5150664
              ],
              [
                -70.0349606,
                12.5150304
              ],
              [
                -70.0350276,
                12.5149962
              ],
              [
                -70.0351109,
                12.5149632
              ],
              [
                -70.0352047,
                12.5149272
              ],
              [
                -70.0352654,
                12.5149173
              ],
              [
                -70.0353093,
                12.514919
              ],
              [
                -70.0353422,
                12.5149464
              ],
              [
                -70.0353531,
                12.5149897
              ],
              [
                -70.0353217,
                12.5150762
              ],
              [
                -70.0352614,
                12.5151371
              ],
              [
                -70.0351625,
                12.5152371
              ],
              [
                -70.0353147,
                12.5153056
              ],
              [
                -70.0355727,
                12.5153183
              ],
              [
                -70.0356307,
                12.5152884
              ],
              [
                -70.0357136,
                12.5152216
              ],
              [
                -70.0358037,
                12.5151594
              ],
              [
                -70.0358902,
                12.5150756
              ],
              [
                -70.0359879,
                12.5149869
              ],
              [
                -70.0360879,
                12.5148991
              ],
              [
                -70.0361707,
                12.5148207
              ],
              [
                -70.0362476,
                12.5147325
              ],
              [
                -70.0363155,
                12.5146693
              ],
              [
                -70.0363904,
                12.5146175
              ],
              [
                -70.0364425,
                12.5145906
              ],
              [
                -70.0365052,
                12.5145825
              ],
              [
                -70.0365506,
                12.5145836
              ],
              [
                -70.0366027,
                12.5145941
              ],
              [
                -70.0367524,
                12.5147082
              ],
              [
                -70.0367784,
                12.514746
              ],
              [
                -70.0368188,
                12.5147789
              ],
              [
                -70.0368744,
                12.5148669
              ],
              [
                -70.0369225,
                12.5149305
              ],
              [
                -70.0369904,
                12.5149834
              ],
              [
                -70.0370495,
                12.5150428
              ],
              [
                -70.0373941,
                12.5153647
              ],
              [
                -70.0378494,
                12.5158331
              ],
              [
                -70.0379689,
                12.5159674
              ],
              [
                -70.0387238,
                12.5167076
              ],
              [
                -70.0389056,
                12.5168786
              ],
              [
                -70.0389297,
                12.5169312
              ],
              [
                -70.038914,
                12.5169772
              ],
              [
                -70.0388702,
                12.5169981
              ],
              [
                -70.0388219,
                12.5169904
              ],
              [
                -70.0387893,
                12.5169586
              ],
              [
                -70.0387803,
                12.5169147
              ],
              [
                -70.0387489,
                12.5168687
              ],
              [
                -70.0386186,
                12.5167218
              ],
              [
                -70.0384917,
                12.5166099
              ],
              [
                -70.0384692,
                12.5166319
              ],
              [
                -70.0384328,
                12.5165961
              ],
              [
                -70.0383954,
                12.516554
              ],
              [
                -70.0379006,
                12.5171426
              ],
              [
                -70.0378871,
                12.5171624
              ],
              [
                -70.0378125,
                12.517261
              ],
              [
                -70.0377621,
                12.5172208
              ],
              [
                -70.0376504,
                12.5171293
              ],
              [
                -70.0375694,
                12.5170683
              ],
              [
                -70.0373733,
                12.5173001
              ],
              [
                -70.0372383,
                12.5172059
              ],
              [
                -70.0371887,
                12.5171684
              ],
              [
                -70.036927434,
                12.51749875
              ],
              [
                -70.0369009,
                12.5175323
              ],
              [
                -70.0372488,
                12.5177772
              ],
              [
                -70.0372555,
                12.5177821
              ],
              [
                -70.0372634,
                12.5177879
              ],
              [
                -70.0377912,
                12.5181499
              ],
              [
                -70.0378743,
                12.5179104
              ],
              [
                -70.037834,
                12.5178967
              ],
              [
                -70.0378664,
                12.5178202
              ],
              [
                -70.0379884,
                12.5178591
              ],
              [
                -70.0379566,
                12.5179444
              ],
              [
                -70.0378371,
                12.5182544
              ],
              [
                -70.0380095,
                12.518371
              ],
              [
                -70.0380953,
                12.5184291
              ],
              [
                -70.038108,
                12.5184377
              ],
              [
                -70.0379602,
                12.5186169
              ],
              [
                -70.0379804,
                12.5186284
              ],
              [
                -70.0380013,
                12.5186484
              ],
              [
                -70.0380191,
                12.5186264
              ],
              [
                -70.0381513,
                12.5184625
              ],
              [
                -70.0381793,
                12.5184703
              ],
              [
                -70.0381943,
                12.5184809
              ],
              [
                -70.0382263,
                12.5185035
              ],
              [
                -70.0384682,
                12.5186744
              ],
              [
                -70.0384983,
                12.5186955
              ],
              [
                -70.0388444,
                12.5189532
              ],
              [
                -70.0388951,
                12.5188787
              ],
              [
                -70.0389463,
                12.5188127
              ],
              [
                -70.0390266,
                12.5188823
              ],
              [
                -70.0389221,
                12.5190312
              ],
              [
                -70.0398089,
                12.519651
              ],
              [
                -70.0399902,
                12.5197752
              ],
              [
                -70.0402222,
                12.5195354
              ],
              [
                -70.0401807,
                12.5195069
              ],
              [
                -70.0402923,
                12.5193904
              ],
              [
                -70.0403052,
                12.5193767
              ],
              [
                -70.0403156,
                12.5193658
              ],
              [
                -70.0408635,
                12.5187321
              ],
              [
                -70.0400104,
                12.5179922
              ],
              [
                -70.0400507,
                12.5179483
              ],
              [
                -70.0400611,
                12.5179365
              ],
              [
                -70.040101,
                12.5178912
              ],
              [
                -70.0403057,
                12.5176532
              ],
              [
                -70.0398312,
                12.5172417
              ],
              [
                -70.0399756,
                12.5170805
              ],
              [
                -70.040462061,
                12.51749875
              ],
              [
                -70.0433389,
                12.5199722
              ],
              [
                -70.0435559,
                12.520155
              ],
              [
                -70.0435709,
                12.520173
              ],
              [
                -70.043579,
                12.520198
              ],
              [
                -70.043579,
                12.5202251
              ],
              [
                -70.043559,
                12.52024
              ],
              [
                -70.0434476,
                12.5202592
              ],
              [
                -70.042144,
                12.5203796
              ],
              [
                -70.0421602,
                12.5204843
              ],
              [
                -70.0425986,
                12.5209111
              ],
              [
                -70.0426091,
                12.5209946
              ],
              [
                -70.0444467,
                12.5208523
              ],
              [
                -70.0448532,
                12.5211841
              ],
              [
                -70.044796,
                12.5212693
              ],
              [
                -70.0433785,
                12.5213584
              ],
              [
                -70.0433905,
                12.5215164
              ],
              [
                -70.0433898,
                12.52155
              ],
              [
                -70.043422,
                12.5216153
              ],
              [
                -70.0434819,
                12.521677
              ],
              [
                -70.043543,
                12.5217279
              ],
              [
                -70.043629,
                12.521762
              ],
              [
                -70.043673,
                12.521784
              ],
              [
                -70.0437129,
                12.521868
              ],
              [
                -70.0437687,
                12.5218813
              ],
              [
                -70.0438019,
                12.5219319
              ],
              [
                -70.0438316,
                12.5219702
              ],
              [
                -70.0445818,
                12.5219346
              ],
              [
                -70.0454009,
                12.521874
              ],
              [
                -70.0455533,
                12.5218628
              ],
              [
                -70.045638,
                12.5218573
              ],
              [
                -70.0456689,
                12.5218691
              ],
              [
                -70.0457657,
                12.5219539
              ],
              [
                -70.0459518,
                12.522126
              ],
              [
                -70.0464596,
                12.5225383
              ],
              [
                -70.0476476,
                12.5235012
              ],
              [
                -70.047513,
                12.5236243
              ],
              [
                -70.0474852,
                12.5236759
              ],
              [
                -70.0475127,
                12.5237385
              ],
              [
                -70.0476509,
                12.5238579
              ],
              [
                -70.047815,
                12.5239859
              ],
              [
                -70.047917,
                12.5240739
              ],
              [
                -70.0479569,
                12.524107
              ],
              [
                -70.047993,
                12.524154
              ],
              [
                -70.048059,
                12.524213
              ],
              [
                -70.0483105,
                12.5244139
              ],
              [
                -70.0484569,
                12.524529
              ],
              [
                -70.0485763,
                12.5246311
              ],
              [
                -70.048634,
                12.524675
              ],
              [
                -70.0486749,
                12.524688
              ],
              [
                -70.048685,
                12.524698
              ],
              [
                -70.0486962,
                12.5247465
              ],
              [
                -70.048826,
                12.5248639
              ],
              [
                -70.048899,
                12.524928
              ],
              [
                -70.0489884,
                12.5250073
              ],
              [
                -70.0490743,
                12.5250705
              ],
              [
                -70.0492142,
                12.5252339
              ],
              [
                -70.0493693,
                12.5253301
              ],
              [
                -70.049558,
                12.525321
              ],
              [
                -70.049588,
                12.5253409
              ],
              [
                -70.0496359,
                12.5253559
              ],
              [
                -70.049689,
                12.525375
              ],
              [
                -70.0498015,
                12.5254276
              ],
              [
                -70.049843,
                12.525447
              ],
              [
                -70.049885,
                12.5254679
              ],
              [
                -70.049935,
                12.525502
              ],
              [
                -70.049979,
                12.525535
              ],
              [
                -70.050036,
                12.525605
              ],
              [
                -70.0501539,
                12.52575
              ],
              [
                -70.050216,
                12.525833
              ],
              [
                -70.0502409,
                12.525851
              ],
              [
                -70.0504578,
                12.526071
              ],
              [
                -70.0505584,
                12.5261759
              ],
              [
                -70.05064,
                12.5262582
              ],
              [
                -70.0506844,
                12.5263292
              ],
              [
                -70.0507701,
                12.5263771
              ],
              [
                -70.0508515,
                12.5264234
              ],
              [
                -70.0509109,
                12.5264836
              ],
              [
                -70.0508883,
                12.5265608
              ],
              [
                -70.0508293,
                12.5266098
              ],
              [
                -70.05073,
                12.5267016
              ],
              [
                -70.0506787,
                12.5267625
              ],
              [
                -70.0506439,
                12.526885
              ],
              [
                -70.050667,
                12.526955
              ],
              [
                -70.050722,
                12.52706
              ],
              [
                -70.050752,
                12.527127
              ],
              [
                -70.050778,
                12.527132
              ],
              [
                -70.050794,
                12.527145
              ],
              [
                -70.050769,
                12.527172
              ],
              [
                -70.050784,
                12.527205
              ],
              [
                -70.0508459,
                12.5273109
              ],
              [
                -70.0508599,
                12.527335
              ],
              [
                -70.0508884,
                12.5273669
              ],
              [
                -70.050964,
                12.5274409
              ],
              [
                -70.0510517,
                12.5275135
              ],
              [
                -70.0511549,
                12.527609
              ],
              [
                -70.0513347,
                12.5278028
              ],
              [
                -70.0513977,
                12.5278748
              ],
              [
                -70.0514419,
                12.5279062
              ],
              [
                -70.0515089,
                12.52794
              ],
              [
                -70.0515839,
                12.527966
              ],
              [
                -70.0517222,
                12.5279821
              ],
              [
                -70.0519247,
                12.5279821
              ],
              [
                -70.0520709,
                12.5279507
              ],
              [
                -70.0521608,
                12.5278944
              ],
              [
                -70.0522198,
                12.5278159
              ],
              [
                -70.0522359,
                12.5277557
              ],
              [
                -70.0522567,
                12.5277419
              ],
              [
                -70.0522801,
                12.5277406
              ],
              [
                -70.0523525,
                12.5278172
              ],
              [
                -70.0524022,
                12.52788
              ],
              [
                -70.0524411,
                12.5279324
              ],
              [
                -70.0524893,
                12.5279926
              ],
              [
                -70.0525698,
                12.5280751
              ],
              [
                -70.0526114,
                12.5281248
              ],
              [
                -70.0526436,
                12.5281929
              ],
              [
                -70.0526463,
                12.5282387
              ],
              [
                -70.0526355,
                12.5282846
              ],
              [
                -70.0525631,
                12.5284089
              ],
              [
                -70.052492,
                12.5285228
              ],
              [
                -70.0524049,
                12.5286655
              ],
              [
                -70.0523391,
                12.5287585
              ],
              [
                -70.0522915,
                12.5288383
              ],
              [
                -70.0522392,
                12.5289051
              ],
              [
                -70.0522251,
                12.5289477
              ],
              [
                -70.0522285,
                12.5289987
              ],
              [
                -70.052258,
                12.5290982
              ],
              [
                -70.0522882,
                12.5291774
              ],
              [
                -70.0524397,
                12.5294065
              ],
              [
                -70.0526181,
                12.5296402
              ],
              [
                -70.0526483,
                12.5296808
              ],
              [
                -70.0526878,
                12.5297508
              ],
              [
                -70.0527395,
                12.5298778
              ],
              [
                -70.0528085,
                12.5300258
              ],
              [
                -70.052956,
                12.530213
              ],
              [
                -70.0531156,
                12.5303682
              ],
              [
                -70.0532715,
                12.5305112
              ],
              [
                -70.0534811,
                12.5306622
              ],
              [
                -70.0536883,
                12.5307903
              ],
              [
                -70.0539632,
                12.5309631
              ],
              [
                -70.0542972,
                12.5311359
              ],
              [
                -70.0545627,
                12.5312511
              ],
              [
                -70.0547786,
                12.5313467
              ],
              [
                -70.0549519,
                12.5313909
              ],
              [
                -70.0551261,
                12.5314225
              ],
              [
                -70.0556267,
                12.5314463
              ],
              [
                -70.0559438,
                12.5315062
              ],
              [
                -70.0560439,
                12.5315111
              ],
              [
                -70.0561388,
                12.5315377
              ],
              [
                -70.0561318,
                12.5316164
              ],
              [
                -70.0561673,
                12.531657
              ],
              [
                -70.0561814,
                12.5317329
              ],
              [
                -70.056231,
                12.5318376
              ],
              [
                -70.0562981,
                12.5319253
              ],
              [
                -70.0563718,
                12.5320026
              ],
              [
                -70.0565086,
                12.5320628
              ],
              [
                -70.0566253,
                12.5321283
              ],
              [
                -70.0566857,
                12.5321911
              ],
              [
                -70.0567487,
                12.5323142
              ],
              [
                -70.0568412,
                12.5324464
              ],
              [
                -70.057088,
                12.5328012
              ],
              [
                -70.0571121,
                12.5328417
              ],
              [
                -70.0571235,
                12.5328732
              ],
              [
                -70.0571215,
                12.5329144
              ],
              [
                -70.0571175,
                12.532936
              ],
              [
                -70.0570813,
                12.5329674
              ],
              [
                -70.0570679,
                12.5329897
              ],
              [
                -70.0570645,
                12.5330447
              ],
              [
                -70.0570786,
                12.5331016
              ],
              [
                -70.0571631,
                12.533281
              ],
              [
                -70.0572992,
                12.5336462
              ],
              [
                -70.057375,
                12.5338655
              ],
              [
                -70.0574065,
                12.5339715
              ],
              [
                -70.057485,
                12.5342884
              ],
              [
                -70.0575158,
                12.5343957
              ],
              [
                -70.0575601,
                12.5345463
              ],
              [
                -70.0576177,
                12.534706
              ],
              [
                -70.0576754,
                12.5348565
              ],
              [
                -70.0576875,
                12.5349233
              ],
              [
                -70.0576928,
                12.5350293
              ],
              [
                -70.0576915,
                12.5351157
              ],
              [
                -70.0576955,
                12.5351864
              ],
              [
                -70.0577156,
                12.5352728
              ],
              [
                -70.057788,
                12.5353828
              ],
              [
                -70.058012,
                12.5356865
              ],
              [
                -70.058181,
                12.5358881
              ],
              [
                -70.0584921,
                12.5361578
              ],
              [
                -70.0587966,
                12.5364092
              ],
              [
                -70.0591426,
                12.5366081
              ],
              [
                -70.0594269,
                12.5367679
              ],
              [
                -70.0599056,
                12.537014
              ],
              [
                -70.0602973,
                12.537192
              ],
              [
                -70.0606164,
                12.5373295
              ],
              [
                -70.060764,
                12.5373923
              ],
              [
                -70.0609048,
                12.5374643
              ],
              [
                -70.0610505,
                12.5375245
              ],
              [
                -70.0612247,
                12.5375715
              ],
              [
                -70.0613723,
                12.5376372
              ],
              [
                -70.0614091,
                12.5376535
              ],
              [
                -70.0616462,
                12.5377417
              ],
              [
                -70.0618348,
                12.5377987
              ],
              [
                -70.06192,
                12.5378394
              ],
              [
                -70.0620028,
                12.537903
              ],
              [
                -70.0620398,
                12.5379761
              ],
              [
                -70.0620767,
                12.5380648
              ],
              [
                -70.062101,
                12.538187
              ],
              [
                -70.062185,
                12.538229
              ],
              [
                -70.062289,
                12.538272
              ],
              [
                -70.062336,
                12.538294
              ],
              [
                -70.0623781,
                12.5383136
              ],
              [
                -70.0624125,
                12.5383163
              ],
              [
                -70.0624637,
                12.538343
              ],
              [
                -70.062518,
                12.5383556
              ],
              [
                -70.0625249,
                12.5385429
              ],
              [
                -70.062589,
                12.538577
              ],
              [
                -70.062612,
                12.5385869
              ],
              [
                -70.0627804,
                12.5386783
              ],
              [
                -70.0628724,
                12.5387236
              ],
              [
                -70.0629608,
                12.5387623
              ],
              [
                -70.062991,
                12.5387775
              ],
              [
                -70.0630853,
                12.5388247
              ],
              [
                -70.0631062,
                12.5389161
              ],
              [
                -70.063123,
                12.5389666
              ],
              [
                -70.0631725,
                12.5390595
              ],
              [
                -70.0632182,
                12.5391544
              ],
              [
                -70.0632913,
                12.5392519
              ],
              [
                -70.0633476,
                12.539354
              ],
              [
                -70.0634173,
                12.539483
              ],
              [
                -70.063475,
                12.5395995
              ],
              [
                -70.0635273,
                12.5397376
              ],
              [
                -70.0636004,
                12.5399071
              ],
              [
                -70.0636433,
                12.5400668
              ],
              [
                -70.0636849,
                12.5402855
              ],
              [
                -70.0637466,
                12.5405211
              ],
              [
                -70.0638002,
                12.5407345
              ],
              [
                -70.0637908,
                12.5409596
              ],
              [
                -70.0638369,
                12.541276
              ],
              [
                -70.0637903,
                12.5416576
              ],
              [
                -70.0636934,
                12.5418816
              ],
              [
                -70.063536,
                12.5421051
              ],
              [
                -70.0632852,
                12.5424834
              ],
              [
                -70.0630868,
                12.5428238
              ],
              [
                -70.0628829,
                12.5434695
              ],
              [
                -70.0625632,
                12.5438684
              ],
              [
                -70.0622976,
                12.5441569
              ],
              [
                -70.0619109,
                12.5445513
              ],
              [
                -70.0615954,
                12.5449089
              ],
              [
                -70.0613643,
                12.545208
              ],
              [
                -70.0611641,
                12.5454041
              ],
              [
                -70.0608873,
                12.5457838
              ],
              [
                -70.0606271,
                12.5461092
              ],
              [
                -70.0604929,
                12.5462799
              ],
              [
                -70.060416,
                12.5463949
              ],
              [
                -70.0603509,
                12.5465219
              ],
              [
                -70.060287,
                12.546602
              ],
              [
                -70.06019,
                12.546777
              ],
              [
                -70.060132,
                12.546864
              ],
              [
                -70.060003,
                12.547038
              ],
              [
                -70.059882,
                12.547177
              ],
              [
                -70.0595,
                12.5475429
              ],
              [
                -70.0592289,
                12.547784
              ],
              [
                -70.0591785,
                12.5478359
              ],
              [
                -70.0590281,
                12.5479909
              ],
              [
                -70.0587882,
                12.5482499
              ],
              [
                -70.0585286,
                12.5486119
              ],
              [
                -70.0584056,
                12.5487761
              ],
              [
                -70.0582816,
                12.548942
              ],
              [
                -70.0581778,
                12.5491021
              ],
              [
                -70.0581297,
                12.5492267
              ],
              [
                -70.0579168,
                12.5496684
              ],
              [
                -70.0576681,
                12.5500977
              ],
              [
                -70.0574746,
                12.5503289
              ],
              [
                -70.0570659,
                12.5508401
              ],
              [
                -70.0568747,
                12.551117
              ],
              [
                -70.0566594,
                12.5514413
              ],
              [
                -70.056488,
                12.5517099
              ],
              [
                -70.0562382,
                12.5521468
              ],
              [
                -70.0560201,
                12.552533
              ],
              [
                -70.0558797,
                12.5529055
              ],
              [
                -70.0557241,
                12.5532035
              ],
              [
                -70.0555171,
                12.5536839
              ],
              [
                -70.0553709,
                12.5540279
              ],
              [
                -70.055282,
                12.5542982
              ],
              [
                -70.0552518,
                12.5544869
              ],
              [
                -70.0552028,
                12.5547413
              ],
              [
                -70.0551716,
                12.5550044
              ],
              [
                -70.0551647,
                12.5550605
              ],
              [
                -70.0551733,
                12.5550834
              ],
              [
                -70.0551574,
                12.5551184
              ],
              [
                -70.0551581,
                12.5551229
              ],
              [
                -70.0551546,
                12.5551497
              ],
              [
                -70.0551536,
                12.5551594
              ],
              [
                -70.055138,
                12.555187
              ],
              [
                -70.0551452,
                12.5552325
              ],
              [
                -70.0551502,
                12.5552555
              ],
              [
                -70.0551436,
                12.5552675
              ],
              [
                -70.0551409,
                12.5552945
              ],
              [
                -70.0551275,
                12.5553122
              ],
              [
                -70.0551191,
                12.5553436
              ],
              [
                -70.0551149,
                12.5553848
              ],
              [
                -70.055108,
                12.555446
              ],
              [
                -70.05511,
                12.555496
              ],
              [
                -70.0551206,
                12.5555377
              ],
              [
                -70.0551343,
                12.5555956
              ],
              [
                -70.0551376,
                12.5556403
              ],
              [
                -70.0551359,
                12.5556953
              ],
              [
                -70.055135,
                12.5557464
              ],
              [
                -70.0551515,
                12.5557799
              ],
              [
                -70.0551562,
                12.5558015
              ],
              [
                -70.0551757,
                12.555822
              ],
              [
                -70.0551711,
                12.5558679
              ],
              [
                -70.055172,
                12.5558787
              ],
              [
                -70.0551915,
                12.5559024
              ],
              [
                -70.0551927,
                12.5559202
              ],
              [
                -70.0551871,
                12.5559463
              ],
              [
                -70.0551995,
                12.5559936
              ],
              [
                -70.0552012,
                12.5560289
              ],
              [
                -70.0552085,
                12.5560742
              ],
              [
                -70.05522,
                12.5560943
              ],
              [
                -70.055226,
                12.5561199
              ],
              [
                -70.0552362,
                12.5561711
              ],
              [
                -70.0552379,
                12.5561981
              ],
              [
                -70.0552476,
                12.5562161
              ],
              [
                -70.0552458,
                12.5562282
              ],
              [
                -70.0552369,
                12.556239
              ],
              [
                -70.0552316,
                12.5562591
              ],
              [
                -70.05524,
                12.5562719
              ],
              [
                -70.0552511,
                12.5562798
              ],
              [
                -70.0552672,
                12.5563025
              ],
              [
                -70.0552902,
                12.5563117
              ],
              [
                -70.0552972,
                12.5563176
              ],
              [
                -70.0553077,
                12.5563525
              ],
              [
                -70.0553037,
                12.556373
              ],
              [
                -70.0552913,
                12.5563913
              ],
              [
                -70.0553058,
                12.5564475
              ],
              [
                -70.0553205,
                12.5564744
              ],
              [
                -70.0553324,
                12.5565014
              ],
              [
                -70.0553308,
                12.556511
              ],
              [
                -70.0553196,
                12.5565285
              ],
              [
                -70.0553136,
                12.55655
              ],
              [
                -70.0553147,
                12.5565616
              ],
              [
                -70.0553287,
                12.5565929
              ],
              [
                -70.0553286,
                12.5566031
              ],
              [
                -70.0553227,
                12.5566158
              ],
              [
                -70.0553267,
                12.556636
              ],
              [
                -70.0553522,
                12.5566761
              ],
              [
                -70.0553629,
                12.5567058
              ],
              [
                -70.0553699,
                12.5567249
              ],
              [
                -70.0553638,
                12.5567471
              ],
              [
                -70.0553631,
                12.5567939
              ],
              [
                -70.055352,
                12.5568332
              ],
              [
                -70.055344,
                12.5568437
              ],
              [
                -70.0553607,
                12.556864
              ],
              [
                -70.0553849,
                12.5568811
              ],
              [
                -70.0553914,
                12.5568976
              ],
              [
                -70.0553921,
                12.5569097
              ],
              [
                -70.0554012,
                12.5569246
              ],
              [
                -70.0554119,
                12.5569347
              ],
              [
                -70.0554099,
                12.5569487
              ],
              [
                -70.0554183,
                12.5569738
              ],
              [
                -70.0554218,
                12.5570033
              ],
              [
                -70.0554209,
                12.5570415
              ],
              [
                -70.0554148,
                12.5570807
              ],
              [
                -70.0554284,
                12.5570919
              ],
              [
                -70.0554366,
                12.5571056
              ],
              [
                -70.0554397,
                12.5571253
              ],
              [
                -70.0554329,
                12.5571405
              ],
              [
                -70.0554561,
                12.5571605
              ],
              [
                -70.0554614,
                12.5571731
              ],
              [
                -70.0554592,
                12.5571838
              ],
              [
                -70.0554465,
                12.5572035
              ],
              [
                -70.0554341,
                12.5572255
              ],
              [
                -70.0554381,
                12.557243
              ],
              [
                -70.0554493,
                12.557253
              ],
              [
                -70.0554504,
                12.5572661
              ],
              [
                -70.0554466,
                12.5572775
              ],
              [
                -70.0554557,
                12.5572888
              ],
              [
                -70.0554796,
                12.5572759
              ],
              [
                -70.0555055,
                12.5573158
              ],
              [
                -70.0555126,
                12.5573616
              ],
              [
                -70.0555096,
                12.5573764
              ],
              [
                -70.0554968,
                12.5573899
              ],
              [
                -70.0554646,
                12.5574038
              ],
              [
                -70.0554405,
                12.5574224
              ],
              [
                -70.0554374,
                12.5574355
              ],
              [
                -70.0554448,
                12.5574419
              ],
              [
                -70.0554691,
                12.5574527
              ],
              [
                -70.055484,
                12.557462
              ],
              [
                -70.0554871,
                12.5574798
              ],
              [
                -70.055486,
                12.557488
              ],
              [
                -70.0555089,
                12.5575114
              ],
              [
                -70.0555129,
                12.5575199
              ],
              [
                -70.0555116,
                12.5575314
              ],
              [
                -70.0554908,
                12.5575485
              ],
              [
                -70.0554908,
                12.5575521
              ],
              [
                -70.0555028,
                12.5575541
              ],
              [
                -70.0555059,
                12.55757
              ],
              [
                -70.0555499,
                12.5575722
              ],
              [
                -70.055642,
                12.5575743
              ],
              [
                -70.0556101,
                12.5576142
              ],
              [
                -70.0555025,
                12.5576421
              ],
              [
                -70.0554823,
                12.557666
              ],
              [
                -70.0554073,
                12.5577
              ],
              [
                -70.0554078,
                12.5578466
              ],
              [
                -70.055512,
                12.5578925
              ],
              [
                -70.0556177,
                12.5579323
              ],
              [
                -70.0555125,
                12.5579854
              ],
              [
                -70.0553578,
                12.5579328
              ],
              [
                -70.0553279,
                12.5579792
              ],
              [
                -70.0553145,
                12.5579909
              ],
              [
                -70.0553043,
                12.5579971
              ],
              [
                -70.0553035,
                12.5580021
              ],
              [
                -70.0552874,
                12.5580551
              ],
              [
                -70.0552612,
                12.558086
              ],
              [
                -70.05522,
                12.5580903
              ],
              [
                -70.0550609,
                12.5580865
              ],
              [
                -70.0550609,
                12.5581214
              ],
              [
                -70.0550609,
                12.5581554
              ],
              [
                -70.0551168,
                12.5581608
              ],
              [
                -70.0552111,
                12.5581744
              ],
              [
                -70.0552518,
                12.5581908
              ],
              [
                -70.0552699,
                12.5582202
              ],
              [
                -70.0552763,
                12.5583011
              ],
              [
                -70.055277,
                12.5583696
              ],
              [
                -70.0552714,
                12.5584549
              ],
              [
                -70.0552566,
                12.5585157
              ],
              [
                -70.0552615,
                12.5586095
              ],
              [
                -70.055267,
                12.5586581
              ],
              [
                -70.0552588,
                12.5587367
              ],
              [
                -70.0552746,
                12.558959
              ],
              [
                -70.0552879,
                12.5590907
              ],
              [
                -70.0552805,
                12.5591533
              ],
              [
                -70.0552982,
                12.5592222
              ],
              [
                -70.0552908,
                12.55936
              ],
              [
                -70.0552649,
                12.5593802
              ],
              [
                -70.0552824,
                12.5594117
              ],
              [
                -70.0552723,
                12.5595033
              ],
              [
                -70.0552565,
                12.5595309
              ],
              [
                -70.0552432,
                12.5595494
              ],
              [
                -70.0552164,
                12.5595636
              ],
              [
                -70.0551976,
                12.5595648
              ],
              [
                -70.0551605,
                12.5595616
              ],
              [
                -70.0551922,
                12.5595842
              ],
              [
                -70.0552171,
                12.5595825
              ],
              [
                -70.0552339,
                12.5595782
              ],
              [
                -70.0552567,
                12.5595896
              ],
              [
                -70.0552766,
                12.5596154
              ],
              [
                -70.0552815,
                12.5596298
              ],
              [
                -70.0552851,
                12.5596433
              ],
              [
                -70.0552886,
                12.5596667
              ],
              [
                -70.0552899,
                12.5596886
              ],
              [
                -70.0552861,
                12.5597182
              ],
              [
                -70.0552851,
                12.5597393
              ],
              [
                -70.0552831,
                12.5597514
              ],
              [
                -70.0552795,
                12.5597843
              ],
              [
                -70.055272,
                12.5598216
              ],
              [
                -70.0552728,
                12.5598616
              ],
              [
                -70.0552641,
                12.559892
              ],
              [
                -70.0552558,
                12.5599212
              ],
              [
                -70.0552538,
                12.5599344
              ],
              [
                -70.055238,
                12.5599636
              ],
              [
                -70.0552133,
                12.5599762
              ],
              [
                -70.0552051,
                12.5600001
              ],
              [
                -70.0551898,
                12.5600107
              ],
              [
                -70.0551851,
                12.5600196
              ],
              [
                -70.0552055,
                12.5600244
              ],
              [
                -70.0552255,
                12.5600508
              ],
              [
                -70.0552299,
                12.5600589
              ],
              [
                -70.0552291,
                12.5600803
              ],
              [
                -70.0552399,
                12.5601017
              ],
              [
                -70.0552356,
                12.5601185
              ],
              [
                -70.0552408,
                12.5601351
              ],
              [
                -70.0552424,
                12.5601584
              ],
              [
                -70.0552383,
                12.5601723
              ],
              [
                -70.0552339,
                12.5601926
              ],
              [
                -70.0552309,
                12.5602282
              ],
              [
                -70.0552327,
                12.5602737
              ],
              [
                -70.0552245,
                12.5603204
              ],
              [
                -70.055222,
                12.5603279
              ],
              [
                -70.055202,
                12.5603507
              ],
              [
                -70.0551739,
                12.5603495
              ],
              [
                -70.0551518,
                12.5603631
              ],
              [
                -70.0551555,
                12.5603763
              ],
              [
                -70.0551726,
                12.5603856
              ],
              [
                -70.0551859,
                12.5604025
              ],
              [
                -70.0552034,
                12.5604265
              ],
              [
                -70.0552019,
                12.5604492
              ],
              [
                -70.0552223,
                12.5604701
              ],
              [
                -70.0552262,
                12.5604906
              ],
              [
                -70.0552352,
                12.5605096
              ],
              [
                -70.0552329,
                12.5605518
              ],
              [
                -70.0552376,
                12.5605888
              ],
              [
                -70.0552245,
                12.5606202
              ],
              [
                -70.0552182,
                12.5606438
              ],
              [
                -70.0552264,
                12.5606485
              ],
              [
                -70.0552397,
                12.5606773
              ],
              [
                -70.0552394,
                12.5607112
              ],
              [
                -70.0552432,
                12.5607685
              ],
              [
                -70.0552307,
                12.5608297
              ],
              [
                -70.0552322,
                12.5608805
              ],
              [
                -70.0552261,
                12.5609229
              ],
              [
                -70.0552037,
                12.5609522
              ],
              [
                -70.0551811,
                12.5609842
              ],
              [
                -70.0551463,
                12.5610352
              ],
              [
                -70.0551243,
                12.5610459
              ],
              [
                -70.0551025,
                12.5610466
              ],
              [
                -70.0550801,
                12.561033
              ],
              [
                -70.0550745,
                12.561037
              ],
              [
                -70.055084,
                12.5610452
              ],
              [
                -70.0551156,
                12.5610623
              ],
              [
                -70.0551305,
                12.5610719
              ],
              [
                -70.0551365,
                12.5610798
              ],
              [
                -70.055133,
                12.5611138
              ],
              [
                -70.055121,
                12.5611516
              ],
              [
                -70.0551015,
                12.5612018
              ],
              [
                -70.0550817,
                12.5612433
              ],
              [
                -70.055066,
                12.5612789
              ],
              [
                -70.0550624,
                12.5612839
              ],
              [
                -70.0550458,
                12.5613114
              ],
              [
                -70.0550343,
                12.5613322
              ],
              [
                -70.0550057,
                12.5613604
              ],
              [
                -70.0549597,
                12.5613724
              ],
              [
                -70.0549442,
                12.5613914
              ],
              [
                -70.0549308,
                12.5614143
              ],
              [
                -70.0549154,
                12.5614385
              ],
              [
                -70.0549074,
                12.5614568
              ],
              [
                -70.0548946,
                12.561481
              ],
              [
                -70.0548778,
                12.561502
              ],
              [
                -70.0548584,
                12.5615164
              ],
              [
                -70.054844,
                12.5615295
              ],
              [
                -70.0548323,
                12.5615524
              ],
              [
                -70.0548219,
                12.5615779
              ],
              [
                -70.0548084,
                12.5616103
              ],
              [
                -70.0548007,
                12.5616263
              ],
              [
                -70.054789,
                12.5616525
              ],
              [
                -70.0547803,
                12.5616745
              ],
              [
                -70.0547716,
                12.5616872
              ],
              [
                -70.0547608,
                12.5616967
              ],
              [
                -70.0547437,
                12.561701
              ],
              [
                -70.0547293,
                12.5617003
              ],
              [
                -70.0547129,
                12.5616918
              ],
              [
                -70.0546807,
                12.5616686
              ],
              [
                -70.0546656,
                12.5616604
              ],
              [
                -70.0546455,
                12.5616538
              ],
              [
                -70.0546237,
                12.5616502
              ],
              [
                -70.0545999,
                12.5616519
              ],
              [
                -70.0545815,
                12.5616594
              ],
              [
                -70.0545681,
                12.5616718
              ],
              [
                -70.0545164,
                12.5617376
              ],
              [
                -70.0544695,
                12.5618181
              ],
              [
                -70.0544346,
                12.5619163
              ],
              [
                -70.0543885,
                12.5620862
              ],
              [
                -70.0543663,
                12.5621317
              ],
              [
                -70.0542029,
                12.5620377
              ],
              [
                -70.0540012,
                12.5619201
              ],
              [
                -70.0539686,
                12.5618993
              ],
              [
                -70.0539515,
                12.5618996
              ],
              [
                -70.053934,
                12.5619009
              ],
              [
                -70.0539153,
                12.5619097
              ],
              [
                -70.0538872,
                12.5619338
              ],
              [
                -70.0538219,
                12.5620334
              ],
              [
                -70.0537124,
                12.5622311
              ],
              [
                -70.0536373,
                12.56236
              ],
              [
                -70.0535683,
                12.5624831
              ],
              [
                -70.0535072,
                12.5626016
              ],
              [
                -70.0534744,
                12.5626788
              ],
              [
                -70.0534321,
                12.5627756
              ],
              [
                -70.0533651,
                12.5628941
              ],
              [
                -70.0533128,
                12.5629975
              ],
              [
                -70.0531317,
                12.5632541
              ],
              [
                -70.0529373,
                12.5634976
              ],
              [
                -70.0528742,
                12.5635892
              ],
              [
                -70.0528508,
                12.5636271
              ],
              [
                -70.0528427,
                12.5636586
              ],
              [
                -70.0528427,
                12.5636795
              ],
              [
                -70.0528508,
                12.5637044
              ],
              [
                -70.0530204,
                12.5638929
              ],
              [
                -70.0530439,
                12.5639217
              ],
              [
                -70.0530486,
                12.5639307
              ],
              [
                -70.0530503,
                12.5639411
              ],
              [
                -70.0530499,
                12.5639495
              ],
              [
                -70.0530472,
                12.5639541
              ],
              [
                -70.0529956,
                12.5639976
              ],
              [
                -70.0529884,
                12.5640025
              ],
              [
                -70.0529777,
                12.564004
              ],
              [
                -70.0529648,
                12.564001
              ],
              [
                -70.0529394,
                12.5639928
              ],
              [
                -70.0529198,
                12.5639825
              ],
              [
                -70.0528923,
                12.5639734
              ],
              [
                -70.0528588,
                12.563974
              ],
              [
                -70.0528312,
                12.5639813
              ],
              [
                -70.052665,
                12.5640604
              ],
              [
                -70.05248,
                12.5641861
              ],
              [
                -70.0524035,
                12.5642424
              ],
              [
                -70.0523432,
                12.5642934
              ],
              [
                -70.0522359,
                12.5644099
              ],
              [
                -70.0521259,
                12.5645559
              ],
              [
                -70.0520555,
                12.5646393
              ],
              [
                -70.0520233,
                12.5646763
              ],
              [
                -70.0520022,
                12.5646999
              ],
              [
                -70.0519891,
                12.5647123
              ],
              [
                -70.0519599,
                12.5647391
              ],
              [
                -70.0519398,
                12.5647578
              ],
              [
                -70.0519338,
                12.5647584
              ],
              [
                -70.0519308,
                12.5647579
              ],
              [
                -70.0519269,
                12.5647563
              ],
              [
                -70.051919,
                12.5647478
              ],
              [
                -70.0519066,
                12.5647323
              ],
              [
                -70.0518857,
                12.564713
              ],
              [
                -70.0518713,
                12.5647015
              ],
              [
                -70.0518578,
                12.5646945
              ],
              [
                -70.0518327,
                12.5646832
              ],
              [
                -70.0518136,
                12.5646797
              ],
              [
                -70.051793,
                12.5646802
              ],
              [
                -70.0517558,
                12.5646927
              ],
              [
                -70.0517216,
                12.564709
              ],
              [
                -70.0515834,
                12.5648196
              ],
              [
                -70.0513923,
                12.564982
              ],
              [
                -70.051214,
                12.5651574
              ],
              [
                -70.0511241,
                12.5652647
              ],
              [
                -70.0510128,
                12.5654165
              ],
              [
                -70.0509337,
                12.5655239
              ],
              [
                -70.0508653,
                12.5655762
              ],
              [
                -70.0507768,
                12.5656142
              ],
              [
                -70.050531,
                12.5656999
              ],
              [
                -70.0502966,
                12.5658249
              ],
              [
                -70.0501652,
                12.5659074
              ],
              [
                -70.0500619,
                12.5659755
              ],
              [
                -70.0499117,
                12.566088
              ],
              [
                -70.049791,
                12.5662111
              ],
              [
                -70.0497092,
                12.5662922
              ],
              [
                -70.049606,
                12.5664074
              ],
              [
                -70.0495175,
                12.5665122
              ],
              [
                -70.0494733,
                12.5665707
              ],
              [
                -70.0494316,
                12.566626
              ],
              [
                -70.049319,
                12.5668027
              ],
              [
                -70.0492506,
                12.5669271
              ],
              [
                -70.0491661,
                12.5670829
              ],
              [
                -70.0491557,
                12.5671057
              ],
              [
                -70.0491044,
                12.567219
              ],
              [
                -70.0490387,
                12.56738
              ],
              [
                -70.0489917,
                12.5674834
              ],
              [
                -70.0489482,
                12.5675737
              ],
              [
                -70.048914,
                12.5676392
              ],
              [
                -70.0488623,
                12.5677177
              ],
              [
                -70.0487993,
                12.5678035
              ],
              [
                -70.048747,
                12.5678604
              ],
              [
                -70.04869,
                12.5679245
              ],
              [
                -70.0486363,
                12.56799
              ],
              [
                -70.0486028,
                12.5680306
              ],
              [
                -70.0485535,
                12.568081
              ],
              [
                -70.0485227,
                12.5681493
              ],
              [
                -70.0484942,
                12.5682112
              ],
              [
                -70.0484124,
                12.5683657
              ],
              [
                -70.0482944,
                12.5685568
              ],
              [
                -70.0482784,
                12.568592
              ],
              [
                -70.0482219,
                12.5687165
              ],
              [
                -70.0480838,
                12.5689639
              ],
              [
                -70.0479752,
                12.5691471
              ],
              [
                -70.0478491,
                12.569388
              ],
              [
                -70.0478049,
                12.5694992
              ],
              [
                -70.0477432,
                12.5696419
              ],
              [
                -70.0476761,
                12.5697833
              ],
              [
                -70.0476622,
                12.5698478
              ],
              [
                -70.0476278,
                12.5700071
              ],
              [
                -70.0475645,
                12.5701794
              ],
              [
                -70.0475509,
                12.5702066
              ],
              [
                -70.0475142,
                12.5702571
              ],
              [
                -70.0474605,
                12.5703791
              ],
              [
                -70.0474017,
                12.5705128
              ],
              [
                -70.047390588,
                12.570535225
              ],
              [
                -70.0472311,
                12.5708571
              ],
              [
                -70.0471729,
                12.5709663
              ],
              [
                -70.0471224,
                12.5710734
              ],
              [
                -70.0470906,
                12.571162
              ],
              [
                -70.0470392,
                12.5712783
              ],
              [
                -70.0470122,
                12.5713395
              ],
              [
                -70.0469889,
                12.5714168
              ],
              [
                -70.0469807,
                12.5715613
              ],
              [
                -70.0469683,
                12.5716097
              ],
              [
                -70.0468838,
                12.571778
              ],
              [
                -70.0468243,
                12.5718972
              ],
              [
                -70.046707,
                12.5721325
              ],
              [
                -70.0466046,
                12.572356
              ],
              [
                -70.0465389,
                12.5724641
              ],
              [
                -70.0464171,
                12.5726922
              ],
              [
                -70.0463565,
                12.5728395
              ],
              [
                -70.0463088,
                12.5729694
              ],
              [
                -70.0462215,
                12.5731784
              ],
              [
                -70.0461886,
                12.5732766
              ],
              [
                -70.0460041,
                12.5737272
              ],
              [
                -70.0459487,
                12.5739841
              ],
              [
                -70.0459385,
                12.5740246
              ],
              [
                -70.0458547,
                12.5743584
              ],
              [
                -70.0458511,
                12.5744042
              ],
              [
                -70.0458815,
                12.57459
              ],
              [
                -70.0458558,
                12.5747584
              ],
              [
                -70.0458395,
                12.5748649
              ],
              [
                -70.0458295,
                12.5749954
              ],
              [
                -70.0458166,
                12.5750668
              ],
              [
                -70.0458028,
                12.5752174
              ],
              [
                -70.045802,
                12.5752761
              ],
              [
                -70.0458177,
                12.5753933
              ],
              [
                -70.0458161,
                12.5754387
              ],
              [
                -70.0457941,
                12.5755593
              ],
              [
                -70.0456951,
                12.5757448
              ],
              [
                -70.0455846,
                12.5760941
              ],
              [
                -70.0453334,
                12.5768882
              ],
              [
                -70.0452947,
                12.5769899
              ],
              [
                -70.0452902,
                12.5770073
              ],
              [
                -70.0452283,
                12.577247
              ],
              [
                -70.0451618,
                12.5774569
              ],
              [
                -70.0451058,
                12.5776313
              ],
              [
                -70.0450509,
                12.577778
              ],
              [
                -70.0450324,
                12.5778427
              ],
              [
                -70.0450098,
                12.577916
              ],
              [
                -70.0450079,
                12.5779354
              ],
              [
                -70.0449311,
                12.5782873
              ],
              [
                -70.0449108,
                12.5783803
              ],
              [
                -70.0448489,
                12.5788339
              ],
              [
                -70.0448267,
                12.5789969
              ],
              [
                -70.0448094,
                12.5791235
              ],
              [
                -70.0448092,
                12.5792867
              ],
              [
                -70.0448013,
                12.5794954
              ],
              [
                -70.0448293,
                12.5798733
              ],
              [
                -70.0448311,
                12.5799185
              ],
              [
                -70.0448423,
                12.5801963
              ],
              [
                -70.0448695,
                12.5806396
              ],
              [
                -70.0448722,
                12.5807839
              ],
              [
                -70.0448808,
                12.5808885
              ],
              [
                -70.0449082,
                12.5811107
              ],
              [
                -70.0449173,
                12.5812695
              ],
              [
                -70.0449377,
                12.581391
              ],
              [
                -70.0449765,
                12.5816229
              ],
              [
                -70.0449825,
                12.5816694
              ],
              [
                -70.0450125,
                12.5818997
              ],
              [
                -70.0450253,
                12.581999
              ],
              [
                -70.0450358,
                12.5821163
              ],
              [
                -70.0450482,
                12.5822201
              ],
              [
                -70.0450646,
                12.5824102
              ],
              [
                -70.0450783,
                12.5825482
              ],
              [
                -70.0451149,
                12.5828531
              ],
              [
                -70.0452081,
                12.5831011
              ],
              [
                -70.0452609,
                12.5832486
              ],
              [
                -70.0452796,
                12.5833446
              ],
              [
                -70.0453016,
                12.5834282
              ],
              [
                -70.045344,
                12.583568
              ],
              [
                -70.0453739,
                12.5836922
              ],
              [
                -70.0453833,
                12.5837311
              ],
              [
                -70.0454267,
                12.5839205
              ],
              [
                -70.0454693,
                12.5842178
              ],
              [
                -70.0455704,
                12.5844217
              ],
              [
                -70.0455839,
                12.5844973
              ],
              [
                -70.0455862,
                12.5845744
              ],
              [
                -70.0455942,
                12.5846287
              ],
              [
                -70.0456318,
                12.5847523
              ],
              [
                -70.0456695,
                12.5848456
              ],
              [
                -70.045749,
                12.5849699
              ],
              [
                -70.0457966,
                12.5850297
              ],
              [
                -70.0459038,
                12.5851559
              ],
              [
                -70.0460027,
                12.5852502
              ],
              [
                -70.0460855,
                12.5853235
              ],
              [
                -70.0462674,
                12.5854365
              ],
              [
                -70.0463602,
                12.5855032
              ],
              [
                -70.0464112,
                12.5855476
              ],
              [
                -70.0464246,
                12.5855724
              ],
              [
                -70.0464245,
                12.5856178
              ],
              [
                -70.0464185,
                12.5856654
              ],
              [
                -70.0464474,
                12.5858174
              ],
              [
                -70.0464425,
                12.5860053
              ],
              [
                -70.0464259,
                12.5861003
              ],
              [
                -70.0464124,
                12.5862584
              ],
              [
                -70.046405,
                12.5864674
              ],
              [
                -70.0464086,
                12.5865405
              ],
              [
                -70.0464587,
                12.5867683
              ],
              [
                -70.0464916,
                12.5869433
              ],
              [
                -70.0465192,
                12.5872437
              ],
              [
                -70.0465455,
                12.5874284
              ],
              [
                -70.0465423,
                12.5875194
              ],
              [
                -70.0465609,
                12.5876683
              ],
              [
                -70.0465659,
                12.5877679
              ],
              [
                -70.0465729,
                12.5878136
              ],
              [
                -70.0465944,
                12.5878631
              ],
              [
                -70.0465998,
                12.5878914
              ],
              [
                -70.046627,
                12.5879323
              ],
              [
                -70.0466335,
                12.5879543
              ],
              [
                -70.0466683,
                12.5881672
              ],
              [
                -70.0467354,
                12.5884761
              ],
              [
                -70.0467948,
                12.588629
              ],
              [
                -70.0468858,
                12.5887361
              ],
              [
                -70.0469277,
                12.5888091
              ],
              [
                -70.0469685,
                12.5889835
              ],
              [
                -70.0469946,
                12.5890639
              ],
              [
                -70.0470363,
                12.5891365
              ],
              [
                -70.0471,
                12.5891646
              ],
              [
                -70.047136,
                12.5892087
              ],
              [
                -70.0471597,
                12.5893499
              ],
              [
                -70.0471626,
                12.5894903
              ],
              [
                -70.0471889,
                12.5896412
              ],
              [
                -70.0472376,
                12.5896734
              ],
              [
                -70.0472755,
                12.5898443
              ],
              [
                -70.047331,
                12.5899957
              ],
              [
                -70.0473765,
                12.590173
              ],
              [
                -70.0474223,
                12.5902943
              ],
              [
                -70.0474259,
                12.5903163
              ],
              [
                -70.0474347,
                12.590344
              ],
              [
                -70.0474368,
                12.5903717
              ],
              [
                -70.0474507,
                12.5904122
              ],
              [
                -70.0474776,
                12.590457
              ],
              [
                -70.0475151,
                12.5905751
              ],
              [
                -70.0475503,
                12.590674
              ],
              [
                -70.0475882,
                12.5908065
              ],
              [
                -70.0476051,
                12.5908468
              ],
              [
                -70.0476543,
                12.590909
              ],
              [
                -70.0476691,
                12.5909349
              ],
              [
                -70.047735,
                12.5909537
              ],
              [
                -70.0477559,
                12.591016
              ],
              [
                -70.047807,
                12.5910863
              ],
              [
                -70.0478364,
                12.5911395
              ],
              [
                -70.0478644,
                12.5911868
              ],
              [
                -70.0478821,
                12.5912283
              ],
              [
                -70.0478976,
                12.5912816
              ],
              [
                -70.0479309,
                12.5913337
              ],
              [
                -70.0479775,
                12.5914117
              ],
              [
                -70.0480067,
                12.5915247
              ],
              [
                -70.0480877,
                12.5916289
              ],
              [
                -70.0481532,
                12.5916585
              ],
              [
                -70.0481813,
                12.5916826
              ],
              [
                -70.0481765,
                12.5917787
              ],
              [
                -70.0481748,
                12.5919273
              ],
              [
                -70.0482411,
                12.5920722
              ],
              [
                -70.0482637,
                12.5921437
              ],
              [
                -70.0482929,
                12.5922033
              ],
              [
                -70.048322,
                12.5923112
              ],
              [
                -70.0483351,
                12.5923426
              ],
              [
                -70.0483872,
                12.5924361
              ],
              [
                -70.0484563,
                12.592588
              ],
              [
                -70.0485164,
                12.5927373
              ],
              [
                -70.0485688,
                12.5928835
              ],
              [
                -70.0486185,
                12.5929829
              ],
              [
                -70.0486771,
                12.5931195
              ],
              [
                -70.0487275,
                12.5932648
              ],
              [
                -70.0487375,
                12.5932966
              ],
              [
                -70.0487476,
                12.5933634
              ],
              [
                -70.0487599,
                12.5935344
              ],
              [
                -70.0487693,
                12.5935967
              ],
              [
                -70.0487775,
                12.5936186
              ],
              [
                -70.0488217,
                12.5936803
              ],
              [
                -70.0488285,
                12.5937061
              ],
              [
                -70.0488383,
                12.5938417
              ],
              [
                -70.0488377,
                12.5939541
              ],
              [
                -70.0488695,
                12.5941595
              ],
              [
                -70.0489096,
                12.5943057
              ],
              [
                -70.0490078,
                12.5945975
              ],
              [
                -70.0490447,
                12.5947914
              ],
              [
                -70.0490689,
                12.5949884
              ],
              [
                -70.0491092,
                12.5951622
              ],
              [
                -70.0491564,
                12.5952885
              ],
              [
                -70.0491668,
                12.5953095
              ],
              [
                -70.0492036,
                12.5953448
              ],
              [
                -70.0492687,
                12.5954436
              ],
              [
                -70.0493066,
                12.5954836
              ],
              [
                -70.0495563,
                12.5956356
              ],
              [
                -70.0496501,
                12.5957145
              ],
              [
                -70.049666,
                12.5957422
              ],
              [
                -70.0496671,
                12.5957698
              ],
              [
                -70.0496738,
                12.5957843
              ],
              [
                -70.0497025,
                12.5958257
              ],
              [
                -70.0497078,
                12.5958432
              ],
              [
                -70.0497342,
                12.5958737
              ],
              [
                -70.0497368,
                12.595881
              ],
              [
                -70.0497652,
                12.5959321
              ],
              [
                -70.0497741,
                12.5959566
              ],
              [
                -70.0497785,
                12.5959806
              ],
              [
                -70.0497817,
                12.5960106
              ],
              [
                -70.0497847,
                12.5960317
              ],
              [
                -70.0497805,
                12.5960581
              ],
              [
                -70.0497801,
                12.5960955
              ],
              [
                -70.0497871,
                12.5961357
              ],
              [
                -70.0497871,
                12.5961682
              ],
              [
                -70.0497874,
                12.5961788
              ],
              [
                -70.0497829,
                12.5961863
              ],
              [
                -70.0497837,
                12.5962002
              ],
              [
                -70.0497864,
                12.5962217
              ],
              [
                -70.0497804,
                12.5962484
              ],
              [
                -70.0497729,
                12.5962628
              ],
              [
                -70.0497736,
                12.596276
              ],
              [
                -70.0497681,
                12.5962876
              ],
              [
                -70.0497563,
                12.5962927
              ],
              [
                -70.049747,
                12.5962953
              ],
              [
                -70.0497479,
                12.5963041
              ],
              [
                -70.0497441,
                12.5963126
              ],
              [
                -70.0497351,
                12.5963159
              ],
              [
                -70.0497335,
                12.5963212
              ],
              [
                -70.0497417,
                12.5963283
              ],
              [
                -70.0497501,
                12.5963393
              ],
              [
                -70.0497587,
                12.5963483
              ],
              [
                -70.0497625,
                12.5963592
              ],
              [
                -70.0497509,
                12.5963681
              ],
              [
                -70.0497401,
                12.5963783
              ],
              [
                -70.0497323,
                12.5963948
              ],
              [
                -70.0497341,
                12.5964152
              ],
              [
                -70.049735,
                12.5964318
              ],
              [
                -70.0497364,
                12.5964492
              ],
              [
                -70.0497312,
                12.5964589
              ],
              [
                -70.0497351,
                12.596478
              ],
              [
                -70.0497338,
                12.5964921
              ],
              [
                -70.0497333,
                12.5965125
              ],
              [
                -70.0497356,
                12.5965459
              ],
              [
                -70.0497373,
                12.5965722
              ],
              [
                -70.0497405,
                12.5966002
              ],
              [
                -70.0497445,
                12.5966191
              ],
              [
                -70.0497501,
                12.5966722
              ],
              [
                -70.0497527,
                12.5967012
              ],
              [
                -70.0497559,
                12.5967419
              ],
              [
                -70.0497607,
                12.5967859
              ],
              [
                -70.0497664,
                12.5968122
              ],
              [
                -70.0497756,
                12.5968362
              ],
              [
                -70.0497856,
                12.5968625
              ],
              [
                -70.0497917,
                12.5968797
              ],
              [
                -70.0497986,
                12.5968903
              ],
              [
                -70.0497995,
                12.5969056
              ],
              [
                -70.0497861,
                12.5969143
              ],
              [
                -70.0497758,
                12.596923
              ],
              [
                -70.0497744,
                12.5969391
              ],
              [
                -70.049785,
                12.5969475
              ],
              [
                -70.0497963,
                12.5969532
              ],
              [
                -70.0498135,
                12.5969546
              ],
              [
                -70.0498307,
                12.5969491
              ],
              [
                -70.0498415,
                12.5969502
              ],
              [
                -70.049851579,
                12.596953462
              ],
              [
                -70.0498588,
                12.5969558
              ],
              [
                -70.0498745,
                12.5969663
              ],
              [
                -70.0498788,
                12.5969791
              ],
              [
                -70.049884,
                12.5969986
              ],
              [
                -70.0498844,
                12.5970081
              ],
              [
                -70.0498851,
                12.5970168
              ],
              [
                -70.0498943,
                12.5970235
              ],
              [
                -70.0498989,
                12.5970302
              ],
              [
                -70.0498968,
                12.5970366
              ],
              [
                -70.0498821,
                12.5970377
              ],
              [
                -70.0498654,
                12.5970333
              ],
              [
                -70.0498513,
                12.5970286
              ],
              [
                -70.0498384,
                12.597021
              ],
              [
                -70.0498315,
                12.5970162
              ],
              [
                -70.0498274,
                12.5970164
              ],
              [
                -70.0498363,
                12.5970267
              ],
              [
                -70.0498513,
                12.5970383
              ],
              [
                -70.0498701,
                12.5970512
              ],
              [
                -70.0498741,
                12.5970593
              ],
              [
                -70.0498843,
                12.5970677
              ],
              [
                -70.049896,
                12.5970745
              ],
              [
                -70.0499117,
                12.5970806
              ],
              [
                -70.0499219,
                12.597089
              ],
              [
                -70.0499286,
                12.5971019
              ],
              [
                -70.0499318,
                12.5971173
              ],
              [
                -70.0499403,
                12.597129
              ],
              [
                -70.0499507,
                12.5971323
              ],
              [
                -70.0499685,
                12.5971338
              ],
              [
                -70.0499769,
                12.5971439
              ],
              [
                -70.0499792,
                12.5971555
              ],
              [
                -70.0499849,
                12.5971765
              ],
              [
                -70.049993,
                12.597182
              ],
              [
                -70.0499965,
                12.597183
              ],
              [
                -70.0499988,
                12.5971898
              ],
              [
                -70.0499997,
                12.5971957
              ],
              [
                -70.0499933,
                12.5972023
              ],
              [
                -70.0499914,
                12.5972104
              ],
              [
                -70.0499895,
                12.5972205
              ],
              [
                -70.0499886,
                12.5972272
              ],
              [
                -70.0499939,
                12.5972361
              ],
              [
                -70.0499967,
                12.597245
              ],
              [
                -70.0499965,
                12.5972517
              ],
              [
                -70.0499974,
                12.5972616
              ],
              [
                -70.0500026,
                12.5972653
              ],
              [
                -70.0500037,
                12.5972687
              ],
              [
                -70.050006,
                12.5972832
              ],
              [
                -70.0500117,
                12.5973003
              ],
              [
                -70.0500126,
                12.5973205
              ],
              [
                -70.0500109,
                12.5973388
              ],
              [
                -70.0500111,
                12.5973511
              ],
              [
                -70.0500149,
                12.5973546
              ],
              [
                -70.0500182,
                12.5973588
              ],
              [
                -70.0500157,
                12.5973755
              ],
              [
                -70.0500116,
                12.5973967
              ],
              [
                -70.0500065,
                12.597409
              ],
              [
                -70.0499986,
                12.5974155
              ],
              [
                -70.0499924,
                12.5974251
              ],
              [
                -70.0499901,
                12.5974348
              ],
              [
                -70.0499827,
                12.5974382
              ],
              [
                -70.049976,
                12.5974405
              ],
              [
                -70.0499643,
                12.5974363
              ],
              [
                -70.0499536,
                12.5974389
              ],
              [
                -70.0499449,
                12.5974387
              ],
              [
                -70.0499467,
                12.597444
              ],
              [
                -70.0499583,
                12.597455
              ],
              [
                -70.0499678,
                12.5974639
              ],
              [
                -70.049973,
                12.5974656
              ],
              [
                -70.0499773,
                12.597464
              ],
              [
                -70.0499807,
                12.5974633
              ],
              [
                -70.0499976,
                12.5974841
              ],
              [
                -70.0499908,
                12.5974906
              ],
              [
                -70.0499836,
                12.5974962
              ],
              [
                -70.0499773,
                12.5975015
              ],
              [
                -70.049966,
                12.5974994
              ],
              [
                -70.0499526,
                12.5974938
              ],
              [
                -70.0499438,
                12.5974926
              ],
              [
                -70.0499364,
                12.597501
              ],
              [
                -70.0499303,
                12.5975027
              ],
              [
                -70.0499114,
                12.5974945
              ],
              [
                -70.0498966,
                12.5974944
              ],
              [
                -70.0498871,
                12.5974982
              ],
              [
                -70.0498829,
                12.5975023
              ],
              [
                -70.0498774,
                12.5975031
              ],
              [
                -70.0498718,
                12.5975059
              ],
              [
                -70.0498691,
                12.5975129
              ],
              [
                -70.0498677,
                12.5975169
              ],
              [
                -70.04987,
                12.5975196
              ],
              [
                -70.0498755,
                12.5975216
              ],
              [
                -70.0498786,
                12.5975234
              ],
              [
                -70.0498797,
                12.5975315
              ],
              [
                -70.0498836,
                12.5975412
              ],
              [
                -70.0498931,
                12.5975514
              ],
              [
                -70.0499154,
                12.5975663
              ],
              [
                -70.0499281,
                12.5975741
              ],
              [
                -70.0499325,
                12.5975799
              ],
              [
                -70.0499399,
                12.5975967
              ],
              [
                -70.0499424,
                12.5976087
              ],
              [
                -70.0499436,
                12.597621
              ],
              [
                -70.0499405,
                12.5976327
              ],
              [
                -70.0499361,
                12.597643
              ],
              [
                -70.0499253,
                12.5976539
              ],
              [
                -70.0499155,
                12.597662
              ],
              [
                -70.0499019,
                12.597667
              ],
              [
                -70.0498953,
                12.5976685
              ],
              [
                -70.0498887,
                12.5976749
              ],
              [
                -70.0498868,
                12.5976816
              ],
              [
                -70.0498872,
                12.5976891
              ],
              [
                -70.0498908,
                12.5976969
              ],
              [
                -70.0498934,
                12.5977027
              ],
              [
                -70.0498942,
                12.5977084
              ],
              [
                -70.049886,
                12.597716
              ],
              [
                -70.0498759,
                12.5977221
              ],
              [
                -70.0498726,
                12.5977265
              ],
              [
                -70.0498744,
                12.5977303
              ],
              [
                -70.0498761,
                12.5977382
              ],
              [
                -70.0498689,
                12.5977425
              ],
              [
                -70.0498534,
                12.5977521
              ],
              [
                -70.0498457,
                12.5977551
              ],
              [
                -70.0498411,
                12.5977585
              ],
              [
                -70.0498413,
                12.5977633
              ],
              [
                -70.0498466,
                12.5977685
              ],
              [
                -70.0498535,
                12.5977769
              ],
              [
                -70.0498575,
                12.5977806
              ],
              [
                -70.0498655,
                12.5977844
              ],
              [
                -70.0498711,
                12.5977895
              ],
              [
                -70.0498727,
                12.5977964
              ],
              [
                -70.0498732,
                12.5978025
              ],
              [
                -70.049869,
                12.5978064
              ],
              [
                -70.0498469,
                12.5978156
              ],
              [
                -70.0498233,
                12.5978263
              ],
              [
                -70.0498117,
                12.597834
              ],
              [
                -70.0498057,
                12.5978384
              ],
              [
                -70.0498007,
                12.5978436
              ],
              [
                -70.0497989,
                12.5978501
              ],
              [
                -70.0498085,
                12.5978525
              ],
              [
                -70.0498217,
                12.5978553
              ],
              [
                -70.049822,
                12.5979044
              ],
              [
                -70.0498237,
                12.5979163
              ],
              [
                -70.0498252,
                12.5979358
              ],
              [
                -70.0498274,
                12.597959
              ],
              [
                -70.0498266,
                12.5979881
              ],
              [
                -70.0498268,
                12.5980192
              ],
              [
                -70.049825,
                12.5980506
              ],
              [
                -70.0498189,
                12.5980861
              ],
              [
                -70.0498169,
                12.5981194
              ],
              [
                -70.0498212,
                12.598144
              ],
              [
                -70.0498259,
                12.598174
              ],
              [
                -70.049834,
                12.5982098
              ],
              [
                -70.0498429,
                12.5982394
              ],
              [
                -70.0498512,
                12.5982648
              ],
              [
                -70.0498638,
                12.5982918
              ],
              [
                -70.0498762,
                12.5983109
              ],
              [
                -70.0498897,
                12.5983279
              ],
              [
                -70.0499027,
                12.5983424
              ],
              [
                -70.0499117,
                12.5983515
              ],
              [
                -70.0499157,
                12.5983556
              ],
              [
                -70.0499207,
                12.5983598
              ],
              [
                -70.0499235,
                12.5983617
              ],
              [
                -70.0499279,
                12.5983639
              ],
              [
                -70.0499348,
                12.5983659
              ],
              [
                -70.0499415,
                12.5983659
              ],
              [
                -70.0499461,
                12.598365
              ],
              [
                -70.0499549,
                12.5983616
              ],
              [
                -70.0499752,
                12.5983515
              ],
              [
                -70.0499754,
                12.5983514
              ],
              [
                -70.0499879,
                12.5983453
              ],
              [
                -70.0499943,
                12.5983425
              ],
              [
                -70.0499967,
                12.5983419
              ],
              [
                -70.0500017,
                12.598342
              ],
              [
                -70.0500068,
                12.5983435
              ],
              [
                -70.0500168,
                12.5983479
              ],
              [
                -70.0500255,
                12.5983515
              ],
              [
                -70.0500367,
                12.5983562
              ],
              [
                -70.0500376,
                12.5983564
              ],
              [
                -70.0500396,
                12.5983566
              ],
              [
                -70.0500417,
                12.5983563
              ],
              [
                -70.0500444,
                12.5983553
              ],
              [
                -70.0500456,
                12.5983546
              ],
              [
                -70.050047,
                12.5983533
              ],
              [
                -70.0500475,
                12.5983527
              ],
              [
                -70.0500478,
                12.5983516
              ],
              [
                -70.0500477,
                12.5983515
              ],
              [
                -70.0500367,
                12.5983356
              ],
              [
                -70.050034,
                12.5983311
              ],
              [
                -70.0500301,
                12.5983213
              ],
              [
                -70.0500289,
                12.5983154
              ],
              [
                -70.0500287,
                12.5983114
              ],
              [
                -70.0500293,
                12.5983034
              ],
              [
                -70.0500326,
                12.5982912
              ],
              [
                -70.050036,
                12.5982853
              ],
              [
                -70.0500412,
                12.5982794
              ],
              [
                -70.050054,
                12.5982708
              ],
              [
                -70.0500669,
                12.5982652
              ],
              [
                -70.0500733,
                12.5982644
              ],
              [
                -70.0500798,
                12.5982653
              ],
              [
                -70.0500928,
                12.5982703
              ],
              [
                -70.0501027,
                12.5982757
              ],
              [
                -70.0501071,
                12.5982796
              ],
              [
                -70.0501119,
                12.5982858
              ],
              [
                -70.0501134,
                12.5982892
              ],
              [
                -70.0501145,
                12.5982945
              ],
              [
                -70.050114,
                12.5983197
              ],
              [
                -70.0501129,
                12.5983389
              ],
              [
                -70.0501115,
                12.5983484
              ],
              [
                -70.0501108,
                12.5983514
              ],
              [
                -70.0501063,
                12.5983718
              ],
              [
                -70.0501036,
                12.5983923
              ],
              [
                -70.0501168,
                12.5984161
              ],
              [
                -70.0501267,
                12.5984424
              ],
              [
                -70.0501326,
                12.5984659
              ],
              [
                -70.0501369,
                12.5984815
              ],
              [
                -70.0501398,
                12.5984875
              ],
              [
                -70.0501434,
                12.5985059
              ],
              [
                -70.0501456,
                12.5985237
              ],
              [
                -70.0501393,
                12.5985331
              ],
              [
                -70.0501096,
                12.5985243
              ],
              [
                -70.0500871,
                12.5985158
              ],
              [
                -70.0500694,
                12.598506
              ],
              [
                -70.050059,
                12.598494
              ],
              [
                -70.0500468,
                12.5984893
              ],
              [
                -70.0500371,
                12.5985014
              ],
              [
                -70.0500237,
                12.5985192
              ],
              [
                -70.0500072,
                12.5985346
              ],
              [
                -70.0499949,
                12.5985552
              ],
              [
                -70.0499913,
                12.5985761
              ],
              [
                -70.049989,
                12.5986003
              ],
              [
                -70.0499876,
                12.5986328
              ],
              [
                -70.0499907,
                12.598666
              ],
              [
                -70.0499948,
                12.5986855
              ],
              [
                -70.0500043,
                12.5987032
              ],
              [
                -70.0500102,
                12.5987188
              ],
              [
                -70.0500201,
                12.598732
              ],
              [
                -70.0500393,
                12.598736
              ],
              [
                -70.0500683,
                12.5987407
              ],
              [
                -70.0500921,
                12.5987494
              ],
              [
                -70.0501106,
                12.598755
              ],
              [
                -70.0501268,
                12.5987513
              ],
              [
                -70.0501533,
                12.5987509
              ],
              [
                -70.0501755,
                12.5987614
              ],
              [
                -70.0501996,
                12.5987784
              ],
              [
                -70.0502186,
                12.5987976
              ],
              [
                -70.0502379,
                12.5988257
              ],
              [
                -70.0502621,
                12.5988481
              ],
              [
                -70.0502594,
                12.5988661
              ],
              [
                -70.0502517,
                12.5988834
              ],
              [
                -70.0502403,
                12.5988922
              ],
              [
                -70.0502259,
                12.5988962
              ],
              [
                -70.0502031,
                12.5988929
              ],
              [
                -70.0501816,
                12.5988899
              ],
              [
                -70.0501582,
                12.5988916
              ],
              [
                -70.0501407,
                12.5989011
              ],
              [
                -70.0501303,
                12.5989129
              ],
              [
                -70.050124,
                12.5989246
              ],
              [
                -70.0501189,
                12.5989394
              ],
              [
                -70.0501156,
                12.5989544
              ],
              [
                -70.0501129,
                12.5989753
              ],
              [
                -70.0501149,
                12.5989937
              ],
              [
                -70.0501176,
                12.5990058
              ],
              [
                -70.0501245,
                12.5990171
              ],
              [
                -70.0501305,
                12.5990218
              ],
              [
                -70.0501416,
                12.5990239
              ],
              [
                -70.0501592,
                12.5990274
              ],
              [
                -70.0501759,
                12.599029
              ],
              [
                -70.0502373,
                12.599028
              ],
              [
                -70.0502557,
                12.5990329
              ],
              [
                -70.0502675,
                12.5990434
              ],
              [
                -70.0502742,
                12.5990611
              ],
              [
                -70.0502769,
                12.599083
              ],
              [
                -70.0502745,
                12.5991164
              ],
              [
                -70.0502601,
                12.5991556
              ],
              [
                -70.050245,
                12.5991815
              ],
              [
                -70.0502242,
                12.5992034
              ],
              [
                -70.0501994,
                12.5992279
              ],
              [
                -70.0501853,
                12.5992535
              ],
              [
                -70.0501779,
                12.5992875
              ],
              [
                -70.0501766,
                12.5993333
              ],
              [
                -70.0501847,
                12.5993889
              ],
              [
                -70.0502001,
                12.599419
              ],
              [
                -70.0502296,
                12.599455
              ],
              [
                -70.0502698,
                12.5995172
              ],
              [
                -70.0502859,
                12.5995427
              ],
              [
                -70.0503194,
                12.5995957
              ],
              [
                -70.0503436,
                12.5996288
              ],
              [
                -70.0503731,
                12.5996497
              ],
              [
                -70.0504006,
                12.5996687
              ],
              [
                -70.050423,
                12.5996828
              ],
              [
                -70.0504586,
                12.5997066
              ],
              [
                -70.0504918,
                12.599739
              ],
              [
                -70.0505109,
                12.5997636
              ],
              [
                -70.0505219,
                12.5997812
              ],
              [
                -70.0505297,
                12.5997979
              ],
              [
                -70.0505367,
                12.5998215
              ],
              [
                -70.0505323,
                12.5998437
              ],
              [
                -70.0505203,
                12.5998608
              ],
              [
                -70.0505065,
                12.5998725
              ],
              [
                -70.0504794,
                12.5998902
              ],
              [
                -70.0504418,
                12.5999053
              ],
              [
                -70.0504234,
                12.59992
              ],
              [
                -70.050413,
                12.5999357
              ],
              [
                -70.0504126,
                12.5999494
              ],
              [
                -70.050416,
                12.5999602
              ],
              [
                -70.050424,
                12.5999723
              ],
              [
                -70.0504348,
                12.5999812
              ],
              [
                -70.0504452,
                12.5999851
              ],
              [
                -70.0504559,
                12.5999872
              ],
              [
                -70.0504691,
                12.599988
              ],
              [
                -70.0504836,
                12.5999882
              ],
              [
                -70.0504934,
                12.59999
              ],
              [
                -70.0505058,
                12.5999929
              ],
              [
                -70.0505397,
                12.5999848
              ],
              [
                -70.0505679,
                12.5999808
              ],
              [
                -70.0505984,
                12.5999786
              ],
              [
                -70.0506202,
                12.5999838
              ],
              [
                -70.0506376,
                12.6000015
              ],
              [
                -70.0506594,
                12.600025
              ],
              [
                -70.0506939,
                12.6000512
              ],
              [
                -70.0507271,
                12.6000819
              ],
              [
                -70.050764,
                12.6001062
              ],
              [
                -70.0507808,
                12.6001189
              ],
              [
                -70.0508016,
                12.6001264
              ],
              [
                -70.050826,
                12.6001317
              ],
              [
                -70.0508421,
                12.6001395
              ],
              [
                -70.0508562,
                12.6001471
              ],
              [
                -70.0508673,
                12.6001587
              ],
              [
                -70.0508725,
                12.6001649
              ],
              [
                -70.0508752,
                12.6001749
              ],
              [
                -70.0508762,
                12.6001889
              ],
              [
                -70.050878,
                12.6002002
              ],
              [
                -70.0508837,
                12.6002161
              ],
              [
                -70.0509005,
                12.6002465
              ],
              [
                -70.0509216,
                12.6002783
              ],
              [
                -70.05094,
                12.6002956
              ],
              [
                -70.0509625,
                12.600312
              ],
              [
                -70.0509893,
                12.6003267
              ],
              [
                -70.0510121,
                12.6003375
              ],
              [
                -70.0510312,
                12.600348
              ],
              [
                -70.051052,
                12.6003604
              ],
              [
                -70.0510555,
                12.6003651
              ],
              [
                -70.0510569,
                12.60037
              ],
              [
                -70.0510564,
                12.6003757
              ],
              [
                -70.0510482,
                12.6003938
              ],
              [
                -70.051047,
                12.6004065
              ],
              [
                -70.051048,
                12.600418
              ],
              [
                -70.0510557,
                12.6004281
              ],
              [
                -70.0510684,
                12.6004314
              ],
              [
                -70.0510876,
                12.6004278
              ],
              [
                -70.0511003,
                12.6004291
              ],
              [
                -70.0511083,
                12.600435
              ],
              [
                -70.0511154,
                12.6004536
              ],
              [
                -70.0511197,
                12.6004733
              ],
              [
                -70.0511244,
                12.6004978
              ],
              [
                -70.0511321,
                12.6005178
              ],
              [
                -70.0511375,
                12.6005282
              ],
              [
                -70.0511482,
                12.6005397
              ],
              [
                -70.0511627,
                12.6005469
              ],
              [
                -70.0511734,
                12.6005557
              ],
              [
                -70.0511811,
                12.6005718
              ],
              [
                -70.0511844,
                12.6005983
              ],
              [
                -70.0511938,
                12.6006307
              ],
              [
                -70.0512069,
                12.6006474
              ],
              [
                -70.0512364,
                12.6006768
              ],
              [
                -70.0512455,
                12.6006905
              ],
              [
                -70.0512481,
                12.6007
              ],
              [
                -70.0512492,
                12.6007161
              ],
              [
                -70.0512532,
                12.6007278
              ],
              [
                -70.0512602,
                12.6007409
              ],
              [
                -70.051272,
                12.6007566
              ],
              [
                -70.0512867,
                12.6007681
              ],
              [
                -70.0512974,
                12.6007854
              ],
              [
                -70.0513011,
                12.6008064
              ],
              [
                -70.0513075,
                12.6008299
              ],
              [
                -70.05133,
                12.6008784
              ],
              [
                -70.0513916,
                12.6009772
              ],
              [
                -70.0514077,
                12.6010037
              ],
              [
                -70.0514265,
                12.6010204
              ],
              [
                -70.0514587,
                12.60104
              ],
              [
                -70.0514674,
                12.6010521
              ],
              [
                -70.0514805,
                12.6010747
              ],
              [
                -70.0514932,
                12.601113
              ],
              [
                -70.0515006,
                12.6011391
              ],
              [
                -70.051509,
                12.6011715
              ],
              [
                -70.0515187,
                12.6012101
              ],
              [
                -70.0515274,
                12.6012458
              ],
              [
                -70.0515445,
                12.6012811
              ],
              [
                -70.0515586,
                12.6013103
              ],
              [
                -70.0515687,
                12.6013286
              ],
              [
                -70.0515801,
                12.6013466
              ],
              [
                -70.0515871,
                12.6013629
              ],
              [
                -70.0515901,
                12.6013809
              ],
              [
                -70.0515928,
                12.6014025
              ],
              [
                -70.0515958,
                12.6014267
              ],
              [
                -70.0515958,
                12.6014536
              ],
              [
                -70.0515968,
                12.6014853
              ],
              [
                -70.051596,
                12.6015082
              ],
              [
                -70.0515886,
                12.6015311
              ],
              [
                -70.0515781,
                12.6015537
              ],
              [
                -70.0515687,
                12.601573
              ],
              [
                -70.051564,
                12.6015828
              ],
              [
                -70.0515603,
                12.6016008
              ],
              [
                -70.0515579,
                12.6016208
              ],
              [
                -70.0515579,
                12.601645
              ],
              [
                -70.0515584,
                12.6016589
              ],
              [
                -70.0515573,
                12.601669
              ],
              [
                -70.0515531,
                12.6016766
              ],
              [
                -70.051545,
                12.6016816
              ],
              [
                -70.0515273,
                12.601687
              ],
              [
                -70.051511,
                12.6016964
              ],
              [
                -70.0514969,
                12.6017055
              ],
              [
                -70.0514916,
                12.6017176
              ],
              [
                -70.0514936,
                12.6017281
              ],
              [
                -70.051508,
                12.6017405
              ],
              [
                -70.0515261,
                12.6017435
              ],
              [
                -70.0515348,
                12.6017536
              ],
              [
                -70.0515358,
                12.6017664
              ],
              [
                -70.0515305,
                12.6017772
              ],
              [
                -70.0515167,
                12.6017827
              ],
              [
                -70.0514882,
                12.6017916
              ],
              [
                -70.0514728,
                12.6018014
              ],
              [
                -70.0514644,
                12.6018096
              ],
              [
                -70.0514617,
                12.6018207
              ],
              [
                -70.0514631,
                12.6018338
              ],
              [
                -70.0514698,
                12.6018485
              ],
              [
                -70.0514842,
                12.6018626
              ],
              [
                -70.0514882,
                12.6018737
              ],
              [
                -70.0514919,
                12.6018963
              ],
              [
                -70.0514875,
                12.6019326
              ],
              [
                -70.0514849,
                12.601963
              ],
              [
                -70.0514812,
                12.6019964
              ],
              [
                -70.0514785,
                12.6020219
              ],
              [
                -70.0514731,
                12.6020566
              ],
              [
                -70.0514674,
                12.6020805
              ],
              [
                -70.0514621,
                12.6020978
              ],
              [
                -70.0514577,
                12.6021142
              ],
              [
                -70.0514493,
                12.6021338
              ],
              [
                -70.0514393,
                12.6021577
              ],
              [
                -70.0514309,
                12.6021793
              ],
              [
                -70.0514191,
                12.6022143
              ],
              [
                -70.0514141,
                12.6022454
              ],
              [
                -70.0514101,
                12.6022676
              ],
              [
                -70.0514094,
                12.6022922
              ],
              [
                -70.0514124,
                12.602321
              ],
              [
                -70.0514151,
                12.6023475
              ],
              [
                -70.0514158,
                12.6023697
              ],
              [
                -70.0514104,
                12.602391
              ],
              [
                -70.051391,
                12.6024198
              ],
              [
                -70.0513725,
                12.6024371
              ],
              [
                -70.0513642,
                12.6024555
              ],
              [
                -70.0513621,
                12.6024659
              ],
              [
                -70.0513618,
                12.6024803
              ],
              [
                -70.0513688,
                12.6024905
              ],
              [
                -70.0513846,
                12.6024964
              ],
              [
                -70.0514094,
                12.6025039
              ],
              [
                -70.0514235,
                12.6025108
              ],
              [
                -70.0514382,
                12.6025157
              ],
              [
                -70.0514543,
                12.6025209
              ],
              [
                -70.0514758,
                12.6025297
              ],
              [
                -70.0514879,
                12.6025402
              ],
              [
                -70.0514952,
                12.602552
              ],
              [
                -70.0514973,
                12.6025634
              ],
              [
                -70.0514979,
                12.6025808
              ],
              [
                -70.0514989,
                12.6026164
              ],
              [
                -70.0515016,
                12.6026321
              ],
              [
                -70.0515077,
                12.6026498
              ],
              [
                -70.0515137,
                12.6026688
              ],
              [
                -70.0515201,
                12.6026897
              ],
              [
                -70.0515217,
                12.6027159
              ],
              [
                -70.0515174,
                12.6027506
              ],
              [
                -70.0515127,
                12.602781
              ],
              [
                -70.0515083,
                12.6028124
              ],
              [
                -70.0515053,
                12.6028432
              ],
              [
                -70.0514989,
                12.6028834
              ],
              [
                -70.0514922,
                12.6029109
              ],
              [
                -70.0514885,
                12.6029364
              ],
              [
                -70.0514889,
                12.6029803
              ],
              [
                -70.0514842,
                12.603013
              ],
              [
                -70.0514832,
                12.6030487
              ],
              [
                -70.0514845,
                12.6030729
              ],
              [
                -70.0514879,
                12.6030912
              ],
              [
                -70.0514926,
                12.603121
              ],
              [
                -70.0514969,
                12.6031786
              ],
              [
                -70.0514969,
                12.6032381
              ],
              [
                -70.0514963,
                12.6032787
              ],
              [
                -70.0514527,
                12.6032969
              ],
              [
                -70.0514567,
                12.6033219
              ],
              [
                -70.0514553,
                12.6033424
              ],
              [
                -70.0514524,
                12.6033754
              ],
              [
                -70.0514459,
                12.6034081
              ],
              [
                -70.0514418,
                12.6034367
              ],
              [
                -70.0514429,
                12.6034592
              ],
              [
                -70.051448,
                12.6034879
              ],
              [
                -70.051446,
                12.6035147
              ],
              [
                -70.0514482,
                12.6035497
              ],
              [
                -70.0514556,
                12.6035833
              ],
              [
                -70.0514572,
                12.6036114
              ],
              [
                -70.0514611,
                12.6036423
              ],
              [
                -70.0514641,
                12.6036732
              ],
              [
                -70.0514636,
                12.6037051
              ],
              [
                -70.0514617,
                12.6037346
              ],
              [
                -70.0514692,
                12.6037574
              ],
              [
                -70.0514775,
                12.6037849
              ],
              [
                -70.0514806,
                12.6038077
              ],
              [
                -70.05149,
                12.603833
              ],
              [
                -70.0514961,
                12.6038577
              ],
              [
                -70.0514959,
                12.6038846
              ],
              [
                -70.051496,
                12.6039009
              ],
              [
                -70.0514965,
                12.6039377
              ],
              [
                -70.0514977,
                12.6039637
              ],
              [
                -70.0514998,
                12.6039881
              ],
              [
                -70.0514985,
                12.6040105
              ],
              [
                -70.051494,
                12.6040405
              ],
              [
                -70.0514962,
                12.6040604
              ],
              [
                -70.0514986,
                12.6040821
              ],
              [
                -70.0515057,
                12.6041021
              ],
              [
                -70.0515229,
                12.604132
              ],
              [
                -70.0515322,
                12.6041452
              ],
              [
                -70.0515426,
                12.6041599
              ],
              [
                -70.0515613,
                12.6041856
              ],
              [
                -70.0515785,
                12.6042138
              ],
              [
                -70.0515936,
                12.6042501
              ],
              [
                -70.0516034,
                12.6042825
              ],
              [
                -70.0516197,
                12.6043234
              ],
              [
                -70.0516332,
                12.6043641
              ],
              [
                -70.0516511,
                12.6043979
              ],
              [
                -70.0516673,
                12.6044357
              ],
              [
                -70.0516802,
                12.6044798
              ],
              [
                -70.0516892,
                12.6045205
              ],
              [
                -70.051707,
                12.6045665
              ],
              [
                -70.0517191,
                12.6045963
              ],
              [
                -70.0517317,
                12.6046286
              ],
              [
                -70.0517407,
                12.6046658
              ],
              [
                -70.0517491,
                12.6046963
              ],
              [
                -70.0517644,
                12.6047362
              ],
              [
                -70.0517826,
                12.6047678
              ],
              [
                -70.0518002,
                12.6047935
              ],
              [
                -70.0518099,
                12.6048083
              ],
              [
                -70.0518298,
                12.6048341
              ],
              [
                -70.0518567,
                12.6048647
              ],
              [
                -70.0518805,
                12.6048897
              ],
              [
                -70.0519048,
                12.6049145
              ],
              [
                -70.0519303,
                12.6049406
              ],
              [
                -70.0519544,
                12.6049667
              ],
              [
                -70.0519723,
                12.6049914
              ],
              [
                -70.0519801,
                12.6050159
              ],
              [
                -70.0519704,
                12.6050383
              ],
              [
                -70.0519586,
                12.6050641
              ],
              [
                -70.0519559,
                12.6050875
              ],
              [
                -70.0519604,
                12.6051204
              ],
              [
                -70.0519719,
                12.6051493
              ],
              [
                -70.0519851,
                12.6051783
              ],
              [
                -70.0519992,
                12.6052176
              ],
              [
                -70.0520123,
                12.6052579
              ],
              [
                -70.0520265,
                12.605295
              ],
              [
                -70.0520413,
                12.6053309
              ],
              [
                -70.0520581,
                12.6053646
              ],
              [
                -70.0520789,
                12.605399
              ],
              [
                -70.0521003,
                12.6054314
              ],
              [
                -70.0521274,
                12.6054688
              ],
              [
                -70.0521507,
                12.6055023
              ],
              [
                -70.0521752,
                12.6055308
              ],
              [
                -70.0522032,
                12.6055636
              ],
              [
                -70.0522203,
                12.6055942
              ],
              [
                -70.05224,
                12.605627
              ],
              [
                -70.0522594,
                12.6056534
              ],
              [
                -70.0522817,
                12.6056842
              ],
              [
                -70.0522933,
                12.6057124
              ],
              [
                -70.0522944,
                12.6057449
              ],
              [
                -70.0523019,
                12.6057841
              ],
              [
                -70.0523142,
                12.6058172
              ],
              [
                -70.0523204,
                12.6058327
              ],
              [
                -70.0523269,
                12.6058491
              ],
              [
                -70.0523304,
                12.6058591
              ],
              [
                -70.052335,
                12.6058799
              ],
              [
                -70.0523408,
                12.6059261
              ],
              [
                -70.0523442,
                12.605952
              ],
              [
                -70.0523469,
                12.6059941
              ],
              [
                -70.0523526,
                12.6060309
              ],
              [
                -70.052364,
                12.6060692
              ],
              [
                -70.0523741,
                12.6061038
              ],
              [
                -70.0523887,
                12.6061403
              ],
              [
                -70.0524058,
                12.6061767
              ],
              [
                -70.0524266,
                12.6062139
              ],
              [
                -70.0524338,
                12.6062435
              ],
              [
                -70.0524571,
                12.606286
              ],
              [
                -70.0524808,
                12.6063178
              ],
              [
                -70.0525142,
                12.606359
              ],
              [
                -70.0525381,
                12.606388
              ],
              [
                -70.05256,
                12.6064211
              ],
              [
                -70.052576,
                12.6064435
              ],
              [
                -70.0525855,
                12.6064567
              ],
              [
                -70.052612,
                12.6064909
              ],
              [
                -70.0526354,
                12.6065168
              ],
              [
                -70.0526592,
                12.6065366
              ],
              [
                -70.052699,
                12.6065672
              ],
              [
                -70.0527282,
                12.6065924
              ],
              [
                -70.0527553,
                12.6066171
              ],
              [
                -70.0527816,
                12.6066443
              ],
              [
                -70.0528073,
                12.6066711
              ],
              [
                -70.0528352,
                12.6066968
              ],
              [
                -70.0528685,
                12.6067144
              ],
              [
                -70.0529019,
                12.6067255
              ],
              [
                -70.0529283,
                12.6067412
              ],
              [
                -70.0529557,
                12.6067655
              ],
              [
                -70.0529842,
                12.6067916
              ],
              [
                -70.053012,
                12.6068179
              ],
              [
                -70.0530399,
                12.6068476
              ],
              [
                -70.0530657,
                12.606876
              ],
              [
                -70.0530852,
                12.6069043
              ],
              [
                -70.0530947,
                12.6069341
              ],
              [
                -70.0531035,
                12.606964
              ],
              [
                -70.0531124,
                12.6069868
              ],
              [
                -70.0531337,
                12.6070034
              ],
              [
                -70.0531568,
                12.6070266
              ],
              [
                -70.0531717,
                12.6070495
              ],
              [
                -70.0531738,
                12.6070708
              ],
              [
                -70.0531531,
                12.607079
              ],
              [
                -70.05314,
                12.6071
              ],
              [
                -70.0531447,
                12.6071301
              ],
              [
                -70.0531529,
                12.6071579
              ],
              [
                -70.053171,
                12.6071943
              ],
              [
                -70.0531871,
                12.6072246
              ],
              [
                -70.053203,
                12.6072667
              ],
              [
                -70.0532127,
                12.6073066
              ],
              [
                -70.0532259,
                12.6073455
              ],
              [
                -70.0532333,
                12.6073838
              ],
              [
                -70.053234,
                12.6073938
              ],
              [
                -70.0532361,
                12.6074255
              ],
              [
                -70.0532325,
                12.60746
              ],
              [
                -70.0532249,
                12.6075022
              ],
              [
                -70.053217,
                12.6075377
              ],
              [
                -70.0532092,
                12.6075742
              ],
              [
                -70.0532039,
                12.6076096
              ],
              [
                -70.0532036,
                12.6076459
              ],
              [
                -70.0532087,
                12.6076772
              ],
              [
                -70.0532174,
                12.6077096
              ],
              [
                -70.0532186,
                12.6077327
              ],
              [
                -70.0532228,
                12.6077635
              ],
              [
                -70.053229,
                12.6077906
              ],
              [
                -70.0532481,
                12.6078028
              ],
              [
                -70.0532704,
                12.6078064
              ],
              [
                -70.0532928,
                12.6078211
              ],
              [
                -70.0533033,
                12.6078451
              ],
              [
                -70.0533062,
                12.6078705
              ],
              [
                -70.0533016,
                12.6079023
              ],
              [
                -70.0532952,
                12.6079336
              ],
              [
                -70.0532844,
                12.607957
              ],
              [
                -70.0532655,
                12.6079839
              ],
              [
                -70.0532531,
                12.6080152
              ],
              [
                -70.0532484,
                12.6080394
              ],
              [
                -70.0532451,
                12.6080682
              ],
              [
                -70.0532397,
                12.6080891
              ],
              [
                -70.0532337,
                12.6081061
              ],
              [
                -70.0532303,
                12.6081297
              ],
              [
                -70.0532296,
                12.6081513
              ],
              [
                -70.0532377,
                12.6081637
              ],
              [
                -70.0532538,
                12.6081735
              ],
              [
                -70.0532598,
                12.6081925
              ],
              [
                -70.0532618,
                12.6082128
              ],
              [
                -70.0532444,
                12.6082403
              ],
              [
                -70.0532283,
                12.6082514
              ],
              [
                -70.053239,
                12.6085177
              ],
              [
                -70.0532618,
                12.6087324
              ],
              [
                -70.0532632,
                12.6089182
              ],
              [
                -70.0532806,
                12.6090896
              ],
              [
                -70.053294,
                12.6092428
              ],
              [
                -70.0533088,
                12.6093985
              ],
              [
                -70.0533409,
                12.6095752
              ],
              [
                -70.0533718,
                12.6096969
              ],
              [
                -70.053404,
                12.6098186
              ],
              [
                -70.053445128,
                12.609962581
              ],
              [
                -70.0534657,
                12.6100346
              ],
              [
                -70.0534976,
                12.6101709
              ],
              [
                -70.0535121,
                12.6102329
              ],
              [
                -70.0535581,
                12.6104306
              ],
              [
                -70.0536051,
                12.6105489
              ],
              [
                -70.0536735,
                12.6106759
              ]
            ]
          ],
          [
            [
              [
                -70.0463624,
                12.5188003
              ],
              [
                -70.0460738,
                12.5186336
              ],
              [
                -70.0460047,
                12.5183558
              ],
              [
                -70.0458786,
                12.5181295
              ],
              [
                -70.0459274,
                12.517947
              ],
              [
                -70.0460087,
                12.5178874
              ],
              [
                -70.0462161,
                12.5179628
              ],
              [
                -70.0463462,
                12.5181494
              ],
              [
                -70.0464071,
                12.5182367
              ],
              [
                -70.0464234,
                12.5184391
              ],
              [
                -70.0465372,
                12.5186256
              ],
              [
                -70.0466145,
                12.5187209
              ],
              [
                -70.0465657,
                12.5188122
              ],
              [
                -70.0463624,
                12.5188003
              ]
            ]
          ],
          [
            [
              [
                -70.0415611,
                12.5146727
              ],
              [
                -70.0419798,
                12.5149624
              ],
              [
                -70.0422644,
                12.5152482
              ],
              [
                -70.042301,
                12.5155379
              ],
              [
                -70.0423254,
                12.5157522
              ],
              [
                -70.0423945,
                12.515903
              ],
              [
                -70.042488,
                12.5160102
              ],
              [
                -70.0423213,
                12.5160141
              ],
              [
                -70.0419798,
                12.5158157
              ],
              [
                -70.041927,
                12.515776
              ],
              [
                -70.0416709,
                12.5155141
              ],
              [
                -70.0413741,
                12.5152521
              ],
              [
                -70.041183,
                12.5149981
              ],
              [
                -70.0410529,
                12.5146806
              ],
              [
                -70.0411546,
                12.5144266
              ],
              [
                -70.0414066,
                12.5144425
              ],
              [
                -70.0415611,
                12.5146727
              ]
            ]
          ],
          [
            [
              [
                -70.0348617,
                12.5070839
              ],
              [
                -70.0349931,
                12.5070861
              ],
              [
                -70.035071,
                12.5071052
              ],
              [
                -70.0351342,
                12.5071558
              ],
              [
                -70.0351339,
                12.5071879
              ],
              [
                -70.0350778,
                12.507209
              ],
              [
                -70.0350591,
                12.5072642
              ],
              [
                -70.0349189,
                12.5073386
              ],
              [
                -70.0348027,
                12.5073458
              ],
              [
                -70.0347635,
                12.5073404
              ],
              [
                -70.0347175,
                12.5073093
              ],
              [
                -70.0347025,
                12.5072364
              ],
              [
                -70.0347297,
                12.5071797
              ],
              [
                -70.0347883,
                12.507117
              ],
              [
                -70.0348617,
                12.5070839
              ]
            ]
          ],
          [
            [
              [
                -70.0324698,
                12.5061248
              ],
              [
                -70.0324165,
                12.5060294
              ],
              [
                -70.0323714,
                12.5059035
              ],
              [
                -70.0323489,
                12.5058225
              ],
              [
                -70.0323422,
                12.5057519
              ],
              [
                -70.0323602,
                12.5056933
              ],
              [
                -70.0323831,
                12.5057043
              ],
              [
                -70.0324285,
                12.505782
              ],
              [
                -70.0324665,
                12.5058809
              ],
              [
                -70.0325241,
                12.5059831
              ],
              [
                -70.0325971,
                12.5060612
              ],
              [
                -70.0326954,
                12.506094
              ],
              [
                -70.0327832,
                12.5061074
              ],
              [
                -70.0328951,
                12.5061208
              ],
              [
                -70.033017,
                12.5061762
              ],
              [
                -70.0330493,
                12.5062314
              ],
              [
                -70.032979,
                12.5062999
              ],
              [
                -70.0328561,
                12.5063186
              ],
              [
                -70.0326837,
                12.5062924
              ],
              [
                -70.0325557,
                12.5062348
              ],
              [
                -70.0325128,
                12.5061824
              ],
              [
                -70.0324698,
                12.5061248
              ]
            ]
          ],
          [
            [
              [
                -70.0296317,
                12.5015871
              ],
              [
                -70.0297033,
                12.5015807
              ],
              [
                -70.0297315,
                12.5015748
              ],
              [
                -70.0297878,
                12.501578
              ],
              [
                -70.0298502,
                12.5015649
              ],
              [
                -70.0299619,
                12.5014959
              ],
              [
                -70.030012,
                12.5014829
              ],
              [
                -70.0300649,
                12.501491
              ],
              [
                -70.0302498,
                12.5015119
              ],
              [
                -70.030337,
                12.5015591
              ],
              [
                -70.0304858,
                12.5016363
              ],
              [
                -70.0305636,
                12.5017319
              ],
              [
                -70.030636,
                12.5018222
              ],
              [
                -70.0306883,
                12.5019217
              ],
              [
                -70.0307179,
                12.5019859
              ],
              [
                -70.0307554,
                12.502054
              ],
              [
                -70.0308721,
                12.5021482
              ],
              [
                -70.0309794,
                12.5022844
              ],
              [
                -70.031198,
                12.5024402
              ],
              [
                -70.0312167,
                12.5025057
              ],
              [
                -70.0313428,
                12.5025934
              ],
              [
                -70.0315346,
                12.5027571
              ],
              [
                -70.0315547,
                12.5028723
              ],
              [
                -70.0316043,
                12.5029757
              ],
              [
                -70.0316969,
                12.5030425
              ],
              [
                -70.0317789,
                12.5030603
              ],
              [
                -70.0318873,
                12.5031027
              ],
              [
                -70.0319316,
                12.5031577
              ],
              [
                -70.0319865,
                12.5031905
              ],
              [
                -70.0320069,
                12.5032499
              ],
              [
                -70.032026,
                12.5032629
              ],
              [
                -70.0320427,
                12.5032818
              ],
              [
                -70.032073,
                12.503316
              ],
              [
                -70.032159,
                12.503373
              ],
              [
                -70.03226,
                12.503473
              ],
              [
                -70.03232,
                12.503535
              ],
              [
                -70.032391,
                12.503628
              ],
              [
                -70.032517,
                12.5037819
              ],
              [
                -70.032615,
                12.503863
              ],
              [
                -70.0326222,
                12.5040009
              ],
              [
                -70.0326638,
                12.5040886
              ],
              [
                -70.0326759,
                12.5041541
              ],
              [
                -70.032649,
                12.5042182
              ],
              [
                -70.0325941,
                12.5043112
              ],
              [
                -70.0326276,
                12.5044225
              ],
              [
                -70.0326303,
                12.5045076
              ],
              [
                -70.0325672,
                12.5045914
              ],
              [
                -70.0325096,
                12.5045731
              ],
              [
                -70.0324063,
                12.5045534
              ],
              [
                -70.032282,
                12.5045709
              ],
              [
                -70.0322172,
                12.5046071
              ],
              [
                -70.0322025,
                12.504649
              ],
              [
                -70.0322078,
                12.5047145
              ],
              [
                -70.0322369,
                12.504898
              ],
              [
                -70.0323138,
                12.5050732
              ],
              [
                -70.0323741,
                12.5051203
              ],
              [
                -70.0324559,
                12.5051845
              ],
              [
                -70.0324809,
                12.5052934
              ],
              [
                -70.0324513,
                12.5054062
              ],
              [
                -70.0323245,
                12.5054856
              ],
              [
                -70.0322923,
                12.5053953
              ],
              [
                -70.0322709,
                12.5052421
              ],
              [
                -70.0322507,
                12.5051243
              ],
              [
                -70.0322199,
                12.5050588
              ],
              [
                -70.0321542,
                12.5049449
              ],
              [
                -70.0321059,
                12.5048048
              ],
              [
                -70.032063,
                12.5046948
              ],
              [
                -70.0320147,
                12.5046883
              ],
              [
                -70.0319611,
                12.5046425
              ],
              [
                -70.0318913,
                12.5045194
              ],
              [
                -70.0318524,
                12.5043976
              ],
              [
                -70.0317706,
                12.5042824
              ],
              [
                -70.0317344,
                12.5042313
              ],
              [
                -70.0316016,
                12.5040939
              ],
              [
                -70.0316177,
                12.5040219
              ],
              [
                -70.0315963,
                12.5039839
              ],
              [
                -70.031499,
                12.503948
              ],
              [
                -70.0314541,
                12.5038818
              ],
              [
                -70.03143,
                12.5038019
              ],
              [
                -70.0313844,
                12.5037129
              ],
              [
                -70.0313187,
                12.5036225
              ],
              [
                -70.0312449,
                12.5035243
              ],
              [
                -70.031135,
                12.503471
              ],
              [
                -70.0311027,
                12.503434
              ],
              [
                -70.0310759,
                12.5033751
              ],
              [
                -70.031029,
                12.5033397
              ],
              [
                -70.0309767,
                12.5032834
              ],
              [
                -70.0309297,
                12.5032454
              ],
              [
                -70.0309096,
                12.5032101
              ],
              [
                -70.0308694,
                12.5031564
              ],
              [
                -70.0307983,
                12.5031093
              ],
              [
                -70.0307581,
                12.50307
              ],
              [
                -70.0307205,
                12.5030071
              ],
              [
                -70.0306937,
                12.5029639
              ],
              [
                -70.030615,
                12.502944
              ],
              [
                -70.030605,
                12.502928
              ],
              [
                -70.0305369,
                12.502872
              ],
              [
                -70.030432,
                12.502801
              ],
              [
                -70.0303959,
                12.50275
              ],
              [
                -70.030387,
                12.5027179
              ],
              [
                -70.030377,
                12.502668
              ],
              [
                -70.0303529,
                12.502643
              ],
              [
                -70.030332,
                12.5026189
              ],
              [
                -70.030292,
                12.50257
              ],
              [
                -70.030258,
                12.502548
              ],
              [
                -70.030212,
                12.502535
              ],
              [
                -70.030142,
                12.5024879
              ],
              [
                -70.030099,
                12.502439
              ],
              [
                -70.030056,
                12.502384
              ],
              [
                -70.0300049,
                12.5023049
              ],
              [
                -70.029916,
                12.5022139
              ],
              [
                -70.029855,
                12.5021289
              ],
              [
                -70.029799,
                12.50211
              ],
              [
                -70.029725,
                12.502078
              ],
              [
                -70.029688,
                12.502053
              ],
              [
                -70.029645,
                12.501976
              ],
              [
                -70.029639,
                12.501916
              ],
              [
                -70.029642,
                12.501881
              ],
              [
                -70.0296309,
                12.5018429
              ],
              [
                -70.029601,
                12.501821
              ],
              [
                -70.0295,
                12.501766
              ],
              [
                -70.029466,
                12.501717
              ],
              [
                -70.029439,
                12.5016829
              ],
              [
                -70.02944,
                12.501646
              ],
              [
                -70.0294739,
                12.501591
              ],
              [
                -70.0295019,
                12.501575
              ],
              [
                -70.0295956,
                12.5015976
              ],
              [
                -70.0296317,
                12.5015871
              ]
            ]
          ],
          [
            [
              [
                -70.0294797,
                12.5007692
              ],
              [
                -70.0295811,
                12.5006538
              ],
              [
                -70.0295937,
                12.5006389
              ],
              [
                -70.029643,
                12.500581
              ],
              [
                -70.0296761,
                12.5005695
              ],
              [
                -70.0296852,
                12.5005818
              ],
              [
                -70.0296835,
                12.5005952
              ],
              [
                -70.0296701,
                12.5006186
              ],
              [
                -70.0294706,
                12.500856
              ],
              [
                -70.0294009,
                12.50096
              ],
              [
                -70.0294089,
                12.501015
              ],
              [
                -70.0294515,
                12.5010697
              ],
              [
                -70.0294881,
                12.5011204
              ],
              [
                -70.0295306,
                12.5011708
              ],
              [
                -70.0295551,
                12.5012049
              ],
              [
                -70.0295907,
                12.501233
              ],
              [
                -70.0296264,
                12.5012674
              ],
              [
                -70.0296369,
                12.5012776
              ],
              [
                -70.0296584,
                12.5013136
              ],
              [
                -70.0297006,
                12.50136
              ],
              [
                -70.0297442,
                12.501415
              ],
              [
                -70.0297851,
                12.5014476
              ],
              [
                -70.0298025,
                12.5014615
              ],
              [
                -70.0298515,
                12.5014628
              ],
              [
                -70.0298835,
                12.5014569
              ],
              [
                -70.0299011,
                12.5014537
              ],
              [
                -70.029995,
                12.5014157
              ],
              [
                -70.030107,
                12.5013653
              ],
              [
                -70.0302035,
                12.5013083
              ],
              [
                -70.0303423,
                12.5011961
              ],
              [
                -70.0303571,
                12.5012026
              ],
              [
                -70.0303594,
                12.5012294
              ],
              [
                -70.0303494,
                12.5012579
              ],
              [
                -70.0302711,
                12.5013144
              ],
              [
                -70.0301606,
                12.5013941
              ],
              [
                -70.0300674,
                12.5014438
              ],
              [
                -70.0299507,
                12.501489
              ],
              [
                -70.0298461,
                12.5015119
              ],
              [
                -70.0297181,
                12.5015381
              ],
              [
                -70.0296638,
                12.5015623
              ],
              [
                -70.0296409,
                12.5015714
              ],
              [
                -70.0295879,
                12.5015804
              ],
              [
                -70.0295379,
                12.5015694
              ],
              [
                -70.0294739,
                12.5015613
              ],
              [
                -70.0294078,
                12.5015544
              ],
              [
                -70.0293399,
                12.5015447
              ],
              [
                -70.0292929,
                12.5015119
              ],
              [
                -70.0292668,
                12.5014654
              ],
              [
                -70.0292446,
                12.5014281
              ],
              [
                -70.0291689,
                12.5013548
              ],
              [
                -70.0291286,
                12.5013221
              ],
              [
                -70.0290864,
                12.5012821
              ],
              [
                -70.0290589,
                12.5012435
              ],
              [
                -70.0290616,
                12.5011826
              ],
              [
                -70.0290576,
                12.5011466
              ],
              [
                -70.029069,
                12.5010681
              ],
              [
                -70.0291025,
                12.5010281
              ],
              [
                -70.0291783,
                12.5010262
              ],
              [
                -70.0292386,
                12.5010425
              ],
              [
                -70.0292788,
                12.5010393
              ],
              [
                -70.0293338,
                12.5009862
              ],
              [
                -70.0293734,
                12.5009096
              ],
              [
                -70.0294076,
                12.5008563
              ],
              [
                -70.0294797,
                12.5007692
              ]
            ]
          ],
          [
            [
              [
                -70.0293116,
                12.500526
              ],
              [
                -70.0293195,
                12.5004909
              ],
              [
                -70.0293365,
                12.5004749
              ],
              [
                -70.0294065,
                12.5004729
              ],
              [
                -70.0294408,
                12.5004749
              ],
              [
                -70.0294743,
                12.5004982
              ],
              [
                -70.0294981,
                12.5005185
              ],
              [
                -70.0295345,
                12.500555
              ],
              [
                -70.0295446,
                12.5005619
              ],
              [
                -70.0295466,
                12.500572
              ],
              [
                -70.0295373,
                12.5005977
              ],
              [
                -70.0295273,
                12.5006118
              ],
              [
                -70.0295166,
                12.5006189
              ],
              [
                -70.0295016,
                12.500629
              ],
              [
                -70.0294805,
                12.500644
              ],
              [
                -70.0294686,
                12.5006489
              ],
              [
                -70.0294576,
                12.5006479
              ],
              [
                -70.0294046,
                12.50061
              ],
              [
                -70.0293296,
                12.500567
              ],
              [
                -70.0293116,
                12.500526
              ]
            ]
          ],
          [
            [
              [
                -70.0290287,
                12.5008651
              ],
              [
                -70.0289988,
                12.5008277
              ],
              [
                -70.0289818,
                12.5007897
              ],
              [
                -70.0289767,
                12.5007506
              ],
              [
                -70.0290398,
                12.5007007
              ],
              [
                -70.0290927,
                12.5006757
              ],
              [
                -70.0291988,
                12.5006646
              ],
              [
                -70.0292637,
                12.5006747
              ],
              [
                -70.0292905,
                12.500652
              ],
              [
                -70.0293536,
                12.5006247
              ],
              [
                -70.0294272,
                12.5006713
              ],
              [
                -70.0294468,
                12.5007581
              ],
              [
                -70.0293962,
                12.5008128
              ],
              [
                -70.0293365,
                12.5008992
              ],
              [
                -70.0292884,
                12.5009696
              ],
              [
                -70.0292484,
                12.5009834
              ],
              [
                -70.0292064,
                12.5009819
              ],
              [
                -70.0291742,
                12.5009764
              ],
              [
                -70.0291407,
                12.5009663
              ],
              [
                -70.0290926,
                12.5009465
              ],
              [
                -70.0290733,
                12.5009312
              ],
              [
                -70.0290572,
                12.5009119
              ],
              [
                -70.0290287,
                12.5008651
              ]
            ]
          ],
          [
            [
              [
                -70.0274026,
                12.4995637
              ],
              [
                -70.0273597,
                12.4995087
              ],
              [
                -70.0273363,
                12.4994805
              ],
              [
                -70.0273054,
                12.4994439
              ],
              [
                -70.0272712,
                12.4994164
              ],
              [
                -70.0271867,
                12.4993535
              ],
              [
                -70.0271317,
                12.4992966
              ],
              [
                -70.0270452,
                12.499255
              ],
              [
                -70.0270181,
                12.4992383
              ],
              [
                -70.0269752,
                12.4992399
              ],
              [
                -70.02694,
                12.4992669
              ],
              [
                -70.0269019,
                12.499278
              ],
              [
                -70.02688,
                12.4992789
              ],
              [
                -70.02685,
                12.499272
              ],
              [
                -70.0267589,
                12.499241
              ],
              [
                -70.0267119,
                12.499206
              ],
              [
                -70.026663,
                12.499161
              ],
              [
                -70.0266429,
                12.499133
              ],
              [
                -70.026618,
                12.499061
              ],
              [
                -70.0266009,
                12.4989919
              ],
              [
                -70.0266009,
                12.4989809
              ],
              [
                -70.0266109,
                12.498961
              ],
              [
                -70.026639,
                12.498927
              ],
              [
                -70.026662,
                12.4989079
              ],
              [
                -70.026662,
                12.498903
              ],
              [
                -70.026652,
                12.498897
              ],
              [
                -70.0265149,
                12.4988639
              ],
              [
                -70.026435,
                12.498838
              ],
              [
                -70.026363,
                12.4987899
              ],
              [
                -70.026333,
                12.4987339
              ],
              [
                -70.0263,
                12.4986909
              ],
              [
                -70.0262839,
                12.498622
              ],
              [
                -70.026292,
                12.498588
              ],
              [
                -70.026249,
                12.49851
              ],
              [
                -70.026134,
                12.498378
              ],
              [
                -70.0260819,
                12.498327
              ],
              [
                -70.026006,
                12.498277
              ],
              [
                -70.025945,
                12.498249
              ],
              [
                -70.0258839,
                12.4982019
              ],
              [
                -70.0258649,
                12.49817
              ],
              [
                -70.025829,
                12.498023
              ],
              [
                -70.025782,
                12.4979439
              ],
              [
                -70.0257219,
                12.49786
              ],
              [
                -70.02561,
                12.497765
              ],
              [
                -70.025526,
                12.4977129
              ],
              [
                -70.025468,
                12.497709
              ],
              [
                -70.025428,
                12.4976999
              ],
              [
                -70.025401,
                12.4976829
              ],
              [
                -70.0253779,
                12.497652
              ],
              [
                -70.025322,
                12.497603
              ],
              [
                -70.0252159,
                12.497546
              ],
              [
                -70.02518,
                12.4975129
              ],
              [
                -70.025152,
                12.4974699
              ],
              [
                -70.0250749,
                12.497393
              ],
              [
                -70.0250599,
                12.497343
              ],
              [
                -70.025027,
                12.4972819
              ],
              [
                -70.0250029,
                12.497257
              ],
              [
                -70.024948,
                12.497236
              ],
              [
                -70.0248599,
                12.497214
              ],
              [
                -70.024834,
                12.497187
              ],
              [
                -70.024798,
                12.4971359
              ],
              [
                -70.024784,
                12.497102
              ],
              [
                -70.024781,
                12.497003
              ],
              [
                -70.0247729,
                12.4969489
              ],
              [
                -70.0247569,
                12.496932
              ],
              [
                -70.024691,
                12.496911
              ],
              [
                -70.0246269,
                12.4968499
              ],
              [
                -70.024609,
                12.4968239
              ],
              [
                -70.0245859,
                12.496741
              ],
              [
                -70.024579,
                12.496701
              ],
              [
                -70.024568,
                12.496672
              ],
              [
                -70.02451,
                12.496616
              ],
              [
                -70.024446,
                12.4965639
              ],
              [
                -70.0243829,
                12.496496
              ],
              [
                -70.024321,
                12.4964209
              ],
              [
                -70.0242559,
                12.496367
              ],
              [
                -70.02418,
                12.496295
              ],
              [
                -70.0241239,
                12.4962309
              ],
              [
                -70.024088,
                12.496198
              ],
              [
                -70.023985,
                12.496153
              ],
              [
                -70.023846,
                12.4961189
              ],
              [
                -70.023732,
                12.4961169
              ],
              [
                -70.023611,
                12.496098
              ],
              [
                -70.0235079,
                12.496052
              ],
              [
                -70.02344,
                12.495976
              ],
              [
                -70.023373,
                12.495919
              ],
              [
                -70.023155,
                12.495893
              ],
              [
                -70.023072,
                12.49584
              ],
              [
                -70.023011,
                12.495752
              ],
              [
                -70.022927,
                12.495664
              ],
              [
                -70.022834,
                12.49559
              ],
              [
                -70.022735,
                12.495494
              ],
              [
                -70.022662,
                12.495402
              ],
              [
                -70.022626,
                12.495294
              ],
              [
                -70.0225709,
                12.495208
              ],
              [
                -70.0224729,
                12.495144
              ],
              [
                -70.022395,
                12.4950819
              ],
              [
                -70.0223109,
                12.495001
              ],
              [
                -70.022175,
                12.4949389
              ],
              [
                -70.0220819,
                12.494862
              ],
              [
                -70.0220109,
                12.494762
              ],
              [
                -70.022,
                12.4946909
              ],
              [
                -70.02182,
                12.4945649
              ],
              [
                -70.02172,
                12.4944779
              ],
              [
                -70.0214779,
                12.494327
              ],
              [
                -70.021258,
                12.4941779
              ],
              [
                -70.0211749,
                12.494099
              ],
              [
                -70.0211179,
                12.494025
              ],
              [
                -70.0210329,
                12.493964
              ],
              [
                -70.020957,
                12.493899
              ],
              [
                -70.0208909,
                12.493825
              ],
              [
                -70.020754,
                12.493691
              ],
              [
                -70.02071,
                12.493593
              ],
              [
                -70.020654,
                12.4935009
              ],
              [
                -70.020595,
                12.493422
              ],
              [
                -70.020536,
                12.493367
              ],
              [
                -70.020462,
                12.493324
              ],
              [
                -70.020412,
                12.493259
              ],
              [
                -70.0203119,
                12.493061
              ],
              [
                -70.020204,
                12.4929369
              ],
              [
                -70.020136,
                12.4928799
              ],
              [
                -70.0200859,
                12.492814
              ],
              [
                -70.020058,
                12.4927509
              ],
              [
                -70.0200289,
                12.492712
              ],
              [
                -70.019977,
                12.492662
              ],
              [
                -70.019945,
                12.4926089
              ],
              [
                -70.019886,
                12.492485
              ],
              [
                -70.019806,
                12.4924349
              ],
              [
                -70.0196829,
                12.492326
              ],
              [
                -70.019641,
                12.4922789
              ],
              [
                -70.019499,
                12.4921639
              ],
              [
                -70.0194389,
                12.4921029
              ],
              [
                -70.019305,
                12.491985
              ],
              [
                -70.019156,
                12.4918299
              ],
              [
                -70.019074,
                12.491753
              ],
              [
                -70.018786,
                12.4915289
              ],
              [
                -70.018695,
                12.491468
              ],
              [
                -70.018608,
                12.491433
              ],
              [
                -70.0184319,
                12.49138
              ],
              [
                -70.018341,
                12.491347
              ],
              [
                -70.0182859,
                12.4912869
              ],
              [
                -70.018239,
                12.4912249
              ],
              [
                -70.0181729,
                12.4911829
              ],
              [
                -70.018133,
                12.4911419
              ],
              [
                -70.0180549,
                12.4910849
              ],
              [
                -70.017981,
                12.4910409
              ],
              [
                -70.017901,
                12.4910119
              ],
              [
                -70.017801,
                12.490986
              ],
              [
                -70.0177129,
                12.4909559
              ],
              [
                -70.017648,
                12.490928
              ],
              [
                -70.017591,
                12.490871
              ],
              [
                -70.0175519,
                12.490806
              ],
              [
                -70.017445,
                12.490659
              ],
              [
                -70.017369,
                12.4905779
              ],
              [
                -70.017305,
                12.490518
              ],
              [
                -70.017243,
                12.490475
              ],
              [
                -70.016897,
                12.490088
              ],
              [
                -70.016825,
                12.489998
              ],
              [
                -70.0167639,
                12.4899059
              ],
              [
                -70.016745,
                12.4898299
              ],
              [
                -70.016713,
                12.489753
              ],
              [
                -70.016641,
                12.4896459
              ],
              [
                -70.016539,
                12.48944
              ],
              [
                -70.016472,
                12.48934
              ],
              [
                -70.016409,
                12.4892559
              ],
              [
                -70.0163159,
                12.489151
              ],
              [
                -70.016147,
                12.4889259
              ],
              [
                -70.016075,
                12.4888399
              ],
              [
                -70.015952,
                12.488722
              ],
              [
                -70.015847,
                12.48869
              ],
              [
                -70.015807,
                12.4886669
              ],
              [
                -70.0157829,
                12.488628
              ],
              [
                -70.0157289,
                12.4885079
              ],
              [
                -70.015629,
                12.488403
              ],
              [
                -70.0155529,
                12.4882809
              ],
              [
                -70.015501,
                12.488214
              ],
              [
                -70.015447,
                12.48816
              ],
              [
                -70.01533,
                12.488069
              ],
              [
                -70.0152929,
                12.488025
              ],
              [
                -70.015255,
                12.4879649
              ],
              [
                -70.015218,
                12.4879209
              ],
              [
                -70.015105,
                12.487812
              ],
              [
                -70.015043,
                12.487764
              ],
              [
                -70.0148239,
                12.487658
              ],
              [
                -70.014598,
                12.487478
              ],
              [
                -70.014525,
                12.4874289
              ],
              [
                -70.014308,
                12.487326
              ],
              [
                -70.014238,
                12.487278
              ],
              [
                -70.0141899,
                12.487221
              ],
              [
                -70.0141599,
                12.4871719
              ],
              [
                -70.014112,
                12.4871119
              ],
              [
                -70.013919,
                12.486952
              ],
              [
                -70.013768,
                12.486819
              ],
              [
                -70.01363,
                12.48669
              ],
              [
                -70.0135679,
                12.486621
              ],
              [
                -70.0134419,
                12.48652
              ],
              [
                -70.0133819,
                12.4864529
              ],
              [
                -70.013271,
                12.4863519
              ],
              [
                -70.013231,
                12.4862949
              ],
              [
                -70.0131799,
                12.486242
              ],
              [
                -70.0131249,
                12.486198
              ],
              [
                -70.0130519,
                12.4861519
              ],
              [
                -70.012971,
                12.4861099
              ],
              [
                -70.012901,
                12.486089
              ],
              [
                -70.0128479,
                12.4860489
              ],
              [
                -70.012746,
                12.485938
              ],
              [
                -70.0126229,
                12.4858349
              ],
              [
                -70.012568,
                12.485795
              ],
              [
                -70.012502,
                12.485765
              ],
              [
                -70.012442,
                12.4857319
              ],
              [
                -70.0123879,
                12.485684
              ],
              [
                -70.012337,
                12.4856309
              ],
              [
                -70.012264,
                12.4855909
              ],
              [
                -70.0122009,
                12.4855489
              ],
              [
                -70.012153,
                12.4855019
              ],
              [
                -70.012081,
                12.485393
              ],
              [
                -70.012039,
                12.485341
              ],
              [
                -70.0119599,
                12.485284
              ],
              [
                -70.0118579,
                12.485182
              ],
              [
                -70.011754,
                12.4851019
              ],
              [
                -70.011582,
                12.48501
              ],
              [
                -70.0114569,
                12.484932
              ],
              [
                -70.011365,
                12.484849
              ],
              [
                -70.011229,
                12.4846969
              ],
              [
                -70.011176,
                12.48465
              ],
              [
                -70.0109249,
                12.484518
              ],
              [
                -70.010784,
                12.4844549
              ],
              [
                -70.010658,
                12.484421
              ],
              [
                -70.0105949,
                12.4843969
              ],
              [
                -70.010442,
                12.484285
              ],
              [
                -70.010238,
                12.4841649
              ],
              [
                -70.010023,
                12.484054
              ],
              [
                -70.00987,
                12.483985
              ],
              [
                -70.009792,
                12.483957
              ],
              [
                -70.009719,
                12.483919
              ],
              [
                -70.0096599,
                12.4838809
              ],
              [
                -70.0095879,
                12.483847
              ],
              [
                -70.009524,
                12.4838079
              ],
              [
                -70.0094839,
                12.483766
              ],
              [
                -70.0094399,
                12.483728
              ],
              [
                -70.0093839,
                12.483695
              ],
              [
                -70.0091969,
                12.483628
              ],
              [
                -70.0089819,
                12.483568
              ],
              [
                -70.0089139,
                12.4835339
              ],
              [
                -70.008863,
                12.4834899
              ],
              [
                -70.00877,
                12.483396
              ],
              [
                -70.00872,
                12.483354
              ],
              [
                -70.008657,
                12.4833189
              ],
              [
                -70.008601,
                12.4833
              ],
              [
                -70.008542,
                12.4832729
              ],
              [
                -70.0084864,
                12.4832323
              ],
              [
                -70.0083639,
                12.4831429
              ],
              [
                -70.008298,
                12.4830879
              ],
              [
                -70.007995,
                12.482792
              ],
              [
                -70.007943,
                12.482746
              ],
              [
                -70.0078739,
                12.482696
              ],
              [
                -70.007811,
                12.482662
              ],
              [
                -70.0076999,
                12.4826149
              ],
              [
                -70.007647,
                12.4826009
              ],
              [
                -70.0075849,
                12.4825969
              ],
              [
                -70.007532,
                12.48262
              ],
              [
                -70.007489,
                12.4826449
              ],
              [
                -70.0074569,
                12.4826699
              ],
              [
                -70.007426,
                12.482663
              ],
              [
                -70.0073689,
                12.48258
              ],
              [
                -70.007333,
                12.482433
              ],
              [
                -70.0073439,
                12.482401
              ],
              [
                -70.007395,
                12.482389
              ],
              [
                -70.0074739,
                12.482391
              ],
              [
                -70.0075459,
                12.482387
              ],
              [
                -70.007612,
                12.4823829
              ],
              [
                -70.0076729,
                12.482373
              ],
              [
                -70.007736,
                12.4823259
              ],
              [
                -70.007778,
                12.4823109
              ],
              [
                -70.0078169,
                12.4823229
              ],
              [
                -70.007856,
                12.4823419
              ],
              [
                -70.007979,
                12.4823409
              ],
              [
                -70.0080479,
                12.482364
              ],
              [
                -70.0081209,
                12.482406
              ],
              [
                -70.008388,
                12.4825849
              ],
              [
                -70.008585,
                12.4827419
              ],
              [
                -70.0087,
                12.482847
              ],
              [
                -70.008733,
                12.482905
              ],
              [
                -70.0088134,
                12.4829913
              ],
              [
                -70.0088817,
                12.4831114
              ],
              [
                -70.0089097,
                12.4831538
              ],
              [
                -70.0089226,
                12.4831734
              ],
              [
                -70.0089913,
                12.4832448
              ],
              [
                -70.0091093,
                12.4832699
              ],
              [
                -70.0091361,
                12.4832811
              ],
              [
                -70.009195,
                12.4832869
              ],
              [
                -70.0092669,
                12.4832969
              ],
              [
                -70.0093453,
                12.4833047
              ],
              [
                -70.0094171,
                12.4833309
              ],
              [
                -70.0094888,
                12.4833708
              ],
              [
                -70.0095499,
                12.483418
              ],
              [
                -70.0096058,
                12.4834673
              ],
              [
                -70.0096471,
                12.4835037
              ],
              [
                -70.0097959,
                12.4836131
              ],
              [
                -70.0098402,
                12.4836492
              ],
              [
                -70.0098737,
                12.4836766
              ],
              [
                -70.0099133,
                12.48371
              ],
              [
                -70.0100206,
                12.4837617
              ],
              [
                -70.0100569,
                12.4837792
              ],
              [
                -70.0101118,
                12.4838056
              ],
              [
                -70.0101782,
                12.4838389
              ],
              [
                -70.0102365,
                12.4838638
              ],
              [
                -70.0102861,
                12.4838857
              ],
              [
                -70.0103505,
                12.4839142
              ],
              [
                -70.0104511,
                12.4839928
              ],
              [
                -70.0104707,
                12.4840017
              ],
              [
                -70.0105315,
                12.4840295
              ],
              [
                -70.0107229,
                12.484158
              ],
              [
                -70.010783,
                12.484192
              ],
              [
                -70.0108519,
                12.484246
              ],
              [
                -70.0109089,
                12.4842809
              ],
              [
                -70.010989,
                12.4843249
              ],
              [
                -70.0110109,
                12.484328
              ],
              [
                -70.01103,
                12.484317
              ],
              [
                -70.011031,
                12.484304
              ],
              [
                -70.011018,
                12.484291
              ],
              [
                -70.010964,
                12.484259
              ],
              [
                -70.010932,
                12.484229
              ],
              [
                -70.010918,
                12.484213
              ],
              [
                -70.0108959,
                12.4841669
              ],
              [
                -70.010842,
                12.4841209
              ],
              [
                -70.010783,
                12.484085
              ],
              [
                -70.010728,
                12.484041
              ],
              [
                -70.0106519,
                12.4839939
              ],
              [
                -70.010411,
                12.483872
              ],
              [
                -70.0103465,
                12.4838448
              ],
              [
                -70.010254,
                12.4838059
              ],
              [
                -70.0101965,
                12.4837863
              ],
              [
                -70.010181,
                12.483781
              ],
              [
                -70.0100699,
                12.4837213
              ],
              [
                -70.0100414,
                12.483706
              ],
              [
                -70.009977,
                12.4836262
              ],
              [
                -70.0098811,
                12.4835443
              ],
              [
                -70.0097805,
                12.4834854
              ],
              [
                -70.009708,
                12.4834609
              ],
              [
                -70.009662,
                12.4834049
              ],
              [
                -70.009603,
                12.4833609
              ],
              [
                -70.009536,
                12.4833189
              ],
              [
                -70.009503,
                12.4832769
              ],
              [
                -70.009446,
                12.4832459
              ],
              [
                -70.009389,
                12.48324
              ],
              [
                -70.0093259,
                12.48321
              ],
              [
                -70.009258,
                12.4831869
              ],
              [
                -70.0091819,
                12.483171
              ],
              [
                -70.0091279,
                12.483152
              ],
              [
                -70.0091109,
                12.483128
              ],
              [
                -70.009134,
                12.4830999
              ],
              [
                -70.009177,
                12.483092
              ],
              [
                -70.0092429,
                12.483093
              ],
              [
                -70.009331,
                12.483108
              ],
              [
                -70.0094859,
                12.483162
              ],
              [
                -70.0095609,
                12.483198
              ],
              [
                -70.009624,
                12.48324
              ],
              [
                -70.009767,
                12.4833589
              ],
              [
                -70.0099759,
                12.483516
              ],
              [
                -70.010154,
                12.4837
              ],
              [
                -70.0101899,
                12.483711
              ],
              [
                -70.0102489,
                12.483712
              ],
              [
                -70.0103039,
                12.483726
              ],
              [
                -70.0103438,
                12.4837404
              ],
              [
                -70.010387,
                12.483756
              ],
              [
                -70.010529,
                12.48383
              ],
              [
                -70.0106639,
                12.48391
              ],
              [
                -70.010888,
                12.4840669
              ],
              [
                -70.0109379,
                12.48409
              ],
              [
                -70.0110649,
                12.484127
              ],
              [
                -70.0112089,
                12.484178
              ],
              [
                -70.011266,
                12.484219
              ],
              [
                -70.011304,
                12.484258
              ],
              [
                -70.0113496,
                12.4842926
              ],
              [
                -70.0113751,
                12.4843339
              ],
              [
                -70.0113959,
                12.4843915
              ],
              [
                -70.0113778,
                12.4844393
              ],
              [
                -70.0113313,
                12.4844945
              ],
              [
                -70.0113221,
                12.4845054
              ],
              [
                -70.0113107,
                12.4845349
              ],
              [
                -70.0113074,
                12.4845657
              ],
              [
                -70.011307,
                12.4845979
              ],
              [
                -70.011346,
                12.4846389
              ],
              [
                -70.0114099,
                12.484678
              ],
              [
                -70.011464,
                12.484708
              ],
              [
                -70.0115289,
                12.484736
              ],
              [
                -70.011681,
                12.4847719
              ],
              [
                -70.011822,
                12.4848879
              ],
              [
                -70.0118619,
                12.4849156
              ],
              [
                -70.011881,
                12.4849289
              ],
              [
                -70.011936,
                12.484951
              ],
              [
                -70.011979,
                12.48495
              ],
              [
                -70.0120289,
                12.4849299
              ],
              [
                -70.012052,
                12.484895
              ],
              [
                -70.012048,
                12.484835
              ],
              [
                -70.012056,
                12.4847999
              ],
              [
                -70.012079,
                12.484777
              ],
              [
                -70.012114,
                12.484766
              ],
              [
                -70.0121619,
                12.484773
              ],
              [
                -70.0121909,
                12.4847849
              ],
              [
                -70.0122339,
                12.484824
              ],
              [
                -70.012298,
                12.4848689
              ],
              [
                -70.0124065,
                12.4849301
              ],
              [
                -70.01247,
                12.484966
              ],
              [
                -70.012587,
                12.485018
              ],
              [
                -70.012698,
                12.4850439
              ],
              [
                -70.012713,
                12.485052
              ],
              [
                -70.0127369,
                12.485077
              ],
              [
                -70.012759,
                12.4851169
              ],
              [
                -70.012773,
                12.4851749
              ],
              [
                -70.0127909,
                12.485225
              ],
              [
                -70.0128239,
                12.4852729
              ],
              [
                -70.0128869,
                12.4853406
              ],
              [
                -70.0129969,
                12.4854587
              ],
              [
                -70.0130949,
                12.485564
              ],
              [
                -70.013187,
                12.485671
              ],
              [
                -70.01322,
                12.4858049
              ],
              [
                -70.0132969,
                12.485943
              ],
              [
                -70.013316,
                12.486004
              ],
              [
                -70.01335,
                12.486057
              ],
              [
                -70.013415,
                12.486096
              ],
              [
                -70.0135279,
                12.4861489
              ],
              [
                -70.013575,
                12.4861349
              ],
              [
                -70.013647,
                12.4861369
              ],
              [
                -70.01372,
                12.4861639
              ],
              [
                -70.013792,
                12.486203
              ],
              [
                -70.013849,
                12.486256
              ],
              [
                -70.0140139,
                12.486442
              ],
              [
                -70.014082,
                12.4864949
              ],
              [
                -70.014224,
                12.486592
              ],
              [
                -70.0142889,
                12.486645
              ],
              [
                -70.0143459,
                12.486704
              ],
              [
                -70.014415,
                12.48675
              ],
              [
                -70.0144889,
                12.4867819
              ],
              [
                -70.0145573,
                12.4868175
              ],
              [
                -70.014631,
                12.4868559
              ],
              [
                -70.0147349,
                12.4869549
              ],
              [
                -70.0148079,
                12.486993
              ],
              [
                -70.0148329,
                12.4870097
              ],
              [
                -70.014857,
                12.4870259
              ],
              [
                -70.014902,
                12.487078
              ],
              [
                -70.014932,
                12.4871299
              ],
              [
                -70.014996,
                12.4871999
              ],
              [
                -70.0150404,
                12.4872323
              ],
              [
                -70.0150659,
                12.487251
              ],
              [
                -70.0152929,
                12.4873719
              ],
              [
                -70.0154239,
                12.48742
              ],
              [
                -70.0154497,
                12.4874324
              ],
              [
                -70.0154799,
                12.4874469
              ],
              [
                -70.0155959,
                12.487528
              ],
              [
                -70.0156549,
                12.48758
              ],
              [
                -70.015693,
                12.4876339
              ],
              [
                -70.015705,
                12.487678
              ],
              [
                -70.0156839,
                12.487723
              ],
              [
                -70.015687,
                12.487764
              ],
              [
                -70.015795,
                12.487955
              ],
              [
                -70.015816,
                12.488023
              ],
              [
                -70.01582,
                12.4880779
              ],
              [
                -70.0158409,
                12.488141
              ],
              [
                -70.0158859,
                12.4881779
              ],
              [
                -70.015951,
                12.488187
              ],
              [
                -70.016024,
                12.488183
              ],
              [
                -70.0160859,
                12.48819
              ],
              [
                -70.0162019,
                12.4882499
              ],
              [
                -70.0163019,
                12.488272
              ],
              [
                -70.0163439,
                12.48827
              ],
              [
                -70.016398,
                12.488276
              ],
              [
                -70.016451,
                12.4883069
              ],
              [
                -70.0166803,
                12.4885198
              ],
              [
                -70.0170647,
                12.4888192
              ],
              [
                -70.0171049,
                12.48885
              ],
              [
                -70.0171809,
                12.48892
              ],
              [
                -70.017218,
                12.489021
              ],
              [
                -70.017253,
                12.4891072
              ],
              [
                -70.0174122,
                12.4892891
              ],
              [
                -70.017514,
                12.4894153
              ],
              [
                -70.0176882,
                12.489532
              ],
              [
                -70.0179412,
                12.4896976
              ],
              [
                -70.018138,
                12.48984
              ],
              [
                -70.0181879,
                12.489896
              ],
              [
                -70.018326,
                12.4900209
              ],
              [
                -70.0183599,
                12.4900779
              ],
              [
                -70.018378,
                12.4901339
              ],
              [
                -70.018398,
                12.490171
              ],
              [
                -70.018452,
                12.490212
              ],
              [
                -70.018521,
                12.4902489
              ],
              [
                -70.018568,
                12.490282
              ],
              [
                -70.018611,
                12.490344
              ],
              [
                -70.0186491,
                12.4904033
              ],
              [
                -70.0187059,
                12.4904691
              ],
              [
                -70.018945,
                12.4907229
              ],
              [
                -70.019,
                12.4907669
              ],
              [
                -70.0193141,
                12.4909541
              ],
              [
                -70.019386,
                12.4909969
              ],
              [
                -70.0194219,
                12.491036
              ],
              [
                -70.01946,
                12.4910679
              ],
              [
                -70.019575,
                12.491119
              ],
              [
                -70.0196259,
                12.491159
              ],
              [
                -70.019673,
                12.4912249
              ],
              [
                -70.0198089,
                12.491447
              ],
              [
                -70.019862,
                12.4915159
              ],
              [
                -70.020017,
                12.491665
              ],
              [
                -70.020208,
                12.4919319
              ],
              [
                -70.020262,
                12.4920189
              ],
              [
                -70.020278,
                12.492052
              ],
              [
                -70.020292,
                12.4921069
              ],
              [
                -70.020323,
                12.4921759
              ],
              [
                -70.020364,
                12.492243
              ],
              [
                -70.0203989,
                12.4923179
              ],
              [
                -70.020451,
                12.4924
              ],
              [
                -70.020525,
                12.4924769
              ],
              [
                -70.0206139,
                12.492546
              ],
              [
                -70.020708,
                12.4926079
              ],
              [
                -70.020821,
                12.492672
              ],
              [
                -70.020915,
                12.492703
              ],
              [
                -70.0209929,
                12.4927539
              ],
              [
                -70.021058,
                12.492827
              ],
              [
                -70.021215,
                12.492946
              ],
              [
                -70.0212909,
                12.4930109
              ],
              [
                -70.0213799,
                12.493075
              ],
              [
                -70.0214509,
                12.493145
              ],
              [
                -70.0215595,
                12.4932126
              ],
              [
                -70.021701,
                12.4934053
              ],
              [
                -70.0218495,
                12.4935362
              ],
              [
                -70.0219963,
                12.4937191
              ],
              [
                -70.0222597,
                12.4940157
              ],
              [
                -70.0225416,
                12.4942046
              ],
              [
                -70.022692,
                12.4943629
              ],
              [
                -70.0228579,
                12.4944929
              ],
              [
                -70.022911,
                12.494557
              ],
              [
                -70.022985,
                12.494625
              ],
              [
                -70.023067,
                12.4946479
              ],
              [
                -70.0231349,
                12.4946809
              ],
              [
                -70.023224,
                12.494747
              ],
              [
                -70.02331,
                12.4947939
              ],
              [
                -70.0233939,
                12.494828
              ],
              [
                -70.0234659,
                12.4948799
              ],
              [
                -70.023568,
                12.4950519
              ],
              [
                -70.02363,
                12.495119
              ],
              [
                -70.0237059,
                12.4951689
              ],
              [
                -70.023802,
                12.4953099
              ],
              [
                -70.0238519,
                12.495392
              ],
              [
                -70.0239119,
                12.495465
              ],
              [
                -70.023989,
                12.495516
              ],
              [
                -70.024188,
                12.495622
              ],
              [
                -70.024294,
                12.4956569
              ],
              [
                -70.0243849,
                12.4956979
              ],
              [
                -70.024462,
                12.4957549
              ],
              [
                -70.024552,
                12.49584
              ],
              [
                -70.024622,
                12.4959289
              ],
              [
                -70.024652,
                12.495985
              ],
              [
                -70.024668,
                12.4960589
              ],
              [
                -70.024732,
                12.4961479
              ],
              [
                -70.024855,
                12.496256
              ],
              [
                -70.024991,
                12.496399
              ],
              [
                -70.025039,
                12.496474
              ],
              [
                -70.025069,
                12.496499
              ],
              [
                -70.025097,
                12.4965499
              ],
              [
                -70.0251319,
                12.496595
              ],
              [
                -70.025199,
                12.4966349
              ],
              [
                -70.0252199,
                12.4966789
              ],
              [
                -70.0252169,
                12.4967339
              ],
              [
                -70.025193,
                12.496789
              ],
              [
                -70.025182,
                12.4968519
              ],
              [
                -70.025157,
                12.4968779
              ],
              [
                -70.025085,
                12.4969359
              ],
              [
                -70.0251329,
                12.496975
              ],
              [
                -70.025165,
                12.4970089
              ],
              [
                -70.025198,
                12.497071
              ],
              [
                -70.025185,
                12.497119
              ],
              [
                -70.025172,
                12.497149
              ],
              [
                -70.025182,
                12.497172
              ],
              [
                -70.025215,
                12.4972
              ],
              [
                -70.025259,
                12.4972264
              ],
              [
                -70.025295,
                12.497248
              ],
              [
                -70.0253307,
                12.4972635
              ],
              [
                -70.025412,
                12.497299
              ],
              [
                -70.0254459,
                12.4973229
              ],
              [
                -70.025503,
                12.497321
              ],
              [
                -70.025584,
                12.497333
              ],
              [
                -70.025615,
                12.497315
              ],
              [
                -70.025642,
                12.497291
              ],
              [
                -70.025696,
                12.497273
              ],
              [
                -70.025775,
                12.4972969
              ],
              [
                -70.0258219,
                12.4973389
              ],
              [
                -70.025897,
                12.497418
              ],
              [
                -70.0259359,
                12.4974709
              ],
              [
                -70.0258939,
                12.497505
              ],
              [
                -70.025898,
                12.497523
              ],
              [
                -70.025914,
                12.497549
              ],
              [
                -70.025956,
                12.497566
              ],
              [
                -70.026041,
                12.497573
              ],
              [
                -70.0261659,
                12.497608
              ],
              [
                -70.026274,
                12.49762
              ],
              [
                -70.026334,
                12.497638
              ],
              [
                -70.0263999,
                12.497678
              ],
              [
                -70.026475,
                12.497705
              ],
              [
                -70.026537,
                12.4977569
              ],
              [
                -70.02669,
                12.497926
              ],
              [
                -70.0267289,
                12.498006
              ],
              [
                -70.026754,
                12.498069
              ],
              [
                -70.026766,
                12.4981299
              ],
              [
                -70.026767,
                12.498214
              ],
              [
                -70.026761,
                12.498256
              ],
              [
                -70.0267719,
                12.498293
              ],
              [
                -70.0268149,
                12.498294
              ],
              [
                -70.026868,
                12.498307
              ],
              [
                -70.0269159,
                12.498343
              ],
              [
                -70.0269569,
                12.498342
              ],
              [
                -70.0269879,
                12.498351
              ],
              [
                -70.02701,
                12.498392
              ],
              [
                -70.027024,
                12.498454
              ],
              [
                -70.027035,
                12.498573
              ],
              [
                -70.027052,
                12.4986209
              ],
              [
                -70.027067,
                12.498614
              ],
              [
                -70.0270709,
                12.4985769
              ],
              [
                -70.027082,
                12.498541
              ],
              [
                -70.027107,
                12.498496
              ],
              [
                -70.02715,
                12.49847
              ],
              [
                -70.027206,
                12.498508
              ],
              [
                -70.027264,
                12.4985779
              ],
              [
                -70.0273479,
                12.498667
              ],
              [
                -70.0274603,
                12.4986569
              ],
              [
                -70.0275173,
                12.4987009
              ],
              [
                -70.0275891,
                12.4987452
              ],
              [
                -70.0276063,
                12.4987559
              ],
              [
                -70.0276863,
                12.4987506
              ],
              [
                -70.0277419,
                12.4987807
              ],
              [
                -70.0278063,
                12.4988442
              ],
              [
                -70.0278519,
                12.4988972
              ],
              [
                -70.027923,
                12.4989594
              ],
              [
                -70.0279545,
                12.4989882
              ],
              [
                -70.0279746,
                12.4990164
              ],
              [
                -70.0279907,
                12.4990484
              ],
              [
                -70.0280088,
                12.4990707
              ],
              [
                -70.0280363,
                12.4990943
              ],
              [
                -70.0280511,
                12.4991198
              ],
              [
                -70.0280799,
                12.4991486
              ],
              [
                -70.0281201,
                12.4991833
              ],
              [
                -70.0282234,
                12.4992979
              ],
              [
                -70.0283099,
                12.4994327
              ],
              [
                -70.0283609,
                12.4995218
              ],
              [
                -70.0283877,
                12.4995296
              ],
              [
                -70.0283971,
                12.499565
              ],
              [
                -70.0283032,
                12.4996756
              ],
              [
                -70.0282442,
                12.4997372
              ],
              [
                -70.0281865,
                12.4997931
              ],
              [
                -70.0281392,
                12.4998537
              ],
              [
                -70.0281131,
                12.4999077
              ],
              [
                -70.0281242,
                12.4999696
              ],
              [
                -70.0281282,
                12.5000416
              ],
              [
                -70.028273,
                12.5002445
              ],
              [
                -70.02855,
                12.5005031
              ],
              [
                -70.0286036,
                12.5005398
              ],
              [
                -70.0286827,
                12.5005542
              ],
              [
                -70.0287665,
                12.5005352
              ],
              [
                -70.0288349,
                12.5005123
              ],
              [
                -70.0289261,
                12.5004481
              ],
              [
                -70.0290602,
                12.5002988
              ],
              [
                -70.0291005,
                12.5002759
              ],
              [
                -70.0291293,
                12.5002772
              ],
              [
                -70.0291447,
                12.5003041
              ],
              [
                -70.0291273,
                12.5003578
              ],
              [
                -70.0289972,
                12.5004743
              ],
              [
                -70.0289181,
                12.5005836
              ],
              [
                -70.0288785,
                12.5006366
              ],
              [
                -70.028859,
                12.5006857
              ],
              [
                -70.0288561,
                12.5007154
              ],
              [
                -70.0289058,
                12.5007657
              ],
              [
                -70.0288951,
                12.5007841
              ],
              [
                -70.0288807,
                12.5008016
              ],
              [
                -70.0288683,
                12.5008166
              ],
              [
                -70.0287924,
                12.5008808
              ],
              [
                -70.0287482,
                12.5009283
              ],
              [
                -70.0286961,
                12.5009843
              ],
              [
                -70.0286308,
                12.501034
              ],
              [
                -70.0286063,
                12.501017
              ],
              [
                -70.0281617,
                12.5006923
              ],
              [
                -70.0279082,
                12.5004186
              ],
              [
                -70.0277849,
                12.5002589
              ],
              [
                -70.0276886,
                12.5001669
              ],
              [
                -70.0276497,
                12.5001627
              ],
              [
                -70.0276253,
                12.5001597
              ],
              [
                -70.0275971,
                12.5001476
              ],
              [
                -70.0275813,
                12.5001116
              ],
              [
                -70.0276062,
                12.500071
              ],
              [
                -70.0276172,
                12.5000304
              ],
              [
                -70.0275937,
                12.499961
              ],
              [
                -70.0275683,
                12.4999178
              ],
              [
                -70.0275528,
                12.4998674
              ],
              [
                -70.0275307,
                12.4997928
              ],
              [
                -70.0274851,
                12.4997018
              ],
              [
                -70.0274355,
                12.499616
              ],
              [
                -70.0274026,
                12.4995637
              ]
            ]
          ],
          [
            [
              [
                -69.9839428,
                12.4687022
              ],
              [
                -69.9839646,
                12.4687218
              ],
              [
                -69.983982,
                12.4687268
              ],
              [
                -69.9840119,
                12.468715
              ],
              [
                -69.9840521,
                12.4687281
              ],
              [
                -69.9841078,
                12.4688034
              ],
              [
                -69.984142,
                12.4688132
              ],
              [
                -69.9841852,
                12.4687857
              ],
              [
                -69.9842053,
                12.4687742
              ],
              [
                -69.9843642,
                12.4687903
              ],
              [
                -69.984383,
                12.4688017
              ],
              [
                -69.9843854,
                12.4688171
              ],
              [
                -69.9843867,
                12.4688472
              ],
              [
                -69.9843777,
                12.468951
              ],
              [
                -69.9843736,
                12.4689805
              ],
              [
                -69.9843723,
                12.4689952
              ],
              [
                -69.9843515,
                12.4689991
              ],
              [
                -69.9842694,
                12.4689926
              ],
              [
                -69.9842667,
                12.4690063
              ],
              [
                -69.9842741,
                12.4690279
              ],
              [
                -69.9843451,
                12.469109
              ],
              [
                -69.9844093,
                12.4691832
              ],
              [
                -69.9845518,
                12.4691561
              ],
              [
                -69.9847847,
                12.4693697
              ],
              [
                -69.9848182,
                12.4694106
              ],
              [
                -69.9848762,
                12.4694918
              ],
              [
                -69.9848967,
                12.4694902
              ],
              [
                -69.9849211,
                12.469499
              ],
              [
                -69.9849523,
                12.4695373
              ],
              [
                -69.9849513,
                12.469554
              ],
              [
                -69.9848957,
                12.4696031
              ],
              [
                -69.9848806,
                12.4696257
              ],
              [
                -69.9849027,
                12.469662
              ],
              [
                -69.9849161,
                12.4696781
              ],
              [
                -69.9849463,
                12.4696711
              ],
              [
                -69.9849919,
                12.4696541
              ],
              [
                -69.985043,
                12.4696399
              ],
              [
                -69.9850951,
                12.4696417
              ],
              [
                -69.9851462,
                12.4696639
              ],
              [
                -69.9852265,
                12.4697032
              ],
              [
                -69.9852256,
                12.4697237
              ],
              [
                -69.9852092,
                12.4697343
              ],
              [
                -69.9851809,
                12.4697388
              ],
              [
                -69.9851416,
                12.4697156
              ],
              [
                -69.9851005,
                12.4696862
              ],
              [
                -69.9850713,
                12.4696755
              ],
              [
                -69.9850348,
                12.4696764
              ],
              [
                -69.9850108,
                12.4696801
              ],
              [
                -69.9850061,
                12.4697088
              ],
              [
                -69.9850029,
                12.4697807
              ],
              [
                -69.9850168,
                12.4698627
              ],
              [
                -69.9850728,
                12.4699932
              ],
              [
                -69.9851149,
                12.4700518
              ],
              [
                -69.9851554,
                12.4700842
              ],
              [
                -69.985193,
                12.4701009
              ],
              [
                -69.9852296,
                12.4700961
              ],
              [
                -69.9852683,
                12.470066
              ],
              [
                -69.9852993,
                12.4700362
              ],
              [
                -69.9853391,
                12.4700036
              ],
              [
                -69.9853459,
                12.469991
              ],
              [
                -69.9853495,
                12.4699747
              ],
              [
                -69.9853422,
                12.4699377
              ],
              [
                -69.9853267,
                12.4699074
              ],
              [
                -69.9853027,
                12.4698807
              ],
              [
                -69.9853419,
                12.4698565
              ],
              [
                -69.9853597,
                12.4699095
              ],
              [
                -69.9853805,
                12.4699514
              ],
              [
                -69.9854049,
                12.4699727
              ],
              [
                -69.9854527,
                12.4699907
              ],
              [
                -69.9855062,
                12.4700051
              ],
              [
                -69.9854935,
                12.4700444
              ],
              [
                -69.9854479,
                12.4700346
              ],
              [
                -69.9854113,
                12.4700225
              ],
              [
                -69.9853805,
                12.4700159
              ],
              [
                -69.985353,
                12.4700185
              ],
              [
                -69.9853302,
                12.4700287
              ],
              [
                -69.9852916,
                12.4700588
              ],
              [
                -69.9852417,
                12.4701046
              ],
              [
                -69.985238,
                12.4701246
              ],
              [
                -69.9852393,
                12.4701374
              ],
              [
                -69.9852417,
                12.4701551
              ],
              [
                -69.9852514,
                12.4701829
              ],
              [
                -69.9852715,
                12.4702284
              ],
              [
                -69.9852953,
                12.47027
              ],
              [
                -69.9853195,
                12.4703086
              ],
              [
                -69.9853422,
                12.4703328
              ],
              [
                -69.9853778,
                12.4703633
              ],
              [
                -69.9854398,
                12.4703983
              ],
              [
                -69.9854727,
                12.470415
              ],
              [
                -69.9854871,
                12.4704173
              ],
              [
                -69.9854992,
                12.4704137
              ],
              [
                -69.9855575,
                12.4703512
              ],
              [
                -69.9855977,
                12.4702942
              ],
              [
                -69.9856178,
                12.4702588
              ],
              [
                -69.9856239,
                12.4702268
              ],
              [
                -69.9856209,
                12.4701911
              ],
              [
                -69.9856172,
                12.4701737
              ],
              [
                -69.9856168,
                12.4701642
              ],
              [
                -69.9856205,
                12.470159
              ],
              [
                -69.9856259,
                12.470158
              ],
              [
                -69.9856319,
                12.4701616
              ],
              [
                -69.9856433,
                12.470192
              ],
              [
                -69.9856524,
                12.4702248
              ],
              [
                -69.9856537,
                12.4702539
              ],
              [
                -69.9856477,
                12.470284
              ],
              [
                -69.9856366,
                12.4703083
              ],
              [
                -69.9855528,
                12.4704192
              ],
              [
                -69.985524,
                12.4704513
              ],
              [
                -69.9854743,
                12.4705233
              ],
              [
                -69.9854643,
                12.4705495
              ],
              [
                -69.9854663,
                12.4705783
              ],
              [
                -69.9854737,
                12.4706058
              ],
              [
                -69.9854911,
                12.470632
              ],
              [
                -69.9855173,
                12.4706582
              ],
              [
                -69.9855758,
                12.4706845
              ],
              [
                -69.9856467,
                12.4706903
              ],
              [
                -69.9856755,
                12.4706982
              ],
              [
                -69.985697,
                12.4707113
              ],
              [
                -69.9857325,
                12.4707381
              ],
              [
                -69.9857701,
                12.4707656
              ],
              [
                -69.9858056,
                12.4707754
              ],
              [
                -69.9858297,
                12.4707787
              ],
              [
                -69.9858592,
                12.4707826
              ],
              [
                -69.9858847,
                12.4707905
              ],
              [
                -69.9859176,
                12.4708055
              ],
              [
                -69.9859558,
                12.4708284
              ],
              [
                -69.9859967,
                12.4708697
              ],
              [
                -69.9860564,
                12.4709515
              ],
              [
                -69.9861181,
                12.4710255
              ],
              [
                -69.9863072,
                12.4711696
              ],
              [
                -69.9864601,
                12.4712848
              ],
              [
                -69.986617,
                12.4714053
              ],
              [
                -69.986743,
                12.4714747
              ],
              [
                -69.9868087,
                12.4715192
              ],
              [
                -69.9868839,
                12.471569
              ],
              [
                -69.9869885,
                12.4716436
              ],
              [
                -69.9871105,
                12.4717588
              ],
              [
                -69.9871574,
                12.4717916
              ],
              [
                -69.9871883,
                12.4718531
              ],
              [
                -69.9872111,
                12.4719356
              ],
              [
                -69.9872473,
                12.4719932
              ],
              [
                -69.9873103,
                12.4720626
              ],
              [
                -69.9873975,
                12.472149
              ],
              [
                -69.9875598,
                12.4722747
              ],
              [
                -69.9877033,
                12.4723795
              ],
              [
                -69.9878669,
                12.4725131
              ],
              [
                -69.9879836,
                12.4726126
              ],
              [
                -69.988056,
                12.4726728
              ],
              [
                -69.9881338,
                12.4727069
              ],
              [
                -69.9882223,
                12.4727252
              ],
              [
                -69.9883269,
                12.4727383
              ],
              [
                -69.9884087,
                12.4727488
              ],
              [
                -69.9885187,
                12.4727867
              ],
              [
                -69.9886876,
                12.4728444
              ],
              [
                -69.9888164,
                12.4728823
              ],
              [
                -69.9889411,
                12.4729308
              ],
              [
                -69.9891034,
                12.4730002
              ],
              [
                -69.9892174,
                12.4730565
              ],
              [
                -69.989334,
                12.4731128
              ],
              [
                -69.9893743,
                12.4731416
              ],
              [
                -69.9894252,
                12.4731796
              ],
              [
                -69.9894775,
                12.4732241
              ],
              [
                -69.9895446,
                12.4732542
              ],
              [
                -69.989617,
                12.4732739
              ],
              [
                -69.9897337,
                12.4732961
              ],
              [
                -69.9898329,
                12.4733171
              ],
              [
                -69.9899027,
                12.473338
              ],
              [
                -69.9900113,
                12.4733812
              ],
              [
                -69.9901213,
                12.4734153
              ],
              [
                -69.9902245,
                12.4734402
              ],
              [
                -69.9903573,
                12.4734722
              ],
              [
                -69.990476,
                12.4734932
              ],
              [
                -69.9905799,
                12.4735069
              ],
              [
                -69.9906584,
                12.4735096
              ],
              [
                -69.9907684,
                12.4735181
              ],
              [
                -69.9908663,
                12.473541
              ],
              [
                -69.9909414,
                12.4735632
              ],
              [
                -69.9909977,
                12.4735862
              ],
              [
                -69.9910453,
                12.4736189
              ],
              [
                -69.9911063,
                12.4736601
              ],
              [
                -69.9911526,
                12.4737073
              ],
              [
                -69.9912062,
                12.4737413
              ],
              [
                -69.9912693,
                12.473759
              ],
              [
                -69.9913591,
                12.4737754
              ],
              [
                -69.9914215,
                12.4737721
              ],
              [
                -69.9915006,
                12.4737636
              ],
              [
                -69.9915549,
                12.4737656
              ],
              [
                -69.9916233,
                12.4737806
              ],
              [
                -69.9917333,
                12.4737924
              ],
              [
                -69.9918251,
                12.473797
              ],
              [
                -69.9919184,
                12.4737976
              ],
              [
                -69.9920142,
                12.4737872
              ],
              [
                -69.992194,
                12.4737636
              ],
              [
                -69.9922664,
                12.4737577
              ],
              [
                -69.9923019,
                12.4737597
              ],
              [
                -69.9923214,
                12.4737669
              ],
              [
                -69.9923421,
                12.473778
              ],
              [
                -69.9923716,
                12.4738016
              ],
              [
                -69.9924347,
                12.4738461
              ],
              [
                -69.9924823,
                12.4738749
              ],
              [
                -69.9925507,
                12.4739188
              ],
              [
                -69.9926881,
                12.4739869
              ],
              [
                -69.9928095,
                12.4740471
              ],
              [
                -69.9929155,
                12.4741021
              ],
              [
                -69.9929993,
                12.4741453
              ],
              [
                -69.9930523,
                12.4741662
              ],
              [
                -69.9931186,
                12.4741852
              ],
              [
                -69.993181,
                12.4741911
              ],
              [
                -69.9932471,
                12.4741908
              ],
              [
                -69.9932772,
                12.4741921
              ],
              [
                -69.9933124,
                12.4742003
              ],
              [
                -69.9933366,
                12.4742121
              ],
              [
                -69.9933728,
                12.4742376
              ],
              [
                -69.9936102,
                12.474417
              ],
              [
                -69.9937014,
                12.4744858
              ],
              [
                -69.9940261,
                12.4747134
              ],
              [
                -69.9944316,
                12.4749408
              ],
              [
                -69.9947655,
                12.4751097
              ],
              [
                -69.9950733,
                12.4752374
              ],
              [
                -69.9952128,
                12.4753022
              ],
              [
                -69.9952758,
                12.4753349
              ],
              [
                -69.995367,
                12.4753762
              ],
              [
                -69.9955125,
                12.4754135
              ],
              [
                -69.9956728,
                12.4754502
              ],
              [
                -69.9957908,
                12.4754724
              ],
              [
                -69.9959075,
                12.4754966
              ],
              [
                -69.9959591,
                12.4755137
              ],
              [
                -69.9960054,
                12.4755327
              ],
              [
                -69.9960369,
                12.4755569
              ],
              [
                -69.9960838,
                12.4755968
              ],
              [
                -69.9961388,
                12.4756361
              ],
              [
                -69.9962374,
                12.4756767
              ],
              [
                -69.9963708,
                12.4757179
              ],
              [
                -69.9964627,
                12.4757409
              ],
              [
                -69.9965096,
                12.4757605
              ],
              [
                -69.9965452,
                12.4757906
              ],
              [
                -69.9965753,
                12.4758371
              ],
              [
                -69.9965854,
                12.4758731
              ],
              [
                -69.9965861,
                12.4759045
              ],
              [
                -69.9965794,
                12.475936
              ],
              [
                -69.9965579,
                12.4759497
              ],
              [
                -69.9965398,
                12.4759517
              ],
              [
                -69.9965197,
                12.4759445
              ],
              [
                -69.9965103,
                12.4759229
              ],
              [
                -69.9964895,
                12.475879
              ],
              [
                -69.9964533,
                12.4758456
              ],
              [
                -69.9963963,
                12.4758161
              ],
              [
                -69.9963252,
                12.4757998
              ],
              [
                -69.9962461,
                12.475786
              ],
              [
                -69.996167,
                12.4757697
              ],
              [
                -69.9960503,
                12.4757219
              ],
              [
                -69.9960101,
                12.475699
              ],
              [
                -69.9959645,
                12.4756472
              ],
              [
                -69.9959323,
                12.4756237
              ],
              [
                -69.9958746,
                12.4755981
              ],
              [
                -69.9958022,
                12.47557
              ],
              [
                -69.9957512,
                12.4755543
              ],
              [
                -69.9956936,
                12.4755451
              ],
              [
                -69.9956299,
                12.4755431
              ],
              [
                -69.9955675,
                12.475534
              ],
              [
                -69.9955353,
                12.4755248
              ],
              [
                -69.9955065,
                12.4755274
              ],
              [
                -69.9954971,
                12.4755385
              ],
              [
                -69.9954958,
                12.4755523
              ],
              [
                -69.9955092,
                12.4755713
              ],
              [
                -69.9955662,
                12.4756021
              ],
              [
                -69.9956279,
                12.4756335
              ],
              [
                -69.9957445,
                12.4756819
              ],
              [
                -69.9958029,
                12.475716
              ],
              [
                -69.9958579,
                12.4757533
              ],
              [
                -69.9959262,
                12.4758175
              ],
              [
                -69.9960047,
                12.4758633
              ],
              [
                -69.9960758,
                12.4758908
              ],
              [
                -69.9961422,
                12.4759111
              ],
              [
                -69.9962059,
                12.4759235
              ],
              [
                -69.9962763,
                12.4759366
              ],
              [
                -69.9963366,
                12.4759497
              ],
              [
                -69.9963601,
                12.4759602
              ],
              [
                -69.9963755,
                12.4759811
              ],
              [
                -69.9963846,
                12.476006
              ],
              [
                -69.9963889,
                12.4760361
              ],
              [
                -69.996405,
                12.4760833
              ],
              [
                -69.9964251,
                12.4761114
              ],
              [
                -69.9964634,
                12.4761304
              ],
              [
                -69.9965056,
                12.4761474
              ],
              [
                -69.9966652,
                12.4762109
              ],
              [
                -69.9967366,
                12.476243
              ],
              [
                -69.9967805,
                12.4762738
              ],
              [
                -69.9968094,
                12.4762928
              ],
              [
                -69.9968352,
                12.4763055
              ],
              [
                -69.9968757,
                12.47632
              ],
              [
                -69.9969083,
                12.476333
              ],
              [
                -69.9969539,
                12.4763589
              ],
              [
                -69.9969767,
                12.4763655
              ],
              [
                -69.9970055,
                12.4763677
              ],
              [
                -69.9970323,
                12.4763704
              ],
              [
                -69.9970508,
                12.4763785
              ],
              [
                -69.9970642,
                12.4763894
              ],
              [
                -69.9970806,
                12.4763995
              ],
              [
                -69.9970959,
                12.4764027
              ],
              [
                -69.9971084,
                12.476407
              ],
              [
                -69.9971386,
                12.4764106
              ],
              [
                -69.9971581,
                12.4764162
              ],
              [
                -69.9971872,
                12.4764293
              ],
              [
                -69.997201,
                12.476443
              ],
              [
                -69.9972184,
                12.4764633
              ],
              [
                -69.9972298,
                12.4764813
              ],
              [
                -69.9972442,
                12.4764898
              ],
              [
                -69.99726,
                12.4764961
              ],
              [
                -69.9972858,
                12.476501
              ],
              [
                -69.9973133,
                12.4765095
              ],
              [
                -69.9973451,
                12.4765239
              ],
              [
                -69.9975343,
                12.4763111
              ],
              [
                -69.99788,
                12.4763741
              ],
              [
                -69.9982404,
                12.4764397
              ],
              [
                -69.9987811,
                12.4765738
              ],
              [
                -69.9993476,
                12.4768085
              ],
              [
                -69.9999913,
                12.4770347
              ],
              [
                -70.000369,
                12.4772778
              ],
              [
                -70.0007209,
                12.4775375
              ],
              [
                -70.0009441,
                12.4778309
              ],
              [
                -70.001562,
                12.4782331
              ],
              [
                -70.0016829,
                12.4785876
              ],
              [
                -70.0018948,
                12.4787512
              ],
              [
                -70.0021054,
                12.4788678
              ],
              [
                -70.0021409,
                12.4788665
              ],
              [
                -70.0021905,
                12.4788815
              ],
              [
                -70.0022408,
                12.4788828
              ],
              [
                -70.0022744,
                12.4788979
              ],
              [
                -70.0023086,
                12.4789234
              ],
              [
                -70.0023166,
                12.4789476
              ],
              [
                -70.002322,
                12.478983
              ],
              [
                -70.0023562,
                12.4790138
              ],
              [
                -70.002517,
                12.479124
              ],
              [
                -70.002843,
                12.479291
              ],
              [
                -70.002847,
                12.479286
              ],
              [
                -70.002858,
                12.479278
              ],
              [
                -70.002869,
                12.479274
              ],
              [
                -70.002875,
                12.479273
              ],
              [
                -70.002883,
                12.479275
              ],
              [
                -70.002902,
                12.479285
              ],
              [
                -70.002911,
                12.47929
              ],
              [
                -70.0029211,
                12.4793074
              ],
              [
                -70.0029436,
                12.4793182
              ],
              [
                -70.0029758,
                12.4793241
              ],
              [
                -70.003012,
                12.4793117
              ],
              [
                -70.0030589,
                12.4793333
              ],
              [
                -70.0030844,
                12.4793654
              ],
              [
                -70.0031099,
                12.4794099
              ],
              [
                -70.0031374,
                12.4794485
              ],
              [
                -70.0031918,
                12.4794982
              ],
              [
                -70.003253,
                12.479562
              ],
              [
                -70.003391,
                12.479673
              ],
              [
                -70.003477,
                12.479732
              ],
              [
                -70.003559,
                12.479777
              ],
              [
                -70.003634,
                12.479797
              ],
              [
                -70.0037415,
                12.4797929
              ],
              [
                -70.0037818,
                12.4797811
              ],
              [
                -70.0038859,
                12.4797762
              ],
              [
                -70.0039626,
                12.4798045
              ],
              [
                -70.0041061,
                12.479853
              ],
              [
                -70.0041752,
                12.4799793
              ],
              [
                -70.0042248,
                12.4800943
              ],
              [
                -70.0041268,
                12.4801224
              ],
              [
                -70.00402,
                12.480154
              ],
              [
                -70.003978,
                12.480161
              ],
              [
                -70.003924,
                12.480163
              ],
              [
                -70.003851,
                12.480123
              ],
              [
                -70.003811,
                12.480076
              ],
              [
                -70.003739,
                12.480058
              ],
              [
                -70.003611,
                12.479988
              ],
              [
                -70.00345,
                12.479869
              ],
              [
                -70.003152,
                12.479669
              ],
              [
                -70.003058,
                12.479602
              ],
              [
                -70.002974,
                12.479549
              ],
              [
                -70.002908,
                12.479509
              ],
              [
                -70.002886,
                12.4794938
              ],
              [
                -70.002856,
                12.479484
              ],
              [
                -70.002747,
                12.479418
              ],
              [
                -70.002643,
                12.479366
              ],
              [
                -70.0022315,
                12.4791633
              ],
              [
                -70.0018024,
                12.4789873
              ],
              [
                -70.0014762,
                12.4787359
              ],
              [
                -70.0010986,
                12.4784929
              ],
              [
                -70.0007692,
                12.4781884
              ],
              [
                -70.0004806,
                12.4779147
              ],
              [
                -70.0002402,
                12.47768
              ],
              [
                -69.9997768,
                12.4774035
              ],
              [
                -69.9992103,
                12.4771604
              ],
              [
                -69.9987983,
                12.4769928
              ],
              [
                -69.9982404,
                12.4768168
              ],
              [
                -69.997605,
                12.4767636
              ],
              [
                -69.9973324,
                12.47659
              ],
              [
                -69.9972875,
                12.476592
              ],
              [
                -69.9972486,
                12.4765841
              ],
              [
                -69.9972218,
                12.4765691
              ],
              [
                -69.9972031,
                12.4765514
              ],
              [
                -69.9971924,
                12.4765393
              ],
              [
                -69.9971782,
                12.4765329
              ],
              [
                -69.9971641,
                12.4765313
              ],
              [
                -69.99715,
                12.4765334
              ],
              [
                -69.9971332,
                12.4765386
              ],
              [
                -69.9971202,
                12.4765376
              ],
              [
                -69.9970652,
                12.476538
              ],
              [
                -69.9970203,
                12.4765406
              ],
              [
                -69.9969837,
                12.4765409
              ],
              [
                -69.9969475,
                12.4765324
              ],
              [
                -69.9969213,
                12.4765236
              ],
              [
                -69.9969066,
                12.4765128
              ],
              [
                -69.9968731,
                12.4764807
              ],
              [
                -69.9968328,
                12.476444
              ],
              [
                -69.9967892,
                12.4764198
              ],
              [
                -69.996696,
                12.4763727
              ],
              [
                -69.9965807,
                12.4763111
              ],
              [
                -69.9964379,
                12.476245
              ],
              [
                -69.9962977,
                12.4761756
              ],
              [
                -69.9962575,
                12.476154
              ],
              [
                -69.9962491,
                12.4761478
              ],
              [
                -69.9962381,
                12.4761376
              ],
              [
                -69.9962072,
                12.4761088
              ],
              [
                -69.9961683,
                12.4760761
              ],
              [
                -69.9961194,
                12.4760401
              ],
              [
                -69.996049,
                12.4760008
              ],
              [
                -69.995937,
                12.4759523
              ],
              [
                -69.9958371,
                12.4759183
              ],
              [
                -69.9957284,
                12.4758855
              ],
              [
                -69.9956721,
                12.4758725
              ],
              [
                -69.9956292,
                12.4758528
              ],
              [
                -69.9955937,
                12.475822
              ],
              [
                -69.9955675,
                12.4758004
              ],
              [
                -69.9955313,
                12.4757762
              ],
              [
                -69.9954877,
                12.4757585
              ],
              [
                -69.9954186,
                12.4757297
              ],
              [
                -69.9953442,
                12.4756924
              ],
              [
                -69.995316,
                12.4756734
              ],
              [
                -69.9952872,
                12.475644
              ],
              [
                -69.995249,
                12.475604
              ],
              [
                -69.9952155,
                12.4755876
              ],
              [
                -69.9951652,
                12.4755739
              ],
              [
                -69.9951196,
                12.4755674
              ],
              [
                -69.9950599,
                12.4755582
              ],
              [
                -69.9950237,
                12.4755464
              ],
              [
                -69.9949922,
                12.4755287
              ],
              [
                -69.9949566,
                12.4754927
              ],
              [
                -69.9949211,
                12.4754593
              ],
              [
                -69.9948701,
                12.4754279
              ],
              [
                -69.9948084,
                12.4754069
              ],
              [
                -69.9947253,
                12.4753952
              ],
              [
                -69.994683,
                12.4753912
              ],
              [
                -69.9946582,
                12.4753844
              ],
              [
                -69.9946214,
                12.4753549
              ],
              [
                -69.9945848,
                12.4753212
              ],
              [
                -69.9945439,
                12.475295
              ],
              [
                -69.9945141,
                12.4752842
              ],
              [
                -69.9944725,
                12.4752799
              ],
              [
                -69.9944282,
                12.4752731
              ],
              [
                -69.9943672,
                12.4752518
              ],
              [
                -69.994333,
                12.4752328
              ],
              [
                -69.9943069,
                12.4752073
              ],
              [
                -69.994276,
                12.4751693
              ],
              [
                -69.9942365,
                12.4751451
              ],
              [
                -69.9941969,
                12.4751451
              ],
              [
                -69.9941486,
                12.4751457
              ],
              [
                -69.9941057,
                12.4751293
              ],
              [
                -69.9940661,
                12.475094
              ],
              [
                -69.9940326,
                12.4750606
              ],
              [
                -69.9940058,
                12.4750292
              ],
              [
                -69.9939622,
                12.4749971
              ],
              [
                -69.9939132,
                12.4749788
              ],
              [
                -69.9938811,
                12.474965
              ],
              [
                -69.9938569,
                12.4749434
              ],
              [
                -69.9938301,
                12.4749087
              ],
              [
                -69.9937993,
                12.4748819
              ],
              [
                -69.9936879,
                12.4748288
              ],
              [
                -69.9936498,
                12.4748076
              ],
              [
                -69.9935894,
                12.4747758
              ],
              [
                -69.9935263,
                12.4747313
              ],
              [
                -69.9934734,
                12.4746835
              ],
              [
                -69.993415,
                12.4746324
              ],
              [
                -69.9933319,
                12.4745709
              ],
              [
                -69.9932668,
                12.4745349
              ],
              [
                -69.9931971,
                12.4745139
              ],
              [
                -69.993128,
                12.4744871
              ],
              [
                -69.9930536,
                12.4744497
              ],
              [
                -69.9930087,
                12.4744085
              ],
              [
                -69.9929785,
                12.4743869
              ],
              [
                -69.9929483,
                12.4743646
              ],
              [
                -69.9928223,
                12.4743031
              ],
              [
                -69.99281,
                12.4742937
              ],
              [
                -69.9927686,
                12.4742717
              ],
              [
                -69.9927284,
                12.474252
              ],
              [
                -69.9926861,
                12.4742455
              ],
              [
                -69.992656,
                12.4742481
              ],
              [
                -69.9926265,
                12.4742559
              ],
              [
                -69.9925822,
                12.4742631
              ],
              [
                -69.9925333,
                12.4742612
              ],
              [
                -69.9924206,
                12.4742409
              ],
              [
                -69.9923388,
                12.4742127
              ],
              [
                -69.9923033,
                12.4741918
              ],
              [
                -69.9922691,
                12.4741793
              ],
              [
                -69.9922214,
                12.4741669
              ],
              [
                -69.9921269,
                12.4741545
              ],
              [
                -69.9920645,
                12.4741532
              ],
              [
                -69.9920223,
                12.4741525
              ],
              [
                -69.99198,
                12.4741414
              ],
              [
                -69.9919304,
                12.4741237
              ],
              [
                -69.9919013,
                12.474107
              ],
              [
                -69.9918711,
                12.4740939
              ],
              [
                -69.9918557,
                12.4740913
              ],
              [
                -69.9918315,
                12.4740965
              ],
              [
                -69.991803,
                12.4741096
              ],
              [
                -69.9917785,
                12.4741207
              ],
              [
                -69.9917527,
                12.4741253
              ],
              [
                -69.9917306,
                12.4741214
              ],
              [
                -69.9916984,
                12.4740962
              ],
              [
                -69.9916595,
                12.4740621
              ],
              [
                -69.9916253,
                12.4740346
              ],
              [
                -69.9916032,
                12.4740268
              ],
              [
                -69.9915516,
                12.4740229
              ],
              [
                -69.9914631,
                12.4740137
              ],
              [
                -69.9913692,
                12.4739973
              ],
              [
                -69.9912136,
                12.4739829
              ],
              [
                -69.9911774,
                12.4739849
              ],
              [
                -69.9911358,
                12.4739783
              ],
              [
                -69.9910922,
                12.4739574
              ],
              [
                -69.9910466,
                12.4739247
              ],
              [
                -69.991001,
                12.4739037
              ],
              [
                -69.9909615,
                12.4738913
              ],
              [
                -69.9908609,
                12.473888
              ],
              [
                -69.9907744,
                12.4738919
              ],
              [
                -69.9907221,
                12.4738847
              ],
              [
                -69.9906805,
                12.4738677
              ],
              [
                -69.990643,
                12.4738559
              ],
              [
                -69.9905967,
                12.4738526
              ],
              [
                -69.9905444,
                12.4738546
              ],
              [
                -69.9905001,
                12.4738513
              ],
              [
                -69.9904773,
                12.4738422
              ],
              [
                -69.9904452,
                12.4738173
              ],
              [
                -69.9904177,
                12.4737878
              ],
              [
                -69.9903687,
                12.4737662
              ],
              [
                -69.9903318,
                12.4737623
              ],
              [
                -69.9902742,
                12.4737715
              ],
              [
                -69.9902326,
                12.473776
              ],
              [
                -69.9902091,
                12.4737747
              ],
              [
                -69.9901843,
                12.4737662
              ],
              [
                -69.9901528,
                12.4737394
              ],
              [
                -69.9901179,
                12.4737165
              ],
              [
                -69.9900784,
                12.4737047
              ],
              [
                -69.9900462,
                12.4737053
              ],
              [
                -69.9900093,
                12.4737099
              ],
              [
                -69.9899791,
                12.4737106
              ],
              [
                -69.9899443,
                12.4736988
              ],
              [
                -69.9899054,
                12.4736811
              ],
              [
                -69.9898577,
                12.4736634
              ],
              [
                -69.9898122,
                12.4736562
              ],
              [
                -69.9897726,
                12.4736615
              ],
              [
                -69.9897344,
                12.4736706
              ],
              [
                -69.9896995,
                12.4736687
              ],
              [
                -69.9896512,
                12.4736516
              ],
              [
                -69.9895976,
                12.4736222
              ],
              [
                -69.989552,
                12.4736025
              ],
              [
                -69.9895091,
                12.4735894
              ],
              [
                -69.9894507,
                12.4735835
              ],
              [
                -69.9894226,
                12.4735744
              ],
              [
                -69.9894045,
                12.4735541
              ],
              [
                -69.989375,
                12.4735272
              ],
              [
                -69.9893233,
                12.473503
              ],
              [
                -69.9892603,
                12.473484
              ],
              [
                -69.9891892,
                12.4734611
              ],
              [
                -69.9891376,
                12.4734539
              ],
              [
                -69.989098,
                12.4734598
              ],
              [
                -69.9890638,
                12.4734605
              ],
              [
                -69.989041,
                12.4734539
              ],
              [
                -69.9890142,
                12.4734323
              ],
              [
                -69.988988,
                12.4734042
              ],
              [
                -69.9889538,
                12.4733694
              ],
              [
                -69.9889223,
                12.4733583
              ],
              [
                -69.9888948,
                12.4733616
              ],
              [
                -69.9888626,
                12.4733734
              ],
              [
                -69.9888244,
                12.4733845
              ],
              [
                -69.9887768,
                12.4733839
              ],
              [
                -69.988744,
                12.4733734
              ],
              [
                -69.9887178,
                12.4733531
              ],
              [
                -69.9886937,
                12.4733393
              ],
              [
                -69.9886668,
                12.4733334
              ],
              [
                -69.9886239,
                12.4733413
              ],
              [
                -69.9885904,
                12.4733426
              ],
              [
                -69.9885636,
                12.4733361
              ],
              [
                -69.9885374,
                12.4733203
              ],
              [
                -69.9885059,
                12.4732752
              ],
              [
                -69.9884583,
                12.4732261
              ],
              [
                -69.9884053,
                12.4731901
              ],
              [
                -69.9883376,
                12.4731645
              ],
              [
                -69.9882343,
                12.4731115
              ],
              [
                -69.9881566,
                12.4730801
              ],
              [
                -69.9879769,
                12.4730172
              ],
              [
                -69.9877971,
                12.4729452
              ],
              [
                -69.9877247,
                12.4728994
              ],
              [
                -69.9876389,
                12.4728339
              ],
              [
                -69.9875611,
                12.4727802
              ],
              [
                -69.9874397,
                12.472701
              ],
              [
                -69.9873854,
                12.4726748
              ],
              [
                -69.9873418,
                12.4726617
              ],
              [
                -69.9873063,
                12.4726466
              ],
              [
                -69.9872808,
                12.4726303
              ],
              [
                -69.987258,
                12.4726067
              ],
              [
                -69.9872386,
                12.4725733
              ],
              [
                -69.9872205,
                12.4725379
              ],
              [
                -69.9871977,
                12.4724941
              ],
              [
                -69.9871608,
                12.4724548
              ],
              [
                -69.9871058,
                12.4723998
              ],
              [
                -69.9870602,
                12.4723559
              ],
              [
                -69.9870059,
                12.4723121
              ],
              [
                -69.986969,
                12.4722924
              ],
              [
                -69.9869268,
                12.4722774
              ],
              [
                -69.9869046,
                12.472259
              ],
              [
                -69.9868738,
                12.4722171
              ],
              [
                -69.9868557,
                12.4721661
              ],
              [
                -69.9868309,
                12.4721222
              ],
              [
                -69.9868141,
                12.4720862
              ],
              [
                -69.9867685,
                12.472039
              ],
              [
                -69.9867088,
                12.4719867
              ],
              [
                -69.9866659,
                12.4719408
              ],
              [
                -69.9866277,
                12.4718865
              ],
              [
                -69.9866049,
                12.4718466
              ],
              [
                -69.9865868,
                12.4718249
              ],
              [
                -69.9865647,
                12.4718138
              ],
              [
                -69.9865211,
                12.4718053
              ],
              [
                -69.9864446,
                12.4718017
              ],
              [
                -69.9864131,
                12.4717883
              ],
              [
                -69.9863873,
                12.4717755
              ],
              [
                -69.9863715,
                12.4717637
              ],
              [
                -69.9863612,
                12.4717493
              ],
              [
                -69.9863578,
                12.471733
              ],
              [
                -69.9863601,
                12.4717176
              ],
              [
                -69.9863679,
                12.4717035
              ],
              [
                -69.9863732,
                12.4716914
              ],
              [
                -69.9863719,
                12.4716803
              ],
              [
                -69.9863658,
                12.471677
              ],
              [
                -69.9863561,
                12.4716747
              ],
              [
                -69.986336,
                12.471675
              ],
              [
                -69.9863115,
                12.4716721
              ],
              [
                -69.9862884,
                12.4716645
              ],
              [
                -69.9862656,
                12.4716501
              ],
              [
                -69.9862475,
                12.4716305
              ],
              [
                -69.9862166,
                12.4715991
              ],
              [
                -69.9862046,
                12.4715866
              ],
              [
                -69.9861711,
                12.4715542
              ],
              [
                -69.9860654,
                12.4714648
              ],
              [
                -69.9859867,
                12.4714092
              ],
              [
                -69.9859284,
                12.4713724
              ],
              [
                -69.9857479,
                12.4712383
              ],
              [
                -69.9857238,
                12.4712075
              ],
              [
                -69.9857131,
                12.4711853
              ],
              [
                -69.985703,
                12.4711362
              ],
              [
                -69.9856715,
                12.4709993
              ],
              [
                -69.9856467,
                12.4709155
              ],
              [
                -69.9856199,
                12.4708677
              ],
              [
                -69.9855971,
                12.4708402
              ],
              [
                -69.9855541,
                12.4708173
              ],
              [
                -69.9855085,
                12.4708029
              ],
              [
                -69.9854509,
                12.4707964
              ],
              [
                -69.98541,
                12.4707767
              ],
              [
                -69.9853771,
                12.4707505
              ],
              [
                -69.9853496,
                12.4707119
              ],
              [
                -69.9853201,
                12.4706366
              ],
              [
                -69.985302,
                12.4706013
              ],
              [
                -69.9852799,
                12.4705862
              ],
              [
                -69.9852423,
                12.4705646
              ],
              [
                -69.985186,
                12.4704629
              ],
              [
                -69.9851404,
                12.4704362
              ],
              [
                -69.9850883,
                12.4704219
              ],
              [
                -69.9850196,
                12.4703666
              ],
              [
                -69.9850037,
                12.4703527
              ],
              [
                -69.984966,
                12.4703218
              ],
              [
                -69.9849181,
                12.4702811
              ],
              [
                -69.9848729,
                12.4703111
              ],
              [
                -69.9848038,
                12.4704003
              ],
              [
                -69.9847381,
                12.4704857
              ],
              [
                -69.9846837,
                12.4704538
              ],
              [
                -69.9847213,
                12.4703788
              ],
              [
                -69.9844978,
                12.4702421
              ],
              [
                -69.9843948,
                12.4700565
              ],
              [
                -69.9842418,
                12.4697674
              ],
              [
                -69.9840588,
                12.4696113
              ],
              [
                -69.9839845,
                12.4695272
              ],
              [
                -69.9839886,
                12.469508
              ],
              [
                -69.9840018,
                12.469447
              ],
              [
                -69.9840105,
                12.4693723
              ],
              [
                -69.9840045,
                12.4693016
              ],
              [
                -69.9838836,
                12.4690389
              ],
              [
                -69.9838674,
                12.4690244
              ],
              [
                -69.9838604,
                12.4690157
              ],
              [
                -69.9838511,
                12.4690104
              ],
              [
                -69.9838124,
                12.4689621
              ],
              [
                -69.9836652,
                12.468789
              ],
              [
                -69.9836739,
                12.4686233
              ],
              [
                -69.9836545,
                12.468533
              ],
              [
                -69.983684,
                12.4684714
              ],
              [
                -69.9837336,
                12.4684544
              ],
              [
                -69.9837866,
                12.4684917
              ],
              [
                -69.9838469,
                12.4685853
              ],
              [
                -69.9838768,
                12.468624
              ],
              [
                -69.9839146,
                12.4686642
              ],
              [
                -69.9839428,
                12.4687022
              ]
            ]
          ],
          [
            [
              [
                -69.9792704,
                12.4655287
              ],
              [
                -69.9792201,
                12.4655133
              ],
              [
                -69.9791931,
                12.4654996
              ],
              [
                -69.9791788,
                12.4655097
              ],
              [
                -69.9791406,
                12.4654789
              ],
              [
                -69.9791163,
                12.4654846
              ],
              [
                -69.9790848,
                12.4654607
              ],
              [
                -69.9790486,
                12.4654613
              ],
              [
                -69.9790088,
                12.4654338
              ],
              [
                -69.9789738,
                12.4653982
              ],
              [
                -69.9789318,
                12.4653998
              ],
              [
                -69.978882,
                12.4653744
              ],
              [
                -69.978853,
                12.4653743
              ],
              [
                -69.978866,
                12.4654063
              ],
              [
                -69.9788963,
                12.465413
              ],
              [
                -69.9789448,
                12.4654415
              ],
              [
                -69.9789491,
                12.4654792
              ],
              [
                -69.9789742,
                12.4654815
              ],
              [
                -69.9790244,
                12.4654924
              ],
              [
                -69.9790869,
                12.4655004
              ],
              [
                -69.9791303,
                12.4655293
              ],
              [
                -69.9791541,
                12.4655452
              ],
              [
                -69.9791868,
                12.4655822
              ],
              [
                -69.9792126,
                12.4656192
              ],
              [
                -69.9792578,
                12.46573
              ],
              [
                -69.9792876,
                12.4657814
              ],
              [
                -69.9793227,
                12.4657939
              ],
              [
                -69.9794163,
                12.4658273
              ],
              [
                -69.979509,
                12.4659039
              ],
              [
                -69.979556,
                12.4659476
              ],
              [
                -69.9795723,
                12.4659627
              ],
              [
                -69.9796639,
                12.4660277
              ],
              [
                -69.9797287,
                12.4660411
              ],
              [
                -69.9797331,
                12.466042
              ],
              [
                -69.9797641,
                12.4660418
              ],
              [
                -69.9798187,
                12.4660705
              ],
              [
                -69.9798409,
                12.4660822
              ],
              [
                -69.979942,
                12.4661226
              ],
              [
                -69.97995,
                12.4660984
              ],
              [
                -69.9800374,
                12.466119
              ],
              [
                -69.980075,
                12.4661242
              ],
              [
                -69.980081,
                12.4660845
              ],
              [
                -69.9800877,
                12.4660306
              ],
              [
                -69.9801134,
                12.4660326
              ],
              [
                -69.9801958,
                12.4660823
              ],
              [
                -69.9802085,
                12.4660996
              ],
              [
                -69.9802376,
                12.4661391
              ],
              [
                -69.9802915,
                12.4661891
              ],
              [
                -69.980341,
                12.4662391
              ],
              [
                -69.9804125,
                12.4662548
              ],
              [
                -69.9804425,
                12.4662772
              ],
              [
                -69.9804421,
                12.4663252
              ],
              [
                -69.9804176,
                12.466333
              ],
              [
                -69.9803672,
                12.4663181
              ],
              [
                -69.9803247,
                12.4663278
              ],
              [
                -69.980314,
                12.4663089
              ],
              [
                -69.980286,
                12.4662984
              ],
              [
                -69.98025,
                12.4662699
              ],
              [
                -69.980164,
                12.4662416
              ],
              [
                -69.980099,
                12.4662481
              ],
              [
                -69.9800322,
                12.4662428
              ],
              [
                -69.9799784,
                12.4662274
              ],
              [
                -69.9799298,
                12.466206
              ],
              [
                -69.9799228,
                12.466204
              ],
              [
                -69.9799094,
                12.4662002
              ],
              [
                -69.9798605,
                12.4661738
              ],
              [
                -69.9798301,
                12.4661574
              ],
              [
                -69.9797693,
                12.4661547
              ],
              [
                -69.9797396,
                12.4661333
              ],
              [
                -69.9797134,
                12.4661144
              ],
              [
                -69.9797137,
                12.4660742
              ],
              [
                -69.9796487,
                12.46604
              ],
              [
                -69.9795505,
                12.4660602
              ],
              [
                -69.9795338,
                12.4660483
              ],
              [
                -69.9795051,
                12.4660296
              ],
              [
                -69.9794556,
                12.466038
              ],
              [
                -69.9794242,
                12.46601
              ],
              [
                -69.9793893,
                12.465987
              ],
              [
                -69.9793257,
                12.4659806
              ],
              [
                -69.9793397,
                12.4659293
              ],
              [
                -69.9793309,
                12.465927
              ],
              [
                -69.9793247,
                12.4659254
              ],
              [
                -69.9793113,
                12.4659751
              ],
              [
                -69.9792566,
                12.465986
              ],
              [
                -69.9792363,
                12.4659731
              ],
              [
                -69.9792049,
                12.4659887
              ],
              [
                -69.9791857,
                12.4659687
              ],
              [
                -69.9791715,
                12.4660108
              ],
              [
                -69.9791056,
                12.4660002
              ],
              [
                -69.9791021,
                12.4659844
              ],
              [
                -69.9790747,
                12.4659838
              ],
              [
                -69.9790271,
                12.4659792
              ],
              [
                -69.9790258,
                12.4659921
              ],
              [
                -69.978986,
                12.4659658
              ],
              [
                -69.9789287,
                12.4659605
              ],
              [
                -69.9789205,
                12.4659427
              ],
              [
                -69.9789034,
                12.46596
              ],
              [
                -69.9788759,
                12.4659689
              ],
              [
                -69.9787192,
                12.4658902
              ],
              [
                -69.9786825,
                12.4658908
              ],
              [
                -69.9786423,
                12.4658863
              ],
              [
                -69.9786434,
                12.4658495
              ],
              [
                -69.9785381,
                12.4658587
              ],
              [
                -69.9784935,
                12.4658219
              ],
              [
                -69.978377,
                12.4658306
              ],
              [
                -69.978381,
                12.4657894
              ],
              [
                -69.9783378,
                12.4657998
              ],
              [
                -69.9783224,
                12.4657882
              ],
              [
                -69.9782404,
                12.4658073
              ],
              [
                -69.9781715,
                12.4657898
              ],
              [
                -69.978134,
                12.4657962
              ],
              [
                -69.9780861,
                12.465795
              ],
              [
                -69.978087,
                12.4657656
              ],
              [
                -69.9780576,
                12.4657379
              ],
              [
                -69.9780625,
                12.4657303
              ],
              [
                -69.978056,
                12.4657166
              ],
              [
                -69.978039,
                12.4657446
              ],
              [
                -69.9780044,
                12.4657155
              ],
              [
                -69.9779538,
                12.4656925
              ],
              [
                -69.9779319,
                12.4656733
              ],
              [
                -69.9778564,
                12.4656489
              ],
              [
                -69.9778476,
                12.465636
              ],
              [
                -69.9778606,
                12.465626
              ],
              [
                -69.9778841,
                12.4655772
              ],
              [
                -69.9779491,
                12.4655617
              ],
              [
                -69.977976,
                12.465547
              ],
              [
                -69.978002,
                12.4655327
              ],
              [
                -69.978022,
                12.465558
              ],
              [
                -69.9781156,
                12.4655486
              ],
              [
                -69.9781327,
                12.4655217
              ],
              [
                -69.9781255,
                12.4654812
              ],
              [
                -69.9781228,
                12.4654445
              ],
              [
                -69.9781304,
                12.4654062
              ],
              [
                -69.9781753,
                12.4653902
              ],
              [
                -69.978196,
                12.4653623
              ],
              [
                -69.978231,
                12.4653423
              ],
              [
                -69.9782724,
                12.465331
              ],
              [
                -69.9782919,
                12.4653256
              ],
              [
                -69.9783411,
                12.4652906
              ],
              [
                -69.9783486,
                12.4652583
              ],
              [
                -69.9784236,
                12.4652654
              ],
              [
                -69.9784848,
                12.465259
              ],
              [
                -69.9784695,
                12.4652284
              ],
              [
                -69.9784456,
                12.465218
              ],
              [
                -69.978381,
                12.4651595
              ],
              [
                -69.9783642,
                12.4651268
              ],
              [
                -69.9782953,
                12.4650961
              ],
              [
                -69.978272,
                12.4650885
              ],
              [
                -69.9782003,
                12.4650876
              ],
              [
                -69.978173,
                12.4650943
              ],
              [
                -69.9781839,
                12.4650435
              ],
              [
                -69.9782008,
                12.4650199
              ],
              [
                -69.9782188,
                12.4650393
              ],
              [
                -69.9782498,
                12.4650376
              ],
              [
                -69.9782791,
                12.4650257
              ],
              [
                -69.9783257,
                12.4650395
              ],
              [
                -69.978362,
                12.4650476
              ],
              [
                -69.978381,
                12.4650439
              ],
              [
                -69.9783899,
                12.465059
              ],
              [
                -69.9784126,
                12.4650741
              ],
              [
                -69.9784189,
                12.4650955
              ],
              [
                -69.978446,
                12.4651034
              ],
              [
                -69.978473,
                12.4651308
              ],
              [
                -69.9785095,
                12.4651396
              ],
              [
                -69.9785342,
                12.4651561
              ],
              [
                -69.9785606,
                12.465182
              ],
              [
                -69.9785806,
                12.4651796
              ],
              [
                -69.9786274,
                12.4651955
              ],
              [
                -69.9786552,
                12.4652198
              ],
              [
                -69.9787087,
                12.4652197
              ],
              [
                -69.9787518,
                12.4652162
              ],
              [
                -69.9788162,
                12.4652393
              ],
              [
                -69.9788772,
                12.4652524
              ],
              [
                -69.9788814,
                12.4652312
              ],
              [
                -69.9789626,
                12.4652686
              ],
              [
                -69.9789864,
                12.4652965
              ],
              [
                -69.9790154,
                12.465294
              ],
              [
                -69.9790932,
                12.4653677
              ],
              [
                -69.9791142,
                12.4653923
              ],
              [
                -69.9791378,
                12.4654199
              ],
              [
                -69.9791817,
                12.4654274
              ],
              [
                -69.9792127,
                12.4654633
              ],
              [
                -69.9792224,
                12.4654896
              ],
              [
                -69.9792529,
                12.4655091
              ],
              [
                -69.9792704,
                12.4655287
              ]
            ]
          ],
          [
            [
              [
                -69.9609832,
                12.4562664
              ],
              [
                -69.9611456,
                12.4562769
              ],
              [
                -69.9612595,
                12.4563135
              ],
              [
                -69.9613641,
                12.4563371
              ],
              [
                -69.9614231,
                12.456379
              ],
              [
                -69.9614848,
                12.4564576
              ],
              [
                -69.9615197,
                12.456544
              ],
              [
                -69.9615278,
                12.4568347
              ],
              [
                -69.9615009,
                12.456908
              ],
              [
                -69.9615492,
                12.4569814
              ],
              [
                -69.9615009,
                12.457094
              ],
              [
                -69.9614875,
                12.4570023
              ],
              [
                -69.9614258,
                12.4569526
              ],
              [
                -69.9614205,
                12.4568216
              ],
              [
                -69.9613051,
                12.456654
              ],
              [
                -69.961289,
                12.4565807
              ],
              [
                -69.9613105,
                12.4564942
              ],
              [
                -69.9612139,
                12.4564104
              ],
              [
                -69.9611469,
                12.4564235
              ],
              [
                -69.9610879,
                12.4564654
              ],
              [
                -69.9610289,
                12.4564358
              ],
              [
                -69.9609967,
                12.4563489
              ],
              [
                -69.9609631,
                12.4563201
              ],
              [
                -69.9608517,
                12.4563384
              ],
              [
                -69.9608568,
                12.4562961
              ],
              [
                -69.9609832,
                12.4562664
              ]
            ]
          ],
          [
            [
              [
                -69.9532058,
                12.4482052
              ],
              [
                -69.9534476,
                12.4482957
              ],
              [
                -69.9538979,
                12.448746
              ],
              [
                -69.9544783,
                12.4493828
              ],
              [
                -69.9549978,
                12.4496511
              ],
              [
                -69.9551377,
                12.4501583
              ],
              [
                -69.955265,
                12.4503298
              ],
              [
                -69.9550833,
                12.4502698
              ],
              [
                -69.9549263,
                12.4502517
              ],
              [
                -69.9548806,
                12.4500301
              ],
              [
                -69.9548454,
                12.4500215
              ],
              [
                -69.9548099,
                12.4501112
              ],
              [
                -69.9547712,
                12.450112
              ],
              [
                -69.9547462,
                12.4500143
              ],
              [
                -69.9546472,
                12.4499833
              ],
              [
                -69.9542921,
                12.4495495
              ],
              [
                -69.9542175,
                12.4495801
              ],
              [
                -69.9540533,
                12.4494948
              ],
              [
                -69.9540566,
                12.449282
              ],
              [
                -69.9540512,
                12.4491455
              ],
              [
                -69.9539872,
                12.4490819
              ],
              [
                -69.9538559,
                12.4490778
              ],
              [
                -69.9538275,
                12.4490416
              ],
              [
                -69.9537997,
                12.4488251
              ],
              [
                -69.953731,
                12.448797
              ],
              [
                -69.9537037,
                12.4487435
              ],
              [
                -69.9536504,
                12.4486674
              ],
              [
                -69.9535633,
                12.4486978
              ],
              [
                -69.9534836,
                12.448685
              ],
              [
                -69.9534827,
                12.4486608
              ],
              [
                -69.9535585,
                12.4486133
              ],
              [
                -69.9535408,
                12.4485648
              ],
              [
                -69.9531658,
                12.4483869
              ],
              [
                -69.9529531,
                12.4480574
              ],
              [
                -69.9529294,
                12.4480583
              ],
              [
                -69.952886,
                12.4480196
              ],
              [
                -69.9528193,
                12.4479608
              ],
              [
                -69.9527589,
                12.4478789
              ],
              [
                -69.9528477,
                12.4478284
              ],
              [
                -69.9529838,
                12.4478781
              ],
              [
                -69.9530206,
                12.4479608
              ],
              [
                -69.9531893,
                12.4480241
              ],
              [
                -69.9532058,
                12.4482052
              ]
            ]
          ],
          [
            [
              [
                -69.9484428,
                12.4447453
              ],
              [
                -69.9484828,
                12.4446777
              ],
              [
                -69.9485603,
                12.4446638
              ],
              [
                -69.9487102,
                12.4447271
              ],
              [
                -69.9488005,
                12.4448242
              ],
              [
                -69.9487902,
                12.4448545
              ],
              [
                -69.9487124,
                12.4448799
              ],
              [
                -69.9486555,
                12.4448769
              ],
              [
                -69.9485374,
                12.444823
              ],
              [
                -69.9484773,
                12.4447944
              ],
              [
                -69.9484428,
                12.4447453
              ]
            ]
          ],
          [
            [
              [
                -69.939292,
                12.440203
              ],
              [
                -69.9398106,
                12.4404056
              ],
              [
                -69.9400782,
                12.4404854
              ],
              [
                -69.9402945,
                12.4405727
              ],
              [
                -69.9407904,
                12.4406516
              ],
              [
                -69.9409135,
                12.4406954
              ],
              [
                -69.9409649,
                12.4407578
              ],
              [
                -69.9410286,
                12.4408125
              ],
              [
                -69.9410967,
                12.4408502
              ],
              [
                -69.9411913,
                12.44087
              ],
              [
                -69.9413557,
                12.4409599
              ],
              [
                -69.9416284,
                12.4411005
              ],
              [
                -69.9418911,
                12.4412644
              ],
              [
                -69.9420809,
                12.4413822
              ],
              [
                -69.9421798,
                12.4414558
              ],
              [
                -69.9422816,
                12.4416021
              ],
              [
                -69.9423673,
                12.4416373
              ],
              [
                -69.9424584,
                12.4416544
              ],
              [
                -69.942557,
                12.4416906
              ],
              [
                -69.9426281,
                12.4417397
              ],
              [
                -69.9427261,
                12.4418698
              ],
              [
                -69.9429028,
                12.4419752
              ],
              [
                -69.9430039,
                12.4420304
              ],
              [
                -69.9430935,
                12.4420628
              ],
              [
                -69.9432534,
                12.4421598
              ],
              [
                -69.943343,
                12.4421947
              ],
              [
                -69.9435813,
                12.4422528
              ],
              [
                -69.9436899,
                12.4422977
              ],
              [
                -69.9438795,
                12.4423415
              ],
              [
                -69.9440683,
                12.4423958
              ],
              [
                -69.9443213,
                12.4424967
              ],
              [
                -69.9445583,
                12.4425828
              ],
              [
                -69.9447754,
                12.4426544
              ],
              [
                -69.9449938,
                12.4427838
              ],
              [
                -69.9450516,
                12.4428545
              ],
              [
                -69.9451154,
                12.4428993
              ],
              [
                -69.9451758,
                12.4429371
              ],
              [
                -69.9452402,
                12.4429927
              ],
              [
                -69.9453146,
                12.4430379
              ],
              [
                -69.9454959,
                12.4430918
              ],
              [
                -69.9459665,
                12.4433095
              ],
              [
                -69.9461828,
                12.4434328
              ],
              [
                -69.9465332,
                12.4437016
              ],
              [
                -69.9467033,
                12.4437727
              ],
              [
                -69.9468528,
                12.4438836
              ],
              [
                -69.9469581,
                12.4439376
              ],
              [
                -69.9469824,
                12.4439739
              ],
              [
                -69.9469729,
                12.4440319
              ],
              [
                -69.9469519,
                12.4440608
              ],
              [
                -69.9468961,
                12.4440972
              ],
              [
                -69.946868,
                12.4440984
              ],
              [
                -69.9467832,
                12.4440627
              ],
              [
                -69.9466288,
                12.4439959
              ],
              [
                -69.9464838,
                12.4439524
              ],
              [
                -69.9464154,
                12.4438398
              ],
              [
                -69.9463496,
                12.4437752
              ],
              [
                -69.9462683,
                12.4437302
              ],
              [
                -69.946164,
                12.4436413
              ],
              [
                -69.9460167,
                12.4434914
              ],
              [
                -69.9459438,
                12.4434275
              ],
              [
                -69.9458897,
                12.4433666
              ],
              [
                -69.9458319,
                12.4433106
              ],
              [
                -69.9457835,
                12.4432917
              ],
              [
                -69.9457354,
                12.4432883
              ],
              [
                -69.9457213,
                12.4432929
              ],
              [
                -69.945716,
                12.4432995
              ],
              [
                -69.9457106,
                12.4433113
              ],
              [
                -69.9457162,
                12.443325
              ],
              [
                -69.9458146,
                12.443431
              ],
              [
                -69.9458333,
                12.4434376
              ],
              [
                -69.9458762,
                12.4434475
              ],
              [
                -69.945889,
                12.4434592
              ],
              [
                -69.9458883,
                12.4434717
              ],
              [
                -69.9458843,
                12.4434848
              ],
              [
                -69.9458689,
                12.4434887
              ],
              [
                -69.9458534,
                12.4434874
              ],
              [
                -69.9458233,
                12.4434867
              ],
              [
                -69.9458125,
                12.4434874
              ],
              [
                -69.9458039,
                12.4435074
              ],
              [
                -69.945785,
                12.4435208
              ],
              [
                -69.9457676,
                12.4435241
              ],
              [
                -69.9457508,
                12.4435155
              ],
              [
                -69.9456735,
                12.4434637
              ],
              [
                -69.9456218,
                12.4434124
              ],
              [
                -69.945555,
                12.4433473
              ],
              [
                -69.9454217,
                12.4432372
              ],
              [
                -69.9452959,
                12.4431687
              ],
              [
                -69.9451396,
                12.4430797
              ],
              [
                -69.9449833,
                12.4429324
              ],
              [
                -69.9449031,
                12.4428678
              ],
              [
                -69.9448038,
                12.4428293
              ],
              [
                -69.9446284,
                12.4427712
              ],
              [
                -69.9445465,
                12.4427295
              ],
              [
                -69.9442854,
                12.4426198
              ],
              [
                -69.9440347,
                12.4424944
              ],
              [
                -69.9439077,
                12.4424786
              ],
              [
                -69.9438339,
                12.442462
              ],
              [
                -69.9437572,
                12.4424287
              ],
              [
                -69.9437061,
                12.4424287
              ],
              [
                -69.9436578,
                12.4424481
              ],
              [
                -69.9435812,
                12.4424342
              ],
              [
                -69.9435073,
                12.4424037
              ],
              [
                -69.9434449,
                12.4423594
              ],
              [
                -69.9433881,
                12.4423289
              ],
              [
                -69.9433313,
                12.4423039
              ],
              [
                -69.9432887,
                12.4422512
              ],
              [
                -69.9432262,
                12.4422235
              ],
              [
                -69.9431581,
                12.4422235
              ],
              [
                -69.943107,
                12.4422679
              ],
              [
                -69.9430474,
                12.4422984
              ],
              [
                -69.9429934,
                12.4423316
              ],
              [
                -69.9429593,
                12.4423732
              ],
              [
                -69.9429139,
                12.4423981
              ],
              [
                -69.9428713,
                12.4423954
              ],
              [
                -69.9428174,
                12.4423705
              ],
              [
                -69.9427804,
                12.4423206
              ],
              [
                -69.9427492,
                12.4422706
              ],
              [
                -69.9426811,
                12.4422679
              ],
              [
                -69.9426328,
                12.4422429
              ],
              [
                -69.9425959,
                12.4421875
              ],
              [
                -69.942559,
                12.4421292
              ],
              [
                -69.9424936,
                12.4420821
              ],
              [
                -69.9424671,
                12.4420676
              ],
              [
                -69.9424412,
                12.4420641
              ],
              [
                -69.9424232,
                12.4420725
              ],
              [
                -69.9424105,
                12.4420904
              ],
              [
                -69.9423982,
                12.4420837
              ],
              [
                -69.9423817,
                12.4420762
              ],
              [
                -69.9423947,
                12.4420311
              ],
              [
                -69.9423606,
                12.441888
              ],
              [
                -69.9423411,
                12.4418492
              ],
              [
                -69.9423074,
                12.4418088
              ],
              [
                -69.942271,
                12.4417758
              ],
              [
                -69.9422372,
                12.4417486
              ],
              [
                -69.9422094,
                12.4417007
              ],
              [
                -69.9421612,
                12.4416603
              ],
              [
                -69.9421232,
                12.441629
              ],
              [
                -69.9420995,
                12.4416141
              ],
              [
                -69.9420776,
                12.4415927
              ],
              [
                -69.9420733,
                12.4415646
              ],
              [
                -69.9420497,
                12.4415341
              ],
              [
                -69.9420091,
                12.4415102
              ],
              [
                -69.9419238,
                12.4414829
              ],
              [
                -69.9418385,
                12.4414673
              ],
              [
                -69.9417245,
                12.4413494
              ],
              [
                -69.9416679,
                12.441316
              ],
              [
                -69.9415806,
                12.4412887
              ],
              [
                -69.9415283,
                12.4412556
              ],
              [
                -69.9414865,
                12.4412158
              ],
              [
                -69.9413172,
                12.4412478
              ],
              [
                -69.9412351,
                12.44125
              ],
              [
                -69.941178,
                12.4412452
              ],
              [
                -69.9411392,
                12.4412393
              ],
              [
                -69.941111,
                12.4412308
              ],
              [
                -69.9410694,
                12.4412283
              ],
              [
                -69.941028,
                12.4412301
              ],
              [
                -69.9409912,
                12.441225
              ],
              [
                -69.9409627,
                12.4412169
              ],
              [
                -69.9409133,
                12.4411857
              ],
              [
                -69.9408489,
                12.4410521
              ],
              [
                -69.940754,
                12.4409577
              ],
              [
                -69.9404627,
                12.4407585
              ],
              [
                -69.9403728,
                12.440669
              ],
              [
                -69.9402878,
                12.4406401
              ],
              [
                -69.9401206,
                12.4406569
              ],
              [
                -69.9399588,
                12.4405657
              ],
              [
                -69.9398574,
                12.4405409
              ],
              [
                -69.9392404,
                12.4402653
              ],
              [
                -69.9391512,
                12.4402402
              ],
              [
                -69.9390576,
                12.4402516
              ],
              [
                -69.938694,
                12.4401463
              ],
              [
                -69.9385112,
                12.4400967
              ],
              [
                -69.9384554,
                12.4400841
              ],
              [
                -69.9384513,
                12.4400595
              ],
              [
                -69.9384754,
                12.4400457
              ],
              [
                -69.9386128,
                12.440047
              ],
              [
                -69.9387497,
                12.4400635
              ],
              [
                -69.9389261,
                12.4401219
              ],
              [
                -69.939292,
                12.440203
              ]
            ]
          ],
          [
            [
              [
                -69.9351178,
                12.4391163
              ],
              [
                -69.9347084,
                12.4389982
              ],
              [
                -69.9345448,
                12.4389683
              ],
              [
                -69.9344185,
                12.4388854
              ],
              [
                -69.9342387,
                12.4388492
              ],
              [
                -69.9341315,
                12.4388016
              ],
              [
                -69.9339384,
                12.4387387
              ],
              [
                -69.9339411,
                12.4386667
              ],
              [
                -69.9340336,
                12.4386025
              ],
              [
                -69.9340779,
                12.4386012
              ],
              [
                -69.9341623,
                12.438613
              ],
              [
                -69.9342603,
                12.4386405
              ],
              [
                -69.9343863,
                12.4386785
              ],
              [
                -69.9344319,
                12.4386641
              ],
              [
                -69.9346331,
                12.4386903
              ],
              [
                -69.9347256,
                12.4387217
              ],
              [
                -69.9348128,
                12.4387662
              ],
              [
                -69.9349576,
                12.4388226
              ],
              [
                -69.935081,
                12.4388789
              ],
              [
                -69.9352701,
                12.4389326
              ],
              [
                -69.9354391,
                12.4389954
              ],
              [
                -69.9356134,
                12.439129
              ],
              [
                -69.9356939,
                12.4392233
              ],
              [
                -69.9376292,
                12.4399116
              ],
              [
                -69.937444,
                12.4399281
              ],
              [
                -69.9369101,
                12.4397518
              ],
              [
                -69.9368154,
                12.4397492
              ],
              [
                -69.9367025,
                12.4397059
              ],
              [
                -69.9366297,
                12.4396327
              ],
              [
                -69.9363231,
                12.4395273
              ],
              [
                -69.9362436,
                12.4394758
              ],
              [
                -69.9361017,
                12.4394438
              ],
              [
                -69.9359376,
                12.4393782
              ],
              [
                -69.9355504,
                12.4393045
              ],
              [
                -69.9351178,
                12.4391163
              ]
            ]
          ],
          [
            [
              [
                -69.9066522,
                12.4238257
              ],
              [
                -69.9069861,
                12.4240095
              ],
              [
                -69.9072072,
                12.4241564
              ],
              [
                -69.9073753,
                12.4243036
              ],
              [
                -69.9076173,
                12.4244493
              ],
              [
                -69.9078498,
                12.4245376
              ],
              [
                -69.9080604,
                12.4246277
              ],
              [
                -69.9082155,
                12.4247675
              ],
              [
                -69.9084728,
                12.4249439
              ],
              [
                -69.9086863,
                12.4250128
              ],
              [
                -69.908777,
                12.4250439
              ],
              [
                -69.9089942,
                12.4252088
              ],
              [
                -69.9091944,
                12.4253303
              ],
              [
                -69.9093749,
                12.4254904
              ],
              [
                -69.9095899,
                12.4256597
              ],
              [
                -69.9098857,
                12.425889
              ],
              [
                -69.9103491,
                12.4261374
              ],
              [
                -69.9106352,
                12.426342
              ],
              [
                -69.911029,
                12.4265368
              ],
              [
                -69.911349,
                12.4267176
              ],
              [
                -69.9116359,
                12.426911
              ],
              [
                -69.9119576,
                12.4271331
              ],
              [
                -69.9125287,
                12.4274619
              ],
              [
                -69.9128838,
                12.4277134
              ],
              [
                -69.9131498,
                12.4278896
              ],
              [
                -69.9135161,
                12.4281521
              ],
              [
                -69.9137258,
                12.4282753
              ],
              [
                -69.913848,
                12.4283471
              ],
              [
                -69.9141088,
                12.428487
              ],
              [
                -69.9144048,
                12.4286794
              ],
              [
                -69.9147663,
                12.4288187
              ],
              [
                -69.9150731,
                12.4288866
              ],
              [
                -69.9152447,
                12.4289533
              ],
              [
                -69.9153824,
                12.4290019
              ],
              [
                -69.9155358,
                12.4290272
              ],
              [
                -69.9156967,
                12.4290605
              ],
              [
                -69.915755,
                12.4290916
              ],
              [
                -69.9157558,
                12.4291523
              ],
              [
                -69.9157248,
                12.4291927
              ],
              [
                -69.9152209,
                12.4291066
              ],
              [
                -69.9149648,
                12.4291792
              ],
              [
                -69.9148226,
                12.4291708
              ],
              [
                -69.9143314,
                12.4289285
              ],
              [
                -69.9138562,
                12.4287654
              ],
              [
                -69.9134468,
                12.4285198
              ],
              [
                -69.9129173,
                12.4281789
              ],
              [
                -69.9120895,
                12.427676
              ],
              [
                -69.9113636,
                12.4272714
              ],
              [
                -69.910954,
                12.4270456
              ],
              [
                -69.9109569,
                12.4271614
              ],
              [
                -69.9109261,
                12.427137
              ],
              [
                -69.9109258,
                12.4270339
              ],
              [
                -69.910452,
                12.426684
              ],
              [
                -69.9100322,
                12.4264126
              ],
              [
                -69.9095922,
                12.4261126
              ],
              [
                -69.909519,
                12.4261242
              ],
              [
                -69.9093754,
                12.4260074
              ],
              [
                -69.9091508,
                12.4258451
              ],
              [
                -69.908818,
                12.4256323
              ],
              [
                -69.908467,
                12.4253681
              ],
              [
                -69.9081378,
                12.4250869
              ],
              [
                -69.9079026,
                12.4249193
              ],
              [
                -69.9077263,
                12.4247603
              ],
              [
                -69.9075062,
                12.4245919
              ],
              [
                -69.9072053,
                12.4244076
              ],
              [
                -69.9068232,
                12.4241505
              ],
              [
                -69.9065166,
                12.4239973
              ],
              [
                -69.9063961,
                12.4239985
              ],
              [
                -69.9061856,
                12.4238689
              ],
              [
                -69.9057987,
                12.4237541
              ],
              [
                -69.9055433,
                12.4235961
              ],
              [
                -69.9052544,
                12.4236954
              ],
              [
                -69.9051451,
                12.4235793
              ],
              [
                -69.90516,
                12.4234518
              ],
              [
                -69.9052082,
                12.4234213
              ],
              [
                -69.9052919,
                12.4233683
              ],
              [
                -69.9054831,
                12.4233562
              ],
              [
                -69.9056123,
                12.4234075
              ],
              [
                -69.9058989,
                12.4235626
              ],
              [
                -69.9061415,
                12.4236478
              ],
              [
                -69.906369,
                12.423717
              ],
              [
                -69.9066522,
                12.4238257
              ]
            ]
          ],
          [
            [
              [
                -69.90186,
                12.4221544
              ],
              [
                -69.9019423,
                12.4222775
              ],
              [
                -69.90198,
                12.4224542
              ],
              [
                -69.9020293,
                12.4225517
              ],
              [
                -69.90204,
                12.422635
              ],
              [
                -69.9020112,
                12.4227178
              ],
              [
                -69.9019761,
                12.4227626
              ],
              [
                -69.9019033,
                12.4228111
              ],
              [
                -69.9017549,
                12.4228063
              ],
              [
                -69.9015735,
                12.4226965
              ],
              [
                -69.9015557,
                12.4225684
              ],
              [
                -69.9017168,
                12.4222546
              ],
              [
                -69.9017025,
                12.4221563
              ],
              [
                -69.9016737,
                12.4221031
              ],
              [
                -69.9016012,
                12.4221005
              ],
              [
                -69.9015741,
                12.422034
              ],
              [
                -69.9016181,
                12.4220085
              ],
              [
                -69.901683,
                12.4220196
              ],
              [
                -69.9018057,
                12.4220876
              ],
              [
                -69.90186,
                12.4221544
              ]
            ]
          ],
          [
            [
              [
                -69.8977398,
                12.4190374
              ],
              [
                -69.8977468,
                12.4191306
              ],
              [
                -69.8978103,
                12.4193146
              ],
              [
                -69.897876,
                12.419384
              ],
              [
                -69.8979109,
                12.4194487
              ],
              [
                -69.8978508,
                12.4194594
              ],
              [
                -69.8977372,
                12.4194409
              ],
              [
                -69.8976304,
                12.4194182
              ],
              [
                -69.8975443,
                12.4194252
              ],
              [
                -69.8974861,
                12.4193998
              ],
              [
                -69.8974442,
                12.4193345
              ],
              [
                -69.8973914,
                12.4191289
              ],
              [
                -69.8973496,
                12.4190232
              ],
              [
                -69.8972724,
                12.4188938
              ],
              [
                -69.8972059,
                12.4188137
              ],
              [
                -69.8971246,
                12.4187343
              ],
              [
                -69.897094,
                12.4186792
              ],
              [
                -69.8970728,
                12.4186186
              ],
              [
                -69.8970534,
                12.4184912
              ],
              [
                -69.8970228,
                12.4182723
              ],
              [
                -69.8972399,
                12.4184221
              ],
              [
                -69.8974301,
                12.418567
              ],
              [
                -69.8975374,
                12.4186716
              ],
              [
                -69.8976748,
                12.4188697
              ],
              [
                -69.8977282,
                12.4189649
              ],
              [
                -69.8977398,
                12.4190374
              ]
            ]
          ],
          [
            [
              [
                -69.8962135,
                12.415085
              ],
              [
                -69.896256,
                12.4150868
              ],
              [
                -69.8962904,
                12.4151486
              ],
              [
                -69.8963014,
                12.4152996
              ],
              [
                -69.8963499,
                12.4154138
              ],
              [
                -69.8963416,
                12.4154804
              ],
              [
                -69.8963052,
                12.4154738
              ],
              [
                -69.8962207,
                12.4153527
              ],
              [
                -69.8962034,
                12.4152626
              ],
              [
                -69.8961319,
                12.4151165
              ],
              [
                -69.8960188,
                12.4151121
              ],
              [
                -69.8960077,
                12.4150273
              ],
              [
                -69.8960512,
                12.4149915
              ],
              [
                -69.8961562,
                12.4149945
              ],
              [
                -69.8962135,
                12.415085
              ]
            ]
          ],
          [
            [
              [
                -69.894219,
                12.418901
              ],
              [
                -69.8942261,
                12.4187823
              ],
              [
                -69.8941864,
                12.4186302
              ],
              [
                -69.8940596,
                12.4185459
              ],
              [
                -69.8939118,
                12.4184919
              ],
              [
                -69.8937928,
                12.4184903
              ],
              [
                -69.8937507,
                12.4184472
              ],
              [
                -69.8937353,
                12.4183979
              ],
              [
                -69.893778,
                12.4183365
              ],
              [
                -69.8939259,
                12.4181994
              ],
              [
                -69.8939682,
                12.4181602
              ],
              [
                -69.8940379,
                12.4181615
              ],
              [
                -69.8941565,
                12.4182498
              ],
              [
                -69.8942653,
                12.4182936
              ],
              [
                -69.8943804,
                12.4182871
              ],
              [
                -69.8945539,
                12.4183199
              ],
              [
                -69.8946235,
                12.4182813
              ],
              [
                -69.8946998,
                12.4183179
              ],
              [
                -69.894789,
                12.4184275
              ],
              [
                -69.8947938,
                12.4185205
              ],
              [
                -69.8947663,
                12.418634
              ],
              [
                -69.8948012,
                12.41875
              ],
              [
                -69.8948146,
                12.4189602
              ],
              [
                -69.8947337,
                12.4190492
              ],
              [
                -69.8946081,
                12.4190559
              ],
              [
                -69.8943831,
                12.4189549
              ],
              [
                -69.894253,
                12.4189436
              ],
              [
                -69.8941557,
                12.4190092
              ],
              [
                -69.8941094,
                12.4189907
              ],
              [
                -69.8941494,
                12.4189431
              ],
              [
                -69.894219,
                12.418901
              ]
            ]
          ],
          [
            [
              [
                -69.8803745,
                12.4124097
              ],
              [
                -69.880305,
                12.4124375
              ],
              [
                -69.8801661,
                12.4124947
              ],
              [
                -69.8800994,
                12.4124943
              ],
              [
                -69.8800033,
                12.4124679
              ],
              [
                -69.8799479,
                12.4124323
              ],
              [
                -69.8799143,
                12.4123978
              ],
              [
                -69.8799112,
                12.4123613
              ],
              [
                -69.8799236,
                12.412323
              ],
              [
                -69.8799736,
                12.4123161
              ],
              [
                -69.8800331,
                12.4123143
              ],
              [
                -69.8800755,
                12.4123051
              ],
              [
                -69.8801091,
                12.4123264
              ],
              [
                -69.8801367,
                12.4122964
              ],
              [
                -69.8801697,
                12.4122989
              ],
              [
                -69.8802139,
                12.4123116
              ],
              [
                -69.8802228,
                12.4122896
              ],
              [
                -69.8802458,
                12.4122845
              ],
              [
                -69.8803121,
                12.4122769
              ],
              [
                -69.8803334,
                12.4122507
              ],
              [
                -69.8803717,
                12.4122429
              ],
              [
                -69.8804135,
                12.4122538
              ],
              [
                -69.8804132,
                12.4123251
              ],
              [
                -69.8804347,
                12.412327
              ],
              [
                -69.8804648,
                12.412317
              ],
              [
                -69.8805057,
                12.4122737
              ],
              [
                -69.8805428,
                12.4122399
              ],
              [
                -69.8805886,
                12.4122128
              ],
              [
                -69.8806489,
                12.4121898
              ],
              [
                -69.8806784,
                12.4121638
              ],
              [
                -69.8806866,
                12.4121251
              ],
              [
                -69.8807053,
                12.4121134
              ],
              [
                -69.8807853,
                12.4121001
              ],
              [
                -69.8808194,
                12.4121265
              ],
              [
                -69.8808364,
                12.4121385
              ],
              [
                -69.8808066,
                12.412221
              ],
              [
                -69.880754,
                12.4122802
              ],
              [
                -69.8806988,
                12.412364
              ],
              [
                -69.880666,
                12.4123948
              ],
              [
                -69.8806149,
                12.4123891
              ],
              [
                -69.8805747,
                12.4123588
              ],
              [
                -69.8805414,
                12.4123724
              ],
              [
                -69.8804474,
                12.4123955
              ],
              [
                -69.8803745,
                12.4124097
              ]
            ]
          ]
        ]
      },
      "properties": {
        "osm_id": -1231749,
        "name": "Aruba",
        "name_en": "Aruba",
        "boundary": "administrative",
        "admin_level": 3,
        "admin_centre_node_id": 50031810,
        "admin_centre_node_lat": 12.5201024,
        "admin_centre_node_lng": -70.0371329,
        "label_node_id": 1770467684,
        "label_node_lat": 12.5013629,
        "label_node_lng": -69.9618475
      }
    }
  ]
}