{
  "type": "FeatureCollection",
  "features": [
    {
      "type": "Feature",
      "geometry": {
        "type": "MultiPolygon",
        "coordinates": [
          [
            [
              [
                5.808126,
                49.5425635
              ],
              [
                5.8082913,
                49.5419158
              ],
              [
                5.8085478,
                49.5409107
              ],
              [
                5.8087137,
                49.5409646
              ],
              [
                5.8119364,
                49.5420108
              ],
              [
                5.8119556,
                49.541997
              ],
              [
                5.8121576,
                49.5418286
              ],
              [
                5.8122322,
                49.5418525
              ],
              [
                5.8123706,
                49.5418821
              ],
              [
                5.8124981,
                49.5418743
              ],
              [
                5.8127023,
                49.5418204
              ],
              [
                5.8129168,
                49.5417073
              ],
              [
                5.8130651,
                49.5415282
              ],
              [
                5.8133123,
                49.5414984
              ],
              [
                5.8133216,
                49.5414846
              ],
              [
                5.8133524,
                49.5414386
              ],
              [
                5.8134244,
                49.5413313
              ],
              [
                5.8136997,
                49.5409651
              ],
              [
                5.8138925,
                49.5407232
              ],
              [
                5.8139713,
                49.5406449
              ],
              [
                5.8139743,
                49.5406418
              ],
              [
                5.8140332,
                49.5405789
              ],
              [
                5.8140442,
                49.540556
              ],
              [
                5.8140563,
                49.5405309
              ],
              [
                5.8141056,
                49.5404142
              ],
              [
                5.8141398,
                49.5403268
              ],
              [
                5.8141769,
                49.5402287
              ],
              [
                5.8142221,
                49.5401233
              ],
              [
                5.8143199,
                49.5400111
              ],
              [
                5.8145384,
                49.5398423
              ],
              [
                5.814646,
                49.5397743
              ],
              [
                5.8146693,
                49.5397596
              ],
              [
                5.8147418,
                49.539701
              ],
              [
                5.8148843,
                49.5395836
              ],
              [
                5.8152838,
                49.5392492
              ],
              [
                5.8153506,
                49.5391738
              ],
              [
                5.8154011,
                49.5391274
              ],
              [
                5.8153756,
                49.5389481
              ],
              [
                5.8153398,
                49.5389182
              ],
              [
                5.8153418,
                49.5388218
              ],
              [
                5.8153788,
                49.5386726
              ],
              [
                5.8154459,
                49.5385646
              ],
              [
                5.8154341,
                49.5384924
              ],
              [
                5.8160117,
                49.5374969
              ],
              [
                5.8172142,
                49.5377081
              ],
              [
                5.8171695,
                49.5370264
              ],
              [
                5.8186798,
                49.5372998
              ],
              [
                5.820371,
                49.5377597
              ],
              [
                5.8215676,
                49.538051
              ],
              [
                5.8220544,
                49.538286
              ],
              [
                5.8224413,
                49.5385363
              ],
              [
                5.8224969,
                49.5385703
              ],
              [
                5.8224954,
                49.53855
              ],
              [
                5.8224971,
                49.5384824
              ],
              [
                5.8225052,
                49.5384386
              ],
              [
                5.8225271,
                49.5383821
              ],
              [
                5.8225765,
                49.5382968
              ],
              [
                5.8226278,
                49.5382092
              ],
              [
                5.8227157,
                49.5380243
              ],
              [
                5.8227445,
                49.5380388
              ],
              [
                5.8227886,
                49.5380611
              ],
              [
                5.822971,
                49.5381545
              ],
              [
                5.8231148,
                49.5382351
              ],
              [
                5.8234497,
                49.5384253
              ],
              [
                5.8236794,
                49.5385612
              ],
              [
                5.8237319,
                49.5386003
              ],
              [
                5.8238317,
                49.5386763
              ],
              [
                5.8240523,
                49.5388546
              ],
              [
                5.8244359,
                49.5391688
              ],
              [
                5.8244836,
                49.5391814
              ],
              [
                5.8250837,
                49.5393387
              ],
              [
                5.825307,
                49.5393955
              ],
              [
                5.8254619,
                49.5394332
              ],
              [
                5.8255631,
                49.5394579
              ],
              [
                5.8263736,
                49.5396698
              ],
              [
                5.8267036,
                49.5397572
              ],
              [
                5.826836,
                49.5397922
              ],
              [
                5.8271599,
                49.5398836
              ],
              [
                5.8276768,
                49.5400125
              ],
              [
                5.8278593,
                49.5400625
              ],
              [
                5.8280188,
                49.5401062
              ],
              [
                5.8280212,
                49.5402242
              ],
              [
                5.8280105,
                49.5403332
              ],
              [
                5.8285604,
                49.5405592
              ],
              [
                5.8289725,
                49.540722
              ],
              [
                5.8293928,
                49.5408295
              ],
              [
                5.8298778,
                49.5409364
              ],
              [
                5.83064,
                49.5410425
              ],
              [
                5.8315002,
                49.5411719
              ],
              [
                5.8315266,
                49.5411759
              ],
              [
                5.8318045,
                49.5412583
              ],
              [
                5.8318582,
                49.5412742
              ],
              [
                5.8321908,
                49.5413727
              ],
              [
                5.8329216,
                49.5415937
              ],
              [
                5.8334409,
                49.5417369
              ],
              [
                5.8335356,
                49.5417236
              ],
              [
                5.8335676,
                49.541732
              ],
              [
                5.8335963,
                49.541752
              ],
              [
                5.8336283,
                49.5417677
              ],
              [
                5.8336715,
                49.5417824
              ],
              [
                5.8338476,
                49.5418122
              ],
              [
                5.8338828,
                49.5418237
              ],
              [
                5.8339211,
                49.5418406
              ],
              [
                5.8340705,
                49.541924
              ],
              [
                5.8342654,
                49.5420154
              ],
              [
                5.8343885,
                49.5420752
              ],
              [
                5.8344748,
                49.5421162
              ],
              [
                5.8345387,
                49.5421435
              ],
              [
                5.8346986,
                49.5422024
              ],
              [
                5.8350195,
                49.5423231
              ],
              [
                5.8350738,
                49.5423389
              ],
              [
                5.835402,
                49.5424118
              ],
              [
                5.8356116,
                49.5424625
              ],
              [
                5.8358789,
                49.5425291
              ],
              [
                5.8361398,
                49.5425903
              ],
              [
                5.8362887,
                49.5426231
              ],
              [
                5.8363824,
                49.542642
              ],
              [
                5.8365297,
                49.5426602
              ],
              [
                5.8366868,
                49.5426731
              ],
              [
                5.8367813,
                49.5426765
              ],
              [
                5.8368663,
                49.5426737
              ],
              [
                5.8369225,
                49.5426665
              ],
              [
                5.8369626,
                49.542652
              ],
              [
                5.8370758,
                49.5425841
              ],
              [
                5.8372881,
                49.5421204
              ],
              [
                5.8373844,
                49.5418378
              ],
              [
                5.8376069,
                49.5412497
              ],
              [
                5.8377334,
                49.5409153
              ],
              [
                5.8378279,
                49.5406711
              ],
              [
                5.8378427,
                49.5406328
              ],
              [
                5.8379242,
                49.5404308
              ],
              [
                5.8380022,
                49.5402374
              ],
              [
                5.8382058,
                49.5397158
              ],
              [
                5.8383149,
                49.5394364
              ],
              [
                5.8383891,
                49.5392464
              ],
              [
                5.8384518,
                49.5390859
              ],
              [
                5.8385624,
                49.538805
              ],
              [
                5.8386783,
                49.5385106
              ],
              [
                5.8387614,
                49.5382995
              ],
              [
                5.8389369,
                49.537863
              ],
              [
                5.8390779,
                49.5375122
              ],
              [
                5.839157,
                49.5373154
              ],
              [
                5.8394808,
                49.5369785
              ],
              [
                5.8397413,
                49.5367076
              ],
              [
                5.8399892,
                49.5364513
              ],
              [
                5.840294,
                49.5361357
              ],
              [
                5.8405779,
                49.5358419
              ],
              [
                5.8409024,
                49.5355036
              ],
              [
                5.8411394,
                49.5352553
              ],
              [
                5.8412954,
                49.535092
              ],
              [
                5.8413752,
                49.5350086
              ],
              [
                5.8414509,
                49.5349295
              ],
              [
                5.8415265,
                49.5348434
              ],
              [
                5.841575,
                49.5347956
              ],
              [
                5.8417216,
                49.534641
              ],
              [
                5.8417689,
                49.5345909
              ],
              [
                5.8418408,
                49.5345145
              ],
              [
                5.8418943,
                49.5344578
              ],
              [
                5.8419167,
                49.534435
              ],
              [
                5.8420083,
                49.5343415
              ],
              [
                5.8420525,
                49.5342965
              ],
              [
                5.8421039,
                49.5342432
              ],
              [
                5.8422205,
                49.5341226
              ],
              [
                5.8423428,
                49.5339959
              ],
              [
                5.8425091,
                49.5338252
              ],
              [
                5.8427198,
                49.5336201
              ],
              [
                5.8429795,
                49.5333662
              ],
              [
                5.8432037,
                49.5331591
              ],
              [
                5.843429,
                49.5329536
              ],
              [
                5.8434447,
                49.5329365
              ],
              [
                5.8435065,
                49.5328693
              ],
              [
                5.8436989,
                49.5326172
              ],
              [
                5.8439456,
                49.532278
              ],
              [
                5.8441592,
                49.5319842
              ],
              [
                5.8443635,
                49.531706
              ],
              [
                5.8447508,
                49.5311786
              ],
              [
                5.8449728,
                49.5308781
              ],
              [
                5.8450839,
                49.5307277
              ],
              [
                5.8458085,
                49.5299027
              ],
              [
                5.8457579,
                49.5298984
              ],
              [
                5.8452288,
                49.5298527
              ],
              [
                5.8448877,
                49.5298151
              ],
              [
                5.8446068,
                49.5297791
              ],
              [
                5.843926,
                49.5296546
              ],
              [
                5.8436733,
                49.529599
              ],
              [
                5.8434148,
                49.5295303
              ],
              [
                5.8433931,
                49.5295612
              ],
              [
                5.8433783,
                49.5295825
              ],
              [
                5.8432194,
                49.5295467
              ],
              [
                5.8430257,
                49.5294999
              ],
              [
                5.8427431,
                49.5294174
              ],
              [
                5.8422919,
                49.5292739
              ],
              [
                5.8420424,
                49.5291876
              ],
              [
                5.84177,
                49.5290966
              ],
              [
                5.841611,
                49.5290467
              ],
              [
                5.8414377,
                49.52899
              ],
              [
                5.8413124,
                49.5289536
              ],
              [
                5.8410759,
                49.5288896
              ],
              [
                5.8408665,
                49.5288321
              ],
              [
                5.840764,
                49.5288021
              ],
              [
                5.8406808,
                49.5287724
              ],
              [
                5.8405527,
                49.5287191
              ],
              [
                5.8404336,
                49.5286599
              ],
              [
                5.8403775,
                49.5286363
              ],
              [
                5.8403064,
                49.5286106
              ],
              [
                5.8401451,
                49.528563
              ],
              [
                5.8400369,
                49.5285287
              ],
              [
                5.8399648,
                49.5284971
              ],
              [
                5.8398978,
                49.5284662
              ],
              [
                5.8398118,
                49.5284111
              ],
              [
                5.8397178,
                49.5283533
              ],
              [
                5.8396205,
                49.5283004
              ],
              [
                5.8395123,
                49.5282537
              ],
              [
                5.8394212,
                49.5282175
              ],
              [
                5.8393392,
                49.528178
              ],
              [
                5.8392762,
                49.5281373
              ],
              [
                5.8391638,
                49.5280965
              ],
              [
                5.8387722,
                49.5279544
              ],
              [
                5.8384417,
                49.5278325
              ],
              [
                5.8382595,
                49.5277673
              ],
              [
                5.8382364,
                49.5277607
              ],
              [
                5.8382003,
                49.5277521
              ],
              [
                5.8381512,
                49.527748
              ],
              [
                5.8380588,
                49.5277405
              ],
              [
                5.8378912,
                49.5277322
              ],
              [
                5.83782,
                49.5277287
              ],
              [
                5.8377568,
                49.5277194
              ],
              [
                5.8376461,
                49.527699
              ],
              [
                5.8376513,
                49.5276807
              ],
              [
                5.8366756,
                49.5274814
              ],
              [
                5.8364591,
                49.5274377
              ],
              [
                5.8361904,
                49.5273807
              ],
              [
                5.8359287,
                49.5273289
              ],
              [
                5.8356981,
                49.5272831
              ],
              [
                5.8354401,
                49.5272389
              ],
              [
                5.835067,
                49.5271731
              ],
              [
                5.8349949,
                49.5271578
              ],
              [
                5.8349207,
                49.5271347
              ],
              [
                5.8348707,
                49.5271143
              ],
              [
                5.8348207,
                49.5270841
              ],
              [
                5.8347587,
                49.5270401
              ],
              [
                5.8347228,
                49.5270106
              ],
              [
                5.8346254,
                49.5269172
              ],
              [
                5.8345087,
                49.5267996
              ],
              [
                5.8344908,
                49.5267815
              ],
              [
                5.8344702,
                49.5267601
              ],
              [
                5.8343325,
                49.5266167
              ],
              [
                5.8341152,
                49.5263847
              ],
              [
                5.8342447,
                49.5261752
              ],
              [
                5.8342985,
                49.5260659
              ],
              [
                5.8343649,
                49.5258693
              ],
              [
                5.8343961,
                49.5257339
              ],
              [
                5.8344181,
                49.5256131
              ],
              [
                5.8344266,
                49.5254849
              ],
              [
                5.8344278,
                49.5253085
              ],
              [
                5.8344264,
                49.5250657
              ],
              [
                5.8344418,
                49.5247933
              ],
              [
                5.8344624,
                49.5244513
              ],
              [
                5.8344364,
                49.5244511
              ],
              [
                5.8343951,
                49.5244504
              ],
              [
                5.8342928,
                49.5244487
              ],
              [
                5.8342954,
                49.5240784
              ],
              [
                5.8342998,
                49.5237214
              ],
              [
                5.8344275,
                49.5237422
              ],
              [
                5.8346374,
                49.5237763
              ],
              [
                5.8346595,
                49.523512
              ],
              [
                5.8346618,
                49.5234843
              ],
              [
                5.8346799,
                49.523267
              ],
              [
                5.834702,
                49.5230021
              ],
              [
                5.8347127,
                49.5228742
              ],
              [
                5.8352456,
                49.5229407
              ],
              [
                5.8353182,
                49.5229498
              ],
              [
                5.8353411,
                49.5229527
              ],
              [
                5.8356676,
                49.5227686
              ],
              [
                5.8357241,
                49.5227308
              ],
              [
                5.8357523,
                49.5227054
              ],
              [
                5.8357676,
                49.522678
              ],
              [
                5.8357738,
                49.5226436
              ],
              [
                5.8357716,
                49.5225253
              ],
              [
                5.8357655,
                49.5223834
              ],
              [
                5.835758,
                49.5222943
              ],
              [
                5.8357455,
                49.5222047
              ],
              [
                5.8357429,
                49.5221518
              ],
              [
                5.8357451,
                49.5221165
              ],
              [
                5.8357534,
                49.5220871
              ],
              [
                5.8357676,
                49.5220564
              ],
              [
                5.8357839,
                49.522029
              ],
              [
                5.8358071,
                49.5220022
              ],
              [
                5.8358515,
                49.521969
              ],
              [
                5.8359322,
                49.5219124
              ],
              [
                5.8359766,
                49.5218824
              ],
              [
                5.8360039,
                49.521859
              ],
              [
                5.8360241,
                49.5218368
              ],
              [
                5.8360443,
                49.5218107
              ],
              [
                5.8360534,
                49.5217843
              ],
              [
                5.8360566,
                49.5217496
              ],
              [
                5.8360559,
                49.5216993
              ],
              [
                5.8360572,
                49.5216568
              ],
              [
                5.8360655,
                49.5216137
              ],
              [
                5.8360819,
                49.5215679
              ],
              [
                5.8361205,
                49.5215023
              ],
              [
                5.836154,
                49.5214514
              ],
              [
                5.8361753,
                49.521411
              ],
              [
                5.8361867,
                49.5213698
              ],
              [
                5.836192,
                49.521326
              ],
              [
                5.8361882,
                49.521292
              ],
              [
                5.8361773,
                49.5212632
              ],
              [
                5.8361564,
                49.5212409
              ],
              [
                5.8361324,
                49.5212252
              ],
              [
                5.8360804,
                49.5212034
              ],
              [
                5.8360444,
                49.5211824
              ],
              [
                5.8360194,
                49.5211621
              ],
              [
                5.8359975,
                49.5211352
              ],
              [
                5.8359796,
                49.5211162
              ],
              [
                5.8359658,
                49.5211074
              ],
              [
                5.8358947,
                49.5210745
              ],
              [
                5.8358698,
                49.5210554
              ],
              [
                5.8358519,
                49.5210325
              ],
              [
                5.835838,
                49.5209985
              ],
              [
                5.8358303,
                49.520952
              ],
              [
                5.8358285,
                49.5209135
              ],
              [
                5.8358328,
                49.5208716
              ],
              [
                5.8358359,
                49.5208592
              ],
              [
                5.835843,
                49.5208524
              ],
              [
                5.8358752,
                49.5208414
              ],
              [
                5.8359154,
                49.520831
              ],
              [
                5.8359356,
                49.5208226
              ],
              [
                5.8359437,
                49.5208089
              ],
              [
                5.8359459,
                49.5207736
              ],
              [
                5.8359335,
                49.5206794
              ],
              [
                5.835933,
                49.5206022
              ],
              [
                5.8359505,
                49.5205395
              ],
              [
                5.8359974,
                49.5204357
              ],
              [
                5.8360107,
                49.5204017
              ],
              [
                5.8360118,
                49.5203795
              ],
              [
                5.8360048,
                49.5203656
              ],
              [
                5.8359589,
                49.5203197
              ],
              [
                5.83594,
                49.5202987
              ],
              [
                5.8359341,
                49.5202758
              ],
              [
                5.8359423,
                49.5202503
              ],
              [
                5.8359666,
                49.5202138
              ],
              [
                5.835992,
                49.5201688
              ],
              [
                5.8360085,
                49.5200958
              ],
              [
                5.8360312,
                49.5200089
              ],
              [
                5.8360566,
                49.5199632
              ],
              [
                5.8360829,
                49.5199306
              ],
              [
                5.8361455,
                49.5198733
              ],
              [
                5.8362726,
                49.519788
              ],
              [
                5.836382,
                49.519727
              ],
              [
                5.8364917,
                49.5196836
              ],
              [
                5.8365792,
                49.5196609
              ],
              [
                5.8367229,
                49.5196417
              ],
              [
                5.8369117,
                49.5196266
              ],
              [
                5.8370032,
                49.5196111
              ],
              [
                5.8370946,
                49.5195892
              ],
              [
                5.8372139,
                49.51954
              ],
              [
                5.837371,
                49.5194692
              ],
              [
                5.8374605,
                49.519442
              ],
              [
                5.8375509,
                49.5194265
              ],
              [
                5.8376614,
                49.5194151
              ],
              [
                5.8377295,
                49.5194114
              ],
              [
                5.8378268,
                49.5194201
              ],
              [
                5.837898,
                49.5194367
              ],
              [
                5.8379571,
                49.5194545
              ],
              [
                5.8380302,
                49.5194848
              ],
              [
                5.8380942,
                49.519515
              ],
              [
                5.8381132,
                49.5195229
              ],
              [
                5.8381317,
                49.5195238
              ],
              [
                5.8381371,
                49.519524
              ],
              [
                5.8381634,
                49.5195162
              ],
              [
                5.838219,
                49.5194888
              ],
              [
                5.8383504,
                49.5194125
              ],
              [
                5.8385173,
                49.5193113
              ],
              [
                5.8386771,
                49.5191996
              ],
              [
                5.8387348,
                49.519161
              ],
              [
                5.8388497,
                49.5190961
              ],
              [
                5.838946,
                49.5190059
              ],
              [
                5.8389763,
                49.5189856
              ],
              [
                5.8390269,
                49.5189549
              ],
              [
                5.8390754,
                49.5189288
              ],
              [
                5.8391199,
                49.5188975
              ],
              [
                5.8391979,
                49.5188242
              ],
              [
                5.8392496,
                49.5187831
              ],
              [
                5.8393012,
                49.5187452
              ],
              [
                5.8393396,
                49.5187217
              ],
              [
                5.8393807,
                49.518705
              ],
              [
                5.8394765,
                49.518679
              ],
              [
                5.839524,
                49.5186621
              ],
              [
                5.8395957,
                49.5186341
              ],
              [
                5.8396371,
                49.5186145
              ],
              [
                5.8396735,
                49.5185956
              ],
              [
                5.8397038,
                49.518574
              ],
              [
                5.8397667,
                49.5185099
              ],
              [
                5.8397951,
                49.5184759
              ],
              [
                5.8398074,
                49.5184543
              ],
              [
                5.8398194,
                49.5184168
              ],
              [
                5.8398476,
                49.5182772
              ],
              [
                5.8398563,
                49.5181716
              ],
              [
                5.8398534,
                49.5181513
              ],
              [
                5.8398475,
                49.5181355
              ],
              [
                5.8398365,
                49.5181237
              ],
              [
                5.8397894,
                49.5180921
              ],
              [
                5.8397634,
                49.5180703
              ],
              [
                5.8397484,
                49.5180486
              ],
              [
                5.8397386,
                49.5180066
              ],
              [
                5.8397328,
                49.5179673
              ],
              [
                5.8397341,
                49.5179246
              ],
              [
                5.8397402,
                49.5179115
              ],
              [
                5.8397524,
                49.517903
              ],
              [
                5.8397675,
                49.5178959
              ],
              [
                5.8397917,
                49.517894
              ],
              [
                5.8398219,
                49.5178927
              ],
              [
                5.8398995,
                49.5178897
              ],
              [
                5.8399922,
                49.5178795
              ],
              [
                5.8400467,
                49.5178691
              ],
              [
                5.840082,
                49.5178554
              ],
              [
                5.8400992,
                49.517843
              ],
              [
                5.8401064,
                49.5178286
              ],
              [
                5.8401053,
                49.517812
              ],
              [
                5.8400805,
                49.5177561
              ],
              [
                5.8400627,
                49.5177134
              ],
              [
                5.8400558,
                49.5176839
              ],
              [
                5.840057,
                49.5176505
              ],
              [
                5.8400653,
                49.5176236
              ],
              [
                5.8400836,
                49.5175941
              ],
              [
                5.840108,
                49.517566
              ],
              [
                5.8401323,
                49.5175464
              ],
              [
                5.8401626,
                49.5175274
              ],
              [
                5.8401909,
                49.5175164
              ],
              [
                5.840209,
                49.5175138
              ],
              [
                5.8402302,
                49.5175132
              ],
              [
                5.8402835,
                49.5175258
              ],
              [
                5.8403096,
                49.5175292
              ],
              [
                5.8403298,
                49.5175279
              ],
              [
                5.840352,
                49.5175208
              ],
              [
                5.8403742,
                49.5175071
              ],
              [
                5.8404382,
                49.5174226
              ],
              [
                5.8404646,
                49.5173965
              ],
              [
                5.8404887,
                49.5173803
              ],
              [
                5.8405382,
                49.5173555
              ],
              [
                5.8406291,
                49.5173177
              ],
              [
                5.8407694,
                49.517263
              ],
              [
                5.8408012,
                49.5172438
              ],
              [
                5.841042,
                49.517074
              ],
              [
                5.8410946,
                49.5170348
              ],
              [
                5.841127,
                49.5170067
              ],
              [
                5.841198,
                49.5169314
              ],
              [
                5.8412284,
                49.5169112
              ],
              [
                5.8412637,
                49.516891
              ],
              [
                5.8413102,
                49.516874
              ],
              [
                5.8413667,
                49.5168591
              ],
              [
                5.8414141,
                49.5168501
              ],
              [
                5.8415024,
                49.51684
              ],
              [
                5.8416495,
                49.5168187
              ],
              [
                5.8416898,
                49.5168169
              ],
              [
                5.841718,
                49.5168216
              ],
              [
                5.8417763,
                49.5168414
              ],
              [
                5.8418024,
                49.5168493
              ],
              [
                5.8418286,
                49.516852
              ],
              [
                5.8419061,
                49.516849
              ],
              [
                5.8420744,
                49.5168396
              ],
              [
                5.8421157,
                49.5168312
              ],
              [
                5.8421632,
                49.5168156
              ],
              [
                5.8422197,
                49.5167902
              ],
              [
                5.8422527,
                49.5167682
              ],
              [
                5.8423268,
                49.5166864
              ],
              [
                5.8423613,
                49.5166557
              ],
              [
                5.8423845,
                49.5166374
              ],
              [
                5.8424149,
                49.5166191
              ],
              [
                5.8424572,
                49.5166061
              ],
              [
                5.8425803,
                49.5165789
              ],
              [
                5.8426237,
                49.5165646
              ],
              [
                5.842653,
                49.5165516
              ],
              [
                5.8426914,
                49.5165281
              ],
              [
                5.8427613,
                49.5164719
              ],
              [
                5.8427875,
                49.5164555
              ],
              [
                5.8428108,
                49.5164444
              ],
              [
                5.8428388,
                49.5164354
              ],
              [
                5.842864,
                49.5164322
              ],
              [
                5.8428942,
                49.516433
              ],
              [
                5.8429174,
                49.5164363
              ],
              [
                5.8429445,
                49.516443
              ],
              [
                5.843049,
                49.5164872
              ],
              [
                5.8430781,
                49.5164971
              ],
              [
                5.8430992,
                49.5164991
              ],
              [
                5.8431184,
                49.5164998
              ],
              [
                5.8431385,
                49.5164973
              ],
              [
                5.8431637,
                49.5164908
              ],
              [
                5.8431984,
                49.5164741
              ],
              [
                5.8432924,
                49.5164192
              ],
              [
                5.8433358,
                49.5163957
              ],
              [
                5.8433995,
                49.5163671
              ],
              [
                5.8434429,
                49.5163521
              ],
              [
                5.8435721,
                49.5163124
              ],
              [
                5.8435802,
                49.5163046
              ],
              [
                5.8435893,
                49.5162869
              ],
              [
                5.8435905,
                49.5162692
              ],
              [
                5.8435866,
                49.5162515
              ],
              [
                5.8435506,
                49.5162068
              ],
              [
                5.8435296,
                49.5161825
              ],
              [
                5.8435106,
                49.5161548
              ],
              [
                5.8434987,
                49.5161286
              ],
              [
                5.8434978,
                49.5161135
              ],
              [
                5.843505,
                49.5160984
              ],
              [
                5.8435141,
                49.516086
              ],
              [
                5.8435293,
                49.5160742
              ],
              [
                5.8435475,
                49.5160651
              ],
              [
                5.8435717,
                49.5160547
              ],
              [
                5.8436108,
                49.5160446
              ],
              [
                5.8437761,
                49.5160234
              ],
              [
                5.8438165,
                49.5160157
              ],
              [
                5.8438357,
                49.5160079
              ],
              [
                5.8438619,
                49.5159928
              ],
              [
                5.8438771,
                49.5159798
              ],
              [
                5.8439291,
                49.5158842
              ],
              [
                5.8439454,
                49.5158612
              ],
              [
                5.8439646,
                49.5158436
              ],
              [
                5.8439879,
                49.5158279
              ],
              [
                5.8440121,
                49.5158175
              ],
              [
                5.8440525,
                49.5158064
              ],
              [
                5.8440908,
                49.5157987
              ],
              [
                5.8444438,
                49.5157605
              ],
              [
                5.8445063,
                49.5157515
              ],
              [
                5.8445386,
                49.5157411
              ],
              [
                5.8445993,
                49.5157059
              ],
              [
                5.8446619,
                49.5156719
              ],
              [
                5.8446922,
                49.5156589
              ],
              [
                5.8447306,
                49.5156498
              ],
              [
                5.8448133,
                49.515635
              ],
              [
                5.8448627,
                49.515624
              ],
              [
                5.8448879,
                49.5156142
              ],
              [
                5.8449092,
                49.5155972
              ],
              [
                5.8449376,
                49.5155645
              ],
              [
                5.8449609,
                49.5155416
              ],
              [
                5.8449761,
                49.5155305
              ],
              [
                5.8449942,
                49.5155246
              ],
              [
                5.8450194,
                49.5155227
              ],
              [
                5.8450526,
                49.5155248
              ],
              [
                5.8450798,
                49.5155321
              ],
              [
                5.8451105,
                49.5155459
              ],
              [
                5.8452298,
                49.5156302
              ],
              [
                5.8452629,
                49.5156493
              ],
              [
                5.845288,
                49.5156592
              ],
              [
                5.8453242,
                49.5156665
              ],
              [
                5.8453514,
                49.5156685
              ],
              [
                5.8453866,
                49.5156667
              ],
              [
                5.845433,
                49.5156609
              ],
              [
                5.8456081,
                49.5156195
              ],
              [
                5.8457987,
                49.5155748
              ],
              [
                5.8459863,
                49.5155228
              ],
              [
                5.8461579,
                49.5154715
              ],
              [
                5.8462669,
                49.5154337
              ],
              [
                5.8463295,
                49.5154064
              ],
              [
                5.8463669,
                49.5153855
              ],
              [
                5.8463993,
                49.5153633
              ],
              [
                5.84642,
                49.5153439
              ],
              [
                5.8464616,
                49.515285
              ],
              [
                5.846484,
                49.5152549
              ],
              [
                5.8465043,
                49.5152353
              ],
              [
                5.8465326,
                49.5152183
              ],
              [
                5.8465568,
                49.5152079
              ],
              [
                5.8465921,
                49.5151955
              ],
              [
                5.8466415,
                49.5151858
              ],
              [
                5.8467101,
                49.5151795
              ],
              [
                5.8467524,
                49.515175
              ],
              [
                5.8467927,
                49.5151653
              ],
              [
                5.8468614,
                49.5151353
              ],
              [
                5.8469068,
                49.5151164
              ],
              [
                5.8469361,
                49.5151066
              ],
              [
                5.8469634,
                49.5151001
              ],
              [
                5.8469956,
                49.5150989
              ],
              [
                5.8470318,
                49.515101
              ],
              [
                5.8471445,
                49.5151124
              ],
              [
                5.8471727,
                49.5151132
              ],
              [
                5.8471949,
                49.51511
              ],
              [
                5.8472161,
                49.5151035
              ],
              [
                5.8472459,
                49.5150886
              ],
              [
                5.8473177,
                49.5150409
              ],
              [
                5.847342,
                49.5150266
              ],
              [
                5.8473804,
                49.5150103
              ],
              [
                5.8474429,
                49.5149973
              ],
              [
                5.8475074,
                49.5149896
              ],
              [
                5.84759,
                49.514984
              ],
              [
                5.8477109,
                49.5149804
              ],
              [
                5.8477532,
                49.5149752
              ],
              [
                5.8477925,
                49.5149642
              ],
              [
                5.8478259,
                49.5149499
              ],
              [
                5.8478441,
                49.5149368
              ],
              [
                5.8478523,
                49.5149191
              ],
              [
                5.8478509,
                49.5149037
              ],
              [
                5.847836,
                49.5148643
              ],
              [
                5.8478351,
                49.5148473
              ],
              [
                5.8478362,
                49.5148309
              ],
              [
                5.8478424,
                49.5148086
              ],
              [
                5.8478506,
                49.5147837
              ],
              [
                5.8478731,
                49.514745
              ],
              [
                5.8479035,
                49.5147143
              ],
              [
                5.8479298,
                49.514694
              ],
              [
                5.8479581,
                49.5146771
              ],
              [
                5.8479944,
                49.5146608
              ],
              [
                5.8480691,
                49.514638
              ],
              [
                5.8482315,
                49.5145971
              ],
              [
                5.8483475,
                49.5145627
              ],
              [
                5.8483779,
                49.5145483
              ],
              [
                5.8484021,
                49.5145307
              ],
              [
                5.8484224,
                49.5145111
              ],
              [
                5.8484435,
                49.5144788
              ],
              [
                5.8484916,
                49.5143615
              ],
              [
                5.848506,
                49.5143189
              ],
              [
                5.8485163,
                49.5142835
              ],
              [
                5.8485205,
                49.5142481
              ],
              [
                5.848518,
                49.5141674
              ],
              [
                5.8485202,
                49.5141458
              ],
              [
                5.8485243,
                49.5141268
              ],
              [
                5.8485376,
                49.5141071
              ],
              [
                5.8485599,
                49.5140849
              ],
              [
                5.8485943,
                49.5140581
              ],
              [
                5.84866,
                49.5140156
              ],
              [
                5.8487427,
                49.5139664
              ],
              [
                5.8487609,
                49.5139494
              ],
              [
                5.8487742,
                49.5139317
              ],
              [
                5.8487773,
                49.5139134
              ],
              [
                5.8487754,
                49.5138904
              ],
              [
                5.8487566,
                49.5138379
              ],
              [
                5.8487518,
                49.5138136
              ],
              [
                5.8487539,
                49.5137952
              ],
              [
                5.8487621,
                49.5137749
              ],
              [
                5.8487844,
                49.5137488
              ],
              [
                5.8488371,
                49.513701
              ],
              [
                5.8488483,
                49.5136814
              ],
              [
                5.8488524,
                49.513665
              ],
              [
                5.8488495,
                49.5136525
              ],
              [
                5.8488395,
                49.5136426
              ],
              [
                5.8488053,
                49.5136275
              ],
              [
                5.8487933,
                49.5136169
              ],
              [
                5.8487894,
                49.5136045
              ],
              [
                5.8487925,
                49.5135868
              ],
              [
                5.8488026,
                49.5135669
              ],
              [
                5.8488503,
                49.5135047
              ],
              [
                5.8488737,
                49.51347
              ],
              [
                5.848891,
                49.5134366
              ],
              [
                5.8488983,
                49.5134071
              ],
              [
                5.8489119,
                49.513331
              ],
              [
                5.8489191,
                49.5133075
              ],
              [
                5.8489353,
                49.5132852
              ],
              [
                5.8489536,
                49.5132616
              ],
              [
                5.8489719,
                49.5132361
              ],
              [
                5.8489903,
                49.5131988
              ],
              [
                5.8490026,
                49.5131575
              ],
              [
                5.8490213,
                49.5130562
              ],
              [
                5.8490316,
                49.513009
              ],
              [
                5.8490419,
                49.512975
              ],
              [
                5.8491326,
                49.5128099
              ],
              [
                5.849152,
                49.5127719
              ],
              [
                5.8491612,
                49.5127484
              ],
              [
                5.8491654,
                49.51273
              ],
              [
                5.8491655,
                49.512709
              ],
              [
                5.8491596,
                49.5126893
              ],
              [
                5.8491537,
                49.5126747
              ],
              [
                5.8490986,
                49.5126201
              ],
              [
                5.8490566,
                49.5125826
              ],
              [
                5.8490436,
                49.5125648
              ],
              [
                5.8490316,
                49.5125445
              ],
              [
                5.8490248,
                49.5125176
              ],
              [
                5.8490249,
                49.5124946
              ],
              [
                5.8490301,
                49.5124658
              ],
              [
                5.8490536,
                49.5124179
              ],
              [
                5.849075,
                49.5123754
              ],
              [
                5.8490852,
                49.5123544
              ],
              [
                5.8490914,
                49.5123295
              ],
              [
                5.8490906,
                49.5123006
              ],
              [
                5.8490848,
                49.5122767
              ],
              [
                5.8490549,
                49.5122156
              ],
              [
                5.8490392,
                49.5121644
              ],
              [
                5.8490293,
                49.5121283
              ],
              [
                5.8490256,
                49.5120804
              ],
              [
                5.8490438,
                49.5119293
              ],
              [
                5.8490555,
                49.5118329
              ],
              [
                5.8490557,
                49.5117935
              ],
              [
                5.8490529,
                49.5117607
              ],
              [
                5.849046,
                49.5117377
              ],
              [
                5.8490083,
                49.5116484
              ],
              [
                5.8489954,
                49.5116195
              ],
              [
                5.8489926,
                49.511588
              ],
              [
                5.8489928,
                49.511552
              ],
              [
                5.848995,
                49.5115218
              ],
              [
                5.8489912,
                49.5114949
              ],
              [
                5.8489734,
                49.5114358
              ],
              [
                5.8489666,
                49.511405
              ],
              [
                5.8489659,
                49.5113831
              ],
              [
                5.8489711,
                49.5113582
              ],
              [
                5.8489824,
                49.5113333
              ],
              [
                5.8490028,
                49.5112933
              ],
              [
                5.8490211,
                49.5112599
              ],
              [
                5.8490303,
                49.5112357
              ],
              [
                5.8490396,
                49.5112003
              ],
              [
                5.8490429,
                49.5111609
              ],
              [
                5.8490401,
                49.5111255
              ],
              [
                5.8490363,
                49.5110901
              ],
              [
                5.8490265,
                49.5110481
              ],
              [
                5.8490056,
                49.5109875
              ],
              [
                5.8489471,
                49.5108411
              ],
              [
                5.8489344,
                49.5107859
              ],
              [
                5.8489347,
                49.51074
              ],
              [
                5.848943,
                49.5106922
              ],
              [
                5.8489646,
                49.510624
              ],
              [
                5.8489688,
                49.5106037
              ],
              [
                5.848971,
                49.5105801
              ],
              [
                5.8489691,
                49.5105617
              ],
              [
                5.8489591,
                49.51054
              ],
              [
                5.8489203,
                49.5104632
              ],
              [
                5.8489124,
                49.5104428
              ],
              [
                5.8489105,
                49.5104271
              ],
              [
                5.8489146,
                49.5104127
              ],
              [
                5.848929,
                49.5103987
              ],
              [
                5.8489856,
                49.5103667
              ],
              [
                5.8490362,
                49.5103328
              ],
              [
                5.8491222,
                49.5102595
              ],
              [
                5.8491972,
                49.5101883
              ],
              [
                5.8492641,
                49.5101143
              ],
              [
                5.8493149,
                49.5100535
              ],
              [
                5.8493576,
                49.509988
              ],
              [
                5.8494032,
                49.5099039
              ],
              [
                5.8495511,
                49.5096003
              ],
              [
                5.8497496,
                49.5092423
              ],
              [
                5.8497448,
                49.5092101
              ],
              [
                5.849732,
                49.5091603
              ],
              [
                5.8497262,
                49.5091209
              ],
              [
                5.8497255,
                49.5090737
              ],
              [
                5.8497247,
                49.5090409
              ],
              [
                5.849728,
                49.5090068
              ],
              [
                5.8497332,
                49.5089733
              ],
              [
                5.8497455,
                49.5089438
              ],
              [
                5.8497646,
                49.5089128
              ],
              [
                5.8498072,
                49.5088644
              ],
              [
                5.8499258,
                49.508746
              ],
              [
                5.8500038,
                49.5086754
              ],
              [
                5.8501713,
                49.5085503
              ],
              [
                5.8503028,
                49.5084483
              ],
              [
                5.8504122,
                49.5083535
              ],
              [
                5.8504791,
                49.5082881
              ],
              [
                5.8505368,
                49.5082391
              ],
              [
                5.8505802,
                49.5082116
              ],
              [
                5.8506318,
                49.5081849
              ],
              [
                5.850799,
                49.5081114
              ],
              [
                5.8508726,
                49.5080807
              ],
              [
                5.850911,
                49.508069
              ],
              [
                5.8509322,
                49.5080645
              ],
              [
                5.8509493,
                49.5080633
              ],
              [
                5.8509734,
                49.5080646
              ],
              [
                5.8510006,
                49.5080713
              ],
              [
                5.8510347,
                49.5080825
              ],
              [
                5.8510649,
                49.5080937
              ],
              [
                5.8511141,
                49.5081083
              ],
              [
                5.8511543,
                49.508115
              ],
              [
                5.8512147,
                49.5081204
              ],
              [
                5.851261,
                49.5081192
              ],
              [
                5.8513003,
                49.5081173
              ],
              [
                5.8513366,
                49.5081082
              ],
              [
                5.8513415,
                49.5081071
              ],
              [
                5.8513669,
                49.5081011
              ],
              [
                5.851408,
                49.5080785
              ],
              [
                5.8516457,
                49.5079178
              ],
              [
                5.8518527,
                49.5077789
              ],
              [
                5.8519094,
                49.5077325
              ],
              [
                5.8519458,
                49.5077064
              ],
              [
                5.85197,
                49.5076913
              ],
              [
                5.8519963,
                49.5076789
              ],
              [
                5.8520276,
                49.5076653
              ],
              [
                5.852076,
                49.5076483
              ],
              [
                5.8521931,
                49.5076119
              ],
              [
                5.8522526,
                49.5075885
              ],
              [
                5.8523394,
                49.5075546
              ],
              [
                5.85245,
                49.5074943
              ],
              [
                5.8525693,
                49.5074225
              ],
              [
                5.8526734,
                49.5073552
              ],
              [
                5.8527715,
                49.5072847
              ],
              [
                5.8528656,
                49.5072082
              ],
              [
                5.8528899,
                49.5071912
              ],
              [
                5.8529142,
                49.5071775
              ],
              [
                5.8529495,
                49.5071645
              ],
              [
                5.8531169,
                49.5071249
              ],
              [
                5.8531401,
                49.5071171
              ],
              [
                5.8531563,
                49.5071047
              ],
              [
                5.8531968,
                49.5070661
              ],
              [
                5.8532079,
                49.5070602
              ],
              [
                5.853224,
                49.507055
              ],
              [
                5.8532391,
                49.5070564
              ],
              [
                5.8532542,
                49.5070591
              ],
              [
                5.8532692,
                49.5070709
              ],
              [
                5.8533101,
                49.5071386
              ],
              [
                5.8533251,
                49.507157
              ],
              [
                5.8533381,
                49.5071682
              ],
              [
                5.8533562,
                49.5071754
              ],
              [
                5.8533682,
                49.5071794
              ],
              [
                5.8533945,
                49.5071816
              ],
              [
                5.8534872,
                49.5071799
              ],
              [
                5.85361,
                49.5071848
              ],
              [
                5.8536472,
                49.5071842
              ],
              [
                5.8536785,
                49.5071784
              ],
              [
                5.8537027,
                49.5071673
              ],
              [
                5.8537301,
                49.5071464
              ],
              [
                5.8537776,
                49.5071072
              ],
              [
                5.8538882,
                49.5069802
              ],
              [
                5.8539054,
                49.5069665
              ],
              [
                5.8539216,
                49.5069561
              ],
              [
                5.8539417,
                49.5069515
              ],
              [
                5.8539699,
                49.5069542
              ],
              [
                5.8540774,
                49.5069808
              ],
              [
                5.8541016,
                49.5069867
              ],
              [
                5.8541227,
                49.5069868
              ],
              [
                5.8541318,
                49.5069848
              ],
              [
                5.854148,
                49.5069757
              ],
              [
                5.8541805,
                49.5069194
              ],
              [
                5.8542009,
                49.5068886
              ],
              [
                5.8542221,
                49.5068683
              ],
              [
                5.8542434,
                49.5068566
              ],
              [
                5.8542615,
                49.5068507
              ],
              [
                5.8542908,
                49.5068462
              ],
              [
                5.8543189,
                49.5068463
              ],
              [
                5.8543612,
                49.506851
              ],
              [
                5.8544155,
                49.5068616
              ],
              [
                5.8544999,
                49.5068894
              ],
              [
                5.8545371,
                49.506898
              ],
              [
                5.8545663,
                49.5069014
              ],
              [
                5.8545955,
                49.5069032
              ],
              [
                5.8546338,
                49.5068993
              ],
              [
                5.85466,
                49.5068922
              ],
              [
                5.8546812,
                49.5068791
              ],
              [
                5.8547106,
                49.5068543
              ],
              [
                5.8547329,
                49.5068248
              ],
              [
                5.8547687,
                49.5067475
              ],
              [
                5.854791,
                49.5067135
              ],
              [
                5.8548204,
                49.506688
              ],
              [
                5.8548831,
                49.5066462
              ],
              [
                5.8549386,
                49.5066155
              ],
              [
                5.8549699,
                49.5066038
              ],
              [
                5.8549921,
                49.5066005
              ],
              [
                5.8550223,
                49.506598
              ],
              [
                5.8550424,
                49.5066027
              ],
              [
                5.8550585,
                49.5066138
              ],
              [
                5.8550644,
                49.5066237
              ],
              [
                5.8550699,
                49.5067083
              ],
              [
                5.8550739,
                49.5067234
              ],
              [
                5.8550869,
                49.5067385
              ],
              [
                5.8551059,
                49.5067517
              ],
              [
                5.855121,
                49.506755
              ],
              [
                5.8551442,
                49.5067531
              ],
              [
                5.8551784,
                49.5067473
              ],
              [
                5.8552147,
                49.5067376
              ],
              [
                5.855236,
                49.5067271
              ],
              [
                5.8552572,
                49.5067121
              ],
              [
                5.8552754,
                49.5066951
              ],
              [
                5.8552887,
                49.5066669
              ],
              [
                5.8553,
                49.5066276
              ],
              [
                5.8553133,
                49.5066021
              ],
              [
                5.8553284,
                49.506589
              ],
              [
                5.8553527,
                49.5065746
              ],
              [
                5.855389,
                49.5065629
              ],
              [
                5.8554253,
                49.5065525
              ],
              [
                5.8554536,
                49.506548
              ],
              [
                5.8554878,
                49.5065468
              ],
              [
                5.855516,
                49.5065495
              ],
              [
                5.8555481,
                49.5065575
              ],
              [
                5.8556364,
                49.5066036
              ],
              [
                5.8556645,
                49.5066188
              ],
              [
                5.8556816,
                49.5066201
              ],
              [
                5.8557028,
                49.5066202
              ],
              [
                5.8557169,
                49.5066169
              ],
              [
                5.8557401,
                49.5066072
              ],
              [
                5.8557586,
                49.5065904
              ],
              [
                5.8558349,
                49.5064679
              ],
              [
                5.8558501,
                49.5064503
              ],
              [
                5.8558632,
                49.5064398
              ],
              [
                5.8558804,
                49.5064326
              ],
              [
                5.8558975,
                49.5064307
              ],
              [
                5.8559126,
                49.5064314
              ],
              [
                5.8559317,
                49.5064367
              ],
              [
                5.8559668,
                49.5064591
              ],
              [
                5.8559879,
                49.5064716
              ],
              [
                5.85602,
                49.5064848
              ],
              [
                5.8560652,
                49.5064968
              ],
              [
                5.8560913,
                49.5065073
              ],
              [
                5.8561154,
                49.5065225
              ],
              [
                5.8561394,
                49.5065435
              ],
              [
                5.8561565,
                49.5065547
              ],
              [
                5.8561816,
                49.506562
              ],
              [
                5.8562118,
                49.5065647
              ],
              [
                5.856244,
                49.5065615
              ],
              [
                5.8562713,
                49.5065544
              ],
              [
                5.8562904,
                49.5065459
              ],
              [
                5.8563127,
                49.5065263
              ],
              [
                5.8563209,
                49.5065079
              ],
              [
                5.856321,
                49.5064843
              ],
              [
                5.8563142,
                49.5064436
              ],
              [
                5.8563055,
                49.5063957
              ],
              [
                5.8563107,
                49.5063682
              ],
              [
                5.8563199,
                49.5063505
              ],
              [
                5.8563371,
                49.5063329
              ],
              [
                5.8563745,
                49.5063159
              ],
              [
                5.856439,
                49.5063016
              ],
              [
                5.8564974,
                49.5062959
              ],
              [
                5.8565447,
                49.5062947
              ],
              [
                5.8566111,
                49.5063001
              ],
              [
                5.8566604,
                49.5063088
              ],
              [
                5.8567117,
                49.5063234
              ],
              [
                5.8567743,
                49.5063504
              ],
              [
                5.8568455,
                49.5063867
              ],
              [
                5.8568656,
                49.5063939
              ],
              [
                5.8568847,
                49.5063966
              ],
              [
                5.8568968,
                49.506396
              ],
              [
                5.8569139,
                49.5063914
              ],
              [
                5.8569462,
                49.5063804
              ],
              [
                5.8569907,
                49.5063484
              ],
              [
                5.8570545,
                49.5062954
              ],
              [
                5.8571172,
                49.5062529
              ],
              [
                5.8571606,
                49.5062334
              ],
              [
                5.8571858,
                49.5062249
              ],
              [
                5.85721,
                49.5062224
              ],
              [
                5.8572301,
                49.506227
              ],
              [
                5.8572482,
                49.5062375
              ],
              [
                5.8572622,
                49.5062514
              ],
              [
                5.8572711,
                49.506275
              ],
              [
                5.8572819,
                49.5063157
              ],
              [
                5.8572999,
                49.5063426
              ],
              [
                5.8573139,
                49.5063466
              ],
              [
                5.8573441,
                49.506346
              ],
              [
                5.8573895,
                49.5063363
              ],
              [
                5.8575095,
                49.5063038
              ],
              [
                5.8575882,
                49.5062765
              ],
              [
                5.8576619,
                49.5062426
              ],
              [
                5.8577165,
                49.5062067
              ],
              [
                5.8578251,
                49.5061121
              ],
              [
                5.8578474,
                49.5060971
              ],
              [
                5.8578706,
                49.5060892
              ],
              [
                5.8579018,
                49.5060854
              ],
              [
                5.8579361,
                49.5060848
              ],
              [
                5.8580045,
                49.5060889
              ],
              [
                5.8580689,
                49.5060944
              ],
              [
                5.8581293,
                49.5060945
              ],
              [
                5.8581807,
                49.5060927
              ],
              [
                5.8582169,
                49.5060869
              ],
              [
                5.8582583,
                49.5060732
              ],
              [
                5.8583815,
                49.5060145
              ],
              [
                5.8584582,
                49.5059852
              ],
              [
                5.8585227,
                49.505969
              ],
              [
                5.8585651,
                49.5059619
              ],
              [
                5.8586336,
                49.5059542
              ],
              [
                5.8587328,
                49.5059457
              ],
              [
                5.8588184,
                49.5059394
              ],
              [
                5.8588497,
                49.5059316
              ],
              [
                5.8588799,
                49.5059199
              ],
              [
                5.8589002,
                49.5059062
              ],
              [
                5.8589164,
                49.5058852
              ],
              [
                5.8589206,
                49.505861
              ],
              [
                5.8589188,
                49.5058308
              ],
              [
                5.8589039,
                49.5057966
              ],
              [
                5.858857,
                49.5057276
              ],
              [
                5.8588461,
                49.5056948
              ],
              [
                5.8588463,
                49.5056679
              ],
              [
                5.8588545,
                49.505645
              ],
              [
                5.8588687,
                49.5056254
              ],
              [
                5.8589133,
                49.5055848
              ],
              [
                5.8589315,
                49.5055632
              ],
              [
                5.8589407,
                49.5055403
              ],
              [
                5.8589452,
                49.505476
              ],
              [
                5.8589503,
                49.5054655
              ],
              [
                5.8589604,
                49.5054584
              ],
              [
                5.8589725,
                49.5054544
              ],
              [
                5.8590007,
                49.5054532
              ],
              [
                5.8590611,
                49.5054573
              ],
              [
                5.8591071,
                49.5054571
              ],
              [
                5.8591373,
                49.5054532
              ],
              [
                5.8591605,
                49.5054428
              ],
              [
                5.8591767,
                49.5054271
              ],
              [
                5.8591879,
                49.5054107
              ],
              [
                5.859192,
                49.5053944
              ],
              [
                5.8591922,
                49.5053681
              ],
              [
                5.8591793,
                49.5053366
              ],
              [
                5.8591394,
                49.5052807
              ],
              [
                5.8591225,
                49.5052512
              ],
              [
                5.8591176,
                49.5052217
              ],
              [
                5.8591218,
                49.5051922
              ],
              [
                5.859134,
                49.5051699
              ],
              [
                5.8591523,
                49.505149
              ],
              [
                5.8591746,
                49.50513
              ],
              [
                5.8592039,
                49.5051124
              ],
              [
                5.8592704,
                49.5050854
              ],
              [
                5.8593209,
                49.5050639
              ],
              [
                5.8593471,
                49.5050469
              ],
              [
                5.8593674,
                49.5050293
              ],
              [
                5.8593927,
                49.5050018
              ],
              [
                5.8594151,
                49.5049592
              ],
              [
                5.8594397,
                49.504899
              ],
              [
                5.8594469,
                49.5048668
              ],
              [
                5.8594502,
                49.5048314
              ],
              [
                5.8594405,
                49.5047625
              ],
              [
                5.8594201,
                49.5046464
              ],
              [
                5.8594223,
                49.5046202
              ],
              [
                5.8594295,
                49.5046025
              ],
              [
                5.8594477,
                49.5045822
              ],
              [
                5.8594831,
                49.5045606
              ],
              [
                5.8595675,
                49.5045266
              ],
              [
                5.859621,
                49.5045005
              ],
              [
                5.8596423,
                49.5044855
              ],
              [
                5.8596565,
                49.5044698
              ],
              [
                5.8596627,
                49.5044482
              ],
              [
                5.8596578,
                49.504418
              ],
              [
                5.859653,
                49.5043813
              ],
              [
                5.8596592,
                49.5043491
              ],
              [
                5.8597093,
                49.5042332
              ],
              [
                5.8597215,
                49.5042221
              ],
              [
                5.8597356,
                49.5042149
              ],
              [
                5.8597457,
                49.5042103
              ],
              [
                5.8597588,
                49.5042064
              ],
              [
                5.8597749,
                49.5042065
              ],
              [
                5.859797,
                49.5042085
              ],
              [
                5.8598744,
                49.5042303
              ],
              [
                5.8598986,
                49.5042337
              ],
              [
                5.8599167,
                49.5042331
              ],
              [
                5.8599349,
                49.5042259
              ],
              [
                5.859951,
                49.5042154
              ],
              [
                5.8599602,
                49.5042043
              ],
              [
                5.8599623,
                49.504186
              ],
              [
                5.8599545,
                49.5041518
              ],
              [
                5.8599536,
                49.5041223
              ],
              [
                5.8599608,
                49.5041066
              ],
              [
                5.8599962,
                49.5040785
              ],
              [
                5.860069,
                49.5040341
              ],
              [
                5.8600891,
                49.5040256
              ],
              [
                5.8601224,
                49.5040172
              ],
              [
                5.8601496,
                49.5040127
              ],
              [
                5.8601769,
                49.5040049
              ],
              [
                5.8601966,
                49.5039935
              ],
              [
                5.8602927,
                49.5039144
              ],
              [
                5.8603869,
                49.5038254
              ],
              [
                5.8605206,
                49.5036959
              ],
              [
                5.8605631,
                49.5036711
              ],
              [
                5.8605944,
                49.5036574
              ],
              [
                5.8606367,
                49.5036523
              ],
              [
                5.8607303,
                49.5036506
              ],
              [
                5.8607636,
                49.503648
              ],
              [
                5.8607888,
                49.5036389
              ],
              [
                5.8608312,
                49.5036147
              ],
              [
                5.8608524,
                49.5036043
              ],
              [
                5.8608776,
                49.5035978
              ],
              [
                5.8609015,
                49.5035949
              ],
              [
                5.8610656,
                49.5035986
              ],
              [
                5.8610908,
                49.5035974
              ],
              [
                5.8611069,
                49.5035915
              ],
              [
                5.8611241,
                49.5035824
              ],
              [
                5.8611362,
                49.5035706
              ],
              [
                5.8611383,
                49.5035562
              ],
              [
                5.8611305,
                49.503526
              ],
              [
                5.8611196,
                49.5034899
              ],
              [
                5.8611188,
                49.5034676
              ],
              [
                5.861131,
                49.5034466
              ],
              [
                5.8611563,
                49.5034224
              ],
              [
                5.8612464,
                49.5033486
              ],
              [
                5.8612797,
                49.503329
              ],
              [
                5.861318,
                49.503316
              ],
              [
                5.8613533,
                49.5033062
              ],
              [
                5.8614158,
                49.5032952
              ],
              [
                5.8614521,
                49.5032855
              ],
              [
                5.8615066,
                49.5032692
              ],
              [
                5.8615378,
                49.5032654
              ],
              [
                5.8615703,
                49.5032659
              ],
              [
                5.8616468,
                49.5032739
              ],
              [
                5.8617061,
                49.5032767
              ],
              [
                5.8617726,
                49.5032749
              ],
              [
                5.861824,
                49.5032704
              ],
              [
                5.8618794,
                49.5032581
              ],
              [
                5.8619258,
                49.5032419
              ],
              [
                5.8619733,
                49.5032184
              ],
              [
                5.8620026,
                49.5031948
              ],
              [
                5.862032,
                49.5031641
              ],
              [
                5.8620614,
                49.5031268
              ],
              [
                5.8620798,
                49.5030914
              ],
              [
                5.8620921,
                49.5030528
              ],
              [
                5.8620963,
                49.5030206
              ],
              [
                5.8620905,
                49.5029839
              ],
              [
                5.8620617,
                49.502918
              ],
              [
                5.8620418,
                49.5028661
              ],
              [
                5.86204,
                49.5028438
              ],
              [
                5.8620502,
                49.5028195
              ],
              [
                5.8620695,
                49.5027894
              ],
              [
                5.8620999,
                49.5027554
              ],
              [
                5.8621121,
                49.5027351
              ],
              [
                5.8621183,
                49.5027148
              ],
              [
                5.8621154,
                49.5026918
              ],
              [
                5.8620986,
                49.5026367
              ],
              [
                5.8620898,
                49.5026026
              ],
              [
                5.8620919,
                49.5025809
              ],
              [
                5.8621031,
                49.50256
              ],
              [
                5.8621264,
                49.5025403
              ],
              [
                5.8621507,
                49.5025155
              ],
              [
                5.862164,
                49.502484
              ],
              [
                5.8621713,
                49.502451
              ],
              [
                5.8621694,
                49.5024195
              ],
              [
                5.8621478,
                49.5023335
              ],
              [
                5.862148,
                49.5023106
              ],
              [
                5.8621521,
                49.5022909
              ],
              [
                5.8621623,
                49.5022752
              ],
              [
                5.8621744,
                49.5022647
              ],
              [
                5.8621906,
                49.5022569
              ],
              [
                5.8622309,
                49.5022472
              ],
              [
                5.8622652,
                49.5022394
              ],
              [
                5.8622844,
                49.5022302
              ],
              [
                5.8623006,
                49.5022132
              ],
              [
                5.8623108,
                49.502191
              ],
              [
                5.8623069,
                49.5021693
              ],
              [
                5.862301,
                49.5021529
              ],
              [
                5.8622409,
                49.5021016
              ],
              [
                5.8622259,
                49.5020845
              ],
              [
                5.862225,
                49.5020707
              ],
              [
                5.8622311,
                49.502053
              ],
              [
                5.8622635,
                49.5020308
              ],
              [
                5.8623231,
                49.5019955
              ],
              [
                5.8623489,
                49.5019758
              ],
              [
                5.8624188,
                49.5019077
              ],
              [
                5.8624583,
                49.5018718
              ],
              [
                5.8624946,
                49.5018509
              ],
              [
                5.8625743,
                49.5018229
              ],
              [
                5.8626399,
                49.5017994
              ],
              [
                5.8626924,
                49.501774
              ],
              [
                5.8627925,
                49.5017139
              ],
              [
                5.8628966,
                49.5016414
              ],
              [
                5.8629543,
                49.5015917
              ],
              [
                5.8629948,
                49.501559
              ],
              [
                5.8630382,
                49.5015303
              ],
              [
                5.8630857,
                49.5015041
              ],
              [
                5.8631321,
                49.5014852
              ],
              [
                5.8631906,
                49.5014677
              ],
              [
                5.8632542,
                49.5014462
              ],
              [
                5.863316,
                49.5014167
              ],
              [
                5.8634979,
                49.501307
              ],
              [
                5.8636556,
                49.5012104
              ],
              [
                5.863795,
                49.5011209
              ],
              [
                5.8639052,
                49.5010608
              ],
              [
                5.8640072,
                49.5010047
              ],
              [
                5.8641093,
                49.5009387
              ],
              [
                5.8642222,
                49.5008795
              ],
              [
                5.864227,
                49.5008827
              ],
              [
                5.8643826,
                49.5009849
              ],
              [
                5.8649563,
                49.5006742
              ],
              [
                5.8654919,
                49.5003358
              ],
              [
                5.8662624,
                49.4999133
              ],
              [
                5.8664869,
                49.4999526
              ],
              [
                5.8665317,
                49.4999604
              ],
              [
                5.8666123,
                49.4999745
              ],
              [
                5.8668398,
                49.4999751
              ],
              [
                5.8669526,
                49.4999728
              ],
              [
                5.867017,
                49.499969
              ],
              [
                5.8670835,
                49.4999587
              ],
              [
                5.8671561,
                49.4999392
              ],
              [
                5.8678021,
                49.4997498
              ],
              [
                5.8687662,
                49.4994795
              ],
              [
                5.8693204,
                49.4993303
              ],
              [
                5.8693308,
                49.4993275
              ],
              [
                5.8695325,
                49.4992926
              ],
              [
                5.8696854,
                49.4992812
              ],
              [
                5.8697518,
                49.4992984
              ],
              [
                5.8698065,
                49.4993179
              ],
              [
                5.8699953,
                49.4993957
              ],
              [
                5.87069,
                49.4997124
              ],
              [
                5.8713125,
                49.4999947
              ],
              [
                5.8719233,
                49.5002649
              ],
              [
                5.8720658,
                49.5001011
              ],
              [
                5.8721293,
                49.500028
              ],
              [
                5.8724765,
                49.4996288
              ],
              [
                5.8724187,
                49.4995356
              ],
              [
                5.8723945,
                49.4994876
              ],
              [
                5.8723769,
                49.4994389
              ],
              [
                5.8723706,
                49.4993881
              ],
              [
                5.8723821,
                49.499322
              ],
              [
                5.8724151,
                49.4992139
              ],
              [
                5.8724354,
                49.4991646
              ],
              [
                5.8724625,
                49.4991117
              ],
              [
                5.8725014,
                49.4990549
              ],
              [
                5.8725519,
                49.4989992
              ],
              [
                5.8726079,
                49.4989507
              ],
              [
                5.8726964,
                49.4988812
              ],
              [
                5.8727241,
                49.4988603
              ],
              [
                5.8728766,
                49.4987452
              ],
              [
                5.8729817,
                49.4986779
              ],
              [
                5.8730645,
                49.4986331
              ],
              [
                5.8732041,
                49.498566
              ],
              [
                5.8732606,
                49.4985409
              ],
              [
                5.8733143,
                49.4985215
              ],
              [
                5.8733823,
                49.4985057
              ],
              [
                5.8734351,
                49.4984962
              ],
              [
                5.8735017,
                49.4984842
              ],
              [
                5.8735778,
                49.4984734
              ],
              [
                5.8736534,
                49.4984628
              ],
              [
                5.8737738,
                49.4984515
              ],
              [
                5.8738729,
                49.4984481
              ],
              [
                5.8740089,
                49.4984492
              ],
              [
                5.8741551,
                49.4984475
              ],
              [
                5.8741567,
                49.4984474
              ],
              [
                5.8743557,
                49.4984335
              ],
              [
                5.8746289,
                49.4984051
              ],
              [
                5.8748351,
                49.4983955
              ],
              [
                5.8750513,
                49.498388
              ],
              [
                5.8755308,
                49.4983878
              ],
              [
                5.8756297,
                49.4982567
              ],
              [
                5.8761745,
                49.4983574
              ],
              [
                5.876258,
                49.4983692
              ],
              [
                5.8769022,
                49.4984318
              ],
              [
                5.8770035,
                49.4984437
              ],
              [
                5.8771549,
                49.4984695
              ],
              [
                5.8772473,
                49.4984871
              ],
              [
                5.8773074,
                49.4985003
              ],
              [
                5.8773674,
                49.4985172
              ],
              [
                5.8774497,
                49.4985435
              ],
              [
                5.8776766,
                49.4986247
              ],
              [
                5.8780382,
                49.4987508
              ],
              [
                5.8782506,
                49.4988239
              ],
              [
                5.878384,
                49.4988663
              ],
              [
                5.8786121,
                49.498933
              ],
              [
                5.8786688,
                49.4989455
              ],
              [
                5.8787056,
                49.4989463
              ],
              [
                5.8787085,
                49.4989462
              ],
              [
                5.8788427,
                49.4989408
              ],
              [
                5.8789421,
                49.4987727
              ],
              [
                5.8797571,
                49.4988699
              ],
              [
                5.8803029,
                49.4989459
              ],
              [
                5.8809465,
                49.4990281
              ],
              [
                5.8812994,
                49.4990783
              ],
              [
                5.8818249,
                49.4991681
              ],
              [
                5.881834,
                49.4991667
              ],
              [
                5.8828077,
                49.4990161
              ],
              [
                5.8842383,
                49.4987982
              ],
              [
                5.884358,
                49.4987641
              ],
              [
                5.8849069,
                49.498817
              ],
              [
                5.8850758,
                49.4988333
              ],
              [
                5.8857627,
                49.4986362
              ],
              [
                5.8862627,
                49.4984894
              ],
              [
                5.8866692,
                49.4983665
              ],
              [
                5.8869784,
                49.4982685
              ],
              [
                5.8871436,
                49.4982079
              ],
              [
                5.8872643,
                49.4981545
              ],
              [
                5.8873369,
                49.4981126
              ],
              [
                5.8874331,
                49.4980446
              ],
              [
                5.8875103,
                49.4979831
              ],
              [
                5.8876105,
                49.4978974
              ],
              [
                5.8881364,
                49.497415
              ],
              [
                5.8882931,
                49.4972804
              ],
              [
                5.8884184,
                49.4971841
              ],
              [
                5.8885169,
                49.4971176
              ],
              [
                5.8886309,
                49.4970503
              ],
              [
                5.888765,
                49.4969802
              ],
              [
                5.8889766,
                49.496886
              ],
              [
                5.8892066,
                49.4967988
              ],
              [
                5.8893539,
                49.4967563
              ],
              [
                5.8896092,
                49.4967199
              ],
              [
                5.8898459,
                49.4966973
              ],
              [
                5.8900477,
                49.4966825
              ],
              [
                5.8901602,
                49.4966821
              ],
              [
                5.8903106,
                49.4966875
              ],
              [
                5.8906385,
                49.4967129
              ],
              [
                5.8910048,
                49.4967508
              ],
              [
                5.8911541,
                49.4967606
              ],
              [
                5.8919014,
                49.4967856
              ],
              [
                5.8929629,
                49.496828
              ],
              [
                5.8931526,
                49.4968335
              ],
              [
                5.8932462,
                49.4968323
              ],
              [
                5.8933465,
                49.4968253
              ],
              [
                5.8934747,
                49.4968082
              ],
              [
                5.8937284,
                49.4967591
              ],
              [
                5.8939821,
                49.4967099
              ],
              [
                5.8943461,
                49.4966463
              ],
              [
                5.8946416,
                49.4965991
              ],
              [
                5.8948233,
                49.496577
              ],
              [
                5.8950835,
                49.4965552
              ],
              [
                5.8955348,
                49.4965337
              ],
              [
                5.8957387,
                49.4965342
              ],
              [
                5.8960041,
                49.4965413
              ],
              [
                5.8961422,
                49.4965489
              ],
              [
                5.8962847,
                49.4965637
              ],
              [
                5.8971936,
                49.4967051
              ],
              [
                5.8975241,
                49.4967618
              ],
              [
                5.8977856,
                49.4968183
              ],
              [
                5.8979863,
                49.4968701
              ],
              [
                5.8983155,
                49.4969761
              ],
              [
                5.8984957,
                49.4970331
              ],
              [
                5.8987119,
                49.4970879
              ],
              [
                5.8990913,
                49.4971781
              ],
              [
                5.8994974,
                49.4972893
              ],
              [
                5.8996743,
                49.4973297
              ],
              [
                5.89979,
                49.4973568
              ],
              [
                5.8998723,
                49.4973809
              ],
              [
                5.9001369,
                49.4974827
              ],
              [
                5.9003448,
                49.4975601
              ],
              [
                5.9004738,
                49.4976025
              ],
              [
                5.9006117,
                49.4976391
              ],
              [
                5.900772,
                49.4976721
              ],
              [
                5.9010046,
                49.4977119
              ],
              [
                5.9015136,
                49.497776
              ],
              [
                5.9016071,
                49.4977892
              ],
              [
                5.9016972,
                49.4978083
              ],
              [
                5.9017729,
                49.497831
              ],
              [
                5.9019285,
                49.4978945
              ],
              [
                5.9020741,
                49.49795
              ],
              [
                5.9022209,
                49.4979968
              ],
              [
                5.9023466,
                49.4980319
              ],
              [
                5.9024234,
                49.4980481
              ],
              [
                5.9025058,
                49.4980606
              ],
              [
                5.9026174,
                49.4980659
              ],
              [
                5.9029338,
                49.4980688
              ],
              [
                5.9031644,
                49.4980809
              ],
              [
                5.9032557,
                49.4980899
              ],
              [
                5.9033236,
                49.4981009
              ],
              [
                5.9034093,
                49.4981236
              ],
              [
                5.9034748,
                49.4981528
              ],
              [
                5.9035414,
                49.4981958
              ],
              [
                5.9036267,
                49.4982588
              ],
              [
                5.9038151,
                49.4984371
              ],
              [
                5.9038972,
                49.4985186
              ],
              [
                5.9040344,
                49.4986674
              ],
              [
                5.9041147,
                49.4987386
              ],
              [
                5.9045126,
                49.4989151
              ],
              [
                5.9050823,
                49.4991477
              ],
              [
                5.9058471,
                49.4994688
              ],
              [
                5.9069259,
                49.4999298
              ],
              [
                5.9069749,
                49.4999522
              ],
              [
                5.9070084,
                49.4999675
              ],
              [
                5.907264,
                49.5000844
              ],
              [
                5.9072682,
                49.5000879
              ],
              [
                5.9072711,
                49.5000903
              ],
              [
                5.9072781,
                49.5000962
              ],
              [
                5.9073624,
                49.5003534
              ],
              [
                5.9073638,
                49.5003578
              ],
              [
                5.9073728,
                49.5003926
              ],
              [
                5.9073881,
                49.5004519
              ],
              [
                5.9074123,
                49.500546
              ],
              [
                5.9074157,
                49.5005627
              ],
              [
                5.9074229,
                49.5005979
              ],
              [
                5.9074334,
                49.5006498
              ],
              [
                5.90744,
                49.5006971
              ],
              [
                5.9074449,
                49.5007323
              ],
              [
                5.9074465,
                49.5007444
              ],
              [
                5.9074489,
                49.500785
              ],
              [
                5.9074509,
                49.5008197
              ],
              [
                5.9074512,
                49.5008256
              ],
              [
                5.9074517,
                49.5008599
              ],
              [
                5.9074519,
                49.5008685
              ],
              [
                5.9074525,
                49.5009113
              ],
              [
                5.9074522,
                49.5009173
              ],
              [
                5.9074496,
                49.5009697
              ],
              [
                5.9074468,
                49.5010281
              ],
              [
                5.9074404,
                49.5011049
              ],
              [
                5.907434,
                49.5011816
              ],
              [
                5.9074317,
                49.5011982
              ],
              [
                5.9074251,
                49.5012478
              ],
              [
                5.9074162,
                49.501314
              ],
              [
                5.9074048,
                49.5013697
              ],
              [
                5.9073973,
                49.5014065
              ],
              [
                5.9073934,
                49.5014255
              ],
              [
                5.9073892,
                49.5014416
              ],
              [
                5.9073829,
                49.5014661
              ],
              [
                5.9073725,
                49.5015067
              ],
              [
                5.9073724,
                49.5015087
              ],
              [
                5.9073715,
                49.50153
              ],
              [
                5.9073705,
                49.5015534
              ],
              [
                5.9073712,
                49.5015829
              ],
              [
                5.9073719,
                49.5016103
              ],
              [
                5.9073719,
                49.5016124
              ],
              [
                5.907374,
                49.5016217
              ],
              [
                5.9073769,
                49.5016352
              ],
              [
                5.9073819,
                49.501658
              ],
              [
                5.9073845,
                49.501669
              ],
              [
                5.9073886,
                49.5016869
              ],
              [
                5.9073953,
                49.5017159
              ],
              [
                5.9074079,
                49.5017476
              ],
              [
                5.9074151,
                49.5017657
              ],
              [
                5.9074206,
                49.5017794
              ],
              [
                5.9074261,
                49.5017915
              ],
              [
                5.9074349,
                49.5018111
              ],
              [
                5.9074492,
                49.5018428
              ],
              [
                5.9074645,
                49.5018718
              ],
              [
                5.9074797,
                49.5019007
              ],
              [
                5.9074932,
                49.5019219
              ],
              [
                5.9075035,
                49.501938
              ],
              [
                5.9075068,
                49.5019431
              ],
              [
                5.9075237,
                49.5019643
              ],
              [
                5.9075407,
                49.5019854
              ],
              [
                5.9075454,
                49.5019907
              ],
              [
                5.9075687,
                49.5020172
              ],
              [
                5.9075967,
                49.502049
              ],
              [
                5.9076358,
                49.5020902
              ],
              [
                5.9076748,
                49.5021315
              ],
              [
                5.9076882,
                49.5021177
              ],
              [
                5.907698,
                49.5021076
              ],
              [
                5.9077212,
                49.5020837
              ],
              [
                5.9077396,
                49.5020672
              ],
              [
                5.9077546,
                49.5020538
              ],
              [
                5.9077881,
                49.5020238
              ],
              [
                5.9078215,
                49.5019939
              ],
              [
                5.9078393,
                49.501978
              ],
              [
                5.907855,
                49.5019639
              ],
              [
                5.9078817,
                49.5019423
              ],
              [
                5.9078996,
                49.5019278
              ],
              [
                5.9079442,
                49.5018918
              ],
              [
                5.9079473,
                49.5018896
              ],
              [
                5.9079819,
                49.5018663
              ],
              [
                5.9080196,
                49.5018408
              ],
              [
                5.9080454,
                49.5018261
              ],
              [
                5.9080624,
                49.5018164
              ],
              [
                5.9081052,
                49.501792
              ],
              [
                5.9081711,
                49.5017588
              ],
              [
                5.908237,
                49.5017256
              ],
              [
                5.9082614,
                49.501715
              ],
              [
                5.9082858,
                49.5017045
              ],
              [
                5.9083346,
                49.5016835
              ],
              [
                5.908391,
                49.5016614
              ],
              [
                5.9084182,
                49.5016507
              ],
              [
                5.9084475,
                49.5016393
              ],
              [
                5.9084946,
                49.5016232
              ],
              [
                5.9085335,
                49.50161
              ],
              [
                5.9085416,
                49.5016072
              ],
              [
                5.9085698,
                49.5015989
              ],
              [
                5.908598,
                49.5015906
              ],
              [
                5.9086112,
                49.5015956
              ],
              [
                5.908656,
                49.5016125
              ],
              [
                5.9087139,
                49.5016343
              ],
              [
                5.9087557,
                49.5016483
              ],
              [
                5.9087974,
                49.5016623
              ],
              [
                5.9088095,
                49.5016659
              ],
              [
                5.9088369,
                49.501674
              ],
              [
                5.9088764,
                49.5016857
              ],
              [
                5.9089208,
                49.5016969
              ],
              [
                5.9089461,
                49.5017033
              ],
              [
                5.9089651,
                49.5017081
              ],
              [
                5.9089825,
                49.5017119
              ],
              [
                5.9090086,
                49.5017177
              ],
              [
                5.9090521,
                49.5017272
              ],
              [
                5.9090964,
                49.5017357
              ],
              [
                5.9091077,
                49.5017378
              ],
              [
                5.9091408,
                49.5017441
              ],
              [
                5.9091937,
                49.5017515
              ],
              [
                5.9092193,
                49.501755
              ],
              [
                5.9092466,
                49.5017588
              ],
              [
                5.9093413,
                49.5017702
              ],
              [
                5.909436,
                49.5017815
              ],
              [
                5.9095828,
                49.5017946
              ],
              [
                5.9097296,
                49.5018077
              ],
              [
                5.9098388,
                49.501818
              ],
              [
                5.9099048,
                49.5018242
              ],
              [
                5.909948,
                49.5018282
              ],
              [
                5.9100666,
                49.501838
              ],
              [
                5.9101853,
                49.5018477
              ],
              [
                5.910351,
                49.5018608
              ],
              [
                5.9105167,
                49.501874
              ],
              [
                5.9105549,
                49.5018767
              ],
              [
                5.9106558,
                49.5018838
              ],
              [
                5.910795,
                49.5018935
              ],
              [
                5.9109699,
                49.5019056
              ],
              [
                5.911094,
                49.5019142
              ],
              [
                5.9111449,
                49.5019177
              ],
              [
                5.9115195,
                49.501948
              ],
              [
                5.9115944,
                49.5019541
              ],
              [
                5.9118941,
                49.5019783
              ],
              [
                5.9119161,
                49.5019798
              ],
              [
                5.9119713,
                49.5019835
              ],
              [
                5.9120484,
                49.5019886
              ],
              [
                5.9121593,
                49.5019933
              ],
              [
                5.9121815,
                49.5019943
              ],
              [
                5.9122703,
                49.501998
              ],
              [
                5.912348,
                49.5019993
              ],
              [
                5.9124193,
                49.5020005
              ],
              [
                5.9124257,
                49.5020006
              ],
              [
                5.9126425,
                49.5020011
              ],
              [
                5.9126547,
                49.5020008
              ],
              [
                5.9127262,
                49.501999
              ],
              [
                5.9128099,
                49.501997
              ],
              [
                5.9128833,
                49.5019944
              ],
              [
                5.9129422,
                49.5019922
              ],
              [
                5.9129567,
                49.5019917
              ],
              [
                5.9130148,
                49.5019891
              ],
              [
                5.9130729,
                49.5019864
              ],
              [
                5.9130819,
                49.5019854
              ],
              [
                5.9130968,
                49.5019837
              ],
              [
                5.9131207,
                49.501981
              ],
              [
                5.9131745,
                49.5019733
              ],
              [
                5.9132284,
                49.5019656
              ],
              [
                5.9132728,
                49.5019568
              ],
              [
                5.9133173,
                49.501948
              ],
              [
                5.913407,
                49.501926
              ],
              [
                5.9134578,
                49.5019135
              ],
              [
                5.9134968,
                49.5019039
              ],
              [
                5.9135584,
                49.5018886
              ],
              [
                5.91361,
                49.5018758
              ],
              [
                5.9137231,
                49.5018478
              ],
              [
                5.9137737,
                49.5018348
              ],
              [
                5.9138223,
                49.5018224
              ],
              [
                5.9139214,
                49.501797
              ],
              [
                5.9139454,
                49.5017911
              ],
              [
                5.9140155,
                49.5017739
              ],
              [
                5.9141095,
                49.5017507
              ],
              [
                5.9141941,
                49.5017297
              ],
              [
                5.9142325,
                49.5017203
              ],
              [
                5.9142788,
                49.5017088
              ],
              [
                5.9143719,
                49.5016867
              ],
              [
                5.9144226,
                49.5016748
              ],
              [
                5.9144651,
                49.5016647
              ],
              [
                5.914542,
                49.5016476
              ],
              [
                5.914619,
                49.5016305
              ],
              [
                5.9146882,
                49.5016166
              ],
              [
                5.9147173,
                49.5016107
              ],
              [
                5.9148155,
                49.5015909
              ],
              [
                5.914868,
                49.5015807
              ],
              [
                5.9149343,
                49.5015678
              ],
              [
                5.9150531,
                49.5015447
              ],
              [
                5.9150972,
                49.5015367
              ],
              [
                5.9151337,
                49.50153
              ],
              [
                5.9152143,
                49.5015153
              ],
              [
                5.9152998,
                49.5015027
              ],
              [
                5.9153852,
                49.5014901
              ],
              [
                5.9154522,
                49.5014804
              ],
              [
                5.9154689,
                49.501478
              ],
              [
                5.9155527,
                49.501466
              ],
              [
                5.9156552,
                49.5014517
              ],
              [
                5.9157101,
                49.5014441
              ],
              [
                5.9157577,
                49.5014375
              ],
              [
                5.9158638,
                49.501401
              ],
              [
                5.9159576,
                49.5013687
              ],
              [
                5.9159698,
                49.5013645
              ],
              [
                5.9160095,
                49.5013495
              ],
              [
                5.9161264,
                49.5013053
              ],
              [
                5.9162829,
                49.5012462
              ],
              [
                5.9164215,
                49.501192
              ],
              [
                5.9165032,
                49.50116
              ],
              [
                5.9165601,
                49.5011377
              ],
              [
                5.9166644,
                49.5010947
              ],
              [
                5.9167324,
                49.5010666
              ],
              [
                5.9169046,
                49.5009955
              ],
              [
                5.9169272,
                49.5009861
              ],
              [
                5.9169928,
                49.5009589
              ],
              [
                5.9170809,
                49.5009224
              ],
              [
                5.9171724,
                49.5008887
              ],
              [
                5.9172438,
                49.5008623
              ],
              [
                5.9172639,
                49.5008549
              ],
              [
                5.9173785,
                49.500814
              ],
              [
                5.9174733,
                49.5007802
              ],
              [
                5.9174932,
                49.5007731
              ],
              [
                5.9175898,
                49.5007427
              ],
              [
                5.9176816,
                49.5007138
              ],
              [
                5.9176864,
                49.5007123
              ],
              [
                5.917789,
                49.5006847
              ],
              [
                5.917866,
                49.500664
              ],
              [
                5.9178916,
                49.5006571
              ],
              [
                5.9179711,
                49.5006373
              ],
              [
                5.9180506,
                49.5006174
              ],
              [
                5.9181654,
                49.5005923
              ],
              [
                5.9182801,
                49.5005672
              ],
              [
                5.9183529,
                49.5005529
              ],
              [
                5.9184177,
                49.5005403
              ],
              [
                5.9185553,
                49.5005133
              ],
              [
                5.918745,
                49.5004786
              ],
              [
                5.918831,
                49.500463
              ],
              [
                5.9189347,
                49.500444
              ],
              [
                5.9190413,
                49.5004245
              ],
              [
                5.9191654,
                49.5004017
              ],
              [
                5.9193962,
                49.5003593
              ],
              [
                5.9193992,
                49.5003588
              ],
              [
                5.9195144,
                49.5003364
              ],
              [
                5.9195879,
                49.5003221
              ],
              [
                5.9196327,
                49.5003134
              ],
              [
                5.9197122,
                49.5002974
              ],
              [
                5.9197916,
                49.5002815
              ],
              [
                5.9198296,
                49.5002728
              ],
              [
                5.9198523,
                49.5002677
              ],
              [
                5.919913,
                49.5002539
              ],
              [
                5.919989,
                49.5002373
              ],
              [
                5.9200138,
                49.5002319
              ],
              [
                5.9201396,
                49.5003456
              ],
              [
                5.9202857,
                49.5005017
              ],
              [
                5.9203772,
                49.5006149
              ],
              [
                5.9204654,
                49.5007664
              ],
              [
                5.9205463,
                49.5008979
              ],
              [
                5.9205979,
                49.5009846
              ],
              [
                5.9206433,
                49.5009717
              ],
              [
                5.9219453,
                49.5007277
              ],
              [
                5.9223597,
                49.5005301
              ],
              [
                5.9226468,
                49.5003625
              ],
              [
                5.9228795,
                49.5001969
              ],
              [
                5.9231481,
                49.4999035
              ],
              [
                5.9234464,
                49.4996242
              ],
              [
                5.9238579,
                49.4993859
              ],
              [
                5.9239022,
                49.4993657
              ],
              [
                5.9255679,
                49.4989148
              ],
              [
                5.9256498,
                49.4989698
              ],
              [
                5.9274807,
                49.4984007
              ],
              [
                5.9275385,
                49.4983827
              ],
              [
                5.9275946,
                49.4984247
              ],
              [
                5.9305575,
                49.5006438
              ],
              [
                5.931112,
                49.5003655
              ],
              [
                5.9316267,
                49.5000959
              ],
              [
                5.931795,
                49.4999881
              ],
              [
                5.9319993,
                49.4998229
              ],
              [
                5.9321207,
                49.4999131
              ],
              [
                5.9321966,
                49.4997495
              ],
              [
                5.9324102,
                49.4995739
              ],
              [
                5.9341411,
                49.5006179
              ],
              [
                5.934926,
                49.5002323
              ],
              [
                5.9351141,
                49.5003729
              ],
              [
                5.9354496,
                49.5005691
              ],
              [
                5.9359754,
                49.5008601
              ],
              [
                5.936119,
                49.5008636
              ],
              [
                5.9401184,
                49.5009623
              ],
              [
                5.9414493,
                49.5006429
              ],
              [
                5.9424637,
                49.5003969
              ],
              [
                5.9431541,
                49.5002317
              ],
              [
                5.9426421,
                49.4993771
              ],
              [
                5.9427366,
                49.4991694
              ],
              [
                5.9424047,
                49.4989808
              ],
              [
                5.9422134,
                49.4986614
              ],
              [
                5.9420826,
                49.4985153
              ],
              [
                5.9420723,
                49.4983971
              ],
              [
                5.9419931,
                49.49835
              ],
              [
                5.941954,
                49.4981739
              ],
              [
                5.9419684,
                49.4979962
              ],
              [
                5.9420357,
                49.4978237
              ],
              [
                5.9421534,
                49.4976631
              ],
              [
                5.9423169,
                49.4975205
              ],
              [
                5.9423668,
                49.4974629
              ],
              [
                5.9424488,
                49.4970758
              ],
              [
                5.9425208,
                49.4968169
              ],
              [
                5.9426673,
                49.4964907
              ],
              [
                5.9430309,
                49.495921
              ],
              [
                5.943463,
                49.4954761
              ],
              [
                5.9438225,
                49.4951792
              ],
              [
                5.9445148,
                49.4955841
              ],
              [
                5.9442736,
                49.4958364
              ],
              [
                5.9439819,
                49.4962301
              ],
              [
                5.9437818,
                49.4965099
              ],
              [
                5.9436203,
                49.4968
              ],
              [
                5.9434988,
                49.4970983
              ],
              [
                5.9434183,
                49.4974024
              ],
              [
                5.9436289,
                49.4974434
              ],
              [
                5.9451845,
                49.4976446
              ],
              [
                5.946208,
                49.4976036
              ],
              [
                5.9462874,
                49.4970014
              ],
              [
                5.9475479,
                49.496783
              ],
              [
                5.9475735,
                49.4967784
              ],
              [
                5.9491114,
                49.4965045
              ],
              [
                5.9490859,
                49.4964386
              ],
              [
                5.9489329,
                49.4960435
              ],
              [
                5.9488601,
                49.4958555
              ],
              [
                5.9505886,
                49.4953876
              ],
              [
                5.9508836,
                49.4952935
              ],
              [
                5.9511533,
                49.495171
              ],
              [
                5.9520445,
                49.4941419
              ],
              [
                5.952668,
                49.4940956
              ],
              [
                5.9530585,
                49.4940702
              ],
              [
                5.9532928,
                49.4940385
              ],
              [
                5.9535714,
                49.494017
              ],
              [
                5.9537468,
                49.494014
              ],
              [
                5.9539071,
                49.4940265
              ],
              [
                5.9540593,
                49.4940413
              ],
              [
                5.9542186,
                49.494074
              ],
              [
                5.9544722,
                49.4941262
              ],
              [
                5.9544781,
                49.4941173
              ],
              [
                5.9551522,
                49.4931067
              ],
              [
                5.955163,
                49.4930916
              ],
              [
                5.9554168,
                49.4931554
              ],
              [
                5.9556516,
                49.4932143
              ],
              [
                5.9569497,
                49.4935405
              ],
              [
                5.9584609,
                49.4931999
              ],
              [
                5.9590171,
                49.4933745
              ],
              [
                5.9608906,
                49.4930621
              ],
              [
                5.9624651,
                49.4929603
              ],
              [
                5.9634012,
                49.4928988
              ],
              [
                5.9645946,
                49.4930047
              ],
              [
                5.9652349,
                49.4927591
              ],
              [
                5.9653126,
                49.4923067
              ],
              [
                5.965493,
                49.4920384
              ],
              [
                5.9660189,
                49.4921468
              ],
              [
                5.96613,
                49.4913437
              ],
              [
                5.9679441,
                49.4915176
              ],
              [
                5.9679363,
                49.4917749
              ],
              [
                5.9690909,
                49.4915036
              ],
              [
                5.969628,
                49.4912185
              ],
              [
                5.9708299,
                49.4913919
              ],
              [
                5.9721115,
                49.491413
              ],
              [
                5.9729906,
                49.4905272
              ],
              [
                5.9733265,
                49.4898515
              ],
              [
                5.9736437,
                49.4893548
              ],
              [
                5.973824,
                49.4891261
              ],
              [
                5.971922,
                49.4886368
              ],
              [
                5.9709185,
                49.4883783
              ],
              [
                5.9708366,
                49.4883572
              ],
              [
                5.9708183,
                49.4883087
              ],
              [
                5.9707901,
                49.488265
              ],
              [
                5.9707611,
                49.4882073
              ],
              [
                5.9707178,
                49.4881546
              ],
              [
                5.9706444,
                49.4880975
              ],
              [
                5.9705321,
                49.4880325
              ],
              [
                5.9704777,
                49.4880156
              ],
              [
                5.9704544,
                49.4880111
              ],
              [
                5.9702687,
                49.4879979
              ],
              [
                5.970202,
                49.4879817
              ],
              [
                5.9701068,
                49.4879259
              ],
              [
                5.9700946,
                49.4878792
              ],
              [
                5.9701518,
                49.4878138
              ],
              [
                5.9701663,
                49.4877842
              ],
              [
                5.9701703,
                49.487754
              ],
              [
                5.9701535,
                49.4877164
              ],
              [
                5.9701198,
                49.4876877
              ],
              [
                5.9700286,
                49.4876287
              ],
              [
                5.9699257,
                49.4875668
              ],
              [
                5.9696819,
                49.4874005
              ],
              [
                5.9694898,
                49.4872704
              ],
              [
                5.9694443,
                49.4872296
              ],
              [
                5.9692806,
                49.4871214
              ],
              [
                5.9691576,
                49.4870315
              ],
              [
                5.9689988,
                49.4869214
              ],
              [
                5.9689021,
                49.486853
              ],
              [
                5.9687911,
                49.4867755
              ],
              [
                5.9687371,
                49.4867379
              ],
              [
                5.9686728,
                49.4867058
              ],
              [
                5.9685752,
                49.4866527
              ],
              [
                5.9685375,
                49.4866382
              ],
              [
                5.9684706,
                49.4866039
              ],
              [
                5.9683694,
                49.4865506
              ],
              [
                5.9681055,
                49.4863961
              ],
              [
                5.9682105,
                49.486296
              ],
              [
                5.9682222,
                49.4862848
              ],
              [
                5.9686149,
                49.4859299
              ],
              [
                5.9687064,
                49.4858469
              ],
              [
                5.9690412,
                49.485504
              ],
              [
                5.9699152,
                49.484536
              ],
              [
                5.9705137,
                49.4838363
              ],
              [
                5.9706914,
                49.483634
              ],
              [
                5.9707794,
                49.4835421
              ],
              [
                5.9708705,
                49.4834568
              ],
              [
                5.9710362,
                49.4833284
              ],
              [
                5.9714105,
                49.4830669
              ],
              [
                5.9715825,
                49.48312
              ],
              [
                5.9717638,
                49.4831711
              ],
              [
                5.9720091,
                49.4832294
              ],
              [
                5.9723002,
                49.4832923
              ],
              [
                5.9726682,
                49.4833605
              ],
              [
                5.9729686,
                49.4834112
              ],
              [
                5.9730894,
                49.4830762
              ],
              [
                5.9731779,
                49.4828271
              ],
              [
                5.9743327,
                49.4822401
              ],
              [
                5.9748037,
                49.4819997
              ],
              [
                5.9747958,
                49.4819937
              ],
              [
                5.974871,
                49.4818367
              ],
              [
                5.9749397,
                49.481685
              ],
              [
                5.9749758,
                49.4815712
              ],
              [
                5.9749909,
                49.4814905
              ],
              [
                5.9749879,
                49.4813095
              ],
              [
                5.9749715,
                49.4810361
              ],
              [
                5.9749248,
                49.4806356
              ],
              [
                5.9746975,
                49.4804302
              ],
              [
                5.9746602,
                49.4803906
              ],
              [
                5.974636,
                49.480343
              ],
              [
                5.9746107,
                49.4802766
              ],
              [
                5.9745807,
                49.4801665
              ],
              [
                5.9745552,
                49.4800649
              ],
              [
                5.974535,
                49.479925
              ],
              [
                5.9745301,
                49.4798147
              ],
              [
                5.9745412,
                49.4796741
              ],
              [
                5.9745555,
                49.4795746
              ],
              [
                5.97459,
                49.4794967
              ],
              [
                5.9746569,
                49.4793871
              ],
              [
                5.9747824,
                49.4792195
              ],
              [
                5.9749319,
                49.4790627
              ],
              [
                5.9749966,
                49.4789286
              ],
              [
                5.9750352,
                49.4787964
              ],
              [
                5.9750486,
                49.4785902
              ],
              [
                5.9750297,
                49.4783787
              ],
              [
                5.9750043,
                49.4781901
              ],
              [
                5.9749593,
                49.478038
              ],
              [
                5.9749339,
                49.4779481
              ],
              [
                5.9748885,
                49.477841
              ],
              [
                5.9747934,
                49.4776347
              ],
              [
                5.9746693,
                49.4774349
              ],
              [
                5.9745363,
                49.4772557
              ],
              [
                5.9742866,
                49.4769481
              ],
              [
                5.9741002,
                49.4767544
              ],
              [
                5.9739687,
                49.4766319
              ],
              [
                5.9737918,
                49.4764857
              ],
              [
                5.9736284,
                49.476369
              ],
              [
                5.9734564,
                49.4762602
              ],
              [
                5.9731999,
                49.4761133
              ],
              [
                5.9730208,
                49.476019
              ],
              [
                5.9729639,
                49.4759857
              ],
              [
                5.9729086,
                49.4759462
              ],
              [
                5.9724031,
                49.4755543
              ],
              [
                5.9724096,
                49.4755395
              ],
              [
                5.9724135,
                49.4755305
              ],
              [
                5.9716871,
                49.4755332
              ],
              [
                5.9715903,
                49.475535
              ],
              [
                5.9713742,
                49.4755307
              ],
              [
                5.9713192,
                49.4755285
              ],
              [
                5.9710063,
                49.4755163
              ],
              [
                5.9705164,
                49.4754911
              ],
              [
                5.9703258,
                49.4754818
              ],
              [
                5.9702096,
                49.4754761
              ],
              [
                5.970132,
                49.4754754
              ],
              [
                5.9700362,
                49.4754791
              ],
              [
                5.9699566,
                49.4754849
              ],
              [
                5.969646,
                49.475508
              ],
              [
                5.9698335,
                49.4752435
              ],
              [
                5.9706766,
                49.4747971
              ],
              [
                5.9712146,
                49.4745118
              ],
              [
                5.9715943,
                49.4746454
              ],
              [
                5.9723101,
                49.4743785
              ],
              [
                5.972356,
                49.474253
              ],
              [
                5.9723906,
                49.4741578
              ],
              [
                5.9724152,
                49.4740639
              ],
              [
                5.9724398,
                49.4739284
              ],
              [
                5.9724605,
                49.4737687
              ],
              [
                5.972468,
                49.4736676
              ],
              [
                5.9724705,
                49.4735558
              ],
              [
                5.9724709,
                49.4734347
              ],
              [
                5.9724613,
                49.4733131
              ],
              [
                5.9724436,
                49.4732086
              ],
              [
                5.9724247,
                49.4731409
              ],
              [
                5.9723708,
                49.4730093
              ],
              [
                5.9723171,
                49.4728751
              ],
              [
                5.9722662,
                49.4727416
              ],
              [
                5.9722443,
                49.4726732
              ],
              [
                5.9722324,
                49.472618
              ],
              [
                5.9722245,
                49.4725765
              ],
              [
                5.9722157,
                49.4725088
              ],
              [
                5.9722159,
                49.4724576
              ],
              [
                5.9722221,
                49.4723936
              ],
              [
                5.9722323,
                49.4723535
              ],
              [
                5.9722528,
                49.4722813
              ],
              [
                5.9722803,
                49.4722058
              ],
              [
                5.9723493,
                49.4720597
              ],
              [
                5.9724833,
                49.4718161
              ],
              [
                5.9726883,
                49.471478
              ],
              [
                5.9727378,
                49.4713735
              ],
              [
                5.9727613,
                49.471298
              ],
              [
                5.972788,
                49.4711883
              ],
              [
                5.9727974,
                49.4711029
              ],
              [
                5.9727957,
                49.4710155
              ],
              [
                5.972785,
                49.470905
              ],
              [
                5.9727743,
                49.4708404
              ],
              [
                5.9727504,
                49.470778
              ],
              [
                5.9727154,
                49.4707155
              ],
              [
                5.9726843,
                49.4706714
              ],
              [
                5.9726471,
                49.4706319
              ],
              [
                5.9725207,
                49.4704963
              ],
              [
                5.972343,
                49.4703107
              ],
              [
                5.9721978,
                49.4701645
              ],
              [
                5.9720825,
                49.4700302
              ],
              [
                5.9720494,
                49.4699822
              ],
              [
                5.9720154,
                49.4699177
              ],
              [
                5.9719994,
                49.4698776
              ],
              [
                5.9719835,
                49.4698309
              ],
              [
                5.9719636,
                49.4697632
              ],
              [
                5.9719402,
                49.4695669
              ],
              [
                5.9722451,
                49.4693548
              ],
              [
                5.9728679,
                49.4691442
              ],
              [
                5.9736264,
                49.4685917
              ],
              [
                5.9737345,
                49.468002
              ],
              [
                5.9739372,
                49.4669096
              ],
              [
                5.9739557,
                49.4667931
              ],
              [
                5.9739666,
                49.4665999
              ],
              [
                5.9740052,
                49.4654859
              ],
              [
                5.9742809,
                49.4650214
              ],
              [
                5.9743445,
                49.4649312
              ],
              [
                5.9744347,
                49.4648071
              ],
              [
                5.9745269,
                49.4646982
              ],
              [
                5.974698,
                49.4645046
              ],
              [
                5.9751332,
                49.4641878
              ],
              [
                5.9754044,
                49.4638918
              ],
              [
                5.9754871,
                49.4638018
              ],
              [
                5.975563,
                49.4637184
              ],
              [
                5.9757567,
                49.4634283
              ],
              [
                5.9757239,
                49.4630442
              ],
              [
                5.9757782,
                49.4627875
              ],
              [
                5.9763665,
                49.4627649
              ],
              [
                5.9765227,
                49.4627547
              ],
              [
                5.9766951,
                49.4627359
              ],
              [
                5.9768615,
                49.4627138
              ],
              [
                5.9770839,
                49.4626729
              ],
              [
                5.9772957,
                49.4626266
              ],
              [
                5.9774785,
                49.4625329
              ],
              [
                5.9776407,
                49.4624448
              ],
              [
                5.977774,
                49.4623668
              ],
              [
                5.9778438,
                49.4623235
              ],
              [
                5.9779642,
                49.4621936
              ],
              [
                5.9780522,
                49.4620965
              ],
              [
                5.9781594,
                49.4619644
              ],
              [
                5.9782799,
                49.4618009
              ],
              [
                5.9783954,
                49.4616427
              ],
              [
                5.9787194,
                49.4611845
              ],
              [
                5.9793096,
                49.4609063
              ],
              [
                5.9794161,
                49.4609072
              ],
              [
                5.9795715,
                49.460944
              ],
              [
                5.9801461,
                49.4610805
              ],
              [
                5.9803651,
                49.461132
              ],
              [
                5.9804195,
                49.4611407
              ],
              [
                5.9808175,
                49.4611715
              ],
              [
                5.9814385,
                49.4612191
              ],
              [
                5.98156,
                49.4618197
              ],
              [
                5.9818565,
                49.462486
              ],
              [
                5.9819892,
                49.4627807
              ],
              [
                5.9825788,
                49.4635187
              ],
              [
                5.9836091,
                49.4632916
              ],
              [
                5.9848348,
                49.4630433
              ],
              [
                5.9860138,
                49.4628828
              ],
              [
                5.9873182,
                49.4626404
              ],
              [
                5.9876887,
                49.4623369
              ],
              [
                5.9880677,
                49.4612931
              ],
              [
                5.9877835,
                49.4602787
              ],
              [
                5.9872607,
                49.4593728
              ],
              [
                5.9867319,
                49.458701
              ],
              [
                5.9865725,
                49.4581221
              ],
              [
                5.9862909,
                49.4573059
              ],
              [
                5.9859598,
                49.4564259
              ],
              [
                5.9857208,
                49.4557394
              ],
              [
                5.9839985,
                49.4563338
              ],
              [
                5.9830202,
                49.4567816
              ],
              [
                5.9825452,
                49.4569502
              ],
              [
                5.9823594,
                49.4570367
              ],
              [
                5.9808403,
                49.4562019
              ],
              [
                5.9792998,
                49.4552449
              ],
              [
                5.9787523,
                49.4539921
              ],
              [
                5.9789797,
                49.4531343
              ],
              [
                5.9790898,
                49.4526846
              ],
              [
                5.9803127,
                49.4518692
              ],
              [
                5.9819721,
                49.4510675
              ],
              [
                5.9858356,
                49.4523427
              ],
              [
                5.9868883,
                49.4527077
              ],
              [
                5.9918984,
                49.4544092
              ],
              [
                5.995188,
                49.4555308
              ],
              [
                5.9959076,
                49.4557922
              ],
              [
                5.9979348,
                49.4564975
              ],
              [
                5.9983551,
                49.4564944
              ],
              [
                5.9999579,
                49.4565244
              ],
              [
                6.0012336,
                49.4565044
              ],
              [
                6.0020333,
                49.4558962
              ],
              [
                6.0030665,
                49.4552278
              ],
              [
                6.0039544,
                49.4546331
              ],
              [
                6.0042976,
                49.4543726
              ],
              [
                6.0052064,
                49.4537072
              ],
              [
                6.0056684,
                49.453376
              ],
              [
                6.006106,
                49.4530387
              ],
              [
                6.0069501,
                49.4523406
              ],
              [
                6.0073804,
                49.452021
              ],
              [
                6.0078491,
                49.4516399
              ],
              [
                6.0095125,
                49.4524562
              ],
              [
                6.010775,
                49.4531043
              ],
              [
                6.0114964,
                49.4535189
              ],
              [
                6.0138164,
                49.4525303
              ],
              [
                6.0143684,
                49.4529226
              ],
              [
                6.0152653,
                49.453467
              ],
              [
                6.0155214,
                49.4536315
              ],
              [
                6.0155926,
                49.4539517
              ],
              [
                6.0167854,
                49.4539574
              ],
              [
                6.0180263,
                49.4539497
              ],
              [
                6.0191398,
                49.4541364
              ],
              [
                6.0197759,
                49.4542623
              ],
              [
                6.0203645,
                49.4544643
              ],
              [
                6.0208943,
                49.4546769
              ],
              [
                6.0217469,
                49.4549759
              ],
              [
                6.0225836,
                49.4550518
              ],
              [
                6.0232577,
                49.4550707
              ],
              [
                6.0237144,
                49.4550229
              ],
              [
                6.0246606,
                49.4548192
              ],
              [
                6.0258209,
                49.4545153
              ],
              [
                6.0262439,
                49.4543982
              ],
              [
                6.0266944,
                49.4541951
              ],
              [
                6.0274774,
                49.4549122
              ],
              [
                6.0276772,
                49.4551417
              ],
              [
                6.0278969,
                49.4554908
              ],
              [
                6.0280748,
                49.4557491
              ],
              [
                6.0280955,
                49.4557302
              ],
              [
                6.0281256,
                49.4557174
              ],
              [
                6.0292822,
                49.4550472
              ],
              [
                6.0290806,
                49.4548871
              ],
              [
                6.0282316,
                49.4544114
              ],
              [
                6.0280182,
                49.4542808
              ],
              [
                6.0277236,
                49.4541105
              ],
              [
                6.0275563,
                49.4540051
              ],
              [
                6.0273794,
                49.4538799
              ],
              [
                6.0272487,
                49.4537741
              ],
              [
                6.027105,
                49.4536363
              ],
              [
                6.0268397,
                49.453293
              ],
              [
                6.0262518,
                49.4524808
              ],
              [
                6.0260403,
                49.4521771
              ],
              [
                6.0259724,
                49.452044
              ],
              [
                6.0259205,
                49.451851
              ],
              [
                6.0259199,
                49.4515876
              ],
              [
                6.0258817,
                49.4509658
              ],
              [
                6.0258782,
                49.4507275
              ],
              [
                6.025974,
                49.4507143
              ],
              [
                6.0263562,
                49.4501731
              ],
              [
                6.026628,
                49.4495626
              ],
              [
                6.0268407,
                49.4485959
              ],
              [
                6.0272513,
                49.448261
              ],
              [
                6.0277917,
                49.4486634
              ],
              [
                6.0287037,
                49.4491612
              ],
              [
                6.0293217,
                49.4493397
              ],
              [
                6.0308308,
                49.4494419
              ],
              [
                6.0325816,
                49.4495358
              ],
              [
                6.0329766,
                49.4494362
              ],
              [
                6.0340464,
                49.449341
              ],
              [
                6.0343323,
                49.4493057
              ],
              [
                6.0353534,
                49.4489748
              ],
              [
                6.0357068,
                49.4488541
              ],
              [
                6.0361391,
                49.4487433
              ],
              [
                6.0382342,
                49.4485899
              ],
              [
                6.0388147,
                49.4484655
              ],
              [
                6.0417732,
                49.4478587
              ],
              [
                6.0422067,
                49.4483831
              ],
              [
                6.0427062,
                49.4491125
              ],
              [
                6.0430135,
                49.4496975
              ],
              [
                6.0431263,
                49.449977
              ],
              [
                6.0438135,
                49.4509614
              ],
              [
                6.0440079,
                49.451277
              ],
              [
                6.044085,
                49.4513761
              ],
              [
                6.0441681,
                49.4514979
              ],
              [
                6.0447208,
                49.4523786
              ],
              [
                6.0451292,
                49.4527607
              ],
              [
                6.0453871,
                49.4530169
              ],
              [
                6.0457112,
                49.4533221
              ],
              [
                6.0458274,
                49.4534844
              ],
              [
                6.0463472,
                49.4542878
              ],
              [
                6.0464896,
                49.454499
              ],
              [
                6.0465839,
                49.4546344
              ],
              [
                6.04692,
                49.4550872
              ],
              [
                6.0469311,
                49.4555526
              ],
              [
                6.0473805,
                49.4560604
              ],
              [
                6.0478494,
                49.4566017
              ],
              [
                6.047922,
                49.4566935
              ],
              [
                6.0481655,
                49.4570268
              ],
              [
                6.0482719,
                49.4571832
              ],
              [
                6.0489074,
                49.4579796
              ],
              [
                6.0490741,
                49.4581928
              ],
              [
                6.0492966,
                49.4584922
              ],
              [
                6.0494823,
                49.4587229
              ],
              [
                6.0496201,
                49.4589455
              ],
              [
                6.0496949,
                49.4591095
              ],
              [
                6.0497873,
                49.4594203
              ],
              [
                6.0499043,
                49.4596737
              ],
              [
                6.0500655,
                49.4599491
              ],
              [
                6.0502611,
                49.4602048
              ],
              [
                6.0504193,
                49.4604027
              ],
              [
                6.0506727,
                49.4607525
              ],
              [
                6.0507952,
                49.4609306
              ],
              [
                6.0509461,
                49.4611312
              ],
              [
                6.0512693,
                49.4615801
              ],
              [
                6.0518695,
                49.462358
              ],
              [
                6.0521258,
                49.4627132
              ],
              [
                6.0524649,
                49.4631542
              ],
              [
                6.0526044,
                49.4633255
              ],
              [
                6.0530945,
                49.4639025
              ],
              [
                6.0536807,
                49.4642114
              ],
              [
                6.0541216,
                49.4644151
              ],
              [
                6.0544894,
                49.4645767
              ],
              [
                6.0550561,
                49.4646937
              ],
              [
                6.0552324,
                49.4647239
              ],
              [
                6.055975,
                49.46488
              ],
              [
                6.0566209,
                49.4651758
              ],
              [
                6.057167,
                49.4654527
              ],
              [
                6.0575018,
                49.4657914
              ],
              [
                6.0577836,
                49.466092
              ],
              [
                6.0578428,
                49.4661641
              ],
              [
                6.0580478,
                49.466368
              ],
              [
                6.058105,
                49.4664378
              ],
              [
                6.0584506,
                49.4662999
              ],
              [
                6.0589871,
                49.4661031
              ],
              [
                6.0595992,
                49.4658843
              ],
              [
                6.0604982,
                49.4656055
              ],
              [
                6.0607532,
                49.4655142
              ],
              [
                6.0611337,
                49.4653895
              ],
              [
                6.0618486,
                49.4652636
              ],
              [
                6.062077,
                49.4652322
              ],
              [
                6.062713,
                49.46516
              ],
              [
                6.0636562,
                49.4649905
              ],
              [
                6.0643516,
                49.4649827
              ],
              [
                6.0647168,
                49.464984
              ],
              [
                6.0653209,
                49.4649696
              ],
              [
                6.0657179,
                49.4649271
              ],
              [
                6.06584,
                49.4649067
              ],
              [
                6.0661945,
                49.4648315
              ],
              [
                6.0662449,
                49.4648255
              ],
              [
                6.0671877,
                49.4648105
              ],
              [
                6.0678192,
                49.4648297
              ],
              [
                6.0687745,
                49.4649097
              ],
              [
                6.0690452,
                49.4649294
              ],
              [
                6.0695429,
                49.4649779
              ],
              [
                6.0695792,
                49.4649853
              ],
              [
                6.0698838,
                49.4651034
              ],
              [
                6.0700343,
                49.4651572
              ],
              [
                6.0713253,
                49.4655071
              ],
              [
                6.0714927,
                49.4655491
              ],
              [
                6.0717017,
                49.4655977
              ],
              [
                6.0718462,
                49.4656183
              ],
              [
                6.0719912,
                49.4656333
              ],
              [
                6.072233,
                49.4656121
              ],
              [
                6.0726426,
                49.465421
              ],
              [
                6.0729199,
                49.4651297
              ],
              [
                6.0730767,
                49.4649543
              ],
              [
                6.0733513,
                49.464572
              ],
              [
                6.0736039,
                49.4638467
              ],
              [
                6.0736681,
                49.4636467
              ],
              [
                6.0741114,
                49.4637144
              ],
              [
                6.0759402,
                49.4637993
              ],
              [
                6.0778504,
                49.4637984
              ],
              [
                6.0786674,
                49.4638599
              ],
              [
                6.0792273,
                49.4638704
              ],
              [
                6.079384,
                49.4626158
              ],
              [
                6.0800719,
                49.4614444
              ],
              [
                6.0800638,
                49.4605124
              ],
              [
                6.080348,
                49.4600516
              ],
              [
                6.0805242,
                49.4596668
              ],
              [
                6.0807559,
                49.4585424
              ],
              [
                6.080814,
                49.4585404
              ],
              [
                6.0810146,
                49.4585336
              ],
              [
                6.0809631,
                49.4584003
              ],
              [
                6.0811673,
                49.4583527
              ],
              [
                6.0821866,
                49.4580161
              ],
              [
                6.0830508,
                49.4576445
              ],
              [
                6.0830184,
                49.4576163
              ],
              [
                6.0838075,
                49.4571403
              ],
              [
                6.0846201,
                49.4566995
              ],
              [
                6.0847488,
                49.4567791
              ],
              [
                6.0850631,
                49.4565824
              ],
              [
                6.0852803,
                49.4564607
              ],
              [
                6.0855815,
                49.4563029
              ],
              [
                6.085985,
                49.4561072
              ],
              [
                6.0856742,
                49.4558192
              ],
              [
                6.0855701,
                49.4557307
              ],
              [
                6.0860017,
                49.4554814
              ],
              [
                6.0862288,
                49.4553566
              ],
              [
                6.0864399,
                49.4552499
              ],
              [
                6.0866368,
                49.455163
              ],
              [
                6.0869334,
                49.4550458
              ],
              [
                6.087327,
                49.454906
              ],
              [
                6.0877869,
                49.4547504
              ],
              [
                6.0880326,
                49.4546858
              ],
              [
                6.0882313,
                49.4546412
              ],
              [
                6.0884125,
                49.4546064
              ],
              [
                6.0886052,
                49.4545742
              ],
              [
                6.0887932,
                49.4545495
              ],
              [
                6.0889899,
                49.454532
              ],
              [
                6.0892046,
                49.45452
              ],
              [
                6.0897198,
                49.4544808
              ],
              [
                6.090322,
                49.4544266
              ],
              [
                6.090348,
                49.4543249
              ],
              [
                6.090377,
                49.4542524
              ],
              [
                6.0906955,
                49.4542831
              ],
              [
                6.0907909,
                49.4542609
              ],
              [
                6.0908661,
                49.4542483
              ],
              [
                6.09096,
                49.4542397
              ],
              [
                6.0910664,
                49.4542378
              ],
              [
                6.0911973,
                49.4542408
              ],
              [
                6.0920787,
                49.4542857
              ],
              [
                6.0921068,
                49.4540854
              ],
              [
                6.0921589,
                49.4538568
              ],
              [
                6.0921659,
                49.4537983
              ],
              [
                6.0921621,
                49.4536903
              ],
              [
                6.0921752,
                49.4535621
              ],
              [
                6.0922192,
                49.4534235
              ],
              [
                6.0922651,
                49.4533105
              ],
              [
                6.0923204,
                49.4531397
              ],
              [
                6.0925349,
                49.4531598
              ],
              [
                6.0932321,
                49.4532667
              ],
              [
                6.0933315,
                49.4532778
              ],
              [
                6.0939355,
                49.4533078
              ],
              [
                6.09483,
                49.453333
              ],
              [
                6.095211,
                49.4533529
              ],
              [
                6.0953233,
                49.4533633
              ],
              [
                6.0954168,
                49.4533745
              ],
              [
                6.0962241,
                49.4535089
              ],
              [
                6.0962432,
                49.4533157
              ],
              [
                6.0961816,
                49.4533053
              ],
              [
                6.0961816,
                49.4532467
              ],
              [
                6.09695,
                49.4532281
              ],
              [
                6.0976973,
                49.4532002
              ],
              [
                6.0982991,
                49.4531747
              ],
              [
                6.0997974,
                49.4530949
              ],
              [
                6.0997876,
                49.4529959
              ],
              [
                6.1007732,
                49.4528888
              ],
              [
                6.100822,
                49.4531093
              ],
              [
                6.1008521,
                49.4534042
              ],
              [
                6.1008627,
                49.4534637
              ],
              [
                6.1008805,
                49.4535044
              ],
              [
                6.1010511,
                49.4537041
              ],
              [
                6.1011395,
                49.453802
              ],
              [
                6.1011746,
                49.4538312
              ],
              [
                6.1012422,
                49.4538694
              ],
              [
                6.1013701,
                49.4539188
              ],
              [
                6.1014178,
                49.4539446
              ],
              [
                6.101511,
                49.4540101
              ],
              [
                6.1015469,
                49.4540492
              ],
              [
                6.1015872,
                49.4541058
              ],
              [
                6.1016126,
                49.4541591
              ],
              [
                6.1016218,
                49.4542014
              ],
              [
                6.1016287,
                49.4543004
              ],
              [
                6.1016234,
                49.4543275
              ],
              [
                6.101575,
                49.4544362
              ],
              [
                6.101477,
                49.4545727
              ],
              [
                6.1014638,
                49.4546134
              ],
              [
                6.1014081,
                49.4548885
              ],
              [
                6.1013879,
                49.4549521
              ],
              [
                6.1012474,
                49.4552688
              ],
              [
                6.1011208,
                49.45551
              ],
              [
                6.1011032,
                49.4555535
              ],
              [
                6.1009481,
                49.4561763
              ],
              [
                6.1008607,
                49.4566401
              ],
              [
                6.1008597,
                49.4567238
              ],
              [
                6.1008278,
                49.4569874
              ],
              [
                6.1008355,
                49.4571005
              ],
              [
                6.1009035,
                49.4574288
              ],
              [
                6.1010204,
                49.4578651
              ],
              [
                6.1009017,
                49.458046
              ],
              [
                6.1007779,
                49.4582134
              ],
              [
                6.1007058,
                49.4583231
              ],
              [
                6.1006619,
                49.458384
              ],
              [
                6.1006206,
                49.4584296
              ],
              [
                6.1005021,
                49.4585486
              ],
              [
                6.1004038,
                49.4586372
              ],
              [
                6.1002852,
                49.4587333
              ],
              [
                6.1000677,
                49.4588938
              ],
              [
                6.0999652,
                49.4589802
              ],
              [
                6.0999345,
                49.4590107
              ],
              [
                6.0999178,
                49.4590351
              ],
              [
                6.0998756,
                49.4591193
              ],
              [
                6.09977,
                49.4593656
              ],
              [
                6.0997991,
                49.4595446
              ],
              [
                6.0998122,
                49.4597055
              ],
              [
                6.0998082,
                49.4597652
              ],
              [
                6.0997931,
                49.4597875
              ],
              [
                6.0996042,
                49.4600038
              ],
              [
                6.0995066,
                49.460107
              ],
              [
                6.0992069,
                49.4602852
              ],
              [
                6.0991384,
                49.4603303
              ],
              [
                6.0988575,
                49.4605533
              ],
              [
                6.0987831,
                49.4606291
              ],
              [
                6.0987179,
                49.4608471
              ],
              [
                6.0987482,
                49.4613546
              ],
              [
                6.0988545,
                49.4615413
              ],
              [
                6.0990267,
                49.4619066
              ],
              [
                6.09906,
                49.4619847
              ],
              [
                6.0991255,
                49.4622256
              ],
              [
                6.0989927,
                49.4624405
              ],
              [
                6.0989659,
                49.4624724
              ],
              [
                6.0985811,
                49.4627956
              ],
              [
                6.0983062,
                49.4630481
              ],
              [
                6.0980927,
                49.4634755
              ],
              [
                6.0981117,
                49.4635881
              ],
              [
                6.0981305,
                49.4637737
              ],
              [
                6.0981627,
                49.463953
              ],
              [
                6.0981789,
                49.464104
              ],
              [
                6.0982046,
                49.46427
              ],
              [
                6.0982764,
                49.4643561
              ],
              [
                6.0985344,
                49.464643
              ],
              [
                6.0986943,
                49.464836
              ],
              [
                6.0989479,
                49.4651246
              ],
              [
                6.0990971,
                49.465275
              ],
              [
                6.0992402,
                49.4653992
              ],
              [
                6.0994315,
                49.4655958
              ],
              [
                6.0996628,
                49.4658727
              ],
              [
                6.099718,
                49.4659792
              ],
              [
                6.0997513,
                49.4660614
              ],
              [
                6.0997751,
                49.4661436
              ],
              [
                6.0998043,
                49.466379
              ],
              [
                6.0998042,
                49.4664623
              ],
              [
                6.0997935,
                49.4665989
              ],
              [
                6.0997062,
                49.4670773
              ],
              [
                6.0997622,
                49.4672771
              ],
              [
                6.0998065,
                49.4674641
              ],
              [
                6.1003695,
                49.4681188
              ],
              [
                6.1004696,
                49.4682176
              ],
              [
                6.1006587,
                49.4683692
              ],
              [
                6.100777,
                49.4684497
              ],
              [
                6.1009172,
                49.4685372
              ],
              [
                6.1013031,
                49.4687544
              ],
              [
                6.1014214,
                49.4688272
              ],
              [
                6.1014529,
                49.4688533
              ],
              [
                6.1014996,
                49.4689029
              ],
              [
                6.1015367,
                49.4689526
              ],
              [
                6.1015648,
                49.4690026
              ],
              [
                6.1020868,
                49.4691708
              ],
              [
                6.1022769,
                49.469238
              ],
              [
                6.1023685,
                49.4692776
              ],
              [
                6.1025988,
                49.4694037
              ],
              [
                6.1022909,
                49.4697507
              ],
              [
                6.1022136,
                49.4698536
              ],
              [
                6.1021437,
                49.4699707
              ],
              [
                6.1020786,
                49.4701068
              ],
              [
                6.1019787,
                49.4703819
              ],
              [
                6.1024234,
                49.4705406
              ],
              [
                6.1026705,
                49.4706353
              ],
              [
                6.10345,
                49.4709811
              ],
              [
                6.1035588,
                49.4710172
              ],
              [
                6.1040629,
                49.4711562
              ],
              [
                6.1047312,
                49.4713219
              ],
              [
                6.1048323,
                49.4713409
              ],
              [
                6.104924,
                49.4713463
              ],
              [
                6.1050099,
                49.471344
              ],
              [
                6.1051006,
                49.4713369
              ],
              [
                6.1052891,
                49.4713132
              ],
              [
                6.1054141,
                49.4713133
              ],
              [
                6.1056261,
                49.4713246
              ],
              [
                6.1057719,
                49.471346
              ],
              [
                6.1060247,
                49.4713988
              ],
              [
                6.1069073,
                49.471722
              ],
              [
                6.1073458,
                49.471889
              ],
              [
                6.1075712,
                49.4719681
              ],
              [
                6.1084554,
                49.4722288
              ],
              [
                6.1094795,
                49.4725212
              ],
              [
                6.1095093,
                49.4724937
              ],
              [
                6.109552,
                49.4724672
              ],
              [
                6.1096011,
                49.4724454
              ],
              [
                6.1096481,
                49.4724362
              ],
              [
                6.1097254,
                49.4724408
              ],
              [
                6.1102495,
                49.4725231
              ],
              [
                6.1104235,
                49.4725377
              ],
              [
                6.1107269,
                49.472553
              ],
              [
                6.1109233,
                49.4725584
              ],
              [
                6.1110771,
                49.4725545
              ],
              [
                6.1111785,
                49.4725453
              ],
              [
                6.1113874,
                49.472515
              ],
              [
                6.1116427,
                49.4723723
              ],
              [
                6.1119178,
                49.4722076
              ],
              [
                6.1121432,
                49.4720655
              ],
              [
                6.1122519,
                49.4719879
              ],
              [
                6.1125786,
                49.4717154
              ],
              [
                6.1126053,
                49.4716797
              ],
              [
                6.1126694,
                49.4715512
              ],
              [
                6.1126941,
                49.4714873
              ],
              [
                6.1127048,
                49.4713528
              ],
              [
                6.1127143,
                49.4713088
              ],
              [
                6.1127346,
                49.4712632
              ],
              [
                6.112771,
                49.4712176
              ],
              [
                6.1127987,
                49.4711984
              ],
              [
                6.1128372,
                49.4711852
              ],
              [
                6.1129963,
                49.4711549
              ],
              [
                6.1131714,
                49.4711305
              ],
              [
                6.1132228,
                49.4711327
              ],
              [
                6.1134301,
                49.4709691
              ],
              [
                6.1135452,
                49.470869
              ],
              [
                6.113647,
                49.4707572
              ],
              [
                6.1136912,
                49.4706765
              ],
              [
                6.1137314,
                49.4706301
              ],
              [
                6.1137943,
                49.4705854
              ],
              [
                6.1138358,
                49.4705606
              ],
              [
                6.1139562,
                49.4705242
              ],
              [
                6.1140766,
                49.4704961
              ],
              [
                6.1141676,
                49.4704854
              ],
              [
                6.114189,
                49.4704871
              ],
              [
                6.1142558,
                49.4705161
              ],
              [
                6.1143264,
                49.470554
              ],
              [
                6.1148018,
                49.4708451
              ],
              [
                6.1149668,
                49.4708878
              ],
              [
                6.1161976,
                49.4711721
              ],
              [
                6.1163514,
                49.4712045
              ],
              [
                6.1164557,
                49.4712153
              ],
              [
                6.1165859,
                49.4712195
              ],
              [
                6.1169203,
                49.4711898
              ],
              [
                6.1170112,
                49.4711898
              ],
              [
                6.1170313,
                49.4711973
              ],
              [
                6.1171115,
                49.4712437
              ],
              [
                6.1172987,
                49.4712894
              ],
              [
                6.1174699,
                49.4713209
              ],
              [
                6.1176397,
                49.4713467
              ],
              [
                6.1177916,
                49.4713628
              ],
              [
                6.1177947,
                49.4713879
              ],
              [
                6.1178289,
                49.4713924
              ],
              [
                6.117903,
                49.4714165
              ],
              [
                6.1179792,
                49.4714528
              ],
              [
                6.1179907,
                49.4714859
              ],
              [
                6.118182,
                49.4715479
              ],
              [
                6.1182378,
                49.471576
              ],
              [
                6.1183943,
                49.4716943
              ],
              [
                6.1186518,
                49.4718444
              ],
              [
                6.1187072,
                49.4718698
              ],
              [
                6.1187569,
                49.4718805
              ],
              [
                6.1188006,
                49.4718846
              ],
              [
                6.1189051,
                49.4718843
              ],
              [
                6.1189294,
                49.4718901
              ],
              [
                6.1190684,
                49.4719463
              ],
              [
                6.1192027,
                49.4719868
              ],
              [
                6.1192088,
                49.4719917
              ],
              [
                6.1192071,
                49.4720075
              ],
              [
                6.1191737,
                49.4720151
              ],
              [
                6.1191711,
                49.4720205
              ],
              [
                6.1191869,
                49.4720352
              ],
              [
                6.1192079,
                49.4720439
              ],
              [
                6.1193781,
                49.4720717
              ],
              [
                6.1195018,
                49.4720994
              ],
              [
                6.1195553,
                49.4721054
              ],
              [
                6.1195965,
                49.4721044
              ],
              [
                6.1196553,
                49.4720941
              ],
              [
                6.1198045,
                49.4720496
              ],
              [
                6.1198469,
                49.4720472
              ],
              [
                6.1198837,
                49.47205
              ],
              [
                6.1199522,
                49.4720658
              ],
              [
                6.1202679,
                49.4721637
              ],
              [
                6.1212845,
                49.4724446
              ],
              [
                6.1221169,
                49.4727443
              ],
              [
                6.1234489,
                49.4734661
              ],
              [
                6.1231977,
                49.4739422
              ],
              [
                6.1230624,
                49.474178
              ],
              [
                6.1228217,
                49.4746598
              ],
              [
                6.1225759,
                49.4751139
              ],
              [
                6.1225618,
                49.4751514
              ],
              [
                6.1225552,
                49.4751972
              ],
              [
                6.1229532,
                49.4763684
              ],
              [
                6.1229981,
                49.4765185
              ],
              [
                6.1235291,
                49.4769154
              ],
              [
                6.1243683,
                49.4775272
              ],
              [
                6.1247318,
                49.4781884
              ],
              [
                6.1248497,
                49.4784257
              ],
              [
                6.1250684,
                49.4788436
              ],
              [
                6.1252945,
                49.4792594
              ],
              [
                6.1254243,
                49.4795172
              ],
              [
                6.125647,
                49.4797914
              ],
              [
                6.1258572,
                49.4800349
              ],
              [
                6.1261977,
                49.4804518
              ],
              [
                6.1266163,
                49.4809426
              ],
              [
                6.1268496,
                49.4812749
              ],
              [
                6.1272064,
                49.4818475
              ],
              [
                6.1274527,
                49.4822639
              ],
              [
                6.1274703,
                49.4823053
              ],
              [
                6.1274753,
                49.4823279
              ],
              [
                6.1274753,
                49.4823882
              ],
              [
                6.1274413,
                49.4829666
              ],
              [
                6.12739,
                49.483519
              ],
              [
                6.1272713,
                49.4842229
              ],
              [
                6.1271508,
                49.4848672
              ],
              [
                6.1272806,
                49.4848891
              ],
              [
                6.1272616,
                49.4850999
              ],
              [
                6.1271588,
                49.4860244
              ],
              [
                6.1271181,
                49.4865395
              ],
              [
                6.1271168,
                49.4866472
              ],
              [
                6.1270546,
                49.4872763
              ],
              [
                6.1269596,
                49.4879091
              ],
              [
                6.1269432,
                49.4879855
              ],
              [
                6.1267582,
                49.4900236
              ],
              [
                6.1267462,
                49.4900244
              ],
              [
                6.1269626,
                49.4904059
              ],
              [
                6.1271339,
                49.4907214
              ],
              [
                6.1275336,
                49.4914128
              ],
              [
                6.1278705,
                49.4928734
              ],
              [
                6.1279393,
                49.4932227
              ],
              [
                6.1280283,
                49.4937877
              ],
              [
                6.1280357,
                49.4939221
              ],
              [
                6.1280713,
                49.4939126
              ],
              [
                6.1281018,
                49.4939035
              ],
              [
                6.1282519,
                49.4938211
              ],
              [
                6.1290191,
                49.4932727
              ],
              [
                6.1296663,
                49.4928741
              ],
              [
                6.1302147,
                49.4925596
              ],
              [
                6.1308887,
                49.4918357
              ],
              [
                6.1312429,
                49.4913438
              ],
              [
                6.1317476,
                49.4906278
              ],
              [
                6.1327926,
                49.4899946
              ],
              [
                6.1337295,
                49.4899773
              ],
              [
                6.1344122,
                49.4901478
              ],
              [
                6.1357673,
                49.4904659
              ],
              [
                6.1364985,
                49.4906588
              ],
              [
                6.1372214,
                49.4907071
              ],
              [
                6.1378855,
                49.4909443
              ],
              [
                6.1382186,
                49.4910559
              ],
              [
                6.1384544,
                49.4911264
              ],
              [
                6.1389398,
                49.4912949
              ],
              [
                6.1394895,
                49.4913961
              ],
              [
                6.1416027,
                49.4916619
              ],
              [
                6.1417759,
                49.491684
              ],
              [
                6.1416447,
                49.490626
              ],
              [
                6.1412871,
                49.4896632
              ],
              [
                6.1410298,
                49.4889454
              ],
              [
                6.1408303,
                49.4882994
              ],
              [
                6.1407654,
                49.486674
              ],
              [
                6.1422353,
                49.4869016
              ],
              [
                6.1426683,
                49.4872132
              ],
              [
                6.1435089,
                49.4874584
              ],
              [
                6.1446961,
                49.4878915
              ],
              [
                6.1461578,
                49.4886306
              ],
              [
                6.1465596,
                49.4888525
              ],
              [
                6.1467499,
                49.4889508
              ],
              [
                6.1473485,
                49.4892982
              ],
              [
                6.1486247,
                49.4900801
              ],
              [
                6.1497975,
                49.4905893
              ],
              [
                6.1503773,
                49.4908715
              ],
              [
                6.1507534,
                49.4909948
              ],
              [
                6.1521564,
                49.4914123
              ],
              [
                6.1531348,
                49.4917123
              ],
              [
                6.1528055,
                49.4927412
              ],
              [
                6.1534993,
                49.4928841
              ],
              [
                6.1540017,
                49.4930139
              ],
              [
                6.1550288,
                49.4933125
              ],
              [
                6.1553204,
                49.4932521
              ],
              [
                6.1558533,
                49.4933926
              ],
              [
                6.1563328,
                49.4928044
              ],
              [
                6.1567939,
                49.4922757
              ],
              [
                6.1573328,
                49.4914797
              ],
              [
                6.1586998,
                49.4916298
              ],
              [
                6.1594346,
                49.4917711
              ],
              [
                6.1609374,
                49.4923415
              ],
              [
                6.1617727,
                49.4926879
              ],
              [
                6.1618317,
                49.4926678
              ],
              [
                6.1624901,
                49.4934858
              ],
              [
                6.1624318,
                49.4934966
              ],
              [
                6.1622912,
                49.4938346
              ],
              [
                6.1622246,
                49.4938845
              ],
              [
                6.1620472,
                49.4939565
              ],
              [
                6.1618116,
                49.4940853
              ],
              [
                6.1612633,
                49.4944586
              ],
              [
                6.1611138,
                49.494389
              ],
              [
                6.1608215,
                49.4947155
              ],
              [
                6.1604926,
                49.4951611
              ],
              [
                6.1603596,
                49.4953136
              ],
              [
                6.1601212,
                49.4954933
              ],
              [
                6.1595945,
                49.4958456
              ],
              [
                6.159624,
                49.495888
              ],
              [
                6.1593697,
                49.4959953
              ],
              [
                6.1589752,
                49.4961223
              ],
              [
                6.1586286,
                49.4961662
              ],
              [
                6.1584299,
                49.4961826
              ],
              [
                6.1582848,
                49.4962267
              ],
              [
                6.1581399,
                49.496304
              ],
              [
                6.158038,
                49.496383
              ],
              [
                6.1574705,
                49.4967329
              ],
              [
                6.157082,
                49.4970642
              ],
              [
                6.1568496,
                49.497285
              ],
              [
                6.1565497,
                49.4976237
              ],
              [
                6.156254,
                49.4980164
              ],
              [
                6.1554632,
                49.4992467
              ],
              [
                6.15521,
                49.4995727
              ],
              [
                6.1548721,
                49.5000828
              ],
              [
                6.1545924,
                49.5005427
              ],
              [
                6.1544765,
                49.5007994
              ],
              [
                6.1541008,
                49.5013016
              ],
              [
                6.1538878,
                49.501634
              ],
              [
                6.1547972,
                49.5020532
              ],
              [
                6.1546864,
                49.5021511
              ],
              [
                6.1555398,
                49.5028298
              ],
              [
                6.1560612,
                49.5035417
              ],
              [
                6.1559576,
                49.5036661
              ],
              [
                6.1565455,
                49.5040141
              ],
              [
                6.1571126,
                49.5042342
              ],
              [
                6.1573478,
                49.5039685
              ],
              [
                6.1583197,
                49.5042868
              ],
              [
                6.1585397,
                49.5040023
              ],
              [
                6.1599131,
                49.5044266
              ],
              [
                6.1616526,
                49.5049217
              ],
              [
                6.1617483,
                49.5046006
              ],
              [
                6.1619352,
                49.5041459
              ],
              [
                6.162617,
                49.504284
              ],
              [
                6.1634121,
                49.5044719
              ],
              [
                6.1636267,
                49.5045437
              ],
              [
                6.1640435,
                49.5047247
              ],
              [
                6.1644302,
                49.504936
              ],
              [
                6.1651204,
                49.5054006
              ],
              [
                6.1653222,
                49.5054993
              ],
              [
                6.1665771,
                49.5059534
              ],
              [
                6.1670451,
                49.5061038
              ],
              [
                6.1675546,
                49.5062974
              ],
              [
                6.167954,
                49.50644
              ],
              [
                6.1682184,
                49.5065651
              ],
              [
                6.168602,
                49.506781
              ],
              [
                6.169259,
                49.5070671
              ],
              [
                6.1698115,
                49.5072495
              ],
              [
                6.17034,
                49.5074884
              ],
              [
                6.1706374,
                49.5075853
              ],
              [
                6.1708319,
                49.5076443
              ],
              [
                6.1712425,
                49.5078089
              ],
              [
                6.171991,
                49.5081464
              ],
              [
                6.1722187,
                49.5082707
              ],
              [
                6.1727527,
                49.5087199
              ],
              [
                6.1732255,
                49.5091677
              ],
              [
                6.1735324,
                49.5094118
              ],
              [
                6.1738739,
                49.5096295
              ],
              [
                6.1744422,
                49.5100241
              ],
              [
                6.1747521,
                49.5101991
              ],
              [
                6.1749738,
                49.5103085
              ],
              [
                6.1751393,
                49.5103469
              ],
              [
                6.1753248,
                49.5103377
              ],
              [
                6.1762056,
                49.5102473
              ],
              [
                6.1763867,
                49.5101984
              ],
              [
                6.1768575,
                49.5099782
              ],
              [
                6.1767372,
                49.509711
              ],
              [
                6.1769029,
                49.5088684
              ],
              [
                6.1768357,
                49.5087852
              ],
              [
                6.1766016,
                49.5086097
              ],
              [
                6.1771413,
                49.5081097
              ],
              [
                6.1774643,
                49.5078413
              ],
              [
                6.1781435,
                49.5072036
              ],
              [
                6.1783063,
                49.5069591
              ],
              [
                6.180255,
                49.5072867
              ],
              [
                6.1804711,
                49.5075971
              ],
              [
                6.1807855,
                49.5079648
              ],
              [
                6.1808407,
                49.5080131
              ],
              [
                6.1812154,
                49.5079496
              ],
              [
                6.1816124,
                49.5079173
              ],
              [
                6.1821166,
                49.5078598
              ],
              [
                6.1827282,
                49.5077607
              ],
              [
                6.1835958,
                49.5075832
              ],
              [
                6.1854622,
                49.5071637
              ],
              [
                6.1863816,
                49.5069651
              ],
              [
                6.1871695,
                49.5068218
              ],
              [
                6.1874858,
                49.5067051
              ],
              [
                6.1881906,
                49.5064295
              ],
              [
                6.1883602,
                49.5063733
              ],
              [
                6.1884502,
                49.5063582
              ],
              [
                6.190007,
                49.5061914
              ],
              [
                6.1913587,
                49.5059786
              ],
              [
                6.1915638,
                49.505981
              ],
              [
                6.1917539,
                49.5059913
              ],
              [
                6.1928861,
                49.5061621
              ],
              [
                6.1931606,
                49.5062393
              ],
              [
                6.1939999,
                49.5063066
              ],
              [
                6.194026,
                49.5062418
              ],
              [
                6.1952437,
                49.5064256
              ],
              [
                6.1957591,
                49.5053599
              ],
              [
                6.1981605,
                49.5059472
              ],
              [
                6.1993514,
                49.5062522
              ],
              [
                6.200728,
                49.5066213
              ],
              [
                6.2013342,
                49.506765
              ],
              [
                6.2021209,
                49.506938
              ],
              [
                6.202501,
                49.5070124
              ],
              [
                6.2029003,
                49.5069902
              ],
              [
                6.2040529,
                49.5067859
              ],
              [
                6.2053446,
                49.5065891
              ],
              [
                6.2054788,
                49.5065805
              ],
              [
                6.2074027,
                49.5062523
              ],
              [
                6.2076587,
                49.5062284
              ],
              [
                6.2080583,
                49.5062069
              ],
              [
                6.2086003,
                49.5061909
              ],
              [
                6.209371,
                49.5061959
              ],
              [
                6.2103357,
                49.5062405
              ],
              [
                6.211255,
                49.5062908
              ],
              [
                6.2115902,
                49.5063
              ],
              [
                6.212422,
                49.5062662
              ],
              [
                6.2130289,
                49.5062619
              ],
              [
                6.21378,
                49.5062858
              ],
              [
                6.2145011,
                49.5063486
              ],
              [
                6.2158931,
                49.5066016
              ],
              [
                6.2167672,
                49.5067539
              ],
              [
                6.2172304,
                49.506898
              ],
              [
                6.2170346,
                49.5078597
              ],
              [
                6.2173029,
                49.5078871
              ],
              [
                6.2168109,
                49.5087756
              ],
              [
                6.2163688,
                49.509016
              ],
              [
                6.2171293,
                49.5097585
              ],
              [
                6.2181024,
                49.5099631
              ],
              [
                6.2183695,
                49.509405
              ],
              [
                6.219867,
                49.5095444
              ],
              [
                6.2200019,
                49.5087712
              ],
              [
                6.2228024,
                49.509181
              ],
              [
                6.2245734,
                49.5095292
              ],
              [
                6.2275746,
                49.5103568
              ],
              [
                6.228271,
                49.5095105
              ],
              [
                6.2286772,
                49.5095645
              ],
              [
                6.229062,
                49.5095993
              ],
              [
                6.2292314,
                49.5095983
              ],
              [
                6.2298598,
                49.5095723
              ],
              [
                6.2318755,
                49.5094317
              ],
              [
                6.232121,
                49.5094047
              ],
              [
                6.2323053,
                49.5093784
              ],
              [
                6.2331169,
                49.5092093
              ],
              [
                6.2338329,
                49.5090005
              ],
              [
                6.234273,
                49.5087906
              ],
              [
                6.2361636,
                49.5081522
              ],
              [
                6.237956,
                49.5108084
              ],
              [
                6.238028,
                49.510959
              ],
              [
                6.2387493,
                49.512044
              ],
              [
                6.2388341,
                49.5122671
              ],
              [
                6.2389204,
                49.5126396
              ],
              [
                6.238878,
                49.5130914
              ],
              [
                6.2389145,
                49.5133539
              ],
              [
                6.2389583,
                49.5135035
              ],
              [
                6.2390636,
                49.5136448
              ],
              [
                6.2391921,
                49.5137561
              ],
              [
                6.2393561,
                49.513861
              ],
              [
                6.2395529,
                49.5139593
              ],
              [
                6.2401401,
                49.5141129
              ],
              [
                6.2403692,
                49.5141981
              ],
              [
                6.2404632,
                49.5142506
              ],
              [
                6.2406505,
                49.5144515
              ],
              [
                6.2406731,
                49.5146251
              ],
              [
                6.240639,
                49.5147926
              ],
              [
                6.2406511,
                49.5149372
              ],
              [
                6.2405825,
                49.5150155
              ],
              [
                6.2406454,
                49.5150224
              ],
              [
                6.2405309,
                49.5150744
              ],
              [
                6.24048,
                49.5150975
              ],
              [
                6.2402067,
                49.5153219
              ],
              [
                6.2401799,
                49.5153406
              ],
              [
                6.2401196,
                49.5153827
              ],
              [
                6.2399975,
                49.5155869
              ],
              [
                6.2398238,
                49.5157162
              ],
              [
                6.2396805,
                49.5157996
              ],
              [
                6.2390039,
                49.5162844
              ],
              [
                6.2385853,
                49.5165674
              ],
              [
                6.2384843,
                49.5167258
              ],
              [
                6.2384175,
                49.5168078
              ],
              [
                6.2383307,
                49.5168618
              ],
              [
                6.2380839,
                49.5169458
              ],
              [
                6.2377998,
                49.5170067
              ],
              [
                6.2375523,
                49.5170206
              ],
              [
                6.2372533,
                49.5170125
              ],
              [
                6.2370628,
                49.5169832
              ],
              [
                6.2368143,
                49.5169235
              ],
              [
                6.2361189,
                49.516796
              ],
              [
                6.2354716,
                49.5166639
              ],
              [
                6.2351324,
                49.5166135
              ],
              [
                6.2351202,
                49.5166402
              ],
              [
                6.2349854,
                49.5169312
              ],
              [
                6.2348646,
                49.517068
              ],
              [
                6.2348367,
                49.5171254
              ],
              [
                6.2347368,
                49.5173271
              ],
              [
                6.2346566,
                49.5174891
              ],
              [
                6.2347532,
                49.5175059
              ],
              [
                6.2348002,
                49.5175166
              ],
              [
                6.234975,
                49.5175562
              ],
              [
                6.2350988,
                49.5176006
              ],
              [
                6.2352052,
                49.5176388
              ],
              [
                6.2353331,
                49.5176914
              ],
              [
                6.2354272,
                49.5177526
              ],
              [
                6.2354867,
                49.5178107
              ],
              [
                6.2355317,
                49.5178853
              ],
              [
                6.2355661,
                49.5179608
              ],
              [
                6.2356232,
                49.5181108
              ],
              [
                6.2356878,
                49.5182777
              ],
              [
                6.235702,
                49.518304
              ],
              [
                6.23572,
                49.5183374
              ],
              [
                6.2357671,
                49.5184078
              ],
              [
                6.2357976,
                49.5184472
              ],
              [
                6.2358559,
                49.5185228
              ],
              [
                6.2359093,
                49.5185902
              ],
              [
                6.2361311,
                49.5188702
              ],
              [
                6.2362319,
                49.51902
              ],
              [
                6.236265,
                49.5190692
              ],
              [
                6.2363022,
                49.5191381
              ],
              [
                6.2363494,
                49.5192636
              ],
              [
                6.2363768,
                49.5193999
              ],
              [
                6.2364015,
                49.5195287
              ],
              [
                6.2364513,
                49.5197155
              ],
              [
                6.2364811,
                49.5197905
              ],
              [
                6.2365257,
                49.5198686
              ],
              [
                6.2365753,
                49.5199405
              ],
              [
                6.236601,
                49.5199686
              ],
              [
                6.236672,
                49.5200461
              ],
              [
                6.2367582,
                49.5201372
              ],
              [
                6.2368402,
                49.520231
              ],
              [
                6.2369937,
                49.5204066
              ],
              [
                6.2370706,
                49.5205168
              ],
              [
                6.2371064,
                49.5205957
              ],
              [
                6.2371598,
                49.5207134
              ],
              [
                6.2372442,
                49.5209292
              ],
              [
                6.2373286,
                49.5211431
              ],
              [
                6.2372,
                49.5211842
              ],
              [
                6.2372966,
                49.5212867
              ],
              [
                6.2373908,
                49.5213877
              ],
              [
                6.2374874,
                49.5214704
              ],
              [
                6.2376084,
                49.5215766
              ],
              [
                6.2378683,
                49.5217931
              ],
              [
                6.2379924,
                49.5218964
              ],
              [
                6.2380196,
                49.5219332
              ],
              [
                6.2380315,
                49.5219652
              ],
              [
                6.2381536,
                49.5222935
              ],
              [
                6.2382504,
                49.5225017
              ],
              [
                6.2382974,
                49.5226004
              ],
              [
                6.2383718,
                49.5227167
              ],
              [
                6.2385082,
                49.5229065
              ],
              [
                6.2387063,
                49.5231643
              ],
              [
                6.2388749,
                49.5234123
              ],
              [
                6.2388559,
                49.5234169
              ],
              [
                6.2387718,
                49.5234371
              ],
              [
                6.2386596,
                49.5234641
              ],
              [
                6.2389324,
                49.5239623
              ],
              [
                6.2390813,
                49.524247
              ],
              [
                6.2391048,
                49.5242804
              ],
              [
                6.2391384,
                49.5243282
              ],
              [
                6.2392499,
                49.5244399
              ],
              [
                6.2393427,
                49.5245276
              ],
              [
                6.2393534,
                49.5245377
              ],
              [
                6.2394926,
                49.5246687
              ],
              [
                6.2391788,
                49.5248912
              ],
              [
                6.2387074,
                49.5252255
              ],
              [
                6.2386791,
                49.5252473
              ],
              [
                6.2384033,
                49.5254599
              ],
              [
                6.2383455,
                49.5255114
              ],
              [
                6.238201,
                49.5256399
              ],
              [
                6.2379458,
                49.5258814
              ],
              [
                6.2378401,
                49.5259814
              ],
              [
                6.2378181,
                49.5259985
              ],
              [
                6.2375548,
                49.5258863
              ],
              [
                6.2375278,
                49.5259105
              ],
              [
                6.2371129,
                49.526244
              ],
              [
                6.2367521,
                49.5265061
              ],
              [
                6.236401,
                49.526739
              ],
              [
                6.2360363,
                49.526969
              ],
              [
                6.2361647,
                49.5270605
              ],
              [
                6.2362068,
                49.5270874
              ],
              [
                6.2362548,
                49.5271182
              ],
              [
                6.2363318,
                49.5271661
              ],
              [
                6.2363877,
                49.5272035
              ],
              [
                6.2361947,
                49.5273416
              ],
              [
                6.2360609,
                49.5274569
              ],
              [
                6.2358958,
                49.5275752
              ],
              [
                6.2353128,
                49.527993
              ],
              [
                6.235433,
                49.52806
              ],
              [
                6.2356647,
                49.5281892
              ],
              [
                6.2357942,
                49.5282614
              ],
              [
                6.2358769,
                49.5283075
              ],
              [
                6.2359802,
                49.5283587
              ],
              [
                6.2362226,
                49.5284864
              ],
              [
                6.2364185,
                49.5285897
              ],
              [
                6.2365106,
                49.5286389
              ],
              [
                6.236681,
                49.5287301
              ],
              [
                6.2367965,
                49.5287938
              ],
              [
                6.2369453,
                49.528878
              ],
              [
                6.2372846,
                49.5290829
              ],
              [
                6.2374752,
                49.5291976
              ],
              [
                6.2375709,
                49.5292551
              ],
              [
                6.2376685,
                49.5293139
              ],
              [
                6.2377353,
                49.5293492
              ],
              [
                6.2378208,
                49.5293943
              ],
              [
                6.2378567,
                49.5294133
              ],
              [
                6.2379023,
                49.5294373
              ],
              [
                6.2380131,
                49.5294958
              ],
              [
                6.2380621,
                49.5295217
              ],
              [
                6.2381701,
                49.5295787
              ],
              [
                6.2382524,
                49.5296221
              ],
              [
                6.2384206,
                49.5297109
              ],
              [
                6.2384999,
                49.5297528
              ],
              [
                6.2385771,
                49.5297936
              ],
              [
                6.2385926,
                49.5298018
              ],
              [
                6.2386654,
                49.5298402
              ],
              [
                6.2387075,
                49.5298626
              ],
              [
                6.2388907,
                49.5299599
              ],
              [
                6.2389667,
                49.5300003
              ],
              [
                6.2390206,
                49.5300289
              ],
              [
                6.2390924,
                49.5300659
              ],
              [
                6.2391527,
                49.5300938
              ],
              [
                6.2391946,
                49.5301133
              ],
              [
                6.2392552,
                49.5301429
              ],
              [
                6.2393381,
                49.5301836
              ],
              [
                6.2394715,
                49.5302489
              ],
              [
                6.2395714,
                49.5302979
              ],
              [
                6.2397096,
                49.5303656
              ],
              [
                6.239544,
                49.5305246
              ],
              [
                6.2395303,
                49.5305377
              ],
              [
                6.2394025,
                49.5306605
              ],
              [
                6.2392836,
                49.5307746
              ],
              [
                6.2391516,
                49.5309013
              ],
              [
                6.2390205,
                49.5310271
              ],
              [
                6.2389789,
                49.5310671
              ],
              [
                6.2389295,
                49.5311145
              ],
              [
                6.238717,
                49.5313185
              ],
              [
                6.2385024,
                49.5315245
              ],
              [
                6.2383271,
                49.5316927
              ],
              [
                6.2380797,
                49.5319347
              ],
              [
                6.2380405,
                49.531973
              ],
              [
                6.237947,
                49.5320647
              ],
              [
                6.2377295,
                49.5322532
              ],
              [
                6.2374161,
                49.5325285
              ],
              [
                6.2373933,
                49.5325474
              ],
              [
                6.2374994,
                49.5326226
              ],
              [
                6.2374756,
                49.5326414
              ],
              [
                6.2373776,
                49.5327242
              ],
              [
                6.2372733,
                49.5328122
              ],
              [
                6.2370732,
                49.5329812
              ],
              [
                6.2368068,
                49.5332061
              ],
              [
                6.2367764,
                49.5332317
              ],
              [
                6.2367527,
                49.5332518
              ],
              [
                6.2366287,
                49.5332965
              ],
              [
                6.2365245,
                49.533334
              ],
              [
                6.2363596,
                49.5333934
              ],
              [
                6.2362913,
                49.533418
              ],
              [
                6.2361546,
                49.5334673
              ],
              [
                6.2360381,
                49.5335093
              ],
              [
                6.2360298,
                49.5335122
              ],
              [
                6.2359247,
                49.5335501
              ],
              [
                6.2358036,
                49.5335938
              ],
              [
                6.2356107,
                49.5333813
              ],
              [
                6.2355855,
                49.5333535
              ],
              [
                6.2354367,
                49.5331843
              ],
              [
                6.2351177,
                49.5332895
              ],
              [
                6.2348629,
                49.5333708
              ],
              [
                6.2346089,
                49.5334469
              ],
              [
                6.2342626,
                49.5335389
              ],
              [
                6.2340646,
                49.5335835
              ],
              [
                6.2338766,
                49.5336234
              ],
              [
                6.2337994,
                49.5336385
              ],
              [
                6.2337282,
                49.5336525
              ],
              [
                6.2336909,
                49.5336852
              ],
              [
                6.2336417,
                49.5337284
              ],
              [
                6.2334271,
                49.5339168
              ],
              [
                6.2328245,
                49.5344752
              ],
              [
                6.2325279,
                49.5347663
              ],
              [
                6.232387,
                49.5349256
              ],
              [
                6.2322487,
                49.5351002
              ],
              [
                6.232101,
                49.5353101
              ],
              [
                6.2318787,
                49.5356011
              ],
              [
                6.2319257,
                49.5356118
              ],
              [
                6.2318666,
                49.5356984
              ],
              [
                6.231818,
                49.5357848
              ],
              [
                6.2317973,
                49.5358217
              ],
              [
                6.2317822,
                49.5358484
              ],
              [
                6.2316999,
                49.5359947
              ],
              [
                6.2316666,
                49.5360537
              ],
              [
                6.2316116,
                49.5361483
              ],
              [
                6.2315139,
                49.5363165
              ],
              [
                6.2314516,
                49.5364348
              ],
              [
                6.2313888,
                49.536554
              ],
              [
                6.231356,
                49.5366163
              ],
              [
                6.2313832,
                49.536624
              ],
              [
                6.2311071,
                49.5371634
              ],
              [
                6.2308454,
                49.5376718
              ],
              [
                6.2307191,
                49.5376576
              ],
              [
                6.230622,
                49.5376466
              ],
              [
                6.2303687,
                49.5376181
              ],
              [
                6.229943,
                49.5375801
              ],
              [
                6.2297054,
                49.5375664
              ],
              [
                6.2293673,
                49.537559
              ],
              [
                6.2288006,
                49.5375593
              ],
              [
                6.2288205,
                49.537645
              ],
              [
                6.2288652,
                49.5377659
              ],
              [
                6.2289121,
                49.5378896
              ],
              [
                6.2289297,
                49.5379358
              ],
              [
                6.2290204,
                49.538133
              ],
              [
                6.2291028,
                49.5383062
              ],
              [
                6.229163,
                49.5384325
              ],
              [
                6.2289792,
                49.5384841
              ],
              [
                6.2287804,
                49.5385399
              ],
              [
                6.2285049,
                49.5386172
              ],
              [
                6.2283354,
                49.5386647
              ],
              [
                6.2282012,
                49.5387024
              ],
              [
                6.2281348,
                49.5384918
              ],
              [
                6.2280687,
                49.5382822
              ],
              [
                6.2280426,
                49.5381997
              ],
              [
                6.228032,
                49.5381684
              ],
              [
                6.2280201,
                49.5381335
              ],
              [
                6.2279746,
                49.5379999
              ],
              [
                6.2279484,
                49.537908
              ],
              [
                6.2279308,
                49.537843
              ],
              [
                6.2270277,
                49.5377211
              ],
              [
                6.2266129,
                49.5376621
              ],
              [
                6.2258826,
                49.5375462
              ],
              [
                6.225907,
                49.5374788
              ],
              [
                6.225973,
                49.537297
              ],
              [
                6.2259832,
                49.5372688
              ],
              [
                6.225998,
                49.537228
              ],
              [
                6.2260055,
                49.5372082
              ],
              [
                6.2260348,
                49.5371288
              ],
              [
                6.2260675,
                49.5370402
              ],
              [
                6.2260912,
                49.5369759
              ],
              [
                6.2261001,
                49.5369517
              ],
              [
                6.2253199,
                49.5368885
              ],
              [
                6.2245767,
                49.5368263
              ],
              [
                6.2240025,
                49.5368005
              ],
              [
                6.2237378,
                49.5367929
              ],
              [
                6.2237055,
                49.536792
              ],
              [
                6.2235842,
                49.5367885
              ],
              [
                6.2235351,
                49.5367885
              ],
              [
                6.2233442,
                49.5367886
              ],
              [
                6.2231773,
                49.5367887
              ],
              [
                6.2229506,
                49.5367888
              ],
              [
                6.222863,
                49.5367851
              ],
              [
                6.2227059,
                49.5367863
              ],
              [
                6.2226281,
                49.5367868
              ],
              [
                6.2225376,
                49.5367875
              ],
              [
                6.2224028,
                49.5367885
              ],
              [
                6.2222145,
                49.5367906
              ],
              [
                6.2220825,
                49.5367921
              ],
              [
                6.2220453,
                49.5367925
              ],
              [
                6.2220133,
                49.5367928
              ],
              [
                6.2218686,
                49.5367946
              ],
              [
                6.2215636,
                49.536798
              ],
              [
                6.2215229,
                49.5367984
              ],
              [
                6.2214695,
                49.5367989
              ],
              [
                6.2213083,
                49.5368015
              ],
              [
                6.2212118,
                49.5368034
              ],
              [
                6.2211796,
                49.5368974
              ],
              [
                6.2211426,
                49.5370054
              ],
              [
                6.2211011,
                49.5371266
              ],
              [
                6.2210845,
                49.5371751
              ],
              [
                6.2210484,
                49.5372679
              ],
              [
                6.2209287,
                49.5375755
              ],
              [
                6.2207998,
                49.5378555
              ],
              [
                6.2206024,
                49.5382798
              ],
              [
                6.2203924,
                49.5386934
              ],
              [
                6.2202319,
                49.5385936
              ],
              [
                6.2200621,
                49.5384881
              ],
              [
                6.2198939,
                49.5383835
              ],
              [
                6.2198547,
                49.5383993
              ],
              [
                6.2197364,
                49.538447
              ],
              [
                6.2196112,
                49.5384974
              ],
              [
                6.21957,
                49.5385141
              ],
              [
                6.2197934,
                49.5386745
              ],
              [
                6.2200682,
                49.538869
              ],
              [
                6.2201433,
                49.5389183
              ],
              [
                6.220395,
                49.5390824
              ],
              [
                6.2204127,
                49.5390925
              ],
              [
                6.2206171,
                49.5392087
              ],
              [
                6.2208854,
                49.539341
              ],
              [
                6.2211075,
                49.5394455
              ],
              [
                6.2214748,
                49.5396046
              ],
              [
                6.2213136,
                49.5396748
              ],
              [
                6.2213029,
                49.5399458
              ],
              [
                6.2213022,
                49.5399627
              ],
              [
                6.2213004,
                49.5400072
              ],
              [
                6.2212981,
                49.5400667
              ],
              [
                6.2206857,
                49.5402317
              ],
              [
                6.2204022,
                49.5403057
              ],
              [
                6.2200737,
                49.5403938
              ],
              [
                6.2200059,
                49.540412
              ],
              [
                6.2199377,
                49.5404303
              ],
              [
                6.219805,
                49.5402625
              ],
              [
                6.2196845,
                49.5402891
              ],
              [
                6.2192804,
                49.5403791
              ],
              [
                6.2190044,
                49.5404405
              ],
              [
                6.2188068,
                49.5404844
              ],
              [
                6.2184828,
                49.5405591
              ],
              [
                6.218163,
                49.5406328
              ],
              [
                6.2174287,
                49.540805
              ],
              [
                6.2174044,
                49.5407731
              ],
              [
                6.2172294,
                49.5405431
              ],
              [
                6.2171844,
                49.5404839
              ],
              [
                6.2170748,
                49.5403345
              ],
              [
                6.2169955,
                49.5402264
              ],
              [
                6.2169368,
                49.5401465
              ],
              [
                6.2168328,
                49.5400048
              ],
              [
                6.2168087,
                49.539972
              ],
              [
                6.2166858,
                49.5398051
              ],
              [
                6.216647,
                49.5397523
              ],
              [
                6.216617,
                49.5397115
              ],
              [
                6.2165904,
                49.5396767
              ],
              [
                6.2165686,
                49.5396481
              ],
              [
                6.2164731,
                49.539523
              ],
              [
                6.2163999,
                49.5394161
              ],
              [
                6.2163592,
                49.5393596
              ],
              [
                6.216325,
                49.5393119
              ],
              [
                6.2163123,
                49.5392943
              ],
              [
                6.2162882,
                49.5392608
              ],
              [
                6.2161496,
                49.5390681
              ],
              [
                6.2161396,
                49.5390541
              ],
              [
                6.2160726,
                49.538961
              ],
              [
                6.2159546,
                49.5387899
              ],
              [
                6.2158983,
                49.5387082
              ],
              [
                6.215772,
                49.5385226
              ],
              [
                6.2157576,
                49.5384702
              ],
              [
                6.2157545,
                49.5384355
              ],
              [
                6.2157511,
                49.538398
              ],
              [
                6.2157542,
                49.538318
              ],
              [
                6.2157685,
                49.5382488
              ],
              [
                6.2158195,
                49.5381234
              ],
              [
                6.2158416,
                49.5380746
              ],
              [
                6.2158657,
                49.5380216
              ],
              [
                6.2158912,
                49.5379584
              ],
              [
                6.2159149,
                49.5378792
              ],
              [
                6.2159232,
                49.5378413
              ],
              [
                6.2159403,
                49.5377636
              ],
              [
                6.215961,
                49.5376431
              ],
              [
                6.2159848,
                49.5375039
              ],
              [
                6.2160184,
                49.5373456
              ],
              [
                6.2160291,
                49.5372952
              ],
              [
                6.2160466,
                49.5372181
              ],
              [
                6.2160705,
                49.5371559
              ],
              [
                6.2161039,
                49.5371069
              ],
              [
                6.2161884,
                49.5369943
              ],
              [
                6.2162904,
                49.536856
              ],
              [
                6.216359,
                49.5367532
              ],
              [
                6.2163956,
                49.5366926
              ],
              [
                6.2164322,
                49.5366165
              ],
              [
                6.2164593,
                49.5365424
              ],
              [
                6.2164799,
                49.5364516
              ],
              [
                6.2164844,
                49.5364093
              ],
              [
                6.2164816,
                49.5363101
              ],
              [
                6.2164688,
                49.5362084
              ],
              [
                6.2164431,
                49.5360998
              ],
              [
                6.2164127,
                49.5359759
              ],
              [
                6.216371,
                49.5358317
              ],
              [
                6.2163214,
                49.5357063
              ],
              [
                6.2162606,
                49.5355849
              ],
              [
                6.2161998,
                49.5354605
              ],
              [
                6.2155852,
                49.5353787
              ],
              [
                6.2154796,
                49.5353092
              ],
              [
                6.2153201,
                49.5351802
              ],
              [
                6.2152985,
                49.5351334
              ],
              [
                6.2152475,
                49.5350227
              ],
              [
                6.2152269,
                49.534978
              ],
              [
                6.2151877,
                49.534893
              ],
              [
                6.215156,
                49.5348243
              ],
              [
                6.2151309,
                49.5347634
              ],
              [
                6.2150703,
                49.5346162
              ],
              [
                6.2150801,
                49.534553
              ],
              [
                6.2150923,
                49.5344739
              ],
              [
                6.2151185,
                49.5343192
              ],
              [
                6.2151459,
                49.5341567
              ],
              [
                6.2151832,
                49.5339036
              ],
              [
                6.2151955,
                49.5338178
              ],
              [
                6.2152018,
                49.5337735
              ],
              [
                6.2152156,
                49.5335269
              ],
              [
                6.2152318,
                49.5333184
              ],
              [
                6.2152357,
                49.5332715
              ],
              [
                6.2152397,
                49.5332238
              ],
              [
                6.2152409,
                49.5332083
              ],
              [
                6.2151778,
                49.5331728
              ],
              [
                6.2151311,
                49.5331597
              ],
              [
                6.2151013,
                49.5331514
              ],
              [
                6.215038,
                49.5331326
              ],
              [
                6.2147844,
                49.5330571
              ],
              [
                6.2147415,
                49.533045
              ],
              [
                6.2144968,
                49.5330381
              ],
              [
                6.2141681,
                49.5330267
              ],
              [
                6.2137461,
                49.5330121
              ],
              [
                6.2132738,
                49.5330126
              ],
              [
                6.2127982,
                49.5330156
              ],
              [
                6.2125002,
                49.5330031
              ],
              [
                6.2118597,
                49.5329729
              ],
              [
                6.2113365,
                49.5327748
              ],
              [
                6.2111649,
                49.5327098
              ],
              [
                6.2110927,
                49.5326825
              ],
              [
                6.2109851,
                49.5326323
              ],
              [
                6.2108137,
                49.5325523
              ],
              [
                6.2106347,
                49.5324687
              ],
              [
                6.2104254,
                49.5323683
              ],
              [
                6.2100233,
                49.5321658
              ],
              [
                6.2097585,
                49.5320313
              ],
              [
                6.2087543,
                49.5321718
              ],
              [
                6.2077757,
                49.5323296
              ],
              [
                6.2073152,
                49.5325191
              ],
              [
                6.207266,
                49.5324812
              ],
              [
                6.2071702,
                49.5324073
              ],
              [
                6.2071177,
                49.5324295
              ],
              [
                6.2069799,
                49.5322793
              ],
              [
                6.2067992,
                49.5320863
              ],
              [
                6.2067028,
                49.5319823
              ],
              [
                6.2065418,
                49.5318346
              ],
              [
                6.2063669,
                49.5316834
              ],
              [
                6.2061427,
                49.5315091
              ],
              [
                6.2061033,
                49.5315257
              ],
              [
                6.2060694,
                49.5315057
              ],
              [
                6.2060676,
                49.5314795
              ],
              [
                6.2060711,
                49.5314567
              ],
              [
                6.206006,
                49.5314034
              ],
              [
                6.2059567,
                49.5313534
              ],
              [
                6.2059039,
                49.5312805
              ],
              [
                6.205841,
                49.5312235
              ],
              [
                6.205702,
                49.5310984
              ],
              [
                6.205628,
                49.5310071
              ],
              [
                6.2055875,
                49.530969
              ],
              [
                6.2055223,
                49.5309242
              ],
              [
                6.2054925,
                49.5309038
              ],
              [
                6.2054485,
                49.5308668
              ],
              [
                6.205422,
                49.5308015
              ],
              [
                6.2053991,
                49.5307428
              ],
              [
                6.205336,
                49.5306587
              ],
              [
                6.205299,
                49.5306043
              ],
              [
                6.2052937,
                49.530551
              ],
              [
                6.2052884,
                49.5305151
              ],
              [
                6.2052514,
                49.5304672
              ],
              [
                6.2052215,
                49.530427
              ],
              [
                6.2052004,
                49.5303911
              ],
              [
                6.2051963,
                49.5303784
              ],
              [
                6.2048116,
                49.5304543
              ],
              [
                6.204772,
                49.5303714
              ],
              [
                6.2036624,
                49.5306721
              ],
              [
                6.2035706,
                49.5305458
              ],
              [
                6.2034483,
                49.5303869
              ],
              [
                6.2032265,
                49.5300984
              ],
              [
                6.20305,
                49.529867
              ],
              [
                6.2029286,
                49.5297099
              ],
              [
                6.2028296,
                49.5295819
              ],
              [
                6.2027876,
                49.5295287
              ],
              [
                6.2025637,
                49.5292506
              ],
              [
                6.2024002,
                49.5290418
              ],
              [
                6.2023895,
                49.5290276
              ],
              [
                6.202381,
                49.5290165
              ],
              [
                6.2023697,
                49.5290014
              ],
              [
                6.202347,
                49.528971
              ],
              [
                6.2023122,
                49.5289242
              ],
              [
                6.2020907,
                49.5286758
              ],
              [
                6.2020705,
                49.5286579
              ],
              [
                6.2017753,
                49.5283974
              ],
              [
                6.201722,
                49.528351
              ],
              [
                6.2013876,
                49.5280666
              ],
              [
                6.201093,
                49.5278083
              ],
              [
                6.2010717,
                49.5277897
              ],
              [
                6.2010374,
                49.5277558
              ],
              [
                6.2013517,
                49.5275746
              ],
              [
                6.2018515,
                49.5272751
              ],
              [
                6.2020801,
                49.5271326
              ],
              [
                6.2022168,
                49.5270503
              ],
              [
                6.2024267,
                49.5269321
              ],
              [
                6.2022587,
                49.5268564
              ],
              [
                6.201988,
                49.5267788
              ],
              [
                6.2016288,
                49.5266849
              ],
              [
                6.2011205,
                49.526575
              ],
              [
                6.2008364,
                49.5265208
              ],
              [
                6.2007565,
                49.5265056
              ],
              [
                6.2005645,
                49.5264616
              ],
              [
                6.2002899,
                49.5266956
              ],
              [
                6.2001857,
                49.5267843
              ],
              [
                6.2001145,
                49.526845
              ],
              [
                6.1998037,
                49.5267277
              ],
              [
                6.1995138,
                49.5266156
              ],
              [
                6.1991628,
                49.526495
              ],
              [
                6.1988325,
                49.5263824
              ],
              [
                6.1987732,
                49.5264708
              ],
              [
                6.1986401,
                49.5266689
              ],
              [
                6.1982233,
                49.5265426
              ],
              [
                6.1980411,
                49.5264859
              ],
              [
                6.1977501,
                49.5263952
              ],
              [
                6.1975677,
                49.5263511
              ],
              [
                6.1973686,
                49.526303
              ],
              [
                6.197361,
                49.5263011
              ],
              [
                6.1972832,
                49.5262823
              ],
              [
                6.1971662,
                49.526254
              ],
              [
                6.1971137,
                49.5262414
              ],
              [
                6.1970213,
                49.526219
              ],
              [
                6.1971296,
                49.5258061
              ],
              [
                6.1969926,
                49.5257845
              ],
              [
                6.1968407,
                49.5257604
              ],
              [
                6.1968022,
                49.5257543
              ],
              [
                6.1966571,
                49.5257313
              ],
              [
                6.1964974,
                49.525706
              ],
              [
                6.1963589,
                49.525684
              ],
              [
                6.1963201,
                49.5256779
              ],
              [
                6.1962244,
                49.5256622
              ],
              [
                6.1961716,
                49.5256534
              ],
              [
                6.1961207,
                49.525645
              ],
              [
                6.1960669,
                49.525636
              ],
              [
                6.1959651,
                49.5256283
              ],
              [
                6.1958712,
                49.52563
              ],
              [
                6.1957881,
                49.5256315
              ],
              [
                6.1957471,
                49.5256322
              ],
              [
                6.1955438,
                49.5256439
              ],
              [
                6.1954264,
                49.5256414
              ],
              [
                6.1952527,
                49.5256323
              ],
              [
                6.1951796,
                49.5256285
              ],
              [
                6.1949771,
                49.5256222
              ],
              [
                6.1948463,
                49.5256182
              ],
              [
                6.1947001,
                49.5256182
              ],
              [
                6.1946088,
                49.5256222
              ],
              [
                6.1945465,
                49.525626
              ],
              [
                6.1944228,
                49.5256468
              ],
              [
                6.1942773,
                49.5256868
              ],
              [
                6.1941364,
                49.525732
              ],
              [
                6.1940467,
                49.5257608
              ],
              [
                6.1937868,
                49.5258503
              ],
              [
                6.1935928,
                49.5258973
              ],
              [
                6.1933424,
                49.5259555
              ],
              [
                6.1930685,
                49.5260255
              ],
              [
                6.1930594,
                49.5261853
              ],
              [
                6.1930572,
                49.5262238
              ],
              [
                6.1930517,
                49.5263204
              ],
              [
                6.1930441,
                49.5264537
              ],
              [
                6.192838,
                49.5264278
              ],
              [
                6.1924322,
                49.5263697
              ],
              [
                6.1921324,
                49.5263256
              ],
              [
                6.1920822,
                49.5263167
              ],
              [
                6.1919265,
                49.5262889
              ],
              [
                6.191706,
                49.5262498
              ],
              [
                6.1915737,
                49.5262263
              ],
              [
                6.1915055,
                49.5262124
              ],
              [
                6.1912172,
                49.5261537
              ],
              [
                6.1911213,
                49.5261341
              ],
              [
                6.1909258,
                49.5260941
              ],
              [
                6.1907905,
                49.5260662
              ],
              [
                6.1908379,
                49.5259746
              ],
              [
                6.1906831,
                49.5259364
              ],
              [
                6.1903089,
                49.5258396
              ],
              [
                6.1902332,
                49.52582
              ],
              [
                6.1898609,
                49.5257256
              ],
              [
                6.1897531,
                49.5256982
              ],
              [
                6.1894777,
                49.5256299
              ],
              [
                6.1891367,
                49.5255453
              ],
              [
                6.1890702,
                49.5255302
              ],
              [
                6.1889723,
                49.5259137
              ],
              [
                6.1889215,
                49.5261205
              ],
              [
                6.1889119,
                49.5261594
              ],
              [
                6.1887907,
                49.5261365
              ],
              [
                6.1886807,
                49.5261157
              ],
              [
                6.188527,
                49.5260813
              ],
              [
                6.1884202,
                49.5260563
              ],
              [
                6.1883001,
                49.5260196
              ],
              [
                6.1882065,
                49.5259902
              ],
              [
                6.1880434,
                49.5259344
              ],
              [
                6.1879109,
                49.5258848
              ],
              [
                6.1875599,
                49.5257516
              ],
              [
                6.1870351,
                49.5255527
              ],
              [
                6.18702,
                49.5255804
              ],
              [
                6.1869564,
                49.5256856
              ],
              [
                6.1868722,
                49.5258166
              ],
              [
                6.1867861,
                49.5259293
              ],
              [
                6.186709,
                49.5260203
              ],
              [
                6.1866752,
                49.5260602
              ],
              [
                6.1865543,
                49.5261946
              ],
              [
                6.1863674,
                49.5263942
              ],
              [
                6.1863315,
                49.5264342
              ],
              [
                6.186201,
                49.5265797
              ],
              [
                6.1861375,
                49.5266509
              ],
              [
                6.1859877,
                49.5268189
              ],
              [
                6.1857987,
                49.5270248
              ],
              [
                6.1856657,
                49.5271686
              ],
              [
                6.185505,
                49.5273423
              ],
              [
                6.1853611,
                49.5274862
              ],
              [
                6.18521,
                49.5276317
              ],
              [
                6.185044,
                49.5277795
              ],
              [
                6.1848168,
                49.5277113
              ],
              [
                6.1846443,
                49.5276595
              ],
              [
                6.1843473,
                49.5275685
              ],
              [
                6.184168,
                49.5275136
              ],
              [
                6.184016,
                49.5274686
              ],
              [
                6.1838202,
                49.5274106
              ],
              [
                6.1836774,
                49.5273707
              ],
              [
                6.1835361,
                49.5273313
              ],
              [
                6.1834659,
                49.5273117
              ],
              [
                6.1833864,
                49.5272894
              ],
              [
                6.1831145,
                49.5272133
              ],
              [
                6.183099,
                49.5272089
              ],
              [
                6.1830162,
                49.527184
              ],
              [
                6.1829286,
                49.5271576
              ],
              [
                6.1829138,
                49.5271528
              ],
              [
                6.1828559,
                49.527134
              ],
              [
                6.1825902,
                49.5270479
              ],
              [
                6.1824167,
                49.5269921
              ],
              [
                6.1819364,
                49.5268375
              ],
              [
                6.1811429,
                49.5265833
              ],
              [
                6.1808527,
                49.5264909
              ],
              [
                6.1806892,
                49.5264432
              ],
              [
                6.1804818,
                49.5263826
              ],
              [
                6.1804396,
                49.5263703
              ],
              [
                6.1803566,
                49.5263461
              ],
              [
                6.1802509,
                49.5263153
              ],
              [
                6.1798207,
                49.5261901
              ],
              [
                6.1800628,
                49.525673
              ],
              [
                6.1801746,
                49.5254415
              ],
              [
                6.1801987,
                49.5253915
              ],
              [
                6.1802818,
                49.5252194
              ],
              [
                6.1798012,
                49.5251555
              ],
              [
                6.1794689,
                49.5251063
              ],
              [
                6.1790646,
                49.525058
              ],
              [
                6.1786353,
                49.5250082
              ],
              [
                6.1782039,
                49.5249604
              ],
              [
                6.1780388,
                49.5249421
              ],
              [
                6.1777373,
                49.524908
              ],
              [
                6.1773595,
                49.5248563
              ],
              [
                6.1769651,
                49.5247998
              ],
              [
                6.1765363,
                49.5247242
              ],
              [
                6.1759864,
                49.5246202
              ],
              [
                6.1757608,
                49.5245691
              ],
              [
                6.1755321,
                49.5245113
              ],
              [
                6.1751989,
                49.5244213
              ],
              [
                6.1748517,
                49.524327
              ],
              [
                6.1745044,
                49.5242255
              ],
              [
                6.1742831,
                49.5241553
              ],
              [
                6.1742956,
                49.5241357
              ],
              [
                6.1743308,
                49.5240834
              ],
              [
                6.1743777,
                49.5240312
              ],
              [
                6.1744874,
                49.5239038
              ],
              [
                6.1743776,
                49.5238666
              ],
              [
                6.1742964,
                49.5238373
              ],
              [
                6.1738528,
                49.5236759
              ],
              [
                6.1737006,
                49.5235459
              ],
              [
                6.1736274,
                49.5234875
              ],
              [
                6.1735058,
                49.5233905
              ],
              [
                6.1734263,
                49.5233271
              ],
              [
                6.1732457,
                49.5232183
              ],
              [
                6.1729434,
                49.5230569
              ],
              [
                6.1729019,
                49.5230347
              ],
              [
                6.1726916,
                49.5229186
              ],
              [
                6.1724793,
                49.5227995
              ],
              [
                6.1723643,
                49.5227269
              ],
              [
                6.1722828,
                49.522661
              ],
              [
                6.1719848,
                49.5222749
              ],
              [
                6.1717149,
                49.5219397
              ],
              [
                6.1716167,
                49.5218083
              ],
              [
                6.1716167,
                49.5215573
              ],
              [
                6.1716213,
                49.5213683
              ],
              [
                6.1716307,
                49.5210621
              ],
              [
                6.1716447,
                49.5209024
              ],
              [
                6.171675,
                49.5207215
              ],
              [
                6.1716941,
                49.5206072
              ],
              [
                6.1717077,
                49.5205159
              ],
              [
                6.1717195,
                49.5204366
              ],
              [
                6.1717219,
                49.5204203
              ],
              [
                6.1717249,
                49.5204003
              ],
              [
                6.1717269,
                49.5203866
              ],
              [
                6.1717279,
                49.5203774
              ],
              [
                6.1717308,
                49.5203478
              ],
              [
                6.1717325,
                49.5203299
              ],
              [
                6.1717398,
                49.5202561
              ],
              [
                6.1717504,
                49.5201479
              ],
              [
                6.1717617,
                49.519943
              ],
              [
                6.1717902,
                49.5194448
              ],
              [
                6.1718025,
                49.5193006
              ],
              [
                6.1719494,
                49.5189405
              ],
              [
                6.1719866,
                49.5188389
              ],
              [
                6.1720503,
                49.5186648
              ],
              [
                6.172083,
                49.5183783
              ],
              [
                6.1721176,
                49.5181153
              ],
              [
                6.1721249,
                49.5180201
              ],
              [
                6.1721275,
                49.5179465
              ],
              [
                6.1721322,
                49.5175996
              ],
              [
                6.1721339,
                49.5174465
              ],
              [
                6.1721337,
                49.5173329
              ],
              [
                6.172133,
                49.5172948
              ],
              [
                6.1721289,
                49.5170516
              ],
              [
                6.1717755,
                49.517027
              ],
              [
                6.1714508,
                49.5170138
              ],
              [
                6.1710484,
                49.5170043
              ],
              [
                6.1708256,
                49.5169953
              ],
              [
                6.1704898,
                49.5169872
              ],
              [
                6.1703991,
                49.5169858
              ],
              [
                6.1701211,
                49.5169815
              ],
              [
                6.1697765,
                49.5169772
              ],
              [
                6.1696849,
                49.516976
              ],
              [
                6.1693534,
                49.5169815
              ],
              [
                6.1691131,
                49.5169888
              ],
              [
                6.1690026,
                49.5169952
              ],
              [
                6.1688995,
                49.5170098
              ],
              [
                6.1688153,
                49.5170222
              ],
              [
                6.1686346,
                49.5170479
              ],
              [
                6.1683966,
                49.51708
              ],
              [
                6.1681535,
                49.5171137
              ],
              [
                6.167839,
                49.517151
              ],
              [
                6.1677277,
                49.5171623
              ],
              [
                6.167587,
                49.5171766
              ],
              [
                6.1673742,
                49.5171963
              ],
              [
                6.1671645,
                49.5172153
              ],
              [
                6.1670071,
                49.5172294
              ],
              [
                6.1666372,
                49.5172605
              ],
              [
                6.1665107,
                49.5172722
              ],
              [
                6.1663631,
                49.517286
              ],
              [
                6.1660633,
                49.5173248
              ],
              [
                6.1657833,
                49.5173631
              ],
              [
                6.1655947,
                49.5173859
              ],
              [
                6.1654689,
                49.5173953
              ],
              [
                6.1652307,
                49.5174069
              ],
              [
                6.1649241,
                49.5174105
              ],
              [
                6.1647663,
                49.5174123
              ],
              [
                6.1647072,
                49.5174117
              ],
              [
                6.164654,
                49.5174111
              ],
              [
                6.16433,
                49.5174005
              ],
              [
                6.1641223,
                49.5173886
              ],
              [
                6.1638585,
                49.5173704
              ],
              [
                6.163729,
                49.5173611
              ],
              [
                6.1636674,
                49.5173566
              ],
              [
                6.1632878,
                49.5173293
              ],
              [
                6.1625806,
                49.5172822
              ],
              [
                6.1624304,
                49.517447
              ],
              [
                6.1620555,
                49.5178585
              ],
              [
                6.1618044,
                49.5177312
              ],
              [
                6.1614553,
                49.5175544
              ],
              [
                6.1610199,
                49.518136
              ],
              [
                6.1607902,
                49.5184347
              ],
              [
                6.1605824,
                49.5186122
              ],
              [
                6.1602724,
                49.5185122
              ],
              [
                6.1597398,
                49.5189132
              ],
              [
                6.1595679,
                49.51877
              ],
              [
                6.1595402,
                49.5187469
              ],
              [
                6.1591555,
                49.5190111
              ],
              [
                6.1581791,
                49.519705
              ],
              [
                6.1574551,
                49.5201974
              ],
              [
                6.1571915,
                49.5203628
              ],
              [
                6.1570264,
                49.5204663
              ],
              [
                6.1567064,
                49.5206581
              ],
              [
                6.1563575,
                49.5208232
              ],
              [
                6.1562124,
                49.5208926
              ],
              [
                6.1559122,
                49.5209946
              ],
              [
                6.1554835,
                49.5211093
              ],
              [
                6.1555801,
                49.5211755
              ],
              [
                6.1556891,
                49.5212518
              ],
              [
                6.155759,
                49.5212887
              ],
              [
                6.155831,
                49.5213244
              ],
              [
                6.1562252,
                49.521412
              ],
              [
                6.1566112,
                49.5214966
              ],
              [
                6.1567634,
                49.5216595
              ],
              [
                6.1568967,
                49.5218155
              ],
              [
                6.1570294,
                49.5220068
              ],
              [
                6.1571005,
                49.5221164
              ],
              [
                6.1571844,
                49.5222247
              ],
              [
                6.1574989,
                49.5225937
              ],
              [
                6.1577827,
                49.5228763
              ],
              [
                6.1578396,
                49.5229324
              ],
              [
                6.1582508,
                49.523276
              ],
              [
                6.1585922,
                49.5235306
              ],
              [
                6.1588465,
                49.5237142
              ],
              [
                6.1596177,
                49.5238568
              ],
              [
                6.1602909,
                49.5238504
              ],
              [
                6.1609079,
                49.523769
              ],
              [
                6.1621861,
                49.5233967
              ],
              [
                6.1628092,
                49.5232517
              ],
              [
                6.1630568,
                49.5231899
              ],
              [
                6.1633982,
                49.5231313
              ],
              [
                6.1638547,
                49.5230626
              ],
              [
                6.1641632,
                49.5230435
              ],
              [
                6.1644684,
                49.5230346
              ],
              [
                6.1647481,
                49.5230728
              ],
              [
                6.165475,
                49.5231907
              ],
              [
                6.1653516,
                49.523323
              ],
              [
                6.1655654,
                49.523911
              ],
              [
                6.1658018,
                49.5245631
              ],
              [
                6.1659746,
                49.5250811
              ],
              [
                6.1661534,
                49.5256067
              ],
              [
                6.1659045,
                49.5259032
              ],
              [
                6.1655471,
                49.5263526
              ],
              [
                6.1651933,
                49.5266211
              ],
              [
                6.1650152,
                49.5267548
              ],
              [
                6.1643796,
                49.5272192
              ],
              [
                6.1636269,
                49.5273236
              ],
              [
                6.1632749,
                49.5273637
              ],
              [
                6.1623445,
                49.527419
              ],
              [
                6.1622804,
                49.5274228
              ],
              [
                6.1614023,
                49.5274654
              ],
              [
                6.1613466,
                49.5280818
              ],
              [
                6.1612684,
                49.5285987
              ],
              [
                6.1608324,
                49.5288647
              ],
              [
                6.1598651,
                49.528688
              ],
              [
                6.1601408,
                49.5281039
              ],
              [
                6.1602906,
                49.5277817
              ],
              [
                6.16034,
                49.5271871
              ],
              [
                6.1593062,
                49.5269322
              ],
              [
                6.1584391,
                49.526715
              ],
              [
                6.1579493,
                49.5265576
              ],
              [
                6.1573197,
                49.5263593
              ],
              [
                6.157221,
                49.5263466
              ],
              [
                6.1570791,
                49.5263377
              ],
              [
                6.1560734,
                49.5262994
              ],
              [
                6.1558491,
                49.5266582
              ],
              [
                6.1557174,
                49.5268646
              ],
              [
                6.1554098,
                49.5273557
              ],
              [
                6.1554755,
                49.5275567
              ],
              [
                6.1554924,
                49.5276667
              ],
              [
                6.1562821,
                49.527976
              ],
              [
                6.1570441,
                49.5282733
              ],
              [
                6.1578127,
                49.5285623
              ],
              [
                6.1579604,
                49.5286179
              ],
              [
                6.1581387,
                49.5286905
              ],
              [
                6.1583512,
                49.528777
              ],
              [
                6.1584447,
                49.5288105
              ],
              [
                6.1590555,
                49.5292305
              ],
              [
                6.1595652,
                49.529595
              ],
              [
                6.1602604,
                49.5296917
              ],
              [
                6.1604193,
                49.5297168
              ],
              [
                6.1610999,
                49.5298157
              ],
              [
                6.1612872,
                49.5298429
              ],
              [
                6.1618495,
                49.5299267
              ],
              [
                6.1619274,
                49.5299383
              ],
              [
                6.1620614,
                49.5299583
              ],
              [
                6.1627684,
                49.5300647
              ],
              [
                6.1627581,
                49.5301957
              ],
              [
                6.16275,
                49.5302989
              ],
              [
                6.1627457,
                49.5303536
              ],
              [
                6.1627437,
                49.5304045
              ],
              [
                6.1627374,
                49.5304924
              ],
              [
                6.1627286,
                49.5306164
              ],
              [
                6.162721,
                49.5307237
              ],
              [
                6.1627131,
                49.5308289
              ],
              [
                6.162706,
                49.5309219
              ],
              [
                6.1626985,
                49.5310214
              ],
              [
                6.1626981,
                49.5310258
              ],
              [
                6.1626779,
                49.531293
              ],
              [
                6.1626718,
                49.5313915
              ],
              [
                6.1631016,
                49.5315149
              ],
              [
                6.1632765,
                49.5313953
              ],
              [
                6.1633012,
                49.53138
              ],
              [
                6.1633382,
                49.5313788
              ],
              [
                6.1633793,
                49.5313864
              ],
              [
                6.1634534,
                49.5314106
              ],
              [
                6.1634966,
                49.5314309
              ],
              [
                6.1635295,
                49.5314704
              ],
              [
                6.1635356,
                49.5315022
              ],
              [
                6.1635192,
                49.5315404
              ],
              [
                6.1634554,
                49.5316155
              ],
              [
                6.1635192,
                49.5316676
              ],
              [
                6.1639635,
                49.5317885
              ],
              [
                6.1645297,
                49.5319482
              ],
              [
                6.1654039,
                49.5320233
              ],
              [
                6.166234,
                49.5320969
              ],
              [
                6.166205,
                49.5327825
              ],
              [
                6.1662008,
                49.5328239
              ],
              [
                6.1664167,
                49.5328166
              ],
              [
                6.1666933,
                49.5328072
              ],
              [
                6.1671746,
                49.5328072
              ],
              [
                6.1677979,
                49.5328416
              ],
              [
                6.1682051,
                49.5328963
              ],
              [
                6.1685905,
                49.533009
              ],
              [
                6.1687489,
                49.5330548
              ],
              [
                6.168642,
                49.5332686
              ],
              [
                6.1687055,
                49.5332881
              ],
              [
                6.1688826,
                49.5333424
              ],
              [
                6.1690973,
                49.5333987
              ],
              [
                6.1692899,
                49.5334493
              ],
              [
                6.1696396,
                49.5335116
              ],
              [
                6.1701186,
                49.5335802
              ],
              [
                6.1701307,
                49.5335819
              ],
              [
                6.1702611,
                49.5336006
              ],
              [
                6.170344,
                49.5336125
              ],
              [
                6.17044,
                49.5336262
              ],
              [
                6.1704875,
                49.533633
              ],
              [
                6.1705439,
                49.533638
              ],
              [
                6.1706344,
                49.533646
              ],
              [
                6.1707321,
                49.5336547
              ],
              [
                6.1708043,
                49.533661
              ],
              [
                6.1707551,
                49.5342327
              ],
              [
                6.1707427,
                49.5346068
              ],
              [
                6.1707654,
                49.535079
              ],
              [
                6.170766,
                49.5351184
              ],
              [
                6.1710288,
                49.5350588
              ],
              [
                6.1713408,
                49.5349934
              ],
              [
                6.171711,
                49.5349345
              ],
              [
                6.17215,
                49.5348757
              ],
              [
                6.172425,
                49.5348528
              ],
              [
                6.1728481,
                49.5348331
              ],
              [
                6.1735659,
                49.534811
              ],
              [
                6.173576,
                49.5348308
              ],
              [
                6.1737681,
                49.5352416
              ],
              [
                6.1738867,
                49.5355332
              ],
              [
                6.1739143,
                49.535601
              ],
              [
                6.1739886,
                49.5357927
              ],
              [
                6.1740326,
                49.5359062
              ],
              [
                6.1740823,
                49.5360346
              ],
              [
                6.1741886,
                49.53602
              ],
              [
                6.1746286,
                49.5359595
              ],
              [
                6.1747097,
                49.5361436
              ],
              [
                6.1747865,
                49.5363179
              ],
              [
                6.1748061,
                49.5363624
              ],
              [
                6.1764528,
                49.5359969
              ],
              [
                6.1764109,
                49.5360506
              ],
              [
                6.1763705,
                49.5361024
              ],
              [
                6.1763522,
                49.5361259
              ],
              [
                6.176105,
                49.5363726
              ],
              [
                6.1757342,
                49.5367173
              ],
              [
                6.1755741,
                49.5368531
              ],
              [
                6.175418,
                49.5369828
              ],
              [
                6.1752019,
                49.5371625
              ],
              [
                6.1749885,
                49.5373398
              ],
              [
                6.1748262,
                49.5374673
              ],
              [
                6.1746853,
                49.537578
              ],
              [
                6.1745292,
                49.5377049
              ],
              [
                6.1744054,
                49.5378055
              ],
              [
                6.1743052,
                49.5378886
              ],
              [
                6.1742376,
                49.5379463
              ],
              [
                6.1741524,
                49.5380405
              ],
              [
                6.1740565,
                49.5381523
              ],
              [
                6.1739947,
                49.5382661
              ],
              [
                6.1739142,
                49.5384155
              ],
              [
                6.1739066,
                49.5384333
              ],
              [
                6.1735454,
                49.5384065
              ],
              [
                6.1732581,
                49.5383748
              ],
              [
                6.1732618,
                49.5383929
              ],
              [
                6.1733807,
                49.5386652
              ],
              [
                6.1734702,
                49.5388431
              ],
              [
                6.1735088,
                49.5389198
              ],
              [
                6.1736037,
                49.539083
              ],
              [
                6.1736915,
                49.5392369
              ],
              [
                6.1737492,
                49.5393476
              ],
              [
                6.1738086,
                49.5394878
              ],
              [
                6.1738707,
                49.5396767
              ],
              [
                6.1739092,
                49.5398464
              ],
              [
                6.1739341,
                49.5399529
              ],
              [
                6.1739787,
                49.5401432
              ],
              [
                6.1739173,
                49.5401502
              ],
              [
                6.1736317,
                49.5401827
              ],
              [
                6.1734408,
                49.5402044
              ],
              [
                6.1733863,
                49.5407264
              ],
              [
                6.1733479,
                49.54133
              ],
              [
                6.1733416,
                49.541461
              ],
              [
                6.1733213,
                49.5418806
              ],
              [
                6.1733132,
                49.5419838
              ],
              [
                6.1732927,
                49.5422426
              ],
              [
                6.1732954,
                49.5423465
              ],
              [
                6.1732989,
                49.5424818
              ],
              [
                6.1733084,
                49.5426055
              ],
              [
                6.1733194,
                49.5427482
              ],
              [
                6.1731406,
                49.5430016
              ],
              [
                6.1730788,
                49.543089
              ],
              [
                6.1730261,
                49.5431636
              ],
              [
                6.1729135,
                49.5433253
              ],
              [
                6.1727454,
                49.5436006
              ],
              [
                6.1726468,
                49.5437684
              ],
              [
                6.1724,
                49.5441883
              ],
              [
                6.1722625,
                49.5444235
              ],
              [
                6.1720687,
                49.5447554
              ],
              [
                6.171981,
                49.5449055
              ],
              [
                6.1719506,
                49.544955
              ],
              [
                6.1718977,
                49.5450411
              ],
              [
                6.1718887,
                49.5450557
              ],
              [
                6.1718463,
                49.5451249
              ],
              [
                6.171822,
                49.5451644
              ],
              [
                6.1717974,
                49.5452044
              ],
              [
                6.1717037,
                49.5453569
              ],
              [
                6.1716657,
                49.5454187
              ],
              [
                6.1716215,
                49.5454907
              ],
              [
                6.1715951,
                49.5455335
              ],
              [
                6.171573,
                49.5455693
              ],
              [
                6.1721056,
                49.5458582
              ],
              [
                6.1726814,
                49.5461179
              ],
              [
                6.1738331,
                49.5465982
              ],
              [
                6.1738783,
                49.5468326
              ],
              [
                6.1740677,
                49.5468584
              ],
              [
                6.1741692,
                49.5468753
              ],
              [
                6.1741669,
                49.5468961
              ],
              [
                6.17407,
                49.5471908
              ],
              [
                6.1737994,
                49.5479698
              ],
              [
                6.1735447,
                49.5487376
              ],
              [
                6.1732177,
                49.5496338
              ],
              [
                6.1731412,
                49.5498548
              ],
              [
                6.1730683,
                49.5498448
              ],
              [
                6.1729423,
                49.5498274
              ],
              [
                6.1728671,
                49.549817
              ],
              [
                6.1726997,
                49.5497984
              ],
              [
                6.1724489,
                49.5497996
              ],
              [
                6.1723587,
                49.5498028
              ],
              [
                6.1718555,
                49.5498324
              ],
              [
                6.1712311,
                49.5498583
              ],
              [
                6.1705867,
                49.5498642
              ],
              [
                6.1699702,
                49.5498752
              ],
              [
                6.1695467,
                49.549884
              ],
              [
                6.1695751,
                49.5499914
              ],
              [
                6.1692821,
                49.5500476
              ],
              [
                6.1688247,
                49.5501533
              ],
              [
                6.1685991,
                49.5502058
              ],
              [
                6.1684937,
                49.550231
              ],
              [
                6.1682838,
                49.5502811
              ],
              [
                6.1680617,
                49.5503338
              ],
              [
                6.1677278,
                49.5504119
              ],
              [
                6.1675641,
                49.5504502
              ],
              [
                6.1673878,
                49.5504915
              ],
              [
                6.1673689,
                49.5504959
              ],
              [
                6.1671148,
                49.5505565
              ],
              [
                6.1665752,
                49.5506894
              ],
              [
                6.1662958,
                49.5507593
              ],
              [
                6.1662483,
                49.5507712
              ],
              [
                6.1658309,
                49.550885
              ],
              [
                6.1654919,
                49.5509856
              ],
              [
                6.1651658,
                49.5510853
              ],
              [
                6.1646502,
                49.5512551
              ],
              [
                6.1648987,
                49.5515513
              ],
              [
                6.1650497,
                49.5517312
              ],
              [
                6.1650863,
                49.5517748
              ],
              [
                6.1653926,
                49.552092
              ],
              [
                6.1655434,
                49.5522482
              ],
              [
                6.1655971,
                49.5523039
              ],
              [
                6.165666,
                49.5523753
              ],
              [
                6.1657223,
                49.5524335
              ],
              [
                6.1659554,
                49.5526672
              ],
              [
                6.165884,
                49.5526919
              ],
              [
                6.1658124,
                49.5527166
              ],
              [
                6.1657249,
                49.5527469
              ],
              [
                6.1655764,
                49.5527973
              ],
              [
                6.1654223,
                49.5528434
              ],
              [
                6.1652987,
                49.5528804
              ],
              [
                6.1652137,
                49.5528146
              ],
              [
                6.1651104,
                49.5528733
              ],
              [
                6.1650273,
                49.5529204
              ],
              [
                6.1649595,
                49.5529589
              ],
              [
                6.1648894,
                49.5529987
              ],
              [
                6.1648314,
                49.5530328
              ],
              [
                6.1647686,
                49.5530697
              ],
              [
                6.1647075,
                49.5531056
              ],
              [
                6.1646554,
                49.5531421
              ],
              [
                6.164532,
                49.5532284
              ],
              [
                6.1643792,
                49.5533554
              ],
              [
                6.1642928,
                49.55343
              ],
              [
                6.1642373,
                49.5533995
              ],
              [
                6.1639987,
                49.5532689
              ],
              [
                6.1634415,
                49.5529196
              ],
              [
                6.1632738,
                49.5528041
              ],
              [
                6.1630612,
                49.5526606
              ],
              [
                6.162698,
                49.5523888
              ],
              [
                6.1625514,
                49.5524911
              ],
              [
                6.1625066,
                49.5525255
              ],
              [
                6.1623817,
                49.5526269
              ],
              [
                6.1623566,
                49.5526473
              ],
              [
                6.162285,
                49.5527054
              ],
              [
                6.1621787,
                49.5527892
              ],
              [
                6.1621021,
                49.5528648
              ],
              [
                6.1619951,
                49.5529792
              ],
              [
                6.1619557,
                49.5530224
              ],
              [
                6.1619292,
                49.5530525
              ],
              [
                6.1618775,
                49.553113
              ],
              [
                6.1618663,
                49.5531268
              ],
              [
                6.1617981,
                49.5532103
              ],
              [
                6.1617596,
                49.5532559
              ],
              [
                6.1617333,
                49.5532871
              ],
              [
                6.1616939,
                49.5533218
              ],
              [
                6.1616721,
                49.5533412
              ],
              [
                6.1616184,
                49.5533846
              ],
              [
                6.1615555,
                49.5534314
              ],
              [
                6.1614531,
                49.5535077
              ],
              [
                6.161443,
                49.5535153
              ],
              [
                6.1613581,
                49.553579
              ],
              [
                6.1612975,
                49.5536237
              ],
              [
                6.1612631,
                49.5536493
              ],
              [
                6.1612333,
                49.5536711
              ],
              [
                6.1612195,
                49.5536813
              ],
              [
                6.1611335,
                49.5537393
              ],
              [
                6.1610858,
                49.5537701
              ],
              [
                6.1610655,
                49.5537831
              ],
              [
                6.1607771,
                49.5534902
              ],
              [
                6.1606547,
                49.5533658
              ],
              [
                6.1604815,
                49.5531811
              ],
              [
                6.1603886,
                49.5532148
              ],
              [
                6.1602256,
                49.5532738
              ],
              [
                6.1601525,
                49.5533003
              ],
              [
                6.1600185,
                49.553349
              ],
              [
                6.1599908,
                49.5533592
              ],
              [
                6.1599245,
                49.5533835
              ],
              [
                6.1598952,
                49.5533943
              ],
              [
                6.1598336,
                49.5534169
              ],
              [
                6.1598135,
                49.5534243
              ],
              [
                6.159693,
                49.5534685
              ],
              [
                6.1596509,
                49.5534839
              ],
              [
                6.1596266,
                49.5534929
              ],
              [
                6.1595434,
                49.5535234
              ],
              [
                6.1594513,
                49.5535572
              ],
              [
                6.1594258,
                49.5535665
              ],
              [
                6.1593356,
                49.5535996
              ],
              [
                6.1593153,
                49.5536071
              ],
              [
                6.1592067,
                49.553647
              ],
              [
                6.159538,
                49.5540864
              ],
              [
                6.159577,
                49.5541375
              ],
              [
                6.1599009,
                49.5545623
              ],
              [
                6.1603896,
                49.5551992
              ],
              [
                6.1604183,
                49.5552366
              ],
              [
                6.1604534,
                49.5552823
              ],
              [
                6.160379,
                49.5553048
              ],
              [
                6.1601134,
                49.5553852
              ],
              [
                6.159957,
                49.5554326
              ],
              [
                6.1598741,
                49.5554577
              ],
              [
                6.1596745,
                49.5555182
              ],
              [
                6.1596077,
                49.5555384
              ],
              [
                6.1595368,
                49.5555599
              ],
              [
                6.1595081,
                49.5555686
              ],
              [
                6.1594223,
                49.5555945
              ],
              [
                6.1593535,
                49.5556148
              ],
              [
                6.1592715,
                49.5556389
              ],
              [
                6.1592274,
                49.5556519
              ],
              [
                6.1591628,
                49.5556709
              ],
              [
                6.1590779,
                49.5556959
              ],
              [
                6.1589829,
                49.5557238
              ],
              [
                6.1588681,
                49.5557576
              ],
              [
                6.1588124,
                49.5556914
              ],
              [
                6.1587607,
                49.5556301
              ],
              [
                6.1583511,
                49.5551434
              ],
              [
                6.1578786,
                49.5545888
              ],
              [
                6.1578505,
                49.5545558
              ],
              [
                6.1576063,
                49.5542894
              ],
              [
                6.157537,
                49.5542119
              ],
              [
                6.1574858,
                49.5541546
              ],
              [
                6.1573689,
                49.5539924
              ],
              [
                6.1570823,
                49.5535067
              ],
              [
                6.1568968,
                49.5531964
              ],
              [
                6.1568778,
                49.5531646
              ],
              [
                6.1568114,
                49.553179
              ],
              [
                6.1566278,
                49.553219
              ],
              [
                6.1561326,
                49.5533268
              ],
              [
                6.1560901,
                49.553336
              ],
              [
                6.1560523,
                49.5533442
              ],
              [
                6.1558801,
                49.5533817
              ],
              [
                6.1557293,
                49.5534144
              ],
              [
                6.1555217,
                49.5534595
              ],
              [
                6.1553576,
                49.5534952
              ],
              [
                6.1549912,
                49.5535813
              ],
              [
                6.1548872,
                49.5534732
              ],
              [
                6.1547916,
                49.5533738
              ],
              [
                6.154623,
                49.5531985
              ],
              [
                6.1544774,
                49.553047
              ],
              [
                6.1544521,
                49.5530565
              ],
              [
                6.1543336,
                49.5531005
              ],
              [
                6.1542784,
                49.5531211
              ],
              [
                6.1542063,
                49.5531479
              ],
              [
                6.1537432,
                49.5533201
              ],
              [
                6.1536331,
                49.5533508
              ],
              [
                6.1533049,
                49.5534548
              ],
              [
                6.1531806,
                49.5534942
              ],
              [
                6.1530865,
                49.5535241
              ],
              [
                6.1529446,
                49.5535744
              ],
              [
                6.1528493,
                49.5536082
              ],
              [
                6.1527857,
                49.5536308
              ],
              [
                6.1527024,
                49.5536604
              ],
              [
                6.1526425,
                49.5536816
              ],
              [
                6.1525602,
                49.5537108
              ],
              [
                6.1525041,
                49.5537315
              ],
              [
                6.1524079,
                49.553767
              ],
              [
                6.1523427,
                49.553791
              ],
              [
                6.152275,
                49.553816
              ],
              [
                6.1522052,
                49.5538417
              ],
              [
                6.1521259,
                49.5537653
              ],
              [
                6.1512264,
                49.5539598
              ],
              [
                6.1502327,
                49.5541802
              ],
              [
                6.1502065,
                49.5541266
              ],
              [
                6.150136,
                49.5538959
              ],
              [
                6.1500961,
                49.5538303
              ],
              [
                6.1499529,
                49.5536183
              ],
              [
                6.1499025,
                49.553541
              ],
              [
                6.1496597,
                49.5536144
              ],
              [
                6.1494495,
                49.5536816
              ],
              [
                6.1493013,
                49.5537283
              ],
              [
                6.1491489,
                49.5537763
              ],
              [
                6.1489473,
                49.5538424
              ],
              [
                6.1485226,
                49.5539765
              ],
              [
                6.1481346,
                49.5540993
              ],
              [
                6.147865,
                49.5541846
              ],
              [
                6.1475322,
                49.5542968
              ],
              [
                6.1473574,
                49.5543557
              ],
              [
                6.147182,
                49.5544148
              ],
              [
                6.1465527,
                49.5546299
              ],
              [
                6.1464154,
                49.5546803
              ],
              [
                6.1462642,
                49.5547358
              ],
              [
                6.1462116,
                49.5547551
              ],
              [
                6.1461427,
                49.5547804
              ],
              [
                6.1460762,
                49.5548015
              ],
              [
                6.1459028,
                49.554557
              ],
              [
                6.1457417,
                49.5544227
              ],
              [
                6.1456671,
                49.5542805
              ],
              [
                6.1455973,
                49.5540596
              ],
              [
                6.1454688,
                49.5539571
              ],
              [
                6.1453309,
                49.554006
              ],
              [
                6.1448298,
                49.5541694
              ],
              [
                6.1446919,
                49.5542143
              ],
              [
                6.1444972,
                49.5542761
              ],
              [
                6.1444195,
                49.5543007
              ],
              [
                6.1442792,
                49.5543452
              ],
              [
                6.144159,
                49.5543833
              ],
              [
                6.1441154,
                49.5543971
              ],
              [
                6.1440445,
                49.5544196
              ],
              [
                6.1439988,
                49.5544348
              ],
              [
                6.1438845,
                49.5544492
              ],
              [
                6.1438334,
                49.5544556
              ],
              [
                6.1436611,
                49.5544879
              ],
              [
                6.1436119,
                49.5544965
              ],
              [
                6.1433104,
                49.5545535
              ],
              [
                6.1427321,
                49.5546218
              ],
              [
                6.1426059,
                49.5546494
              ],
              [
                6.1422337,
                49.5547273
              ],
              [
                6.1418029,
                49.5548204
              ],
              [
                6.1413291,
                49.5549363
              ],
              [
                6.1410729,
                49.5550129
              ],
              [
                6.1409848,
                49.5550392
              ],
              [
                6.1408685,
                49.555074
              ],
              [
                6.1406682,
                49.5551382
              ],
              [
                6.1406662,
                49.5551389
              ],
              [
                6.1405181,
                49.5551864
              ],
              [
                6.1404437,
                49.5552102
              ],
              [
                6.1402285,
                49.5552793
              ],
              [
                6.140167,
                49.5551994
              ],
              [
                6.1399673,
                49.555271
              ],
              [
                6.1398029,
                49.5553299
              ],
              [
                6.1396766,
                49.5553752
              ],
              [
                6.1396733,
                49.5553764
              ],
              [
                6.1395362,
                49.5554255
              ],
              [
                6.1394717,
                49.5553437
              ],
              [
                6.1393437,
                49.5553981
              ],
              [
                6.1392167,
                49.555452
              ],
              [
                6.1391387,
                49.5554851
              ],
              [
                6.1389803,
                49.5555523
              ],
              [
                6.1389496,
                49.555501
              ],
              [
                6.1387519,
                49.5555829
              ],
              [
                6.138749,
                49.5555841
              ],
              [
                6.1385877,
                49.5556509
              ],
              [
                6.1385875,
                49.555651
              ],
              [
                6.1384357,
                49.5557138
              ],
              [
                6.1383773,
                49.5556377
              ],
              [
                6.1382439,
                49.5556986
              ],
              [
                6.138242,
                49.5556995
              ],
              [
                6.138183,
                49.5557263
              ],
              [
                6.1381188,
                49.5557556
              ],
              [
                6.1380789,
                49.555689
              ],
              [
                6.1379433,
                49.5557502
              ],
              [
                6.1379394,
                49.5557519
              ],
              [
                6.137805,
                49.5558126
              ],
              [
                6.1377485,
                49.5557348
              ],
              [
                6.1376944,
                49.5556604
              ],
              [
                6.1375487,
                49.5557452
              ],
              [
                6.1374903,
                49.5557792
              ],
              [
                6.1374266,
                49.5558163
              ],
              [
                6.1373959,
                49.555782
              ],
              [
                6.1373595,
                49.5557352
              ],
              [
                6.137316,
                49.5556793
              ],
              [
                6.1372053,
                49.5557451
              ],
              [
                6.1371242,
                49.5557932
              ],
              [
                6.1370689,
                49.555721
              ],
              [
                6.1369396,
                49.5557951
              ],
              [
                6.1368843,
                49.5557095
              ],
              [
                6.1367704,
                49.5557741
              ],
              [
                6.1366967,
                49.5556828
              ],
              [
                6.1365979,
                49.555755
              ],
              [
                6.1365957,
                49.5557566
              ],
              [
                6.1363615,
                49.5559276
              ],
              [
                6.1361054,
                49.5561146
              ],
              [
                6.1359588,
                49.5562216
              ],
              [
                6.1358356,
                49.5563116
              ],
              [
                6.1357122,
                49.556127
              ],
              [
                6.1356967,
                49.5561037
              ],
              [
                6.1356666,
                49.5560586
              ],
              [
                6.1355065,
                49.5561165
              ],
              [
                6.1354062,
                49.5561525
              ],
              [
                6.1353299,
                49.5561681
              ],
              [
                6.1350914,
                49.5561949
              ],
              [
                6.1348986,
                49.5562104
              ],
              [
                6.1344845,
                49.5562407
              ],
              [
                6.1338969,
                49.5562576
              ],
              [
                6.133458,
                49.5562679
              ],
              [
                6.1331629,
                49.5562755
              ],
              [
                6.1328407,
                49.556307
              ],
              [
                6.1325334,
                49.5563467
              ],
              [
                6.1319549,
                49.5564336
              ],
              [
                6.1314655,
                49.5565445
              ],
              [
                6.1306856,
                49.5567185
              ],
              [
                6.1302231,
                49.5568004
              ],
              [
                6.1298182,
                49.5568121
              ],
              [
                6.1296405,
                49.5568318
              ],
              [
                6.1294493,
                49.5568529
              ],
              [
                6.1290298,
                49.5568994
              ],
              [
                6.1290054,
                49.5569021
              ],
              [
                6.1285624,
                49.5569324
              ],
              [
                6.1281902,
                49.5569608
              ],
              [
                6.1278056,
                49.5570082
              ],
              [
                6.1275902,
                49.5570252
              ],
              [
                6.1274397,
                49.557011
              ],
              [
                6.1273867,
                49.5569984
              ],
              [
                6.1273386,
                49.5569869
              ],
              [
                6.1275068,
                49.5570676
              ],
              [
                6.127521,
                49.557093
              ],
              [
                6.1275362,
                49.55712
              ],
              [
                6.1272622,
                49.5571759
              ],
              [
                6.1275934,
                49.5577567
              ],
              [
                6.1276406,
                49.5578401
              ],
              [
                6.1276954,
                49.5579371
              ],
              [
                6.1275497,
                49.557978
              ],
              [
                6.1275479,
                49.5579785
              ],
              [
                6.1271703,
                49.5580852
              ],
              [
                6.1271678,
                49.5580859
              ],
              [
                6.1270215,
                49.5581292
              ],
              [
                6.1268171,
                49.5582039
              ],
              [
                6.1266944,
                49.5582487
              ],
              [
                6.1262974,
                49.558393
              ],
              [
                6.12598,
                49.5585118
              ],
              [
                6.1257247,
                49.5585963
              ],
              [
                6.1253647,
                49.5587259
              ],
              [
                6.125008,
                49.5588566
              ],
              [
                6.124836,
                49.5589063
              ],
              [
                6.1246354,
                49.5589656
              ],
              [
                6.124499,
                49.5590059
              ],
              [
                6.1244395,
                49.5590222
              ],
              [
                6.1243,
                49.5590602
              ],
              [
                6.1241806,
                49.5590848
              ],
              [
                6.1241763,
                49.5590857
              ],
              [
                6.1240341,
                49.5591149
              ],
              [
                6.1237173,
                49.5591836
              ],
              [
                6.1236052,
                49.5592033
              ],
              [
                6.1233953,
                49.5592465
              ],
              [
                6.1229463,
                49.559313
              ],
              [
                6.1227471,
                49.5593468
              ],
              [
                6.1227444,
                49.5593474
              ],
              [
                6.1225917,
                49.5593831
              ],
              [
                6.1223875,
                49.5594425
              ],
              [
                6.1217829,
                49.5596292
              ],
              [
                6.1214665,
                49.5597202
              ],
              [
                6.1212465,
                49.5597835
              ],
              [
                6.1207342,
                49.5598245
              ],
              [
                6.1204372,
                49.5598491
              ],
              [
                6.1203163,
                49.5598526
              ],
              [
                6.1201954,
                49.5598562
              ],
              [
                6.1199252,
                49.5598519
              ],
              [
                6.1194213,
                49.5598321
              ],
              [
                6.1188406,
                49.5598092
              ],
              [
                6.1183253,
                49.5597935
              ],
              [
                6.1177911,
                49.5597851
              ],
              [
                6.1172726,
                49.5598022
              ],
              [
                6.117081,
                49.5597557
              ],
              [
                6.1169091,
                49.559714
              ],
              [
                6.1167473,
                49.5596655
              ],
              [
                6.1165616,
                49.5597457
              ],
              [
                6.1159752,
                49.5599852
              ],
              [
                6.1153782,
                49.5602482
              ],
              [
                6.1147265,
                49.5605855
              ],
              [
                6.1144981,
                49.5607235
              ],
              [
                6.1142372,
                49.5608486
              ],
              [
                6.1140616,
                49.5608941
              ],
              [
                6.1137146,
                49.5609875
              ],
              [
                6.1135171,
                49.5610597
              ],
              [
                6.1132696,
                49.5611526
              ],
              [
                6.1131382,
                49.5611883
              ],
              [
                6.1125182,
                49.5613289
              ],
              [
                6.1119213,
                49.5614032
              ],
              [
                6.1112063,
                49.561507
              ],
              [
                6.1101398,
                49.5617123
              ],
              [
                6.1093953,
                49.5618631
              ],
              [
                6.1089372,
                49.5619571
              ],
              [
                6.1086762,
                49.5620109
              ],
              [
                6.1084838,
                49.5620506
              ],
              [
                6.1083884,
                49.5620669
              ],
              [
                6.1082315,
                49.5620965
              ],
              [
                6.1082965,
                49.5625554
              ],
              [
                6.1085078,
                49.5632978
              ],
              [
                6.1087935,
                49.564295
              ],
              [
                6.1089461,
                49.5648283
              ],
              [
                6.1089969,
                49.5650586
              ],
              [
                6.1090257,
                49.5652531
              ],
              [
                6.1090488,
                49.565601
              ],
              [
                6.1090837,
                49.565967
              ],
              [
                6.1091468,
                49.5665247
              ],
              [
                6.1090318,
                49.5665275
              ],
              [
                6.1089474,
                49.5665293
              ],
              [
                6.1087884,
                49.5665346
              ],
              [
                6.1087477,
                49.566536
              ],
              [
                6.1086917,
                49.5665414
              ],
              [
                6.1086313,
                49.5665515
              ],
              [
                6.108573,
                49.5665661
              ],
              [
                6.108452,
                49.5665966
              ],
              [
                6.1081217,
                49.5666922
              ],
              [
                6.1070817,
                49.5667929
              ],
              [
                6.10619,
                49.5667397
              ],
              [
                6.105888,
                49.5664676
              ],
              [
                6.1057694,
                49.5664365
              ],
              [
                6.1054683,
                49.5663614
              ],
              [
                6.1052664,
                49.5663093
              ],
              [
                6.1050257,
                49.5662478
              ],
              [
                6.1048551,
                49.5661974
              ],
              [
                6.1044708,
                49.5660366
              ],
              [
                6.1042496,
                49.5659521
              ],
              [
                6.1041578,
                49.5658939
              ],
              [
                6.1039169,
                49.5657005
              ],
              [
                6.103893,
                49.5656813
              ],
              [
                6.1038626,
                49.5656569
              ],
              [
                6.1036991,
                49.565508
              ],
              [
                6.1035897,
                49.5654108
              ],
              [
                6.1034415,
                49.5653034
              ],
              [
                6.1033392,
                49.5652486
              ],
              [
                6.1029376,
                49.5650333
              ],
              [
                6.1025545,
                49.5648415
              ],
              [
                6.1023401,
                49.5647462
              ],
              [
                6.1021178,
                49.5646557
              ],
              [
                6.1017401,
                49.5646474
              ],
              [
                6.1017532,
                49.5647175
              ],
              [
                6.1017666,
                49.5647854
              ],
              [
                6.1017816,
                49.564862
              ],
              [
                6.1017433,
                49.5649702
              ],
              [
                6.1016508,
                49.565096
              ],
              [
                6.1015042,
                49.56521
              ],
              [
                6.1014182,
                49.5652748
              ],
              [
                6.1011939,
                49.5654377
              ],
              [
                6.1011192,
                49.565492
              ],
              [
                6.1004246,
                49.5659384
              ],
              [
                6.0996887,
                49.5664155
              ],
              [
                6.0996192,
                49.5664605
              ],
              [
                6.1004234,
                49.5671368
              ],
              [
                6.1012593,
                49.5678312
              ],
              [
                6.1018534,
                49.5682793
              ],
              [
                6.1021922,
                49.568468
              ],
              [
                6.1028262,
                49.5687983
              ],
              [
                6.1036184,
                49.5691707
              ],
              [
                6.1037381,
                49.5692876
              ],
              [
                6.1039442,
                49.5694968
              ],
              [
                6.103967,
                49.5695199
              ],
              [
                6.1041895,
                49.5697641
              ],
              [
                6.1043135,
                49.5699177
              ],
              [
                6.1043391,
                49.5699796
              ],
              [
                6.1043518,
                49.5700367
              ],
              [
                6.1043358,
                49.5700878
              ],
              [
                6.1043166,
                49.570141
              ],
              [
                6.1042083,
                49.5702
              ],
              [
                6.1035743,
                49.5705638
              ],
              [
                6.1032588,
                49.5707447
              ],
              [
                6.1030463,
                49.570844
              ],
              [
                6.1027787,
                49.5709599
              ],
              [
                6.1025207,
                49.5710405
              ],
              [
                6.1020015,
                49.5711957
              ],
              [
                6.1018954,
                49.5712247
              ],
              [
                6.1016352,
                49.5712959
              ],
              [
                6.1014187,
                49.5713489
              ],
              [
                6.1012977,
                49.5713606
              ],
              [
                6.1007745,
                49.5714141
              ],
              [
                6.1007583,
                49.5714158
              ],
              [
                6.1006148,
                49.5714802
              ],
              [
                6.1004746,
                49.5715433
              ],
              [
                6.1004418,
                49.571558
              ],
              [
                6.1003973,
                49.5715723
              ],
              [
                6.1003495,
                49.5715794
              ],
              [
                6.100282,
                49.5715753
              ],
              [
                6.1002079,
                49.5715599
              ],
              [
                6.1001666,
                49.5715502
              ],
              [
                6.0999197,
                49.5714916
              ],
              [
                6.0997171,
                49.5714294
              ],
              [
                6.0996332,
                49.5713795
              ],
              [
                6.09936,
                49.5711911
              ],
              [
                6.0988309,
                49.57131
              ],
              [
                6.0987122,
                49.5713367
              ],
              [
                6.0982767,
                49.5714347
              ],
              [
                6.0981918,
                49.5714538
              ],
              [
                6.0980682,
                49.5716267
              ],
              [
                6.097857,
                49.5719103
              ],
              [
                6.0978543,
                49.571914
              ],
              [
                6.0978185,
                49.5719612
              ],
              [
                6.097755,
                49.572045
              ],
              [
                6.0976671,
                49.5721608
              ],
              [
                6.0975958,
                49.5722532
              ],
              [
                6.0975279,
                49.5723086
              ],
              [
                6.0971637,
                49.5725766
              ],
              [
                6.0970849,
                49.5726601
              ],
              [
                6.0969919,
                49.5727587
              ],
              [
                6.0968941,
                49.572855
              ],
              [
                6.0967989,
                49.5729487
              ],
              [
                6.0967871,
                49.5729623
              ],
              [
                6.0966947,
                49.5730689
              ],
              [
                6.0966764,
                49.5730899
              ],
              [
                6.0965619,
                49.5732324
              ],
              [
                6.0961802,
                49.5737406
              ],
              [
                6.0959231,
                49.5740598
              ],
              [
                6.0956965,
                49.5743633
              ],
              [
                6.0953449,
                49.574813
              ],
              [
                6.0952826,
                49.574896
              ],
              [
                6.0951796,
                49.5750332
              ],
              [
                6.0952692,
                49.5751849
              ],
              [
                6.0951429,
                49.5752224
              ],
              [
                6.0949271,
                49.5752864
              ],
              [
                6.0947842,
                49.5753288
              ],
              [
                6.0946213,
                49.5753772
              ],
              [
                6.0944463,
                49.5754291
              ],
              [
                6.0939816,
                49.575567
              ],
              [
                6.0939579,
                49.5758663
              ],
              [
                6.0939544,
                49.5759106
              ],
              [
                6.0939539,
                49.5759167
              ],
              [
                6.0939973,
                49.5760987
              ],
              [
                6.0940831,
                49.5764622
              ],
              [
                6.0940987,
                49.5767992
              ],
              [
                6.0941124,
                49.5772017
              ],
              [
                6.0941178,
                49.5773541
              ],
              [
                6.0941068,
                49.577374
              ],
              [
                6.0940737,
                49.5774425
              ],
              [
                6.0940055,
                49.5775681
              ],
              [
                6.0938999,
                49.5777678
              ],
              [
                6.0938217,
                49.577916
              ],
              [
                6.0938124,
                49.5779336
              ],
              [
                6.0937583,
                49.5780363
              ],
              [
                6.0936155,
                49.5783073
              ],
              [
                6.0935382,
                49.5784541
              ],
              [
                6.0935073,
                49.5785127
              ],
              [
                6.0932448,
                49.5785311
              ],
              [
                6.0928297,
                49.578414
              ],
              [
                6.0926409,
                49.5783878
              ],
              [
                6.0922859,
                49.5782909
              ],
              [
                6.0917648,
                49.578149
              ],
              [
                6.0911084,
                49.5779713
              ],
              [
                6.0910712,
                49.5779603
              ],
              [
                6.0910376,
                49.577945
              ],
              [
                6.0910005,
                49.5779187
              ],
              [
                6.0909851,
                49.5778941
              ],
              [
                6.0909831,
                49.5778764
              ],
              [
                6.0909803,
                49.5778522
              ],
              [
                6.0887356,
                49.5771759
              ],
              [
                6.0885131,
                49.5771009
              ],
              [
                6.0884095,
                49.5770857
              ],
              [
                6.0882611,
                49.5770384
              ],
              [
                6.0880821,
                49.5769844
              ],
              [
                6.0878776,
                49.5769241
              ],
              [
                6.087436,
                49.5768227
              ],
              [
                6.0872769,
                49.5767842
              ],
              [
                6.0870413,
                49.5767
              ],
              [
                6.0867537,
                49.576597
              ],
              [
                6.0866439,
                49.5765685
              ],
              [
                6.0856354,
                49.5763701
              ],
              [
                6.0849163,
                49.5762307
              ],
              [
                6.0844056,
                49.5765778
              ],
              [
                6.0837759,
                49.5768564
              ],
              [
                6.0832499,
                49.5771021
              ],
              [
                6.0825662,
                49.5770904
              ],
              [
                6.0816346,
                49.5774108
              ],
              [
                6.0811284,
                49.5776632
              ],
              [
                6.0805572,
                49.5775245
              ],
              [
                6.08047,
                49.5775053
              ],
              [
                6.0802446,
                49.5774557
              ],
              [
                6.079757,
                49.5774105
              ],
              [
                6.0794113,
                49.5773784
              ],
              [
                6.0793959,
                49.577377
              ],
              [
                6.0793044,
                49.5776257
              ],
              [
                6.0791947,
                49.5778813
              ],
              [
                6.0790299,
                49.5782346
              ],
              [
                6.0791186,
                49.5786969
              ],
              [
                6.0792288,
                49.5791108
              ],
              [
                6.0792227,
                49.579123
              ],
              [
                6.0790762,
                49.5793992
              ],
              [
                6.078811,
                49.5798972
              ],
              [
                6.0786104,
                49.5801058
              ],
              [
                6.0785296,
                49.5801771
              ],
              [
                6.0783576,
                49.5803208
              ],
              [
                6.0783244,
                49.5803471
              ],
              [
                6.0782875,
                49.5803762
              ],
              [
                6.0782297,
                49.5804147
              ],
              [
                6.0785632,
                49.5808763
              ],
              [
                6.0781382,
                49.5813339
              ],
              [
                6.0782077,
                49.581575
              ],
              [
                6.0782629,
                49.5817461
              ],
              [
                6.0783391,
                49.5819465
              ],
              [
                6.0783861,
                49.5820972
              ],
              [
                6.0784824,
                49.5822545
              ],
              [
                6.0785326,
                49.5823974
              ],
              [
                6.0785942,
                49.5825551
              ],
              [
                6.0786025,
                49.5825866
              ],
              [
                6.0786416,
                49.5826954
              ],
              [
                6.0787467,
                49.5829628
              ],
              [
                6.0787902,
                49.5830512
              ],
              [
                6.078831,
                49.5831535
              ],
              [
                6.0788414,
                49.58319
              ],
              [
                6.0788414,
                49.5832228
              ],
              [
                6.0788294,
                49.5832751
              ],
              [
                6.0788174,
                49.5833337
              ],
              [
                6.0788133,
                49.5833915
              ],
              [
                6.0788172,
                49.5834501
              ],
              [
                6.0788774,
                49.5836302
              ],
              [
                6.0790104,
                49.5840371
              ],
              [
                6.0790236,
                49.5840777
              ],
              [
                6.0790625,
                49.5841968
              ],
              [
                6.0791233,
                49.5842187
              ],
              [
                6.0791919,
                49.5842461
              ],
              [
                6.0792712,
                49.5842891
              ],
              [
                6.079349,
                49.5843376
              ],
              [
                6.0794058,
                49.5843814
              ],
              [
                6.0794528,
                49.5844219
              ],
              [
                6.0794898,
                49.5844462
              ],
              [
                6.0795347,
                49.5844587
              ],
              [
                6.0795835,
                49.5844642
              ],
              [
                6.07961,
                49.5844619
              ],
              [
                6.0796497,
                49.5844424
              ],
              [
                6.0797224,
                49.5843924
              ],
              [
                6.0797568,
                49.5843675
              ],
              [
                6.0796455,
                49.5845525
              ],
              [
                6.079427,
                49.5848875
              ],
              [
                6.0792975,
                49.585098
              ],
              [
                6.0792738,
                49.5851366
              ],
              [
                6.0792863,
                49.5852397
              ],
              [
                6.0789972,
                49.5854338
              ],
              [
                6.078755,
                49.5855965
              ],
              [
                6.0784978,
                49.5857483
              ],
              [
                6.0783424,
                49.5858394
              ],
              [
                6.0778504,
                49.5861277
              ],
              [
                6.0775888,
                49.5862952
              ],
              [
                6.076945,
                49.5867075
              ],
              [
                6.0768144,
                49.5867981
              ],
              [
                6.0763655,
                49.5871097
              ],
              [
                6.0762252,
                49.5872752
              ],
              [
                6.0767548,
                49.5875002
              ],
              [
                6.076684,
                49.5876668
              ],
              [
                6.0766675,
                49.5877057
              ],
              [
                6.0766184,
                49.5878104
              ],
              [
                6.0765521,
                49.5879564
              ],
              [
                6.0765242,
                49.5880291
              ],
              [
                6.0765042,
                49.5880955
              ],
              [
                6.0764682,
                49.5883017
              ],
              [
                6.0764041,
                49.5886806
              ],
              [
                6.076384,
                49.5887678
              ],
              [
                6.0763761,
                49.5888017
              ],
              [
                6.0763408,
                49.5889335
              ],
              [
                6.076307,
                49.5890598
              ],
              [
                6.0762757,
                49.5891618
              ],
              [
                6.076271,
                49.589177
              ],
              [
                6.0762442,
                49.5892282
              ],
              [
                6.0762214,
                49.5892715
              ],
              [
                6.0762053,
                49.5893172
              ],
              [
                6.0761929,
                49.5893524
              ],
              [
                6.0761153,
                49.5893446
              ],
              [
                6.0759213,
                49.5893188
              ],
              [
                6.0757057,
                49.5892902
              ],
              [
                6.0756689,
                49.5894027
              ],
              [
                6.0751402,
                49.5893779
              ],
              [
                6.0749948,
                49.5893772
              ],
              [
                6.0746859,
                49.5893881
              ],
              [
                6.074363,
                49.5893943
              ],
              [
                6.0743038,
                49.5895882
              ],
              [
                6.0742321,
                49.589774
              ],
              [
                6.0738073,
                49.5893783
              ],
              [
                6.0737636,
                49.5893376
              ],
              [
                6.0735742,
                49.5893545
              ],
              [
                6.0734878,
                49.5893623
              ],
              [
                6.0730521,
                49.5893264
              ],
              [
                6.0729421,
                49.5893132
              ],
              [
                6.0726643,
                49.5890547
              ],
              [
                6.0726239,
                49.5890171
              ],
              [
                6.0725607,
                49.5889725
              ],
              [
                6.0723544,
                49.5888269
              ],
              [
                6.0722318,
                49.5887404
              ],
              [
                6.0720931,
                49.5886671
              ],
              [
                6.0717893,
                49.5884588
              ],
              [
                6.0716511,
                49.5883397
              ],
              [
                6.0712919,
                49.5880314
              ],
              [
                6.0709792,
                49.5876887
              ],
              [
                6.0709381,
                49.5877728
              ],
              [
                6.0707102,
                49.5885727
              ],
              [
                6.0706997,
                49.588608
              ],
              [
                6.0706462,
                49.5887068
              ],
              [
                6.0706241,
                49.5887477
              ],
              [
                6.0705868,
                49.5888106
              ],
              [
                6.0702456,
                49.5886948
              ],
              [
                6.0698785,
                49.5886615
              ],
              [
                6.0695962,
                49.5892131
              ],
              [
                6.0692872,
                49.5898225
              ],
              [
                6.0682246,
                49.5895423
              ],
              [
                6.068114,
                49.5895125
              ],
              [
                6.0678928,
                49.5894527
              ],
              [
                6.0675324,
                49.5893576
              ],
              [
                6.0672023,
                49.5892712
              ],
              [
                6.0663015,
                49.5890295
              ],
              [
                6.0653347,
                49.5887746
              ],
              [
                6.0651965,
                49.5887381
              ],
              [
                6.065052,
                49.5886999
              ],
              [
                6.0645434,
                49.5885754
              ],
              [
                6.064478,
                49.5885599
              ],
              [
                6.064431,
                49.5885488
              ],
              [
                6.064401,
                49.5885418
              ],
              [
                6.0642221,
                49.5884998
              ],
              [
                6.0641113,
                49.5884803
              ],
              [
                6.062713,
                49.5882345
              ],
              [
                6.0622744,
                49.5881623
              ],
              [
                6.0618982,
                49.588074
              ],
              [
                6.0610277,
                49.5879031
              ],
              [
                6.0606215,
                49.5878163
              ],
              [
                6.0602932,
                49.5877505
              ],
              [
                6.0598998,
                49.5876717
              ],
              [
                6.0598645,
                49.5876646
              ],
              [
                6.0597887,
                49.5876582
              ],
              [
                6.0597431,
                49.5876558
              ],
              [
                6.0593096,
                49.5876331
              ],
              [
                6.0588652,
                49.5876274
              ],
              [
                6.0585886,
                49.5876187
              ],
              [
                6.0582941,
                49.5876026
              ],
              [
                6.0582654,
                49.5876012
              ],
              [
                6.0579004,
                49.587583
              ],
              [
                6.0574237,
                49.5875509
              ],
              [
                6.0572239,
                49.5875233
              ],
              [
                6.0567843,
                49.5874585
              ],
              [
                6.0567626,
                49.5874554
              ],
              [
                6.0565739,
                49.5874291
              ],
              [
                6.056368,
                49.5874005
              ],
              [
                6.0562022,
                49.5873775
              ],
              [
                6.0561482,
                49.58737
              ],
              [
                6.0561003,
                49.5873633
              ],
              [
                6.0560346,
                49.5873542
              ],
              [
                6.0559291,
                49.5873395
              ],
              [
                6.0556797,
                49.5872849
              ],
              [
                6.0554793,
                49.587244
              ],
              [
                6.0554363,
                49.5872352
              ],
              [
                6.055265,
                49.5871965
              ],
              [
                6.0551807,
                49.5871734
              ],
              [
                6.0549225,
                49.5870998
              ],
              [
                6.0547672,
                49.5870659
              ],
              [
                6.0546503,
                49.5870431
              ],
              [
                6.0545508,
                49.5870335
              ],
              [
                6.0544879,
                49.5870298
              ],
              [
                6.0544052,
                49.5870291
              ],
              [
                6.0542745,
                49.587028
              ],
              [
                6.0541672,
                49.5870201
              ],
              [
                6.0541063,
                49.5870089
              ],
              [
                6.0540365,
                49.5869961
              ],
              [
                6.0538579,
                49.5869557
              ],
              [
                6.0536993,
                49.5869166
              ],
              [
                6.0535618,
                49.5868785
              ],
              [
                6.0532335,
                49.5867698
              ],
              [
                6.0531362,
                49.5867533
              ],
              [
                6.0528706,
                49.5867195
              ],
              [
                6.052753,
                49.5867029
              ],
              [
                6.0526103,
                49.5866716
              ],
              [
                6.0523681,
                49.5866345
              ],
              [
                6.0521752,
                49.5866094
              ],
              [
                6.0519942,
                49.5865819
              ],
              [
                6.0518532,
                49.5865548
              ],
              [
                6.0516962,
                49.5865141
              ],
              [
                6.0514669,
                49.5864412
              ],
              [
                6.051425,
                49.5864306
              ],
              [
                6.0513108,
                49.5864163
              ],
              [
                6.0511876,
                49.5863982
              ],
              [
                6.0510574,
                49.5863722
              ],
              [
                6.0509794,
                49.5863561
              ],
              [
                6.0509382,
                49.5863422
              ],
              [
                6.0508036,
                49.5862956
              ],
              [
                6.0505539,
                49.5861935
              ],
              [
                6.0503644,
                49.5861155
              ],
              [
                6.0502618,
                49.5860795
              ],
              [
                6.0501726,
                49.5860541
              ],
              [
                6.0500272,
                49.5860191
              ],
              [
                6.0497822,
                49.5859699
              ],
              [
                6.0496824,
                49.5859486
              ],
              [
                6.0494858,
                49.5858999
              ],
              [
                6.0493119,
                49.5858568
              ],
              [
                6.0492678,
                49.585841
              ],
              [
                6.0488172,
                49.5856813
              ],
              [
                6.048678,
                49.5856277
              ],
              [
                6.0483054,
                49.5854778
              ],
              [
                6.0481474,
                49.5854153
              ],
              [
                6.0474213,
                49.5851597
              ],
              [
                6.0470681,
                49.585022
              ],
              [
                6.0466085,
                49.584843
              ],
              [
                6.046338,
                49.5848161
              ],
              [
                6.0458064,
                49.5848441
              ],
              [
                6.0456474,
                49.5848725
              ],
              [
                6.0454075,
                49.5849222
              ],
              [
                6.0451548,
                49.5849091
              ],
              [
                6.0450234,
                49.5849023
              ],
              [
                6.0447372,
                49.5848876
              ],
              [
                6.0443945,
                49.5848606
              ],
              [
                6.0441484,
                49.5848287
              ],
              [
                6.0440509,
                49.584816
              ],
              [
                6.0438386,
                49.5847675
              ],
              [
                6.0437765,
                49.5847533
              ],
              [
                6.0435834,
                49.5847092
              ],
              [
                6.0434661,
                49.5846824
              ],
              [
                6.04339,
                49.5846635
              ],
              [
                6.0430242,
                49.5845722
              ],
              [
                6.0428255,
                49.5845234
              ],
              [
                6.0425733,
                49.5844615
              ],
              [
                6.04253,
                49.5844508
              ],
              [
                6.0422424,
                49.5843802
              ],
              [
                6.0422157,
                49.5843736
              ],
              [
                6.041983,
                49.5843164
              ],
              [
                6.0418834,
                49.5842913
              ],
              [
                6.0418401,
                49.5842815
              ],
              [
                6.0418039,
                49.5842761
              ],
              [
                6.0416812,
                49.5842679
              ],
              [
                6.0415753,
                49.5842625
              ],
              [
                6.0413047,
                49.5842489
              ],
              [
                6.0409786,
                49.584229
              ],
              [
                6.0408696,
                49.5842223
              ],
              [
                6.0407034,
                49.5842122
              ],
              [
                6.0404864,
                49.5841989
              ],
              [
                6.0402514,
                49.5842146
              ],
              [
                6.0400904,
                49.5842253
              ],
              [
                6.039893,
                49.5842384
              ],
              [
                6.0399951,
                49.5844386
              ],
              [
                6.0402383,
                49.5846194
              ],
              [
                6.040706,
                49.5848645
              ],
              [
                6.0407333,
                49.5849038
              ],
              [
                6.0409046,
                49.5851502
              ],
              [
                6.0410128,
                49.5853439
              ],
              [
                6.0410302,
                49.585375
              ],
              [
                6.0410642,
                49.5854358
              ],
              [
                6.040977,
                49.5856492
              ],
              [
                6.0409484,
                49.5857247
              ],
              [
                6.0408889,
                49.5858818
              ],
              [
                6.040766,
                49.5862715
              ],
              [
                6.0404182,
                49.5864521
              ],
              [
                6.0400709,
                49.5866451
              ],
              [
                6.0399582,
                49.5866624
              ],
              [
                6.0397314,
                49.5866972
              ],
              [
                6.0393909,
                49.5866443
              ],
              [
                6.0391005,
                49.5865938
              ],
              [
                6.0389813,
                49.5865731
              ],
              [
                6.0387569,
                49.5865341
              ],
              [
                6.0387204,
                49.5865278
              ],
              [
                6.038624,
                49.586511
              ],
              [
                6.0385453,
                49.5864816
              ],
              [
                6.0382938,
                49.5863879
              ],
              [
                6.0381666,
                49.5863404
              ],
              [
                6.0377771,
                49.5862211
              ],
              [
                6.0372653,
                49.5860748
              ],
              [
                6.0374385,
                49.5858756
              ],
              [
                6.036998,
                49.585864
              ],
              [
                6.036626,
                49.5858541
              ],
              [
                6.036436,
                49.5858485
              ],
              [
                6.0360847,
                49.5858347
              ],
              [
                6.0359584,
                49.5858297
              ],
              [
                6.035896,
                49.5858273
              ],
              [
                6.0357316,
                49.585826
              ],
              [
                6.0354415,
                49.5858214
              ],
              [
                6.0353359,
                49.5858213
              ],
              [
                6.0352219,
                49.5858161
              ],
              [
                6.0350037,
                49.5858051
              ],
              [
                6.0349539,
                49.5858052
              ],
              [
                6.0348617,
                49.5858054
              ],
              [
                6.0346662,
                49.5858058
              ],
              [
                6.0346406,
                49.585806
              ],
              [
                6.0345961,
                49.5858061
              ],
              [
                6.0344943,
                49.5858066
              ],
              [
                6.0344508,
                49.5858068
              ],
              [
                6.0343362,
                49.5858073
              ],
              [
                6.0342258,
                49.5858078
              ],
              [
                6.0341676,
                49.585804
              ],
              [
                6.0338367,
                49.5857795
              ],
              [
                6.0337892,
                49.585774
              ],
              [
                6.0336931,
                49.585763
              ],
              [
                6.0335104,
                49.5857422
              ],
              [
                6.0332794,
                49.5857158
              ],
              [
                6.0330108,
                49.5856851
              ],
              [
                6.0329567,
                49.5856774
              ],
              [
                6.0325694,
                49.585618
              ],
              [
                6.0323636,
                49.5855948
              ],
              [
                6.0323754,
                49.5855431
              ],
              [
                6.0323828,
                49.5855104
              ],
              [
                6.0324533,
                49.5852021
              ],
              [
                6.0324833,
                49.5850704
              ],
              [
                6.0324917,
                49.5850339
              ],
              [
                6.0324982,
                49.585005
              ],
              [
                6.0325067,
                49.5849681
              ],
              [
                6.0325587,
                49.5847762
              ],
              [
                6.0325886,
                49.5846381
              ],
              [
                6.0326116,
                49.5845324
              ],
              [
                6.0326138,
                49.5845223
              ],
              [
                6.0326634,
                49.5842954
              ],
              [
                6.0327055,
                49.5841099
              ],
              [
                6.0327119,
                49.5840985
              ],
              [
                6.0327312,
                49.5840641
              ],
              [
                6.0327992,
                49.5839429
              ],
              [
                6.0328169,
                49.5839114
              ],
              [
                6.0328294,
                49.5838891
              ],
              [
                6.0328358,
                49.5838777
              ],
              [
                6.0328383,
                49.5838733
              ],
              [
                6.0328577,
                49.5838367
              ],
              [
                6.0329653,
                49.5836471
              ],
              [
                6.0332268,
                49.58325
              ],
              [
                6.0335912,
                49.5826965
              ],
              [
                6.0337165,
                49.5825063
              ],
              [
                6.033217,
                49.5824331
              ],
              [
                6.0327086,
                49.5823626
              ],
              [
                6.0324816,
                49.5823587
              ],
              [
                6.0323084,
                49.5823486
              ],
              [
                6.0321969,
                49.5823423
              ],
              [
                6.0319581,
                49.5823027
              ],
              [
                6.0317102,
                49.5822584
              ],
              [
                6.0315629,
                49.5822263
              ],
              [
                6.0313977,
                49.5822002
              ],
              [
                6.0311111,
                49.5821531
              ],
              [
                6.0306636,
                49.5820745
              ],
              [
                6.0302204,
                49.5819961
              ],
              [
                6.0297129,
                49.5819069
              ],
              [
                6.029515,
                49.5818711
              ],
              [
                6.0294326,
                49.5821405
              ],
              [
                6.0283481,
                49.5818263
              ],
              [
                6.0282855,
                49.5818078
              ],
              [
                6.0282194,
                49.5817909
              ],
              [
                6.0278388,
                49.5826308
              ],
              [
                6.0278215,
                49.582767
              ],
              [
                6.0278306,
                49.5828544
              ],
              [
                6.0278021,
                49.5829268
              ],
              [
                6.027719,
                49.5831403
              ],
              [
                6.0276552,
                49.583304
              ],
              [
                6.027573,
                49.583511
              ],
              [
                6.0275279,
                49.5836244
              ],
              [
                6.0275082,
                49.583661
              ],
              [
                6.027404,
                49.5838541
              ],
              [
                6.0269029,
                49.5846722
              ],
              [
                6.026731,
                49.5846512
              ],
              [
                6.02661,
                49.5846252
              ],
              [
                6.0263774,
                49.5845611
              ],
              [
                6.0262969,
                49.5845341
              ],
              [
                6.0259732,
                49.5844231
              ],
              [
                6.0255357,
                49.5842623
              ],
              [
                6.0250011,
                49.5846855
              ],
              [
                6.024964,
                49.5847148
              ],
              [
                6.0248414,
                49.5848119
              ],
              [
                6.0245515,
                49.5845527
              ],
              [
                6.0243098,
                49.5843052
              ],
              [
                6.0241867,
                49.5841906
              ],
              [
                6.0241288,
                49.5841457
              ],
              [
                6.0239084,
                49.5840279
              ],
              [
                6.023514,
                49.5838352
              ],
              [
                6.0232539,
                49.5836935
              ],
              [
                6.0230563,
                49.5835901
              ],
              [
                6.0230128,
                49.5835721
              ],
              [
                6.022884,
                49.5835201
              ],
              [
                6.0228228,
                49.5834962
              ],
              [
                6.0227749,
                49.5834735
              ],
              [
                6.0227443,
                49.5834485
              ],
              [
                6.0227058,
                49.5833996
              ],
              [
                6.0226705,
                49.5833398
              ],
              [
                6.0226303,
                49.5833019
              ],
              [
                6.0225804,
                49.58326
              ],
              [
                6.0225515,
                49.5832301
              ],
              [
                6.0224664,
                49.5831244
              ],
              [
                6.0221427,
                49.5833163
              ],
              [
                6.0216706,
                49.5835961
              ],
              [
                6.0215353,
                49.583587
              ],
              [
                6.0214297,
                49.5835792
              ],
              [
                6.0213313,
                49.5835702
              ],
              [
                6.0211992,
                49.583558
              ],
              [
                6.021059,
                49.5835499
              ],
              [
                6.0209978,
                49.5835488
              ],
              [
                6.0209301,
                49.5835457
              ],
              [
                6.020873,
                49.5835397
              ],
              [
                6.0208134,
                49.5835187
              ],
              [
                6.0207425,
                49.5834987
              ],
              [
                6.0206555,
                49.5834887
              ],
              [
                6.0205782,
                49.5834856
              ],
              [
                6.0205185,
                49.5834785
              ],
              [
                6.0204348,
                49.5834525
              ],
              [
                6.0203849,
                49.5834365
              ],
              [
                6.0203519,
                49.5834318
              ],
              [
                6.020322,
                49.5834275
              ],
              [
                6.0202689,
                49.5834184
              ],
              [
                6.0202345,
                49.583405
              ],
              [
                6.0201948,
                49.5833894
              ],
              [
                6.0201304,
                49.5833665
              ],
              [
                6.020066,
                49.5833564
              ],
              [
                6.0199645,
                49.5833403
              ],
              [
                6.0199097,
                49.5833303
              ],
              [
                6.0198743,
                49.5833153
              ],
              [
                6.0198131,
                49.5832913
              ],
              [
                6.0197551,
                49.5832713
              ],
              [
                6.0196574,
                49.5832517
              ],
              [
                6.0195382,
                49.5832162
              ],
              [
                6.0194465,
                49.5831827
              ],
              [
                6.0192062,
                49.5830971
              ],
              [
                6.019118,
                49.5830657
              ],
              [
                6.0189174,
                49.5829992
              ],
              [
                6.018539,
                49.5828612
              ],
              [
                6.0183032,
                49.5827814
              ],
              [
                6.0181599,
                49.5827154
              ],
              [
                6.0180859,
                49.5826825
              ],
              [
                6.0180279,
                49.5826635
              ],
              [
                6.0178926,
                49.5826234
              ],
              [
                6.0177561,
                49.5825799
              ],
              [
                6.0174879,
                49.5825008
              ],
              [
                6.017095,
                49.5823861
              ],
              [
                6.0167247,
                49.5822731
              ],
              [
                6.0162657,
                49.582132
              ],
              [
                6.015972,
                49.5820454
              ],
              [
                6.0157432,
                49.5819971
              ],
              [
                6.0155456,
                49.5819608
              ],
              [
                6.0152573,
                49.5819046
              ],
              [
                6.0149881,
                49.5818459
              ],
              [
                6.014953,
                49.5818376
              ],
              [
                6.0147725,
                49.5817902
              ],
              [
                6.0144376,
                49.581654
              ],
              [
                6.014556,
                49.5815367
              ],
              [
                6.0146031,
                49.58149
              ],
              [
                6.0144125,
                49.5813647
              ],
              [
                6.014386,
                49.5813473
              ],
              [
                6.014326,
                49.5813078
              ],
              [
                6.0138728,
                49.5810098
              ],
              [
                6.0134031,
                49.5808293
              ],
              [
                6.0125264,
                49.5806008
              ],
              [
                6.0124564,
                49.5805826
              ],
              [
                6.0124369,
                49.5805775
              ],
              [
                6.0116533,
                49.5803552
              ],
              [
                6.0114283,
                49.5802914
              ],
              [
                6.011156,
                49.5802177
              ],
              [
                6.0108756,
                49.5801315
              ],
              [
                6.0105158,
                49.5800287
              ],
              [
                6.0102349,
                49.5799485
              ],
              [
                6.0097583,
                49.5797919
              ],
              [
                6.0095325,
                49.5797191
              ],
              [
                6.0095847,
                49.5796811
              ],
              [
                6.0097681,
                49.5795496
              ],
              [
                6.00973,
                49.5795325
              ],
              [
                6.0097519,
                49.5795145
              ],
              [
                6.0097832,
                49.5794888
              ],
              [
                6.0098062,
                49.57947
              ],
              [
                6.009877,
                49.5794118
              ],
              [
                6.0092965,
                49.5792453
              ],
              [
                6.0091052,
                49.5791882
              ],
              [
                6.0081688,
                49.5789089
              ],
              [
                6.0080128,
                49.578859
              ],
              [
                6.0078112,
                49.5788461
              ],
              [
                6.0077546,
                49.5788425
              ],
              [
                6.0076845,
                49.578838
              ],
              [
                6.0076224,
                49.5788241
              ],
              [
                6.0075879,
                49.5788047
              ],
              [
                6.0075645,
                49.5787839
              ],
              [
                6.0075548,
                49.5787635
              ],
              [
                6.0075393,
                49.5786808
              ],
              [
                6.0075274,
                49.5786176
              ],
              [
                6.0075004,
                49.5785826
              ],
              [
                6.0072257,
                49.5784826
              ],
              [
                6.0071523,
                49.5784559
              ],
              [
                6.0069938,
                49.5783982
              ],
              [
                6.0071306,
                49.5780866
              ],
              [
                6.0070816,
                49.5780799
              ],
              [
                6.0069647,
                49.5780557
              ],
              [
                6.0068333,
                49.5780231
              ],
              [
                6.0067422,
                49.5779968
              ],
              [
                6.0066287,
                49.5779585
              ],
              [
                6.0063492,
                49.5778493
              ],
              [
                6.0058737,
                49.5776645
              ],
              [
                6.0057501,
                49.5776088
              ],
              [
                6.0056426,
                49.5775501
              ],
              [
                6.0055782,
                49.5775014
              ],
              [
                6.0055328,
                49.5774539
              ],
              [
                6.0054957,
                49.5774315
              ],
              [
                6.005517,
                49.5774238
              ],
              [
                6.0054297,
                49.5773236
              ],
              [
                6.0053841,
                49.5772714
              ],
              [
                6.0052283,
                49.5770927
              ],
              [
                6.0052772,
                49.5770667
              ],
              [
                6.0054673,
                49.5769657
              ],
              [
                6.0056288,
                49.5768799
              ],
              [
                6.0055776,
                49.5768753
              ],
              [
                6.0054628,
                49.576819
              ],
              [
                6.0050922,
                49.5766287
              ],
              [
                6.0050057,
                49.5765805
              ],
              [
                6.0047828,
                49.576463
              ],
              [
                6.0043495,
                49.5762341
              ],
              [
                6.0041674,
                49.5761408
              ],
              [
                6.0037704,
                49.5759481
              ],
              [
                6.0036735,
                49.5759894
              ],
              [
                6.0036206,
                49.5759503
              ],
              [
                6.0035436,
                49.5758893
              ],
              [
                6.0034872,
                49.5758432
              ],
              [
                6.0033685,
                49.5757462
              ],
              [
                6.0030488,
                49.5754809
              ],
              [
                6.002713,
                49.5752155
              ],
              [
                6.0025328,
                49.5750735
              ],
              [
                6.0022558,
                49.5748469
              ],
              [
                6.0019824,
                49.5745957
              ],
              [
                6.0017802,
                49.5744248
              ],
              [
                6.0015741,
                49.5742546
              ],
              [
                6.0015351,
                49.5742243
              ],
              [
                6.0014367,
                49.5741363
              ],
              [
                6.0013544,
                49.5740457
              ],
              [
                6.0013455,
                49.5740332
              ],
              [
                6.0012804,
                49.573941
              ],
              [
                6.001226,
                49.5738233
              ],
              [
                6.0010627,
                49.5736177
              ],
              [
                6.0010488,
                49.5736305
              ],
              [
                6.0010062,
                49.5735989
              ],
              [
                6.00102,
                49.5735568
              ],
              [
                6.0009841,
                49.5735061
              ],
              [
                6.000942,
                49.5734466
              ],
              [
                6.0007868,
                49.5734356
              ],
              [
                6.0007772,
                49.5733912
              ],
              [
                6.0007611,
                49.5733175
              ],
              [
                6.0007611,
                49.5733174
              ],
              [
                6.0007317,
                49.573227
              ],
              [
                6.0007082,
                49.5731121
              ],
              [
                6.0006942,
                49.5730203
              ],
              [
                6.0007408,
                49.5728221
              ],
              [
                6.000757,
                49.5727629
              ],
              [
                6.000767,
                49.5727227
              ],
              [
                6.0007743,
                49.5726934
              ],
              [
                6.0007868,
                49.5726556
              ],
              [
                6.0008011,
                49.5726241
              ],
              [
                6.0008212,
                49.5725869
              ],
              [
                6.0008342,
                49.5725627
              ],
              [
                6.0008773,
                49.5725017
              ],
              [
                6.0006604,
                49.5724216
              ],
              [
                6.0004841,
                49.5723565
              ],
              [
                6.000681,
                49.5719856
              ],
              [
                6.0007176,
                49.5719166
              ],
              [
                6.0001786,
                49.5718103
              ],
              [
                6.0001021,
                49.5717937
              ],
              [
                5.9999953,
                49.5717707
              ],
              [
                5.9999671,
                49.5720385
              ],
              [
                5.9999662,
                49.5720466
              ],
              [
                5.9999538,
                49.5720452
              ],
              [
                5.9997057,
                49.5720169
              ],
              [
                5.9996863,
                49.5720124
              ],
              [
                5.99957,
                49.5719857
              ],
              [
                5.9980145,
                49.5716389
              ],
              [
                5.9979308,
                49.5716288
              ],
              [
                5.9984004,
                49.5711768
              ],
              [
                5.9987783,
                49.5707998
              ],
              [
                5.9992396,
                49.5704483
              ],
              [
                5.9994665,
                49.5703059
              ],
              [
                5.999478,
                49.570268
              ],
              [
                5.9994563,
                49.5702552
              ],
              [
                5.9994263,
                49.5702376
              ],
              [
                5.9991587,
                49.57008
              ],
              [
                5.9989017,
                49.5699286
              ],
              [
                5.9986076,
                49.5697498
              ],
              [
                5.9983809,
                49.5696112
              ],
              [
                5.9982404,
                49.5695252
              ],
              [
                5.9981373,
                49.5694649
              ],
              [
                5.9978313,
                49.5692859
              ],
              [
                5.9978172,
                49.5692776
              ],
              [
                5.9975947,
                49.5691475
              ],
              [
                5.9973996,
                49.5691867
              ],
              [
                5.9970457,
                49.5692579
              ],
              [
                5.9968123,
                49.5690538
              ],
              [
                5.9964438,
                49.5687245
              ],
              [
                5.9964342,
                49.56871
              ],
              [
                5.9962537,
                49.5687421
              ],
              [
                5.9960732,
                49.5687967
              ],
              [
                5.9958898,
                49.5688342
              ],
              [
                5.9955255,
                49.568899
              ],
              [
                5.9951777,
                49.5689524
              ],
              [
                5.9948314,
                49.5689933
              ],
              [
                5.9943978,
                49.5690457
              ],
              [
                5.9942479,
                49.5690814
              ],
              [
                5.9942442,
                49.5690641
              ],
              [
                5.9942399,
                49.5690211
              ],
              [
                5.9942334,
                49.5689567
              ],
              [
                5.9942249,
                49.5688715
              ],
              [
                5.9942104,
                49.5687265
              ],
              [
                5.9939691,
                49.5687121
              ],
              [
                5.9937463,
                49.56869
              ],
              [
                5.9935514,
                49.5686521
              ],
              [
                5.9934177,
                49.5686139
              ],
              [
                5.9930086,
                49.5684692
              ],
              [
                5.9930472,
                49.5683608
              ],
              [
                5.99345,
                49.5684513
              ],
              [
                5.9936562,
                49.5684854
              ],
              [
                5.9938277,
                49.5685095
              ],
              [
                5.9942129,
                49.5685562
              ],
              [
                5.9942261,
                49.5684405
              ],
              [
                5.9942373,
                49.568343
              ],
              [
                5.9942418,
                49.5683033
              ],
              [
                5.994244,
                49.5682839
              ],
              [
                5.99425,
                49.5682314
              ],
              [
                5.9942686,
                49.5680692
              ],
              [
                5.994285,
                49.5679258
              ],
              [
                5.9942985,
                49.5678075
              ],
              [
                5.9943019,
                49.5677892
              ],
              [
                5.9943103,
                49.5677429
              ],
              [
                5.9944069,
                49.5672136
              ],
              [
                5.9944944,
                49.5668161
              ],
              [
                5.9935756,
                49.5667133
              ],
              [
                5.9935426,
                49.5667096
              ],
              [
                5.9936508,
                49.5663798
              ],
              [
                5.9936467,
                49.5660878
              ],
              [
                5.9936454,
                49.565996
              ],
              [
                5.9935085,
                49.5657973
              ],
              [
                5.9933089,
                49.5655076
              ],
              [
                5.9931829,
                49.5653106
              ],
              [
                5.9931122,
                49.5651927
              ],
              [
                5.9929009,
                49.5650597
              ],
              [
                5.9927901,
                49.5649783
              ],
              [
                5.9927748,
                49.5649671
              ],
              [
                5.9926501,
                49.5648756
              ],
              [
                5.9924676,
                49.5649405
              ],
              [
                5.9920074,
                49.5651004
              ],
              [
                5.9916363,
                49.5651974
              ],
              [
                5.9912749,
                49.5652652
              ],
              [
                5.9908781,
                49.5653236
              ],
              [
                5.9904836,
                49.5653696
              ],
              [
                5.9900823,
                49.5654003
              ],
              [
                5.9900251,
                49.5651276
              ],
              [
                5.9900178,
                49.5650928
              ],
              [
                5.9897933,
                49.5650442
              ],
              [
                5.9891859,
                49.5649036
              ],
              [
                5.9891024,
                49.564876
              ],
              [
                5.9887931,
                49.5647327
              ],
              [
                5.9886116,
                49.5646459
              ],
              [
                5.9883231,
                49.5645149
              ],
              [
                5.9881398,
                49.5646714
              ],
              [
                5.9880941,
                49.5647104
              ],
              [
                5.9880168,
                49.5647764
              ],
              [
                5.9873024,
                49.5644468
              ],
              [
                5.9869007,
                49.5642726
              ],
              [
                5.9862742,
                49.5640058
              ],
              [
                5.9862054,
                49.5640719
              ],
              [
                5.9860935,
                49.5641794
              ],
              [
                5.9859889,
                49.56428
              ],
              [
                5.9859371,
                49.5642553
              ],
              [
                5.9852322,
                49.5639195
              ],
              [
                5.9848898,
                49.5637618
              ],
              [
                5.9847203,
                49.5636844
              ],
              [
                5.9841167,
                49.5634093
              ],
              [
                5.9836247,
                49.5631789
              ],
              [
                5.9832888,
                49.5630221
              ],
              [
                5.9831495,
                49.5629393
              ],
              [
                5.9829015,
                49.5631302
              ],
              [
                5.9828783,
                49.563148
              ],
              [
                5.9826599,
                49.5633161
              ],
              [
                5.9824394,
                49.5632371
              ],
              [
                5.9820758,
                49.5630994
              ],
              [
                5.9817149,
                49.5629552
              ],
              [
                5.9813073,
                49.5627821
              ],
              [
                5.980833,
                49.5625767
              ],
              [
                5.9806874,
                49.5627678
              ],
              [
                5.9805906,
                49.5628946
              ],
              [
                5.9806354,
                49.5629106
              ],
              [
                5.9805828,
                49.5629857
              ],
              [
                5.9804397,
                49.5631898
              ],
              [
                5.9802666,
                49.5634376
              ],
              [
                5.9800281,
                49.5637938
              ],
              [
                5.9798576,
                49.5640459
              ],
              [
                5.9798497,
                49.5640575
              ],
              [
                5.9800831,
                49.5641394
              ],
              [
                5.9800017,
                49.5642166
              ],
              [
                5.9799355,
                49.5642794
              ],
              [
                5.9798026,
                49.5644033
              ],
              [
                5.9796464,
                49.5645437
              ],
              [
                5.9796233,
                49.5645594
              ],
              [
                5.9798966,
                49.5646658
              ],
              [
                5.9799796,
                49.5646981
              ],
              [
                5.9797736,
                49.5648419
              ],
              [
                5.9795698,
                49.5649894
              ],
              [
                5.9793672,
                49.5651382
              ],
              [
                5.9792588,
                49.5652245
              ],
              [
                5.9791398,
                49.5653194
              ],
              [
                5.9790878,
                49.565373
              ],
              [
                5.9790147,
                49.5654484
              ],
              [
                5.9789345,
                49.5655509
              ],
              [
                5.9787115,
                49.5658386
              ],
              [
                5.9785867,
                49.5659886
              ],
              [
                5.9788767,
                49.5661353
              ],
              [
                5.9791634,
                49.5662805
              ],
              [
                5.9792008,
                49.5662994
              ],
              [
                5.9793695,
                49.5663874
              ],
              [
                5.9796192,
                49.5665176
              ],
              [
                5.9791779,
                49.56681
              ],
              [
                5.9788821,
                49.5669912
              ],
              [
                5.9786251,
                49.5671324
              ],
              [
                5.9784617,
                49.5672209
              ],
              [
                5.9782633,
                49.5673264
              ],
              [
                5.9780976,
                49.567474
              ],
              [
                5.9779302,
                49.5676136
              ],
              [
                5.9778056,
                49.567705
              ],
              [
                5.977534,
                49.567841
              ],
              [
                5.9772209,
                49.5679642
              ],
              [
                5.9770684,
                49.5679631
              ],
              [
                5.9768495,
                49.5680333
              ],
              [
                5.9766455,
                49.5680859
              ],
              [
                5.976086,
                49.5681694
              ],
              [
                5.9752646,
                49.5682864
              ],
              [
                5.97494,
                49.5681353
              ],
              [
                5.9742904,
                49.5678495
              ],
              [
                5.9737621,
                49.5676263
              ],
              [
                5.9732664,
                49.5674185
              ],
              [
                5.9726938,
                49.5671839
              ],
              [
                5.9725432,
                49.5673458
              ],
              [
                5.9724796,
                49.5674141
              ],
              [
                5.972411,
                49.5674857
              ],
              [
                5.9723082,
                49.5675865
              ],
              [
                5.9721736,
                49.5677022
              ],
              [
                5.9719528,
                49.5678553
              ],
              [
                5.9718317,
                49.567929
              ],
              [
                5.9717317,
                49.5679878
              ],
              [
                5.9715336,
                49.5681026
              ],
              [
                5.9713848,
                49.5681788
              ],
              [
                5.9712581,
                49.5682436
              ],
              [
                5.9711425,
                49.5679976
              ],
              [
                5.9711253,
                49.5679564
              ],
              [
                5.9708622,
                49.5681253
              ],
              [
                5.9706661,
                49.5682644
              ],
              [
                5.9705321,
                49.5683958
              ],
              [
                5.9705424,
                49.5684424
              ],
              [
                5.9706507,
                49.5689488
              ],
              [
                5.9708206,
                49.5697206
              ],
              [
                5.9710566,
                49.570247
              ],
              [
                5.9710761,
                49.5702916
              ],
              [
                5.9709076,
                49.5703781
              ],
              [
                5.9707808,
                49.5704249
              ],
              [
                5.9707459,
                49.570436
              ],
              [
                5.9706606,
                49.5704617
              ],
              [
                5.9705861,
                49.5704737
              ],
              [
                5.9705259,
                49.5704841
              ],
              [
                5.9702762,
                49.5705236
              ],
              [
                5.9699878,
                49.5705691
              ],
              [
                5.9698024,
                49.5705923
              ],
              [
                5.9696567,
                49.5705989
              ],
              [
                5.9694825,
                49.5705946
              ],
              [
                5.9692603,
                49.5705737
              ],
              [
                5.9690213,
                49.5705537
              ],
              [
                5.9689357,
                49.5705555
              ],
              [
                5.9687631,
                49.5705699
              ],
              [
                5.9685904,
                49.5705853
              ],
              [
                5.9684249,
                49.5705781
              ],
              [
                5.9681623,
                49.570545
              ],
              [
                5.9679781,
                49.5705162
              ],
              [
                5.9677674,
                49.5704762
              ],
              [
                5.9676222,
                49.5704476
              ],
              [
                5.9672614,
                49.5703785
              ],
              [
                5.9669907,
                49.5703604
              ],
              [
                5.9669525,
                49.5703582
              ],
              [
                5.9669086,
                49.5704737
              ],
              [
                5.9666363,
                49.5704128
              ],
              [
                5.9666545,
                49.5703719
              ],
              [
                5.9663214,
                49.5702289
              ],
              [
                5.9659812,
                49.5700868
              ],
              [
                5.9655625,
                49.5699142
              ],
              [
                5.965204,
                49.5697699
              ],
              [
                5.9647332,
                49.569592
              ],
              [
                5.9642056,
                49.5693926
              ],
              [
                5.9637249,
                49.5692079
              ],
              [
                5.9632694,
                49.569034
              ],
              [
                5.9631403,
                49.5689818
              ],
              [
                5.9628842,
                49.5688781
              ],
              [
                5.9628171,
                49.5688472
              ],
              [
                5.9623958,
                49.568653
              ],
              [
                5.9620584,
                49.5684984
              ],
              [
                5.9618019,
                49.5683883
              ],
              [
                5.9617215,
                49.5683547
              ],
              [
                5.9615847,
                49.5683093
              ],
              [
                5.9611307,
                49.5681546
              ],
              [
                5.9610071,
                49.5683079
              ],
              [
                5.9609962,
                49.5683214
              ],
              [
                5.9609267,
                49.5684075
              ],
              [
                5.9610741,
                49.5683815
              ],
              [
                5.9611075,
                49.5684221
              ],
              [
                5.9614547,
                49.5687669
              ],
              [
                5.9615919,
                49.5689249
              ],
              [
                5.9613793,
                49.5689753
              ],
              [
                5.9608168,
                49.5691023
              ],
              [
                5.9602019,
                49.5692412
              ],
              [
                5.9593448,
                49.5694348
              ],
              [
                5.9592406,
                49.5694385
              ],
              [
                5.9590721,
                49.5694179
              ],
              [
                5.9588881,
                49.5693647
              ],
              [
                5.9585514,
                49.5692443
              ],
              [
                5.9583613,
                49.5691484
              ],
              [
                5.9582243,
                49.5690608
              ],
              [
                5.957916,
                49.5688734
              ],
              [
                5.9578881,
                49.5688231
              ],
              [
                5.9579636,
                49.5688234
              ],
              [
                5.957874,
                49.5687464
              ],
              [
                5.9577896,
                49.568671
              ],
              [
                5.9576847,
                49.5685723
              ],
              [
                5.9575875,
                49.5684701
              ],
              [
                5.9574852,
                49.5683797
              ],
              [
                5.9573471,
                49.5682424
              ],
              [
                5.9571936,
                49.5681001
              ],
              [
                5.9570737,
                49.5679936
              ],
              [
                5.956961,
                49.5679232
              ],
              [
                5.9567842,
                49.5678176
              ],
              [
                5.9566356,
                49.5677321
              ],
              [
                5.9565459,
                49.5676785
              ],
              [
                5.956446,
                49.5676181
              ],
              [
                5.9563615,
                49.5675695
              ],
              [
                5.9562637,
                49.5675024
              ],
              [
                5.956172,
                49.5674371
              ],
              [
                5.9560978,
                49.5673718
              ],
              [
                5.9560082,
                49.5672881
              ],
              [
                5.9558753,
                49.5671391
              ],
              [
                5.9557864,
                49.5670279
              ],
              [
                5.9556663,
                49.5668906
              ],
              [
                5.955559,
                49.5667601
              ],
              [
                5.9554773,
                49.566653
              ],
              [
                5.9554058,
                49.5665542
              ],
              [
                5.9553037,
                49.5664087
              ],
              [
                5.955217,
                49.5662664
              ],
              [
                5.9551877,
                49.5662165
              ],
              [
                5.9550095,
                49.5658869
              ],
              [
                5.9548365,
                49.5655089
              ],
              [
                5.9547984,
                49.5654119
              ],
              [
                5.9547909,
                49.5653684
              ],
              [
                5.9548092,
                49.5652933
              ],
              [
                5.9548795,
                49.5650694
              ],
              [
                5.9549446,
                49.5648807
              ],
              [
                5.9549706,
                49.5647905
              ],
              [
                5.9549633,
                49.5647348
              ],
              [
                5.954913,
                49.564484
              ],
              [
                5.9548751,
                49.5643335
              ],
              [
                5.9547811,
                49.5640894
              ],
              [
                5.9546769,
                49.5638435
              ],
              [
                5.9546366,
                49.5637691
              ],
              [
                5.9546009,
                49.5637206
              ],
              [
                5.9545037,
                49.5636235
              ],
              [
                5.9541687,
                49.5633037
              ],
              [
                5.9538976,
                49.5630475
              ],
              [
                5.9536214,
                49.5627779
              ],
              [
                5.953428,
                49.5625932
              ],
              [
                5.9533333,
                49.5625061
              ],
              [
                5.9532233,
                49.562419
              ],
              [
                5.9529416,
                49.5622246
              ],
              [
                5.9528203,
                49.5621346
              ],
              [
                5.9528643,
                49.5620335
              ],
              [
                5.9523008,
                49.5618739
              ],
              [
                5.951757,
                49.5617325
              ],
              [
                5.9513164,
                49.5616167
              ],
              [
                5.9512289,
                49.5615994
              ],
              [
                5.9512573,
                49.5613616
              ],
              [
                5.9512576,
                49.5612884
              ],
              [
                5.9512545,
                49.5612262
              ],
              [
                5.9512241,
                49.5611441
              ],
              [
                5.9511629,
                49.5610796
              ],
              [
                5.9510676,
                49.561004
              ],
              [
                5.9508098,
                49.5608214
              ],
              [
                5.9503911,
                49.5605231
              ],
              [
                5.9501401,
                49.5603484
              ],
              [
                5.9493854,
                49.5597749
              ],
              [
                5.9483366,
                49.5596814
              ],
              [
                5.9478066,
                49.5603794
              ],
              [
                5.9474305,
                49.560892
              ],
              [
                5.9471987,
                49.5609464
              ],
              [
                5.9464641,
                49.5611003
              ],
              [
                5.9459768,
                49.561204
              ],
              [
                5.945868,
                49.5612307
              ],
              [
                5.9456612,
                49.5612996
              ],
              [
                5.9450988,
                49.5614793
              ],
              [
                5.9451255,
                49.5615494
              ],
              [
                5.9446333,
                49.5616265
              ],
              [
                5.9441483,
                49.5618005
              ],
              [
                5.9436873,
                49.5619753
              ],
              [
                5.9430068,
                49.5622357
              ],
              [
                5.9426396,
                49.5622688
              ],
              [
                5.9425568,
                49.5620452
              ],
              [
                5.9423839,
                49.5619361
              ],
              [
                5.9422623,
                49.561909
              ],
              [
                5.9420929,
                49.5618733
              ],
              [
                5.9420061,
                49.5618576
              ],
              [
                5.9419018,
                49.5618489
              ],
              [
                5.9418018,
                49.5618459
              ],
              [
                5.9417557,
                49.5618469
              ],
              [
                5.9416837,
                49.5618486
              ],
              [
                5.9414931,
                49.561858
              ],
              [
                5.9412953,
                49.561869
              ],
              [
                5.9411497,
                49.5618814
              ],
              [
                5.9410322,
                49.5618953
              ],
              [
                5.9409278,
                49.5619177
              ],
              [
                5.9408038,
                49.5619486
              ],
              [
                5.9406536,
                49.5619893
              ],
              [
                5.9406188,
                49.5619935
              ],
              [
                5.9401999,
                49.5620025
              ],
              [
                5.9401984,
                49.562059
              ],
              [
                5.9397138,
                49.5620453
              ],
              [
                5.9389002,
                49.5619886
              ],
              [
                5.9384069,
                49.5619366
              ],
              [
                5.938205,
                49.5619107
              ],
              [
                5.9380424,
                49.561886
              ],
              [
                5.9379172,
                49.5618675
              ],
              [
                5.9378518,
                49.561854
              ],
              [
                5.9376558,
                49.5617981
              ],
              [
                5.9374197,
                49.5617171
              ],
              [
                5.9374352,
                49.5616705
              ],
              [
                5.9370339,
                49.5615056
              ],
              [
                5.9371794,
                49.560954
              ],
              [
                5.937213,
                49.5608687
              ],
              [
                5.9374165,
                49.5602757
              ],
              [
                5.9374589,
                49.560159
              ],
              [
                5.9375424,
                49.5599322
              ],
              [
                5.9376079,
                49.5597638
              ],
              [
                5.9376617,
                49.5596203
              ],
              [
                5.937727,
                49.5594621
              ],
              [
                5.9366973,
                49.5590467
              ],
              [
                5.9362206,
                49.5588656
              ],
              [
                5.9359357,
                49.5587624
              ],
              [
                5.935216,
                49.5585041
              ],
              [
                5.9351801,
                49.5584913
              ],
              [
                5.935098,
                49.5584624
              ],
              [
                5.934683,
                49.5583166
              ],
              [
                5.9342129,
                49.5581485
              ],
              [
                5.9338057,
                49.5579577
              ],
              [
                5.9333124,
                49.5577391
              ],
              [
                5.9326994,
                49.5574915
              ],
              [
                5.9324536,
                49.5573924
              ],
              [
                5.9321315,
                49.5572584
              ],
              [
                5.9317149,
                49.5570859
              ],
              [
                5.9309166,
                49.5568778
              ],
              [
                5.9307406,
                49.5568351
              ],
              [
                5.9306682,
                49.5568177
              ],
              [
                5.9301616,
                49.55671
              ],
              [
                5.9297727,
                49.5566292
              ],
              [
                5.9293736,
                49.5565433
              ],
              [
                5.9287695,
                49.5564188
              ],
              [
                5.9282197,
                49.5563043
              ],
              [
                5.9277535,
                49.5561139
              ],
              [
                5.9272242,
                49.5559578
              ],
              [
                5.926582,
                49.5557675
              ],
              [
                5.9261303,
                49.5556341
              ],
              [
                5.9257726,
                49.5555351
              ],
              [
                5.9255568,
                49.5554809
              ],
              [
                5.9254945,
                49.5555488
              ],
              [
                5.9253189,
                49.5555042
              ],
              [
                5.9252102,
                49.5554757
              ],
              [
                5.9250602,
                49.5554385
              ],
              [
                5.9250446,
                49.5554345
              ],
              [
                5.9248403,
                49.5553853
              ],
              [
                5.9247978,
                49.5553752
              ],
              [
                5.9245358,
                49.5553167
              ],
              [
                5.9243744,
                49.5552831
              ],
              [
                5.9241696,
                49.5552422
              ],
              [
                5.9238406,
                49.555187
              ],
              [
                5.9238028,
                49.5552534
              ],
              [
                5.9236882,
                49.5552382
              ],
              [
                5.9235102,
                49.5552223
              ],
              [
                5.9233319,
                49.555206
              ],
              [
                5.9230854,
                49.5551829
              ],
              [
                5.9227741,
                49.5551524
              ],
              [
                5.9223038,
                49.5550985
              ],
              [
                5.9219355,
                49.5550575
              ],
              [
                5.9217565,
                49.5550307
              ],
              [
                5.9215467,
                49.554997
              ],
              [
                5.9213306,
                49.5549549
              ],
              [
                5.9211581,
                49.5549171
              ],
              [
                5.9209728,
                49.5548636
              ],
              [
                5.9208594,
                49.5548287
              ],
              [
                5.9208253,
                49.5548221
              ],
              [
                5.9208071,
                49.5548148
              ],
              [
                5.9208046,
                49.5548141
              ],
              [
                5.920548,
                49.5547499
              ],
              [
                5.9205142,
                49.5548178
              ],
              [
                5.9204348,
                49.5549534
              ],
              [
                5.9204089,
                49.5550007
              ],
              [
                5.9201805,
                49.5549376
              ],
              [
                5.9199466,
                49.5548782
              ],
              [
                5.9197264,
                49.5548201
              ],
              [
                5.9195299,
                49.5547658
              ],
              [
                5.9192507,
                49.5546871
              ],
              [
                5.9190659,
                49.5546393
              ],
              [
                5.9188615,
                49.5545838
              ],
              [
                5.9186119,
                49.5545153
              ],
              [
                5.9180014,
                49.5543407
              ],
              [
                5.9177188,
                49.5542602
              ],
              [
                5.9169504,
                49.5540318
              ],
              [
                5.9165559,
                49.5539156
              ],
              [
                5.9161505,
                49.5542875
              ],
              [
                5.9160437,
                49.5543898
              ],
              [
                5.9151924,
                49.5543879
              ],
              [
                5.9150102,
                49.5543774
              ],
              [
                5.9147869,
                49.5543632
              ],
              [
                5.9144637,
                49.5543369
              ],
              [
                5.9141037,
                49.5543019
              ],
              [
                5.9137859,
                49.5542667
              ],
              [
                5.9138051,
                49.5542589
              ],
              [
                5.9136157,
                49.5542368
              ],
              [
                5.9130939,
                49.5541697
              ],
              [
                5.9130395,
                49.5541638
              ],
              [
                5.9128565,
                49.5541411
              ],
              [
                5.9127303,
                49.554118
              ],
              [
                5.912594,
                49.5540896
              ],
              [
                5.9124684,
                49.5540621
              ],
              [
                5.9124161,
                49.5540508
              ],
              [
                5.9123189,
                49.5540271
              ],
              [
                5.9122471,
                49.554008
              ],
              [
                5.9121713,
                49.5539865
              ],
              [
                5.9120965,
                49.553964
              ],
              [
                5.9120216,
                49.5539387
              ],
              [
                5.9119773,
                49.5539233
              ],
              [
                5.9118757,
                49.5538875
              ],
              [
                5.9117528,
                49.553838
              ],
              [
                5.9116689,
                49.553801
              ],
              [
                5.9115351,
                49.5537392
              ],
              [
                5.9114257,
                49.5536864
              ],
              [
                5.9113182,
                49.5536244
              ],
              [
                5.9111908,
                49.5535505
              ],
              [
                5.9109894,
                49.5534228
              ],
              [
                5.9106451,
                49.5532131
              ],
              [
                5.9104527,
                49.5530985
              ],
              [
                5.9102511,
                49.5529847
              ],
              [
                5.91004,
                49.5528755
              ],
              [
                5.9098212,
                49.5527659
              ],
              [
                5.9095988,
                49.552662
              ],
              [
                5.9093647,
                49.552556
              ],
              [
                5.9092508,
                49.5525145
              ],
              [
                5.9090938,
                49.552462
              ],
              [
                5.9089073,
                49.5524117
              ],
              [
                5.90881,
                49.5523945
              ],
              [
                5.9086031,
                49.5523758
              ],
              [
                5.9083635,
                49.5523517
              ],
              [
                5.908171,
                49.5523321
              ],
              [
                5.9081372,
                49.5523286
              ],
              [
                5.9080312,
                49.5523139
              ],
              [
                5.9078351,
                49.5522783
              ],
              [
                5.907631,
                49.5522437
              ],
              [
                5.9073689,
                49.5522028
              ],
              [
                5.9071721,
                49.5521727
              ],
              [
                5.9071385,
                49.5521651
              ],
              [
                5.907085,
                49.5521565
              ],
              [
                5.9069889,
                49.5521455
              ],
              [
                5.9068518,
                49.5521267
              ],
              [
                5.9066863,
                49.5521111
              ],
              [
                5.906023,
                49.5520394
              ],
              [
                5.9048093,
                49.5522137
              ],
              [
                5.9036208,
                49.5518191
              ],
              [
                5.9036576,
                49.5517465
              ],
              [
                5.9036728,
                49.5517204
              ],
              [
                5.9036913,
                49.5516954
              ],
              [
                5.9037149,
                49.5516726
              ],
              [
                5.9037417,
                49.5516618
              ],
              [
                5.9037902,
                49.5516521
              ],
              [
                5.9038187,
                49.5516424
              ],
              [
                5.9038406,
                49.551625
              ],
              [
                5.9038524,
                49.5515978
              ],
              [
                5.9038477,
                49.5515444
              ],
              [
                5.9038429,
                49.5514987
              ],
              [
                5.9038381,
                49.5514606
              ],
              [
                5.903835,
                49.5514247
              ],
              [
                5.9038318,
                49.5513811
              ],
              [
                5.9038421,
                49.5513387
              ],
              [
                5.903854,
                49.5513071
              ],
              [
                5.9038691,
                49.5512897
              ],
              [
                5.9038876,
                49.5512778
              ],
              [
                5.9039128,
                49.551267
              ],
              [
                5.9039362,
                49.5512648
              ],
              [
                5.9039746,
                49.5512693
              ],
              [
                5.9040298,
                49.5512868
              ],
              [
                5.9041182,
                49.5513219
              ],
              [
                5.9041666,
                49.5513427
              ],
              [
                5.9042067,
                49.5513547
              ],
              [
                5.9042284,
                49.551358
              ],
              [
                5.9042519,
                49.5513537
              ],
              [
                5.9042686,
                49.551344
              ],
              [
                5.9042821,
                49.5513277
              ],
              [
                5.9042871,
                49.5512951
              ],
              [
                5.9042838,
                49.5512672
              ],
              [
                5.904028,
                49.5511723
              ],
              [
                5.9035611,
                49.5509895
              ],
              [
                5.9035543,
                49.5509868
              ],
              [
                5.9035463,
                49.550983
              ],
              [
                5.9035391,
                49.5509742
              ],
              [
                5.9027999,
                49.5504185
              ],
              [
                5.9024387,
                49.5501531
              ],
              [
                5.9016374,
                49.5498007
              ],
              [
                5.9007397,
                49.5493781
              ],
              [
                5.9004766,
                49.5491156
              ],
              [
                5.9003558,
                49.5489947
              ],
              [
                5.8999845,
                49.5486032
              ],
              [
                5.8997759,
                49.5483839
              ],
              [
                5.8995881,
                49.5481879
              ],
              [
                5.8992772,
                49.5478712
              ],
              [
                5.8990002,
                49.5475835
              ],
              [
                5.8985431,
                49.5471102
              ],
              [
                5.8971005,
                49.5468869
              ],
              [
                5.8968237,
                49.5468484
              ],
              [
                5.8961996,
                49.5467751
              ],
              [
                5.8957393,
                49.5467608
              ],
              [
                5.8947356,
                49.546709
              ],
              [
                5.8941785,
                49.5466803
              ],
              [
                5.8936051,
                49.5466127
              ],
              [
                5.8926707,
                49.5465025
              ],
              [
                5.8921289,
                49.5464386
              ],
              [
                5.8920543,
                49.5464298
              ],
              [
                5.8918784,
                49.5464083
              ],
              [
                5.8918569,
                49.5464059
              ],
              [
                5.8917286,
                49.5463915
              ],
              [
                5.8917027,
                49.5463886
              ],
              [
                5.8914767,
                49.5463633
              ],
              [
                5.8911586,
                49.5463277
              ],
              [
                5.8911238,
                49.5463238
              ],
              [
                5.8907803,
                49.5462853
              ],
              [
                5.8906975,
                49.546276
              ],
              [
                5.890047,
                49.5462031
              ],
              [
                5.8900424,
                49.5462374
              ],
              [
                5.8900391,
                49.5462641
              ],
              [
                5.8900332,
                49.5463097
              ],
              [
                5.8900305,
                49.5463282
              ],
              [
                5.8900222,
                49.5463838
              ],
              [
                5.8900146,
                49.5464348
              ],
              [
                5.8900002,
                49.5465314
              ],
              [
                5.8899942,
                49.5465714
              ],
              [
                5.8895077,
                49.5465355
              ],
              [
                5.8892182,
                49.5465141
              ],
              [
                5.8889993,
                49.5464998
              ],
              [
                5.8886624,
                49.5464831
              ],
              [
                5.8884843,
                49.5464783
              ],
              [
                5.8880723,
                49.5464638
              ],
              [
                5.8877874,
                49.5464544
              ],
              [
                5.8876737,
                49.5464553
              ],
              [
                5.8875876,
                49.5464575
              ],
              [
                5.8874772,
                49.5464667
              ],
              [
                5.8868885,
                49.546517
              ],
              [
                5.8866858,
                49.5465488
              ],
              [
                5.8863321,
                49.5466151
              ],
              [
                5.8853979,
                49.546788
              ],
              [
                5.8853939,
                49.5467887
              ],
              [
                5.8853157,
                49.5468039
              ],
              [
                5.8852961,
                49.5470426
              ],
              [
                5.8856412,
                49.5480924
              ],
              [
                5.8856951,
                49.5483591
              ],
              [
                5.8857189,
                49.5486192
              ],
              [
                5.8857217,
                49.5488006
              ],
              [
                5.8857333,
                49.5489519
              ],
              [
                5.8857143,
                49.5492299
              ],
              [
                5.8856033,
                49.5495955
              ],
              [
                5.8853622,
                49.5499117
              ],
              [
                5.8851793,
                49.5501198
              ],
              [
                5.8850522,
                49.5502137
              ],
              [
                5.8850595,
                49.5502304
              ],
              [
                5.8850796,
                49.5502739
              ],
              [
                5.8851636,
                49.550455
              ],
              [
                5.8852725,
                49.5508033
              ],
              [
                5.8853493,
                49.5510276
              ],
              [
                5.8854204,
                49.5510951
              ],
              [
                5.8854905,
                49.5511541
              ],
              [
                5.88557,
                49.5512221
              ],
              [
                5.8856835,
                49.551346
              ],
              [
                5.8858009,
                49.5515303
              ],
              [
                5.8859508,
                49.5517537
              ],
              [
                5.8861512,
                49.5521958
              ],
              [
                5.8862231,
                49.5523288
              ],
              [
                5.8863381,
                49.5526096
              ],
              [
                5.8863557,
                49.5526539
              ],
              [
                5.8865836,
                49.5531871
              ],
              [
                5.8866695,
                49.5533166
              ],
              [
                5.8866252,
                49.5533404
              ],
              [
                5.8864864,
                49.5534152
              ],
              [
                5.8864212,
                49.5532559
              ],
              [
                5.8864119,
                49.5532548
              ],
              [
                5.8864058,
                49.553254
              ],
              [
                5.8862716,
                49.5532559
              ],
              [
                5.8863638,
                49.5534812
              ],
              [
                5.8862743,
                49.5535602
              ],
              [
                5.8862434,
                49.5535874
              ],
              [
                5.8862175,
                49.5536145
              ],
              [
                5.8861958,
                49.5536432
              ],
              [
                5.8861677,
                49.5536918
              ],
              [
                5.8861369,
                49.5537449
              ],
              [
                5.8861255,
                49.5537708
              ],
              [
                5.8860944,
                49.5538411
              ],
              [
                5.8860907,
                49.5538494
              ],
              [
                5.8860937,
                49.5539346
              ],
              [
                5.8861022,
                49.5541801
              ],
              [
                5.8861804,
                49.5543563
              ],
              [
                5.8862405,
                49.5544917
              ],
              [
                5.8862433,
                49.5544979
              ],
              [
                5.8862765,
                49.554541
              ],
              [
                5.8863833,
                49.5546794
              ],
              [
                5.8865344,
                49.554857
              ],
              [
                5.8866896,
                49.5550822
              ],
              [
                5.8867393,
                49.5551544
              ],
              [
                5.8867551,
                49.5551773
              ],
              [
                5.8867876,
                49.555221
              ],
              [
                5.8868102,
                49.5552513
              ],
              [
                5.8868491,
                49.5553036
              ],
              [
                5.8869697,
                49.5554654
              ],
              [
                5.8870025,
                49.5555095
              ],
              [
                5.887007,
                49.5555156
              ],
              [
                5.8870458,
                49.5555677
              ],
              [
                5.8870636,
                49.5555928
              ],
              [
                5.8871202,
                49.5556728
              ],
              [
                5.8871323,
                49.5556898
              ],
              [
                5.8872267,
                49.5558232
              ],
              [
                5.8872535,
                49.555861
              ],
              [
                5.8872829,
                49.5559025
              ],
              [
                5.8872934,
                49.5559174
              ],
              [
                5.8872647,
                49.555961
              ],
              [
                5.8873248,
                49.5560814
              ],
              [
                5.8874118,
                49.5562605
              ],
              [
                5.8874795,
                49.556497
              ],
              [
                5.8875261,
                49.5569731
              ],
              [
                5.8874666,
                49.5571749
              ],
              [
                5.8871155,
                49.5574869
              ],
              [
                5.8867816,
                49.5578781
              ],
              [
                5.8866257,
                49.5582026
              ],
              [
                5.8865922,
                49.5582721
              ],
              [
                5.8864848,
                49.5582503
              ],
              [
                5.8861879,
                49.5581899
              ],
              [
                5.886131,
                49.5581783
              ],
              [
                5.8860973,
                49.5582484
              ],
              [
                5.8860649,
                49.5583157
              ],
              [
                5.8860326,
                49.5583389
              ],
              [
                5.8859799,
                49.5583902
              ],
              [
                5.8859119,
                49.5584487
              ],
              [
                5.8858644,
                49.5584955
              ],
              [
                5.8857823,
                49.5586003
              ],
              [
                5.8857203,
                49.5587215
              ],
              [
                5.8856584,
                49.558843
              ],
              [
                5.8855935,
                49.5589703
              ],
              [
                5.885536,
                49.5590886
              ],
              [
                5.8854726,
                49.5592144
              ],
              [
                5.8854078,
                49.559334
              ],
              [
                5.8853779,
                49.5593903
              ],
              [
                5.8853583,
                49.5594526
              ],
              [
                5.8853219,
                49.5595642
              ],
              [
                5.8853172,
                49.5596748
              ],
              [
                5.8852981,
                49.559877
              ],
              [
                5.8852782,
                49.5600532
              ],
              [
                5.8853003,
                49.5601771
              ],
              [
                5.8853125,
                49.5602453
              ],
              [
                5.8853824,
                49.5604055
              ],
              [
                5.8854081,
                49.5604644
              ],
              [
                5.8855401,
                49.5606619
              ],
              [
                5.8855967,
                49.5607466
              ],
              [
                5.8857347,
                49.5609013
              ],
              [
                5.885745,
                49.5609099
              ],
              [
                5.8858232,
                49.560975
              ],
              [
                5.8858178,
                49.5610528
              ],
              [
                5.885797,
                49.5613543
              ],
              [
                5.8857872,
                49.5614984
              ],
              [
                5.8857765,
                49.5616576
              ],
              [
                5.885761,
                49.5618862
              ],
              [
                5.8857935,
                49.562054
              ],
              [
                5.8852634,
                49.5620639
              ],
              [
                5.8847925,
                49.5620673
              ],
              [
                5.8844031,
                49.5621329
              ],
              [
                5.8840096,
                49.5621809
              ],
              [
                5.8835579,
                49.5622254
              ],
              [
                5.8831017,
                49.5621865
              ],
              [
                5.8827245,
                49.5620654
              ],
              [
                5.8823349,
                49.5617453
              ],
              [
                5.8821422,
                49.5616068
              ],
              [
                5.8821155,
                49.5616133
              ],
              [
                5.8820293,
                49.5616343
              ],
              [
                5.8820145,
                49.5616363
              ],
              [
                5.8817964,
                49.5616665
              ],
              [
                5.8814476,
                49.5616927
              ],
              [
                5.8811211,
                49.5616847
              ],
              [
                5.8807837,
                49.5616515
              ],
              [
                5.8805101,
                49.5616022
              ],
              [
                5.8803693,
                49.5615406
              ],
              [
                5.8802595,
                49.5614476
              ],
              [
                5.8803648,
                49.5614042
              ],
              [
                5.8803483,
                49.5613803
              ],
              [
                5.8802796,
                49.5612803
              ],
              [
                5.8802422,
                49.5612435
              ],
              [
                5.8802086,
                49.5612268
              ],
              [
                5.8801925,
                49.5612228
              ],
              [
                5.8801686,
                49.5612169
              ],
              [
                5.8801019,
                49.5612148
              ],
              [
                5.8797498,
                49.5612571
              ],
              [
                5.8796798,
                49.5612642
              ],
              [
                5.8795208,
                49.5612798
              ],
              [
                5.8793608,
                49.5612971
              ],
              [
                5.8793136,
                49.5613026
              ],
              [
                5.8792294,
                49.5613124
              ],
              [
                5.8789806,
                49.561165
              ],
              [
                5.8788683,
                49.5611387
              ],
              [
                5.8786648,
                49.5611416
              ],
              [
                5.8784646,
                49.5611217
              ],
              [
                5.878291,
                49.5610649
              ],
              [
                5.8782799,
                49.5610501
              ],
              [
                5.878157,
                49.5608876
              ],
              [
                5.8781513,
                49.5608546
              ],
              [
                5.8781445,
                49.5608146
              ],
              [
                5.8781034,
                49.5605737
              ],
              [
                5.8779672,
                49.5603933
              ],
              [
                5.8778242,
                49.5602101
              ],
              [
                5.8775575,
                49.5600274
              ],
              [
                5.8774075,
                49.5599989
              ],
              [
                5.8771902,
                49.5600192
              ],
              [
                5.876786,
                49.5600565
              ],
              [
                5.8766177,
                49.5600545
              ],
              [
                5.8763899,
                49.5599933
              ],
              [
                5.8758715,
                49.559744
              ],
              [
                5.8757151,
                49.5596801
              ],
              [
                5.875151,
                49.5597644
              ],
              [
                5.8751243,
                49.5598082
              ],
              [
                5.8751001,
                49.5598414
              ],
              [
                5.8747627,
                49.5603055
              ],
              [
                5.8744123,
                49.5607872
              ],
              [
                5.8741725,
                49.561117
              ],
              [
                5.8741215,
                49.5611872
              ],
              [
                5.8741119,
                49.5612004
              ],
              [
                5.8740847,
                49.5612378
              ],
              [
                5.8740715,
                49.5612559
              ],
              [
                5.8750815,
                49.5614289
              ],
              [
                5.8750681,
                49.5614684
              ],
              [
                5.8748825,
                49.5620145
              ],
              [
                5.874778,
                49.5622866
              ],
              [
                5.87477,
                49.5623075
              ],
              [
                5.8747074,
                49.5624706
              ],
              [
                5.874558,
                49.562816
              ],
              [
                5.8743584,
                49.5632685
              ],
              [
                5.8743468,
                49.5632948
              ],
              [
                5.8742301,
                49.5635581
              ],
              [
                5.8741476,
                49.563537
              ],
              [
                5.8738803,
                49.5637875
              ],
              [
                5.873831,
                49.5638338
              ],
              [
                5.8736293,
                49.5640284
              ],
              [
                5.8736137,
                49.5640435
              ],
              [
                5.8735476,
                49.5641047
              ],
              [
                5.8735206,
                49.5641299
              ],
              [
                5.8734269,
                49.564218
              ],
              [
                5.8733697,
                49.5642717
              ],
              [
                5.8733196,
                49.5643188
              ],
              [
                5.8732793,
                49.5643567
              ],
              [
                5.8732579,
                49.5643744
              ],
              [
                5.873217,
                49.5644084
              ],
              [
                5.8731153,
                49.564493
              ],
              [
                5.8730918,
                49.5645125
              ],
              [
                5.8730485,
                49.5645484
              ],
              [
                5.8729856,
                49.5645943
              ],
              [
                5.8729617,
                49.5646117
              ],
              [
                5.8729183,
                49.5646433
              ],
              [
                5.872866,
                49.5646814
              ],
              [
                5.8728351,
                49.5647039
              ],
              [
                5.8728213,
                49.5647139
              ],
              [
                5.8727906,
                49.5647363
              ],
              [
                5.8727506,
                49.5647639
              ],
              [
                5.8726753,
                49.564816
              ],
              [
                5.8725423,
                49.5649079
              ],
              [
                5.8725093,
                49.5649307
              ],
              [
                5.8724922,
                49.5649425
              ],
              [
                5.8724331,
                49.5649834
              ],
              [
                5.8723367,
                49.5650501
              ],
              [
                5.8720569,
                49.564933
              ],
              [
                5.8720088,
                49.5649836
              ],
              [
                5.8718843,
                49.565115
              ],
              [
                5.8718059,
                49.5651978
              ],
              [
                5.8717993,
                49.5652048
              ],
              [
                5.8717627,
                49.5652435
              ],
              [
                5.8717344,
                49.5652735
              ],
              [
                5.8716034,
                49.5654122
              ],
              [
                5.8715504,
                49.5654675
              ],
              [
                5.871296,
                49.5657328
              ],
              [
                5.8712704,
                49.5657595
              ],
              [
                5.8710297,
                49.5656739
              ],
              [
                5.8710256,
                49.5657076
              ],
              [
                5.8710186,
                49.565764
              ],
              [
                5.8709953,
                49.5659434
              ],
              [
                5.8709685,
                49.5661576
              ],
              [
                5.8709416,
                49.5663727
              ],
              [
                5.8709255,
                49.566498
              ],
              [
                5.8709108,
                49.5666337
              ],
              [
                5.870889,
                49.5668058
              ],
              [
                5.8708803,
                49.5668308
              ],
              [
                5.8708066,
                49.5670155
              ],
              [
                5.870803,
                49.5670244
              ],
              [
                5.870745,
                49.5671758
              ],
              [
                5.8708043,
                49.5672016
              ],
              [
                5.8704941,
                49.5675789
              ],
              [
                5.8704467,
                49.5676613
              ],
              [
                5.8704113,
                49.5677051
              ],
              [
                5.8704047,
                49.5677131
              ],
              [
                5.8703577,
                49.56777
              ],
              [
                5.8703071,
                49.5678315
              ],
              [
                5.8702727,
                49.5678731
              ],
              [
                5.8702457,
                49.5679069
              ],
              [
                5.8701722,
                49.5679986
              ],
              [
                5.8701457,
                49.5680318
              ],
              [
                5.870126,
                49.5680564
              ],
              [
                5.8701201,
                49.5680638
              ],
              [
                5.8701613,
                49.5680833
              ],
              [
                5.8700515,
                49.568184
              ],
              [
                5.8699737,
                49.5682554
              ],
              [
                5.8699537,
                49.5682737
              ],
              [
                5.8699258,
                49.5682993
              ],
              [
                5.8698678,
                49.5683694
              ],
              [
                5.8698056,
                49.5684448
              ],
              [
                5.8697857,
                49.568469
              ],
              [
                5.8697792,
                49.5684756
              ],
              [
                5.8697564,
                49.5684991
              ],
              [
                5.8697376,
                49.5685185
              ],
              [
                5.8697228,
                49.5685315
              ],
              [
                5.8696693,
                49.5685785
              ],
              [
                5.8696039,
                49.568636
              ],
              [
                5.869504,
                49.5687207
              ],
              [
                5.8693703,
                49.5688341
              ],
              [
                5.8693422,
                49.5688573
              ],
              [
                5.8692181,
                49.5689598
              ],
              [
                5.8692096,
                49.5689653
              ],
              [
                5.8691237,
                49.5690217
              ],
              [
                5.8689927,
                49.5691078
              ],
              [
                5.8689823,
                49.5691146
              ],
              [
                5.8688919,
                49.5691742
              ],
              [
                5.868865,
                49.5691919
              ],
              [
                5.868774,
                49.5692518
              ],
              [
                5.8686984,
                49.5693016
              ],
              [
                5.8685671,
                49.569388
              ],
              [
                5.8684702,
                49.5694492
              ],
              [
                5.868292,
                49.5695553
              ],
              [
                5.8681,
                49.5696871
              ],
              [
                5.8679429,
                49.5697928
              ],
              [
                5.8678757,
                49.5698361
              ],
              [
                5.867786,
                49.569894
              ],
              [
                5.8677133,
                49.5699409
              ],
              [
                5.8676206,
                49.5700007
              ],
              [
                5.867502,
                49.5700786
              ],
              [
                5.8674214,
                49.5701292
              ],
              [
                5.8673896,
                49.5701493
              ],
              [
                5.8673847,
                49.5701523
              ],
              [
                5.8673529,
                49.5701717
              ],
              [
                5.8672853,
                49.5702128
              ],
              [
                5.8672719,
                49.570221
              ],
              [
                5.8671702,
                49.570283
              ],
              [
                5.8671563,
                49.5702915
              ],
              [
                5.8671312,
                49.5703094
              ],
              [
                5.8670931,
                49.5703367
              ],
              [
                5.8670742,
                49.5703503
              ],
              [
                5.867067,
                49.5703555
              ],
              [
                5.8670271,
                49.5703876
              ],
              [
                5.8669988,
                49.5704104
              ],
              [
                5.8669686,
                49.5704347
              ],
              [
                5.8669314,
                49.5704646
              ],
              [
                5.8668955,
                49.5704935
              ],
              [
                5.8668611,
                49.5705211
              ],
              [
                5.8668115,
                49.570561
              ],
              [
                5.8667176,
                49.5706365
              ],
              [
                5.8666924,
                49.5706568
              ],
              [
                5.8666107,
                49.5707226
              ],
              [
                5.8665895,
                49.5707396
              ],
              [
                5.866555,
                49.5707673
              ],
              [
                5.8665143,
                49.5708001
              ],
              [
                5.866451,
                49.570851
              ],
              [
                5.8664452,
                49.5708557
              ],
              [
                5.8663927,
                49.5708979
              ],
              [
                5.8662582,
                49.5710062
              ],
              [
                5.8662238,
                49.5710338
              ],
              [
                5.8661532,
                49.5710908
              ],
              [
                5.8660171,
                49.5712005
              ],
              [
                5.866008,
                49.5712079
              ],
              [
                5.865925,
                49.5712748
              ],
              [
                5.8658925,
                49.571301
              ],
              [
                5.8658433,
                49.571339
              ],
              [
                5.8656241,
                49.5714985
              ],
              [
                5.8656039,
                49.5715132
              ],
              [
                5.8655774,
                49.5715325
              ],
              [
                5.8655332,
                49.5715646
              ],
              [
                5.865513,
                49.5715794
              ],
              [
                5.8654854,
                49.5715995
              ],
              [
                5.865431,
                49.5716391
              ],
              [
                5.8653316,
                49.5717114
              ],
              [
                5.8649052,
                49.5714411
              ],
              [
                5.8646238,
                49.5712628
              ],
              [
                5.8642311,
                49.5710139
              ],
              [
                5.8639743,
                49.5708941
              ],
              [
                5.8634403,
                49.5706125
              ],
              [
                5.8632511,
                49.5704937
              ],
              [
                5.8629224,
                49.570618
              ],
              [
                5.8623754,
                49.5707043
              ],
              [
                5.8622767,
                49.5706025
              ],
              [
                5.8619774,
                49.5706665
              ],
              [
                5.8619626,
                49.570651
              ],
              [
                5.8619394,
                49.5706267
              ],
              [
                5.8619144,
                49.5706004
              ],
              [
                5.8612554,
                49.5708039
              ],
              [
                5.8605027,
                49.5701504
              ],
              [
                5.8604305,
                49.5696919
              ],
              [
                5.8609034,
                49.5686373
              ],
              [
                5.8610704,
                49.5682336
              ],
              [
                5.8610893,
                49.5681145
              ],
              [
                5.861181,
                49.5675358
              ],
              [
                5.8610881,
                49.5670361
              ],
              [
                5.8605089,
                49.5667965
              ],
              [
                5.8599248,
                49.5665674
              ],
              [
                5.8597836,
                49.5665235
              ],
              [
                5.858654,
                49.5663089
              ],
              [
                5.8579904,
                49.5662065
              ],
              [
                5.856595,
                49.5662791
              ],
              [
                5.855828,
                49.5662379
              ],
              [
                5.8553784,
                49.5660209
              ],
              [
                5.8549931,
                49.5657398
              ],
              [
                5.8547927,
                49.5655968
              ],
              [
                5.8543792,
                49.5654248
              ],
              [
                5.8541073,
                49.5653204
              ],
              [
                5.8539373,
                49.5652472
              ],
              [
                5.8537371,
                49.5651668
              ],
              [
                5.8531359,
                49.5652445
              ],
              [
                5.8529668,
                49.5652532
              ],
              [
                5.8526809,
                49.565245
              ],
              [
                5.8522122,
                49.5652691
              ],
              [
                5.8520763,
                49.5652747
              ],
              [
                5.8518683,
                49.5651081
              ],
              [
                5.851612,
                49.5648614
              ],
              [
                5.851107,
                49.5640473
              ],
              [
                5.851007,
                49.5639404
              ],
              [
                5.8509439,
                49.5638275
              ],
              [
                5.8509216,
                49.5637393
              ],
              [
                5.8509033,
                49.5636166
              ],
              [
                5.8508928,
                49.5635799
              ],
              [
                5.8508918,
                49.5635392
              ],
              [
                5.8508884,
                49.5634596
              ],
              [
                5.8508948,
                49.5634287
              ],
              [
                5.8509003,
                49.5633742
              ],
              [
                5.850906,
                49.5633336
              ],
              [
                5.850942,
                49.5632458
              ],
              [
                5.8509437,
                49.5631981
              ],
              [
                5.8509569,
                49.5630992
              ],
              [
                5.8510092,
                49.5630367
              ],
              [
                5.8510819,
                49.5629605
              ],
              [
                5.8511504,
                49.5627874
              ],
              [
                5.8510964,
                49.5628576
              ],
              [
                5.8510449,
                49.5629246
              ],
              [
                5.8509476,
                49.5629898
              ],
              [
                5.8507915,
                49.5630307
              ],
              [
                5.8505586,
                49.5630767
              ],
              [
                5.8503719,
                49.5631024
              ],
              [
                5.8502968,
                49.5631487
              ],
              [
                5.8501973,
                49.5632102
              ],
              [
                5.8501285,
                49.5631951
              ],
              [
                5.85007,
                49.5631822
              ],
              [
                5.8499823,
                49.5631629
              ],
              [
                5.8499558,
                49.563157
              ],
              [
                5.8499091,
                49.563138
              ],
              [
                5.849835,
                49.5631077
              ],
              [
                5.8498029,
                49.5630946
              ],
              [
                5.8497118,
                49.5630575
              ],
              [
                5.849689,
                49.5630501
              ],
              [
                5.8495263,
                49.5629973
              ],
              [
                5.849407,
                49.5629586
              ],
              [
                5.8493788,
                49.5629473
              ],
              [
                5.8490896,
                49.5628316
              ],
              [
                5.848879,
                49.5627473
              ],
              [
                5.8488154,
                49.5627192
              ],
              [
                5.8484848,
                49.5625728
              ],
              [
                5.8481085,
                49.5624063
              ],
              [
                5.8476153,
                49.5621879
              ],
              [
                5.8474272,
                49.5621266
              ],
              [
                5.8472007,
                49.562082
              ],
              [
                5.8470098,
                49.562058
              ],
              [
                5.846838,
                49.5620597
              ],
              [
                5.8467945,
                49.5620627
              ],
              [
                5.8465735,
                49.5620781
              ],
              [
                5.8465125,
                49.5620993
              ],
              [
                5.8463246,
                49.5618136
              ],
              [
                5.8462827,
                49.5617592
              ],
              [
                5.8461934,
                49.5616719
              ],
              [
                5.8459026,
                49.5614091
              ],
              [
                5.8457729,
                49.5613179
              ],
              [
                5.8456463,
                49.5612475
              ],
              [
                5.8455664,
                49.561207
              ],
              [
                5.8454768,
                49.5611663
              ],
              [
                5.8452925,
                49.5610887
              ],
              [
                5.8450415,
                49.5609868
              ],
              [
                5.8445806,
                49.5608758
              ],
              [
                5.8441874,
                49.5607863
              ],
              [
                5.8436047,
                49.5606812
              ],
              [
                5.8429836,
                49.5608747
              ],
              [
                5.8428049,
                49.5609304
              ],
              [
                5.8428541,
                49.5607568
              ],
              [
                5.8430081,
                49.5606119
              ],
              [
                5.8431869,
                49.5604569
              ],
              [
                5.8434818,
                49.5602305
              ],
              [
                5.8437629,
                49.5600352
              ],
              [
                5.8440709,
                49.5598524
              ],
              [
                5.8446639,
                49.5595261
              ],
              [
                5.8452112,
                49.5592698
              ],
              [
                5.8455252,
                49.5590425
              ],
              [
                5.845855,
                49.5587685
              ],
              [
                5.8453257,
                49.558581
              ],
              [
                5.8463064,
                49.5577064
              ],
              [
                5.8461121,
                49.5576273
              ],
              [
                5.8459614,
                49.5575414
              ],
              [
                5.8459484,
                49.5575362
              ],
              [
                5.8458938,
                49.5575031
              ],
              [
                5.8458576,
                49.5574504
              ],
              [
                5.8458638,
                49.557386
              ],
              [
                5.8459128,
                49.5573053
              ],
              [
                5.8461058,
                49.5570946
              ],
              [
                5.8461834,
                49.5569652
              ],
              [
                5.8462044,
                49.5568673
              ],
              [
                5.8461689,
                49.5567721
              ],
              [
                5.8460946,
                49.5567112
              ],
              [
                5.8460029,
                49.5566631
              ],
              [
                5.8460973,
                49.5562608
              ],
              [
                5.8449677,
                49.5561232
              ],
              [
                5.8448146,
                49.5558267
              ],
              [
                5.8443522,
                49.5554847
              ],
              [
                5.8438733,
                49.5553208
              ],
              [
                5.8435443,
                49.5552262
              ],
              [
                5.8436646,
                49.5549609
              ],
              [
                5.8436603,
                49.5544241
              ],
              [
                5.8436468,
                49.554421
              ],
              [
                5.8434149,
                49.5543689
              ],
              [
                5.8427692,
                49.5543097
              ],
              [
                5.8425241,
                49.5543546
              ],
              [
                5.8420929,
                49.5545213
              ],
              [
                5.8419903,
                49.5545118
              ],
              [
                5.8420806,
                49.5542412
              ],
              [
                5.8421664,
                49.5537907
              ],
              [
                5.842156,
                49.5536469
              ],
              [
                5.8419561,
                49.5530966
              ],
              [
                5.8418322,
                49.5530897
              ],
              [
                5.8377887,
                49.5528653
              ],
              [
                5.8355891,
                49.5524505
              ],
              [
                5.8347843,
                49.5520518
              ],
              [
                5.8336238,
                49.5516916
              ],
              [
                5.8322039,
                49.5512355
              ],
              [
                5.8313654,
                49.5509
              ],
              [
                5.8309187,
                49.5507848
              ],
              [
                5.830268,
                49.5507679
              ],
              [
                5.8295005,
                49.5505543
              ],
              [
                5.8280039,
                49.5499922
              ],
              [
                5.8273949,
                49.5505903
              ],
              [
                5.8266921,
                49.5514556
              ],
              [
                5.8264201,
                49.5518363
              ],
              [
                5.8264479,
                49.5519754
              ],
              [
                5.8264006,
                49.5520411
              ],
              [
                5.8262767,
                49.5521177
              ],
              [
                5.8261594,
                49.5521707
              ],
              [
                5.8261039,
                49.5521897
              ],
              [
                5.8260521,
                49.5522075
              ],
              [
                5.8260477,
                49.5522055
              ],
              [
                5.8252319,
                49.5518492
              ],
              [
                5.8251389,
                49.5518258
              ],
              [
                5.8250468,
                49.5518026
              ],
              [
                5.8250057,
                49.5517951
              ],
              [
                5.8249542,
                49.5517857
              ],
              [
                5.8249185,
                49.5517792
              ],
              [
                5.8249004,
                49.5517745
              ],
              [
                5.8248595,
                49.5517432
              ],
              [
                5.8247684,
                49.5516846
              ],
              [
                5.8247132,
                49.5516365
              ],
              [
                5.824547,
                49.551519
              ],
              [
                5.8243808,
                49.5514015
              ],
              [
                5.8242307,
                49.5513091
              ],
              [
                5.8240828,
                49.5512236
              ],
              [
                5.8239634,
                49.5511589
              ],
              [
                5.8239408,
                49.5511403
              ],
              [
                5.8238079,
                49.5510174
              ],
              [
                5.8236608,
                49.5508738
              ],
              [
                5.8235595,
                49.5507964
              ],
              [
                5.8234574,
                49.5506951
              ],
              [
                5.8233486,
                49.5505699
              ],
              [
                5.8233109,
                49.550518
              ],
              [
                5.8232227,
                49.5504411
              ],
              [
                5.8231344,
                49.5503344
              ],
              [
                5.8230393,
                49.5502319
              ],
              [
                5.8229991,
                49.5501543
              ],
              [
                5.8229507,
                49.5500724
              ],
              [
                5.822913,
                49.5499645
              ],
              [
                5.8227946,
                49.5498353
              ],
              [
                5.8227275,
                49.5497639
              ],
              [
                5.8226492,
                49.5496783
              ],
              [
                5.8226004,
                49.5496691
              ],
              [
                5.8224211,
                49.5496273
              ],
              [
                5.8222681,
                49.5496175
              ],
              [
                5.8221852,
                49.5496406
              ],
              [
                5.8221176,
                49.549668
              ],
              [
                5.8216959,
                49.5498133
              ],
              [
                5.8215592,
                49.5498414
              ],
              [
                5.8214646,
                49.5498487
              ],
              [
                5.8214218,
                49.5498426
              ],
              [
                5.8213768,
                49.5498295
              ],
              [
                5.8213293,
                49.5498057
              ],
              [
                5.8212504,
                49.5497737
              ],
              [
                5.8211845,
                49.5497401
              ],
              [
                5.8211611,
                49.5497267
              ],
              [
                5.8210508,
                49.5496435
              ],
              [
                5.8209746,
                49.549597
              ],
              [
                5.820891,
                49.54956
              ],
              [
                5.820823,
                49.549527
              ],
              [
                5.8207471,
                49.5494867
              ],
              [
                5.8204205,
                49.5493082
              ],
              [
                5.8203368,
                49.5492644
              ],
              [
                5.8202605,
                49.5492248
              ],
              [
                5.8201966,
                49.5491845
              ],
              [
                5.8200736,
                49.5490756
              ],
              [
                5.8200514,
                49.5490291
              ],
              [
                5.820032,
                49.5489133
              ],
              [
                5.8200351,
                49.5487973
              ],
              [
                5.8200337,
                49.5486013
              ],
              [
                5.8200299,
                49.5485186
              ],
              [
                5.8199547,
                49.5483413
              ],
              [
                5.8199102,
                49.5482651
              ],
              [
                5.8198821,
                49.5481927
              ],
              [
                5.8198546,
                49.5480915
              ],
              [
                5.8198978,
                49.5479942
              ],
              [
                5.8200058,
                49.5478735
              ],
              [
                5.8200588,
                49.5477885
              ],
              [
                5.8201109,
                49.5476958
              ],
              [
                5.8201079,
                49.5476269
              ],
              [
                5.8200823,
                49.5475543
              ],
              [
                5.819997,
                49.5475223
              ],
              [
                5.8199131,
                49.5474809
              ],
              [
                5.8192426,
                49.5471749
              ],
              [
                5.8191709,
                49.5471399
              ],
              [
                5.8190746,
                49.5470889
              ],
              [
                5.8190149,
                49.5470271
              ],
              [
                5.8189477,
                49.5469298
              ],
              [
                5.8188215,
                49.5467938
              ],
              [
                5.8186956,
                49.5466258
              ],
              [
                5.8185727,
                49.5463807
              ],
              [
                5.8180631,
                49.5458303
              ],
              [
                5.8179479,
                49.5457474
              ],
              [
                5.8172601,
                49.5455159
              ],
              [
                5.8172389,
                49.5455088
              ],
              [
                5.8159133,
                49.5450625
              ],
              [
                5.8158821,
                49.545052
              ],
              [
                5.8152559,
                49.5448412
              ],
              [
                5.8152256,
                49.544831
              ],
              [
                5.8141656,
                49.5444746
              ],
              [
                5.8105581,
                49.5434776
              ],
              [
                5.8105776,
                49.5434367
              ],
              [
                5.8105837,
                49.5434238
              ],
              [
                5.8105259,
                49.5433332
              ],
              [
                5.810514,
                49.5433146
              ],
              [
                5.8104928,
                49.5432504
              ],
              [
                5.810503,
                49.5432011
              ],
              [
                5.8105145,
                49.5431845
              ],
              [
                5.8105156,
                49.5431828
              ],
              [
                5.8105198,
                49.5431769
              ],
              [
                5.8092605,
                49.5428276
              ],
              [
                5.8083718,
                49.5425791
              ],
              [
                5.808362,
                49.5425783
              ],
              [
                5.8083522,
                49.5425781
              ],
              [
                5.8083424,
                49.5425787
              ],
              [
                5.8083327,
                49.5425799
              ],
              [
                5.8083233,
                49.5425818
              ],
              [
                5.8083143,
                49.5425844
              ],
              [
                5.8083058,
                49.5425876
              ],
              [
                5.8082979,
                49.5425914
              ],
              [
                5.8082907,
                49.5425957
              ],
              [
                5.8082842,
                49.5426006
              ],
              [
                5.8082786,
                49.5426058
              ],
              [
                5.808126,
                49.5425635
              ]
            ]
          ]
        ]
      },
      "properties": {
        "osm_id": -1113898,
        "name": "Canton Esch-sur-Alzette",
        "name_en": null,
        "boundary": "administrative",
        "admin_level": 6,
        "admin_centre_node_id": 1628731564,
        "admin_centre_node_lat": 49.4959628,
        "admin_centre_node_lng": 5.9850306,
        "label_node_id": null,
        "label_node_lat": null,
        "label_node_lng": null
      }
    }
  ]
}