{
  "type": "FeatureCollection",
  "features": [
    {
      "type": "Feature",
      "geometry": {
        "type": "MultiPolygon",
        "coordinates": [
          [
            [
              [
                5.7356988,
                49.8969246
              ],
              [
                5.735708,
                49.8968943
              ],
              [
                5.7357252,
                49.8968745
              ],
              [
                5.7357698,
                49.896835
              ],
              [
                5.7358297,
                49.8968038
              ],
              [
                5.735922,
                49.8967655
              ],
              [
                5.7359766,
                49.8967521
              ],
              [
                5.7360855,
                49.8967504
              ],
              [
                5.7362609,
                49.8967542
              ],
              [
                5.7363606,
                49.8967446
              ],
              [
                5.7364851,
                49.89672
              ],
              [
                5.7367308,
                49.8966571
              ],
              [
                5.7368094,
                49.8966292
              ],
              [
                5.7369325,
                49.8965701
              ],
              [
                5.7370179,
                49.8965348
              ],
              [
                5.7375001,
                49.8964002
              ],
              [
                5.7378603,
                49.8962897
              ],
              [
                5.7379936,
                49.8962421
              ],
              [
                5.7380585,
                49.8962099
              ],
              [
                5.7381279,
                49.8961636
              ],
              [
                5.7384312,
                49.8959483
              ],
              [
                5.7386103,
                49.8958094
              ],
              [
                5.7390535,
                49.8954666
              ],
              [
                5.7393053,
                49.8952866
              ],
              [
                5.7397582,
                49.8949961
              ],
              [
                5.7402105,
                49.8950668
              ],
              [
                5.7406858,
                49.8951245
              ],
              [
                5.7408084,
                49.8951322
              ],
              [
                5.7409768,
                49.8951391
              ],
              [
                5.7412068,
                49.8951316
              ],
              [
                5.7413465,
                49.8951175
              ],
              [
                5.7417224,
                49.895064
              ],
              [
                5.7418757,
                49.8950478
              ],
              [
                5.7419472,
                49.8950491
              ],
              [
                5.7421599,
                49.8950635
              ],
              [
                5.742505,
                49.8950991
              ],
              [
                5.7425433,
                49.8951124
              ],
              [
                5.7426468,
                49.8951206
              ],
              [
                5.7426851,
                49.8951225
              ],
              [
                5.7427177,
                49.8951217
              ],
              [
                5.7427306,
                49.8951061
              ],
              [
                5.7427449,
                49.8950905
              ],
              [
                5.7427862,
                49.8950723
              ],
              [
                5.7428805,
                49.894996
              ],
              [
                5.7429247,
                49.8949709
              ],
              [
                5.7429645,
                49.8949676
              ],
              [
                5.7430269,
                49.8949721
              ],
              [
                5.7430908,
                49.8949706
              ],
              [
                5.7431746,
                49.8949518
              ],
              [
                5.7432372,
                49.8949407
              ],
              [
                5.7432783,
                49.8949408
              ],
              [
                5.7433484,
                49.8949546
              ],
              [
                5.7433938,
                49.8949548
              ],
              [
                5.7434536,
                49.8949349
              ],
              [
                5.7435334,
                49.8948969
              ],
              [
                5.7436159,
                49.8948684
              ],
              [
                5.7437761,
                49.8948142
              ],
              [
                5.7437906,
                49.8948219
              ],
              [
                5.7438234,
                49.8948392
              ],
              [
                5.7438622,
                49.8948113
              ],
              [
                5.7440176,
                49.8946996
              ],
              [
                5.7441284,
                49.8946268
              ],
              [
                5.7442174,
                49.8945841
              ],
              [
                5.7444001,
                49.8945254
              ],
              [
                5.7447679,
                49.8944069
              ],
              [
                5.7450819,
                49.8942956
              ],
              [
                5.7451942,
                49.8942643
              ],
              [
                5.7452744,
                49.8942471
              ],
              [
                5.7454062,
                49.8942312
              ],
              [
                5.7458092,
                49.894207
              ],
              [
                5.7459996,
                49.8941881
              ],
              [
                5.7461901,
                49.8941647
              ],
              [
                5.7462808,
                49.894164
              ],
              [
                5.7463785,
                49.8941796
              ],
              [
                5.7465755,
                49.8940274
              ],
              [
                5.7465865,
                49.8938806
              ],
              [
                5.7465904,
                49.8938435
              ],
              [
                5.7465693,
                49.8938117
              ],
              [
                5.7465042,
                49.8937361
              ],
              [
                5.7465026,
                49.8937121
              ],
              [
                5.7465296,
                49.8936816
              ],
              [
                5.7467556,
                49.8936573
              ],
              [
                5.7467338,
                49.8936152
              ],
              [
                5.7467147,
                49.8935572
              ],
              [
                5.7467115,
                49.8935212
              ],
              [
                5.7467333,
                49.8934689
              ],
              [
                5.7467764,
                49.8934133
              ],
              [
                5.7469368,
                49.8932768
              ],
              [
                5.7472107,
                49.8930627
              ],
              [
                5.7476015,
                49.8928113
              ],
              [
                5.7474652,
                49.8927322
              ],
              [
                5.7475718,
                49.8926414
              ],
              [
                5.7478174,
                49.8924162
              ],
              [
                5.7478675,
                49.8923891
              ],
              [
                5.748418,
                49.8921633
              ],
              [
                5.7485589,
                49.8921075
              ],
              [
                5.7485815,
                49.8920985
              ],
              [
                5.7486873,
                49.8920566
              ],
              [
                5.7490417,
                49.891916
              ],
              [
                5.7493048,
                49.8918313
              ],
              [
                5.7498397,
                49.8916607
              ],
              [
                5.7500078,
                49.8916107
              ],
              [
                5.7501339,
                49.8915733
              ],
              [
                5.7504252,
                49.8915093
              ],
              [
                5.7508295,
                49.8914431
              ],
              [
                5.7514892,
                49.8913368
              ],
              [
                5.7514975,
                49.8913354
              ],
              [
                5.7517083,
                49.8912993
              ],
              [
                5.7518435,
                49.8912878
              ],
              [
                5.7519396,
                49.8912816
              ],
              [
                5.7520569,
                49.8912886
              ],
              [
                5.7522604,
                49.8913073
              ],
              [
                5.7523991,
                49.89131
              ],
              [
                5.7529225,
                49.8913023
              ],
              [
                5.7529772,
                49.891305
              ],
              [
                5.7529802,
                49.8913514
              ],
              [
                5.7530379,
                49.8914706
              ],
              [
                5.7532051,
                49.8914625
              ],
              [
                5.7532943,
                49.8914279
              ],
              [
                5.7537144,
                49.891342
              ],
              [
                5.7537707,
                49.891358
              ],
              [
                5.7538434,
                49.8913714
              ],
              [
                5.7538897,
                49.8913726
              ],
              [
                5.7539591,
                49.8913663
              ],
              [
                5.7540919,
                49.8913412
              ],
              [
                5.7542443,
                49.8912953
              ],
              [
                5.7546885,
                49.8911396
              ],
              [
                5.754915,
                49.8910509
              ],
              [
                5.7550999,
                49.8909593
              ],
              [
                5.7552034,
                49.890916
              ],
              [
                5.7554103,
                49.8908381
              ],
              [
                5.7555459,
                49.8907905
              ],
              [
                5.7556814,
                49.8907549
              ],
              [
                5.7558158,
                49.8907308
              ],
              [
                5.7559501,
                49.890721
              ],
              [
                5.7557993,
                49.8905866
              ],
              [
                5.7559476,
                49.8904954
              ],
              [
                5.7559977,
                49.8904585
              ],
              [
                5.7560507,
                49.8904046
              ],
              [
                5.7563021,
                49.8901128
              ],
              [
                5.7564501,
                49.889961
              ],
              [
                5.7566026,
                49.8898064
              ],
              [
                5.7566563,
                49.8897662
              ],
              [
                5.756692,
                49.8897478
              ],
              [
                5.7567543,
                49.8897338
              ],
              [
                5.7568113,
                49.8897242
              ],
              [
                5.7568593,
                49.8897298
              ],
              [
                5.7570987,
                49.8898071
              ],
              [
                5.7572514,
                49.8895166
              ],
              [
                5.757273,
                49.8894872
              ],
              [
                5.7572998,
                49.8894709
              ],
              [
                5.7573408,
                49.8894579
              ],
              [
                5.7573586,
                49.8894547
              ],
              [
                5.7574191,
                49.8894549
              ],
              [
                5.7576697,
                49.8894733
              ],
              [
                5.7579817,
                49.8894859
              ],
              [
                5.7581293,
                49.8894842
              ],
              [
                5.7583766,
                49.8894676
              ],
              [
                5.7589782,
                49.8894064
              ],
              [
                5.7594169,
                49.8893561
              ],
              [
                5.7598485,
                49.8893144
              ],
              [
                5.760103,
                49.8892869
              ],
              [
                5.7601832,
                49.8892719
              ],
              [
                5.7602777,
                49.8892417
              ],
              [
                5.7606594,
                49.8890989
              ],
              [
                5.7607584,
                49.8890659
              ],
              [
                5.7608528,
                49.8890422
              ],
              [
                5.760965,
                49.8890229
              ],
              [
                5.7611609,
                49.8889865
              ],
              [
                5.761323,
                49.8889521
              ],
              [
                5.761446,
                49.8889209
              ],
              [
                5.7616324,
                49.8888566
              ],
              [
                5.7622834,
                49.888624
              ],
              [
                5.7627424,
                49.8884918
              ],
              [
                5.7628619,
                49.8884442
              ],
              [
                5.7631868,
                49.8882957
              ],
              [
                5.7632938,
                49.888259
              ],
              [
                5.7633739,
                49.8882429
              ],
              [
                5.7634905,
                49.8882329
              ],
              [
                5.7635758,
                49.8882365
              ],
              [
                5.7637196,
                49.8882484
              ],
              [
                5.7638228,
                49.888257
              ],
              [
                5.7638904,
                49.8882561
              ],
              [
                5.763983,
                49.8882423
              ],
              [
                5.7643428,
                49.8881703
              ],
              [
                5.7644522,
                49.8881658
              ],
              [
                5.7647279,
                49.8881471
              ],
              [
                5.7648115,
                49.8881441
              ],
              [
                5.7648524,
                49.8881497
              ],
              [
                5.7648843,
                49.888164
              ],
              [
                5.7649126,
                49.8881816
              ],
              [
                5.7649389,
                49.8882297
              ],
              [
                5.7651324,
                49.8880524
              ],
              [
                5.7652811,
                49.888125
              ],
              [
                5.7653379,
                49.8881438
              ],
              [
                5.765377,
                49.8881494
              ],
              [
                5.7654055,
                49.8881429
              ],
              [
                5.7654795,
                49.8881186
              ],
              [
                5.7655168,
                49.8881154
              ],
              [
                5.7655417,
                49.8881188
              ],
              [
                5.7655771,
                49.8881353
              ],
              [
                5.7656816,
                49.8881859
              ],
              [
                5.7657631,
                49.8882277
              ],
              [
                5.7657825,
                49.888243
              ],
              [
                5.7661375,
                49.8881077
              ],
              [
                5.7663059,
                49.8880608
              ],
              [
                5.7664877,
                49.8880145
              ],
              [
                5.7665429,
                49.8879972
              ],
              [
                5.7665876,
                49.8879733
              ],
              [
                5.7667075,
                49.8878842
              ],
              [
                5.7667933,
                49.8878255
              ],
              [
                5.7668423,
                49.8877964
              ],
              [
                5.7669657,
                49.8877229
              ],
              [
                5.7670265,
                49.8876838
              ],
              [
                5.7670981,
                49.8876273
              ],
              [
                5.7671448,
                49.8875772
              ],
              [
                5.7672254,
                49.8875054
              ],
              [
                5.7672774,
                49.887451
              ],
              [
                5.7673142,
                49.8874112
              ],
              [
                5.7673483,
                49.8873687
              ],
              [
                5.7673503,
                49.887348
              ],
              [
                5.7673543,
                49.8872912
              ],
              [
                5.7674683,
                49.8872621
              ],
              [
                5.7675325,
                49.8872405
              ],
              [
                5.7677822,
                49.8871507
              ],
              [
                5.7679792,
                49.8870952
              ],
              [
                5.7682073,
                49.887037
              ],
              [
                5.7683693,
                49.8870037
              ],
              [
                5.7686275,
                49.8869598
              ],
              [
                5.7687397,
                49.8869471
              ],
              [
                5.76889,
                49.886935
              ],
              [
                5.7692475,
                49.8869264
              ],
              [
                5.7696706,
                49.8869355
              ],
              [
                5.7699008,
                49.8869467
              ],
              [
                5.7699718,
                49.88696
              ],
              [
                5.770064,
                49.8869898
              ],
              [
                5.7701314,
                49.8870217
              ],
              [
                5.770218,
                49.8870876
              ],
              [
                5.770607,
                49.8873455
              ],
              [
                5.7706499,
                49.8873249
              ],
              [
                5.7705396,
                49.8871171
              ],
              [
                5.7705135,
                49.8870438
              ],
              [
                5.7705057,
                49.8870137
              ],
              [
                5.7705043,
                49.8869667
              ],
              [
                5.7705108,
                49.8869345
              ],
              [
                5.7705309,
                49.886868
              ],
              [
                5.7705543,
                49.8868353
              ],
              [
                5.7706063,
                49.8867809
              ],
              [
                5.7707529,
                49.8866842
              ],
              [
                5.7708843,
                49.8865978
              ],
              [
                5.7709524,
                49.8865336
              ],
              [
                5.7710117,
                49.8864639
              ],
              [
                5.771046,
                49.8864007
              ],
              [
                5.771179,
                49.8861112
              ],
              [
                5.7712278,
                49.886024
              ],
              [
                5.7712936,
                49.8859134
              ],
              [
                5.7713314,
                49.8858513
              ],
              [
                5.7713587,
                49.8857804
              ],
              [
                5.7714131,
                49.885644
              ],
              [
                5.7714449,
                49.8855595
              ],
              [
                5.7715097,
                49.8854636
              ],
              [
                5.7716311,
                49.8852997
              ],
              [
                5.7717336,
                49.8851624
              ],
              [
                5.7717838,
                49.8851113
              ],
              [
                5.7718321,
                49.8850689
              ],
              [
                5.7719975,
                49.8849608
              ],
              [
                5.7722012,
                49.8848391
              ],
              [
                5.7724047,
                49.8847372
              ],
              [
                5.7725483,
                49.8846814
              ],
              [
                5.7727052,
                49.8846328
              ],
              [
                5.772885,
                49.8845952
              ],
              [
                5.7732092,
                49.8845264
              ],
              [
                5.7734755,
                49.8844765
              ],
              [
                5.7738903,
                49.8844102
              ],
              [
                5.7743548,
                49.884355
              ],
              [
                5.7744358,
                49.8843506
              ],
              [
                5.7745235,
                49.8843457
              ],
              [
                5.7746065,
                49.8843411
              ],
              [
                5.7747123,
                49.8843394
              ],
              [
                5.7748768,
                49.8843366
              ],
              [
                5.7750671,
                49.8843307
              ],
              [
                5.775345,
                49.8843144
              ],
              [
                5.7756408,
                49.8842971
              ],
              [
                5.7757565,
                49.8842833
              ],
              [
                5.7758473,
                49.8842694
              ],
              [
                5.7764216,
                49.8841529
              ],
              [
                5.7766119,
                49.8841148
              ],
              [
                5.776712,
                49.8840948
              ],
              [
                5.7768081,
                49.8840756
              ],
              [
                5.7773369,
                49.8839867
              ],
              [
                5.7775337,
                49.8839453
              ],
              [
                5.7778365,
                49.8838874
              ],
              [
                5.7779343,
                49.8838811
              ],
              [
                5.778106,
                49.8837572
              ],
              [
                5.77843,
                49.8834864
              ],
              [
                5.7784337,
                49.8834646
              ],
              [
                5.778401,
                49.8834454
              ],
              [
                5.7783583,
                49.8834431
              ],
              [
                5.7783156,
                49.8834527
              ],
              [
                5.7782622,
                49.883458
              ],
              [
                5.7782267,
                49.8834524
              ],
              [
                5.7781949,
                49.8834174
              ],
              [
                5.7781744,
                49.8833158
              ],
              [
                5.7782092,
                49.8831968
              ],
              [
                5.7783057,
                49.8830208
              ],
              [
                5.7783367,
                49.8829292
              ],
              [
                5.7783393,
                49.8828199
              ],
              [
                5.77832,
                49.8826774
              ],
              [
                5.7782887,
                49.8825866
              ],
              [
                5.7781276,
                49.88239
              ],
              [
                5.7780804,
                49.8822894
              ],
              [
                5.7780545,
                49.8821965
              ],
              [
                5.7780496,
                49.8821441
              ],
              [
                5.7780581,
                49.8820791
              ],
              [
                5.778098,
                49.8819908
              ],
              [
                5.7781591,
                49.8818993
              ],
              [
                5.7782327,
                49.8818121
              ],
              [
                5.7783661,
                49.8817028
              ],
              [
                5.7784269,
                49.8816572
              ],
              [
                5.7784625,
                49.8816507
              ],
              [
                5.778505,
                49.8816694
              ],
              [
                5.7785545,
                49.88171
              ],
              [
                5.7785969,
                49.8817462
              ],
              [
                5.7786306,
                49.8817518
              ],
              [
                5.7786592,
                49.8817344
              ],
              [
                5.778704,
                49.881693
              ],
              [
                5.7787256,
                49.8816538
              ],
              [
                5.7788125,
                49.8814619
              ],
              [
                5.7788192,
                49.881398
              ],
              [
                5.7788297,
                49.8812058
              ],
              [
                5.7788444,
                49.8811425
              ],
              [
                5.7788677,
                49.8811197
              ],
              [
                5.7789186,
                49.8810942
              ],
              [
                5.7790469,
                49.8810597
              ],
              [
                5.7792714,
                49.8809982
              ],
              [
                5.7793606,
                49.8809602
              ],
              [
                5.7793981,
                49.8809396
              ],
              [
                5.7794857,
                49.8808711
              ],
              [
                5.7795977,
                49.8807661
              ],
              [
                5.7796871,
                49.880702
              ],
              [
                5.7797603,
                49.8806727
              ],
              [
                5.7798582,
                49.8806534
              ],
              [
                5.7799312,
                49.8806383
              ],
              [
                5.7799741,
                49.8806123
              ],
              [
                5.7800224,
                49.8805775
              ],
              [
                5.7800709,
                49.880511
              ],
              [
                5.7801079,
                49.880444
              ],
              [
                5.7801425,
                49.8803447
              ],
              [
                5.7801712,
                49.8803044
              ],
              [
                5.7802124,
                49.8802729
              ],
              [
                5.7802676,
                49.8802545
              ],
              [
                5.7804029,
                49.8802375
              ],
              [
                5.7805576,
                49.8802336
              ],
              [
                5.7806341,
                49.8802284
              ],
              [
                5.7806805,
                49.8802133
              ],
              [
                5.7807412,
                49.8801785
              ],
              [
                5.7808262,
                49.8801018
              ],
              [
                5.7808731,
                49.8800179
              ],
              [
                5.7809147,
                49.8799328
              ],
              [
                5.7809471,
                49.8798893
              ],
              [
                5.7809989,
                49.8798567
              ],
              [
                5.7811764,
                49.8797825
              ],
              [
                5.7813784,
                49.8796796
              ],
              [
                5.7816954,
                49.8795287
              ],
              [
                5.7818259,
                49.8794859
              ],
              [
                5.7820288,
                49.8794564
              ],
              [
                5.7821121,
                49.8794449
              ],
              [
                5.7823107,
                49.879418
              ],
              [
                5.7823856,
                49.8793855
              ],
              [
                5.7824203,
                49.8793703
              ],
              [
                5.7824603,
                49.8793528
              ],
              [
                5.7825312,
                49.8793218
              ],
              [
                5.7826719,
                49.8792557
              ],
              [
                5.7828331,
                49.8791936
              ],
              [
                5.7829158,
                49.8791482
              ],
              [
                5.7829684,
                49.8791066
              ],
              [
                5.7830388,
                49.8790414
              ],
              [
                5.783152,
                49.8789327
              ],
              [
                5.7833329,
                49.8787739
              ],
              [
                5.7833645,
                49.8787387
              ],
              [
                5.7833923,
                49.8786875
              ],
              [
                5.783415,
                49.878625
              ],
              [
                5.7834295,
                49.8785291
              ],
              [
                5.7835113,
                49.878104
              ],
              [
                5.7835585,
                49.8778357
              ],
              [
                5.7835739,
                49.8777002
              ],
              [
                5.7835794,
                49.8775898
              ],
              [
                5.7835707,
                49.8775264
              ],
              [
                5.7835305,
                49.8774127
              ],
              [
                5.7834313,
                49.8771472
              ],
              [
                5.7833294,
                49.8769049
              ],
              [
                5.7831813,
                49.8765468
              ],
              [
                5.7831332,
                49.8764411
              ],
              [
                5.7830616,
                49.8761636
              ],
              [
                5.7830335,
                49.8760769
              ],
              [
                5.7829622,
                49.8759254
              ],
              [
                5.7829299,
                49.8758763
              ],
              [
                5.7828793,
                49.875832
              ],
              [
                5.7828091,
                49.87579
              ],
              [
                5.7826997,
                49.8757447
              ],
              [
                5.7825659,
                49.8757251
              ],
              [
                5.7826676,
                49.8755756
              ],
              [
                5.7828476,
                49.8754127
              ],
              [
                5.7833752,
                49.875112
              ],
              [
                5.7840106,
                49.8748003
              ],
              [
                5.7849316,
                49.874278
              ],
              [
                5.7860829,
                49.8739151
              ],
              [
                5.787147,
                49.8735383
              ],
              [
                5.7874974,
                49.8734754
              ],
              [
                5.7879925,
                49.8734879
              ],
              [
                5.7885411,
                49.8735663
              ],
              [
                5.7889569,
                49.8737123
              ],
              [
                5.789582,
                49.8739991
              ],
              [
                5.7900642,
                49.8742311
              ],
              [
                5.7906853,
                49.8745619
              ],
              [
                5.7911823,
                49.8748031
              ],
              [
                5.7917923,
                49.8751246
              ],
              [
                5.7920181,
                49.8752878
              ],
              [
                5.792192,
                49.875429
              ],
              [
                5.7923436,
                49.875573
              ],
              [
                5.7923783,
                49.8756531
              ],
              [
                5.7923624,
                49.8757823
              ],
              [
                5.7923276,
                49.8759497
              ],
              [
                5.7921326,
                49.876618
              ],
              [
                5.7920202,
                49.876939
              ],
              [
                5.7919965,
                49.8771236
              ],
              [
                5.792094,
                49.8775144
              ],
              [
                5.7920964,
                49.8779244
              ],
              [
                5.7920278,
                49.8781306
              ],
              [
                5.7918597,
                49.8786795
              ],
              [
                5.7917871,
                49.8789131
              ],
              [
                5.7918193,
                49.8790802
              ],
              [
                5.7919355,
                49.8792298
              ],
              [
                5.792309,
                49.8795535
              ],
              [
                5.7929154,
                49.8800476
              ],
              [
                5.7932186,
                49.8803293
              ],
              [
                5.7934038,
                49.880458
              ],
              [
                5.7938176,
                49.8806337
              ],
              [
                5.7942082,
                49.8806841
              ],
              [
                5.7944485,
                49.8806712
              ],
              [
                5.7946373,
                49.8805683
              ],
              [
                5.7950329,
                49.8804495
              ],
              [
                5.7955407,
                49.8803228
              ],
              [
                5.7956251,
                49.8802755
              ],
              [
                5.7959033,
                49.8800858
              ],
              [
                5.7959935,
                49.879974
              ],
              [
                5.7961778,
                49.8797385
              ],
              [
                5.7963641,
                49.8794789
              ],
              [
                5.7964703,
                49.8792288
              ],
              [
                5.7966232,
                49.8790393
              ],
              [
                5.7968088,
                49.8788017
              ],
              [
                5.7969022,
                49.8786014
              ],
              [
                5.7970371,
                49.8783072
              ],
              [
                5.7972007,
                49.8776087
              ],
              [
                5.7972178,
                49.8773736
              ],
              [
                5.7971238,
                49.8769846
              ],
              [
                5.7969634,
                49.8766049
              ],
              [
                5.7966255,
                49.876074
              ],
              [
                5.7960306,
                49.875138
              ],
              [
                5.7956836,
                49.8744787
              ],
              [
                5.795384,
                49.8736126
              ],
              [
                5.7952799,
                49.8732204
              ],
              [
                5.7952677,
                49.872816
              ],
              [
                5.7952291,
                49.8725306
              ],
              [
                5.7952666,
                49.8722988
              ],
              [
                5.795395,
                49.8721801
              ],
              [
                5.7956869,
                49.8720494
              ],
              [
                5.7962848,
                49.8719228
              ],
              [
                5.7971479,
                49.8718315
              ],
              [
                5.7986238,
                49.8716513
              ],
              [
                5.7993751,
                49.8714906
              ],
              [
                5.7999787,
                49.8712857
              ],
              [
                5.800404,
                49.8710582
              ],
              [
                5.8006324,
                49.8708932
              ],
              [
                5.8007323,
                49.870821
              ],
              [
                5.8007706,
                49.8707214
              ],
              [
                5.8006545,
                49.870489
              ],
              [
                5.8005176,
                49.8702933
              ],
              [
                5.8004591,
                49.8701241
              ],
              [
                5.8004211,
                49.8699529
              ],
              [
                5.8004221,
                49.8698164
              ],
              [
                5.8004422,
                49.8696433
              ],
              [
                5.8004887,
                49.8695983
              ],
              [
                5.8006272,
                49.8695788
              ],
              [
                5.8007126,
                49.8695917
              ],
              [
                5.8008678,
                49.8696226
              ],
              [
                5.8011139,
                49.8697105
              ],
              [
                5.8012198,
                49.8697642
              ],
              [
                5.8017124,
                49.870021
              ],
              [
                5.8019812,
                49.8701762
              ],
              [
                5.8022409,
                49.8703953
              ],
              [
                5.8025221,
                49.8706252
              ],
              [
                5.8026762,
                49.8707453
              ],
              [
                5.8027839,
                49.8707965
              ],
              [
                5.8028845,
                49.8708345
              ],
              [
                5.8030429,
                49.8708638
              ],
              [
                5.8033202,
                49.8708801
              ],
              [
                5.8040014,
                49.8708712
              ],
              [
                5.8047693,
                49.8708404
              ],
              [
                5.8051373,
                49.8707818
              ],
              [
                5.8055558,
                49.8707233
              ],
              [
                5.8057075,
                49.8706662
              ],
              [
                5.8059067,
                49.8705428
              ],
              [
                5.8061387,
                49.870351
              ],
              [
                5.8063277,
                49.8701434
              ],
              [
                5.8064228,
                49.8699555
              ],
              [
                5.8064603,
                49.869752
              ],
              [
                5.8064619,
                49.8695328
              ],
              [
                5.8063843,
                49.86932
              ],
              [
                5.8062205,
                49.8690428
              ],
              [
                5.80591,
                49.8686433
              ],
              [
                5.805635,
                49.8683081
              ],
              [
                5.8053203,
                49.8679928
              ],
              [
                5.8049984,
                49.8676685
              ],
              [
                5.804652,
                49.8672401
              ],
              [
                5.8044909,
                49.8671068
              ],
              [
                5.8040386,
                49.8668663
              ],
              [
                5.8034065,
                49.8665853
              ],
              [
                5.8032832,
                49.8664996
              ],
              [
                5.8030667,
                49.8663491
              ],
              [
                5.8030194,
                49.8663162
              ],
              [
                5.80288,
                49.8661564
              ],
              [
                5.802673,
                49.8658879
              ],
              [
                5.8024628,
                49.865575
              ],
              [
                5.8020752,
                49.8648941
              ],
              [
                5.8018406,
                49.8644572
              ],
              [
                5.8018345,
                49.8643133
              ],
              [
                5.8018968,
                49.864174
              ],
              [
                5.8020712,
                49.8639798
              ],
              [
                5.8022599,
                49.8638099
              ],
              [
                5.8023987,
                49.8637162
              ],
              [
                5.8026006,
                49.8636245
              ],
              [
                5.8027978,
                49.8635757
              ],
              [
                5.8031498,
                49.8635065
              ],
              [
                5.8033511,
                49.8634851
              ],
              [
                5.8036095,
                49.8634677
              ],
              [
                5.8040582,
                49.8634834
              ],
              [
                5.804293,
                49.8635062
              ],
              [
                5.8045573,
                49.8635526
              ],
              [
                5.8048235,
                49.8636276
              ],
              [
                5.8051485,
                49.8637665
              ],
              [
                5.8054689,
                49.8639561
              ],
              [
                5.8060091,
                49.8642803
              ],
              [
                5.8060755,
                49.8643981
              ],
              [
                5.8061276,
                49.8645045
              ],
              [
                5.8061634,
                49.8646793
              ],
              [
                5.8061669,
                49.8649122
              ],
              [
                5.8061301,
                49.8652444
              ],
              [
                5.8061369,
                49.8657411
              ],
              [
                5.8062042,
                49.8659537
              ],
              [
                5.806288,
                49.8660875
              ],
              [
                5.8063789,
                49.8663173
              ],
              [
                5.8066303,
                49.8666881
              ],
              [
                5.8068092,
                49.8668462
              ],
              [
                5.8071369,
                49.8669363
              ],
              [
                5.8074593,
                49.8670332
              ],
              [
                5.8076014,
                49.8671467
              ],
              [
                5.8076585,
                49.8673044
              ],
              [
                5.807805,
                49.8679009
              ],
              [
                5.8078779,
                49.8680758
              ],
              [
                5.8080627,
                49.8681483
              ],
              [
                5.8082899,
                49.8682141
              ],
              [
                5.808565,
                49.8682629
              ],
              [
                5.8092215,
                49.8682889
              ],
              [
                5.8096926,
                49.8683315
              ],
              [
                5.8103192,
                49.8684601
              ],
              [
                5.8109697,
                49.8685957
              ],
              [
                5.8115414,
                49.8686352
              ],
              [
                5.8124057,
                49.8686149
              ],
              [
                5.8124465,
                49.8686128
              ],
              [
                5.8129033,
                49.8685297
              ],
              [
                5.8147006,
                49.868268
              ],
              [
                5.8157501,
                49.8681582
              ],
              [
                5.817703,
                49.8679517
              ],
              [
                5.8183066,
                49.8678815
              ],
              [
                5.8189495,
                49.8677727
              ],
              [
                5.8196947,
                49.8676948
              ],
              [
                5.8204789,
                49.8676424
              ],
              [
                5.8212108,
                49.8675041
              ],
              [
                5.8218217,
                49.8672387
              ],
              [
                5.8222759,
                49.8670483
              ],
              [
                5.822934,
                49.8668584
              ],
              [
                5.8236134,
                49.8666412
              ],
              [
                5.8238683,
                49.8665392
              ],
              [
                5.8241024,
                49.8663994
              ],
              [
                5.8242774,
                49.8663657
              ],
              [
                5.8245262,
                49.8663733
              ],
              [
                5.8249016,
                49.8664566
              ],
              [
                5.8252266,
                49.8665603
              ],
              [
                5.8259928,
                49.8668092
              ],
              [
                5.8266093,
                49.8670124
              ],
              [
                5.8277444,
                49.8673864
              ],
              [
                5.8286159,
                49.8677246
              ],
              [
                5.8293025,
                49.8680007
              ],
              [
                5.829561,
                49.8681487
              ],
              [
                5.8298874,
                49.8684306
              ],
              [
                5.8301796,
                49.868678
              ],
              [
                5.8306959,
                49.8690666
              ],
              [
                5.8311438,
                49.8694002
              ],
              [
                5.8313074,
                49.8694829
              ],
              [
                5.8315926,
                49.8696001
              ],
              [
                5.8318621,
                49.8696831
              ],
              [
                5.8322111,
                49.8697629
              ],
              [
                5.8324148,
                49.8697751
              ],
              [
                5.8325223,
                49.8697822
              ],
              [
                5.8335065,
                49.8697952
              ],
              [
                5.8339303,
                49.869793
              ],
              [
                5.8341843,
                49.8698143
              ],
              [
                5.834306,
                49.869842
              ],
              [
                5.8343956,
                49.8699074
              ],
              [
                5.8345849,
                49.8701032
              ],
              [
                5.8348959,
                49.8703233
              ],
              [
                5.835123,
                49.8704096
              ],
              [
                5.8353399,
                49.8704479
              ],
              [
                5.8356734,
                49.8704694
              ],
              [
                5.8359966,
                49.87046
              ],
              [
                5.8363596,
                49.8704371
              ],
              [
                5.8365185,
                49.8704273
              ],
              [
                5.8365769,
                49.8704035
              ],
              [
                5.83663,
                49.8703933
              ],
              [
                5.8366987,
                49.8704072
              ],
              [
                5.8368201,
                49.8704727
              ],
              [
                5.8371311,
                49.8706996
              ],
              [
                5.8373206,
                49.870868
              ],
              [
                5.8374363,
                49.8709814
              ],
              [
                5.8375883,
                49.8712284
              ],
              [
                5.8378892,
                49.8717534
              ],
              [
                5.8380983,
                49.8721719
              ],
              [
                5.8382608,
                49.8724121
              ],
              [
                5.8385416,
                49.8728
              ],
              [
                5.838662,
                49.8730024
              ],
              [
                5.8387138,
                49.8731773
              ],
              [
                5.8387643,
                49.8735371
              ],
              [
                5.8388293,
                49.8737154
              ],
              [
                5.8389659,
                49.8738768
              ],
              [
                5.8391502,
                49.8740383
              ],
              [
                5.8394404,
                49.8742035
              ],
              [
                5.8399052,
                49.8744035
              ],
              [
                5.8403704,
                49.8745453
              ],
              [
                5.8407673,
                49.8745978
              ],
              [
                5.8414451,
                49.8746339
              ],
              [
                5.8417867,
                49.874628
              ],
              [
                5.8418981,
                49.8746147
              ],
              [
                5.8421104,
                49.8745433
              ],
              [
                5.8424824,
                49.8743594
              ],
              [
                5.8427751,
                49.8741615
              ],
              [
                5.8432118,
                49.8738134
              ],
              [
                5.8435259,
                49.8735779
              ],
              [
                5.8436454,
                49.8735166
              ],
              [
                5.8438259,
                49.8734657
              ],
              [
                5.8439637,
                49.8734489
              ],
              [
                5.8441491,
                49.873446
              ],
              [
                5.8443344,
                49.8734602
              ],
              [
                5.8445355,
                49.8734916
              ],
              [
                5.8447523,
                49.873547
              ],
              [
                5.8449424,
                49.8736332
              ],
              [
                5.8452009,
                49.8737915
              ],
              [
                5.8455487,
                49.8740596
              ],
              [
                5.8458855,
                49.8743894
              ],
              [
                5.8459777,
                49.8744969
              ],
              [
                5.8461107,
                49.8746662
              ],
              [
                5.8462253,
                49.8748298
              ],
              [
                5.8462689,
                49.8749087
              ],
              [
                5.8462858,
                49.8750195
              ],
              [
                5.8462858,
                49.8751611
              ],
              [
                5.8462651,
                49.8753586
              ],
              [
                5.8462457,
                49.8754841
              ],
              [
                5.8462274,
                49.8755811
              ],
              [
                5.8461856,
                49.8757649
              ],
              [
                5.8460844,
                49.8759667
              ],
              [
                5.8459617,
                49.8761091
              ],
              [
                5.8458311,
                49.8762274
              ],
              [
                5.8456287,
                49.8764027
              ],
              [
                5.8453862,
                49.8766224
              ],
              [
                5.8453238,
                49.8767067
              ],
              [
                5.8451936,
                49.8769062
              ],
              [
                5.8451196,
                49.8770099
              ],
              [
                5.8450004,
                49.8771523
              ],
              [
                5.8448974,
                49.8772342
              ],
              [
                5.8447848,
                49.8773036
              ],
              [
                5.8446269,
                49.8774161
              ],
              [
                5.8445062,
                49.8775152
              ],
              [
                5.8443383,
                49.8776768
              ],
              [
                5.844146,
                49.8779058
              ],
              [
                5.8439456,
                49.8781736
              ],
              [
                5.8438264,
                49.8783114
              ],
              [
                5.8437572,
                49.8783614
              ],
              [
                5.8436535,
                49.8784148
              ],
              [
                5.8434622,
                49.8785113
              ],
              [
                5.8433983,
                49.8785534
              ],
              [
                5.8433521,
                49.8786001
              ],
              [
                5.8432653,
                49.8786432
              ],
              [
                5.8431467,
                49.8786851
              ],
              [
                5.8429311,
                49.8787165
              ],
              [
                5.8425961,
                49.8787669
              ],
              [
                5.8420781,
                49.8788717
              ],
              [
                5.8413717,
                49.8790079
              ],
              [
                5.8409085,
                49.8790911
              ],
              [
                5.8404085,
                49.8791387
              ],
              [
                5.8404019,
                49.8793661
              ],
              [
                5.8403842,
                49.8797657
              ],
              [
                5.8403763,
                49.8800123
              ],
              [
                5.8403796,
                49.8800808
              ],
              [
                5.8403825,
                49.8801414
              ],
              [
                5.8404022,
                49.8803077
              ],
              [
                5.8404126,
                49.8803592
              ],
              [
                5.8404248,
                49.8804189
              ],
              [
                5.8404716,
                49.8804213
              ],
              [
                5.8405562,
                49.8804353
              ],
              [
                5.8406726,
                49.880463
              ],
              [
                5.8407766,
                49.8804976
              ],
              [
                5.8408558,
                49.8805298
              ],
              [
                5.8409191,
                49.8805676
              ],
              [
                5.8409419,
                49.8805848
              ],
              [
                5.8406446,
                49.8810772
              ],
              [
                5.8405183,
                49.8813532
              ],
              [
                5.8404897,
                49.8813965
              ],
              [
                5.8403583,
                49.8816382
              ],
              [
                5.8402158,
                49.8819484
              ],
              [
                5.8401889,
                49.8820077
              ],
              [
                5.8401656,
                49.882067
              ],
              [
                5.8401441,
                49.8821126
              ],
              [
                5.8401405,
                49.8821206
              ],
              [
                5.8400704,
                49.8822951
              ],
              [
                5.8400311,
                49.8823715
              ],
              [
                5.8399724,
                49.8824329
              ],
              [
                5.8398472,
                49.8825388
              ],
              [
                5.8397424,
                49.8826253
              ],
              [
                5.8396679,
                49.8826662
              ],
              [
                5.8396289,
                49.8826923
              ],
              [
                5.8394765,
                49.8827729
              ],
              [
                5.839372,
                49.8828252
              ],
              [
                5.8392922,
                49.8828672
              ],
              [
                5.8391707,
                49.8829502
              ],
              [
                5.8391352,
                49.8829775
              ],
              [
                5.8390163,
                49.8830582
              ],
              [
                5.8390042,
                49.8830687
              ],
              [
                5.8389613,
                49.883106
              ],
              [
                5.8391199,
                49.8831363
              ],
              [
                5.8389116,
                49.8832737
              ],
              [
                5.8391155,
                49.8834102
              ],
              [
                5.8397151,
                49.8836562
              ],
              [
                5.8400266,
                49.8838204
              ],
              [
                5.8403563,
                49.8840211
              ],
              [
                5.8405462,
                49.8841518
              ],
              [
                5.8413283,
                49.8847135
              ],
              [
                5.8414618,
                49.884816
              ],
              [
                5.8420773,
                49.8845437
              ],
              [
                5.8422952,
                49.8844449
              ],
              [
                5.8425024,
                49.8843587
              ],
              [
                5.8426477,
                49.8842952
              ],
              [
                5.8429446,
                49.8841248
              ],
              [
                5.8430456,
                49.8840782
              ],
              [
                5.8431694,
                49.8840432
              ],
              [
                5.8433003,
                49.8840173
              ],
              [
                5.8435548,
                49.8839883
              ],
              [
                5.8436733,
                49.8839578
              ],
              [
                5.8439379,
                49.8838741
              ],
              [
                5.8443042,
                49.8837655
              ],
              [
                5.8446793,
                49.8836512
              ],
              [
                5.8448855,
                49.8835821
              ],
              [
                5.8451227,
                49.8834937
              ],
              [
                5.84536,
                49.8833927
              ],
              [
                5.8455813,
                49.8833134
              ],
              [
                5.8458069,
                49.8832467
              ],
              [
                5.8460599,
                49.8831812
              ],
              [
                5.8462933,
                49.8831293
              ],
              [
                5.8465391,
                49.8830774
              ],
              [
                5.8467521,
                49.8830529
              ],
              [
                5.8470453,
                49.8830366
              ],
              [
                5.8473296,
                49.8830351
              ],
              [
                5.8478956,
                49.8830446
              ],
              [
                5.8481938,
                49.8830717
              ],
              [
                5.8486913,
                49.8831485
              ],
              [
                5.848774,
                49.8828741
              ],
              [
                5.8487986,
                49.8827424
              ],
              [
                5.8488636,
                49.8825336
              ],
              [
                5.8489573,
                49.8822427
              ],
              [
                5.8494602,
                49.8823024
              ],
              [
                5.8498564,
                49.8823366
              ],
              [
                5.8504567,
                49.882361
              ],
              [
                5.8505926,
                49.882366
              ],
              [
                5.8511935,
                49.8824316
              ],
              [
                5.8513241,
                49.8824456
              ],
              [
                5.8513893,
                49.8824561
              ],
              [
                5.8514651,
                49.8824791
              ],
              [
                5.8515972,
                49.8825286
              ],
              [
                5.8518038,
                49.882611
              ],
              [
                5.8519749,
                49.8826864
              ],
              [
                5.8520983,
                49.8827367
              ],
              [
                5.8523759,
                49.882841
              ],
              [
                5.8526984,
                49.8829518
              ],
              [
                5.8528989,
                49.8830143
              ],
              [
                5.853078,
                49.8830628
              ],
              [
                5.8532494,
                49.8831037
              ],
              [
                5.8534577,
                49.8831593
              ],
              [
                5.853703,
                49.8832439
              ],
              [
                5.8539097,
                49.883317
              ],
              [
                5.854189,
                49.8834147
              ],
              [
                5.8544775,
                49.8835174
              ],
              [
                5.8543954,
                49.8837687
              ],
              [
                5.8543672,
                49.8838246
              ],
              [
                5.8542308,
                49.8841226
              ],
              [
                5.8541381,
                49.8843329
              ],
              [
                5.8540958,
                49.8844287
              ],
              [
                5.8536656,
                49.8844925
              ],
              [
                5.8550694,
                49.8847612
              ],
              [
                5.8549672,
                49.8850249
              ],
              [
                5.8549529,
                49.8850803
              ],
              [
                5.8549104,
                49.8851872
              ],
              [
                5.854838,
                49.8853854
              ],
              [
                5.8547752,
                49.8855372
              ],
              [
                5.8546606,
                49.8858003
              ],
              [
                5.8546371,
                49.8858482
              ],
              [
                5.8544196,
                49.88624
              ],
              [
                5.854354,
                49.8863543
              ],
              [
                5.8542672,
                49.886612
              ],
              [
                5.8542113,
                49.8868913
              ],
              [
                5.8544768,
                49.88697
              ],
              [
                5.8546697,
                49.887029
              ],
              [
                5.8550234,
                49.8870889
              ],
              [
                5.8553076,
                49.8871327
              ],
              [
                5.8550474,
                49.887208
              ],
              [
                5.8549709,
                49.8873082
              ],
              [
                5.8549288,
                49.8873641
              ],
              [
                5.8546277,
                49.8877797
              ],
              [
                5.8550901,
                49.8880114
              ],
              [
                5.8554216,
                49.8881692
              ],
              [
                5.8557376,
                49.8883135
              ],
              [
                5.8559335,
                49.88839
              ],
              [
                5.8563562,
                49.8885471
              ],
              [
                5.8567991,
                49.8886913
              ],
              [
                5.8570931,
                49.8886569
              ],
              [
                5.8572555,
                49.8886523
              ],
              [
                5.8574256,
                49.8886517
              ],
              [
                5.85767,
                49.8886459
              ],
              [
                5.8578139,
                49.8886373
              ],
              [
                5.8578882,
                49.8886205
              ],
              [
                5.8579765,
                49.8886027
              ],
              [
                5.8580802,
                49.888578
              ],
              [
                5.8581514,
                49.8885662
              ],
              [
                5.8583015,
                49.8885556
              ],
              [
                5.8583325,
                49.8885477
              ],
              [
                5.8584843,
                49.8884996
              ],
              [
                5.8586175,
                49.888479
              ],
              [
                5.8587784,
                49.8884574
              ],
              [
                5.8588821,
                49.8884487
              ],
              [
                5.8589285,
                49.8884458
              ],
              [
                5.8590522,
                49.8884481
              ],
              [
                5.8592872,
                49.8884503
              ],
              [
                5.8594249,
                49.8884436
              ],
              [
                5.8595239,
                49.8884319
              ],
              [
                5.8596617,
                49.8884013
              ],
              [
                5.8598059,
                49.8883547
              ],
              [
                5.85995,
                49.8882951
              ],
              [
                5.8601563,
                49.8882016
              ],
              [
                5.8602137,
                49.8881748
              ],
              [
                5.8603548,
                49.8881147
              ],
              [
                5.8605825,
                49.8880483
              ],
              [
                5.8611776,
                49.8878514
              ],
              [
                5.8614487,
                49.8877642
              ],
              [
                5.8614272,
                49.8877401
              ],
              [
                5.8614536,
                49.8877282
              ],
              [
                5.8617383,
                49.8875492
              ],
              [
                5.8618076,
                49.8875057
              ],
              [
                5.8618588,
                49.8874768
              ],
              [
                5.8619519,
                49.8874231
              ],
              [
                5.8620606,
                49.8873564
              ],
              [
                5.8621754,
                49.8872882
              ],
              [
                5.8622761,
                49.8872635
              ],
              [
                5.8624448,
                49.8872339
              ],
              [
                5.8626553,
                49.8872025
              ],
              [
                5.8627714,
                49.8871918
              ],
              [
                5.8630993,
                49.8871751
              ],
              [
                5.8631657,
                49.8871933
              ],
              [
                5.8634188,
                49.88727
              ],
              [
                5.8635068,
                49.8873012
              ],
              [
                5.8636317,
                49.8873435
              ],
              [
                5.8637228,
                49.8873777
              ],
              [
                5.8639804,
                49.8874739
              ],
              [
                5.8640313,
                49.887496
              ],
              [
                5.8641608,
                49.8875563
              ],
              [
                5.8642858,
                49.8875906
              ],
              [
                5.8644511,
                49.887629
              ],
              [
                5.8645514,
                49.8876533
              ],
              [
                5.8646676,
                49.8876788
              ],
              [
                5.8647912,
                49.8877059
              ],
              [
                5.8650193,
                49.887756
              ],
              [
                5.8653641,
                49.8878404
              ],
              [
                5.8654238,
                49.887855
              ],
              [
                5.8657249,
                49.8879373
              ],
              [
                5.8661139,
                49.8880333
              ],
              [
                5.8663727,
                49.8881336
              ],
              [
                5.8665058,
                49.8881852
              ],
              [
                5.8665784,
                49.8881864
              ],
              [
                5.8666481,
                49.8881816
              ],
              [
                5.8667629,
                49.8881681
              ],
              [
                5.8663825,
                49.8876713
              ],
              [
                5.8661445,
                49.8874162
              ],
              [
                5.8657262,
                49.8870438
              ],
              [
                5.8653649,
                49.8867114
              ],
              [
                5.8649467,
                49.8863229
              ],
              [
                5.8647603,
                49.88621
              ],
              [
                5.8644461,
                49.8860112
              ],
              [
                5.8640719,
                49.8857588
              ],
              [
                5.8636252,
                49.8854852
              ],
              [
                5.8631694,
                49.8851816
              ],
              [
                5.8630709,
                49.8851193
              ],
              [
                5.8631235,
                49.885045
              ],
              [
                5.8634634,
                49.8845995
              ],
              [
                5.8636472,
                49.8843775
              ],
              [
                5.863803,
                49.884197
              ],
              [
                5.8639074,
                49.8840628
              ],
              [
                5.8640743,
                49.8838383
              ],
              [
                5.8641727,
                49.8836751
              ],
              [
                5.8642598,
                49.8835451
              ],
              [
                5.8643522,
                49.8834071
              ],
              [
                5.8645845,
                49.8831073
              ],
              [
                5.8646826,
                49.8829846
              ],
              [
                5.8647186,
                49.8829257
              ],
              [
                5.8647281,
                49.8828867
              ],
              [
                5.8647519,
                49.8827913
              ],
              [
                5.8648274,
                49.8825846
              ],
              [
                5.8648682,
                49.8824912
              ],
              [
                5.8650777,
                49.8821184
              ],
              [
                5.8652088,
                49.8819178
              ],
              [
                5.865293,
                49.8818015
              ],
              [
                5.865493,
                49.8816681
              ],
              [
                5.8657009,
                49.881508
              ],
              [
                5.8657745,
                49.8814514
              ],
              [
                5.8660044,
                49.881289
              ],
              [
                5.8661984,
                49.881169
              ],
              [
                5.8667801,
                49.8808546
              ],
              [
                5.8668682,
                49.8808659
              ],
              [
                5.8669192,
                49.880864
              ],
              [
                5.8669951,
                49.8808532
              ],
              [
                5.8671004,
                49.8808185
              ],
              [
                5.8672414,
                49.8807729
              ],
              [
                5.8677707,
                49.8806922
              ],
              [
                5.8683636,
                49.8805698
              ],
              [
                5.8685138,
                49.8805282
              ],
              [
                5.8687431,
                49.8804538
              ],
              [
                5.8692484,
                49.8802343
              ],
              [
                5.8691241,
                49.8805028
              ],
              [
                5.8690588,
                49.8804992
              ],
              [
                5.8688446,
                49.8807367
              ],
              [
                5.8686354,
                49.8810301
              ],
              [
                5.8684158,
                49.8814176
              ],
              [
                5.868498,
                49.8814363
              ],
              [
                5.8687235,
                49.8814875
              ],
              [
                5.8688066,
                49.8813147
              ],
              [
                5.8688423,
                49.8812578
              ],
              [
                5.8688778,
                49.8812304
              ],
              [
                5.868977,
                49.8811725
              ],
              [
                5.8690603,
                49.8811179
              ],
              [
                5.8690958,
                49.8810895
              ],
              [
                5.8691723,
                49.8809995
              ],
              [
                5.8692708,
                49.8808329
              ],
              [
                5.8694158,
                49.8805877
              ],
              [
                5.8694167,
                49.8805863
              ],
              [
                5.8694951,
                49.8804609
              ],
              [
                5.8696229,
                49.8803465
              ],
              [
                5.8696692,
                49.8802814
              ],
              [
                5.8697031,
                49.8802337
              ],
              [
                5.8700662,
                49.8803237
              ],
              [
                5.8701667,
                49.8803518
              ],
              [
                5.8706777,
                49.8804948
              ],
              [
                5.8711342,
                49.880617
              ],
              [
                5.8713052,
                49.8806585
              ],
              [
                5.87182,
                49.8807802
              ],
              [
                5.8720158,
                49.8808081
              ],
              [
                5.872141,
                49.8808267
              ],
              [
                5.8722132,
                49.8808509
              ],
              [
                5.8722942,
                49.8808922
              ],
              [
                5.8724298,
                49.8806787
              ],
              [
                5.8724351,
                49.8806696
              ],
              [
                5.872391,
                49.8806638
              ],
              [
                5.8722657,
                49.8806423
              ],
              [
                5.8720398,
                49.8805994
              ],
              [
                5.8717557,
                49.8805325
              ],
              [
                5.8714858,
                49.8804609
              ],
              [
                5.871133,
                49.8803623
              ],
              [
                5.8708966,
                49.8802955
              ],
              [
                5.8705991,
                49.880211
              ],
              [
                5.8706065,
                49.880199
              ],
              [
                5.8706714,
                49.880095
              ],
              [
                5.8707323,
                49.8799971
              ],
              [
                5.8708792,
                49.8796713
              ],
              [
                5.8709572,
                49.8794713
              ],
              [
                5.8710342,
                49.8792877
              ],
              [
                5.8710934,
                49.8791452
              ],
              [
                5.8711823,
                49.8788857
              ],
              [
                5.8712004,
                49.878823
              ],
              [
                5.8712587,
                49.8786684
              ],
              [
                5.8713068,
                49.8785909
              ],
              [
                5.8713372,
                49.8785362
              ],
              [
                5.8713712,
                49.8784598
              ],
              [
                5.871391,
                49.8783902
              ],
              [
                5.8714192,
                49.8782573
              ],
              [
                5.8715397,
                49.8781777
              ],
              [
                5.8716177,
                49.8781254
              ],
              [
                5.8716851,
                49.8780685
              ],
              [
                5.8716881,
                49.8780651
              ],
              [
                5.8717358,
                49.8780099
              ],
              [
                5.8717804,
                49.8779358
              ],
              [
                5.8718732,
                49.8777705
              ],
              [
                5.8719143,
                49.8776861
              ],
              [
                5.8719529,
                49.8775898
              ],
              [
                5.8719815,
                49.8775236
              ],
              [
                5.8720173,
                49.8774472
              ],
              [
                5.8720583,
                49.8773857
              ],
              [
                5.8721605,
                49.8772667
              ],
              [
                5.8721802,
                49.8772445
              ],
              [
                5.8722974,
                49.8771129
              ],
              [
                5.8716137,
                49.8767613
              ],
              [
                5.8713568,
                49.8766282
              ],
              [
                5.8713393,
                49.8765917
              ],
              [
                5.8713387,
                49.876542
              ],
              [
                5.87138,
                49.8764371
              ],
              [
                5.8715354,
                49.8759963
              ],
              [
                5.8716064,
                49.8757779
              ],
              [
                5.871686,
                49.875487
              ],
              [
                5.8717374,
                49.8754878
              ],
              [
                5.8721647,
                49.8754945
              ],
              [
                5.8724226,
                49.875496
              ],
              [
                5.8726291,
                49.8754969
              ],
              [
                5.8728364,
                49.8754985
              ],
              [
                5.8730428,
                49.8755044
              ],
              [
                5.8731474,
                49.8755078
              ],
              [
                5.8733534,
                49.875515
              ],
              [
                5.8734342,
                49.8755205
              ],
              [
                5.8733277,
                49.8756059
              ],
              [
                5.8732317,
                49.8757129
              ],
              [
                5.8731735,
                49.8758595
              ],
              [
                5.8731499,
                49.8759633
              ],
              [
                5.8731423,
                49.8760489
              ],
              [
                5.8731471,
                49.8761265
              ],
              [
                5.8732026,
                49.8764343
              ],
              [
                5.8732237,
                49.876597
              ],
              [
                5.8732373,
                49.8766929
              ],
              [
                5.8733975,
                49.8767664
              ],
              [
                5.8735788,
                49.8768525
              ],
              [
                5.8737381,
                49.8769288
              ],
              [
                5.8738753,
                49.8770011
              ],
              [
                5.8740934,
                49.8771317
              ],
              [
                5.8744156,
                49.8773392
              ],
              [
                5.8742795,
                49.8774535
              ],
              [
                5.8745048,
                49.8775637
              ],
              [
                5.8746244,
                49.8776268
              ],
              [
                5.8747229,
                49.8776944
              ],
              [
                5.8748529,
                49.8777986
              ],
              [
                5.8751632,
                49.8780394
              ],
              [
                5.8751917,
                49.8780029
              ],
              [
                5.8754328,
                49.8776719
              ],
              [
                5.8756361,
                49.8773946
              ],
              [
                5.8757096,
                49.8772942
              ],
              [
                5.8758476,
                49.8771056
              ],
              [
                5.8758618,
                49.877084
              ],
              [
                5.8759668,
                49.8769484
              ],
              [
                5.8761116,
                49.8767861
              ],
              [
                5.8761792,
                49.8767063
              ],
              [
                5.876342,
                49.8764939
              ],
              [
                5.8764666,
                49.8763309
              ],
              [
                5.8767094,
                49.8760205
              ],
              [
                5.8769232,
                49.8757565
              ],
              [
                5.8769663,
                49.8757032
              ],
              [
                5.8771742,
                49.87558
              ],
              [
                5.8772462,
                49.8755372
              ],
              [
                5.8773298,
                49.8754879
              ],
              [
                5.8774866,
                49.8753954
              ],
              [
                5.8775979,
                49.8753298
              ],
              [
                5.8776457,
                49.8753017
              ],
              [
                5.877811,
                49.8752043
              ],
              [
                5.8778565,
                49.8751775
              ],
              [
                5.8780858,
                49.875061
              ],
              [
                5.8783337,
                49.8749315
              ],
              [
                5.878591,
                49.8747982
              ],
              [
                5.8787916,
                49.8746684
              ],
              [
                5.879123,
                49.8744501
              ],
              [
                5.8793738,
                49.8742777
              ],
              [
                5.8794784,
                49.8742049
              ],
              [
                5.8798108,
                49.8739552
              ],
              [
                5.880122,
                49.8737117
              ],
              [
                5.8801744,
                49.8736707
              ],
              [
                5.8801913,
                49.8736575
              ],
              [
                5.8800715,
                49.873602
              ],
              [
                5.8786145,
                49.8728398
              ],
              [
                5.878122,
                49.8728489
              ],
              [
                5.8785524,
                49.8723072
              ],
              [
                5.8785684,
                49.8722913
              ],
              [
                5.8780056,
                49.8719508
              ],
              [
                5.8775113,
                49.8716562
              ],
              [
                5.8777089,
                49.8710917
              ],
              [
                5.877839,
                49.870733
              ],
              [
                5.877891,
                49.8705893
              ],
              [
                5.8779019,
                49.8705391
              ],
              [
                5.877936,
                49.8702909
              ],
              [
                5.8779501,
                49.8701477
              ],
              [
                5.8779398,
                49.8698109
              ],
              [
                5.8779424,
                49.8697017
              ],
              [
                5.8779964,
                49.8692656
              ],
              [
                5.8780218,
                49.8688185
              ],
              [
                5.8780694,
                49.8684507
              ],
              [
                5.8781908,
                49.8677624
              ],
              [
                5.8782704,
                49.8676925
              ],
              [
                5.8787515,
                49.8670313
              ],
              [
                5.8789363,
                49.8667738
              ],
              [
                5.8789532,
                49.8667499
              ],
              [
                5.8790595,
                49.866599
              ],
              [
                5.8791628,
                49.8664526
              ],
              [
                5.879062,
                49.8663388
              ],
              [
                5.8789893,
                49.8662409
              ],
              [
                5.8789604,
                49.8661669
              ],
              [
                5.8788889,
                49.8659832
              ],
              [
                5.8788436,
                49.865846
              ],
              [
                5.8788075,
                49.865754
              ],
              [
                5.8787479,
                49.8656552
              ],
              [
                5.8786774,
                49.8655531
              ],
              [
                5.8785289,
                49.8653867
              ],
              [
                5.8787349,
                49.8652592
              ],
              [
                5.8790107,
                49.865102
              ],
              [
                5.8789145,
                49.8650116
              ],
              [
                5.8789469,
                49.864989
              ],
              [
                5.8789983,
                49.8649673
              ],
              [
                5.8790864,
                49.8649438
              ],
              [
                5.8791738,
                49.864917
              ],
              [
                5.8792165,
                49.8648953
              ],
              [
                5.8792504,
                49.864866
              ],
              [
                5.8792696,
                49.8648357
              ],
              [
                5.8792874,
                49.8647959
              ],
              [
                5.8793023,
                49.8647542
              ],
              [
                5.8793129,
                49.8647049
              ],
              [
                5.8793203,
                49.8646907
              ],
              [
                5.8793483,
                49.8646699
              ],
              [
                5.8793836,
                49.8646529
              ],
              [
                5.8794166,
                49.8646421
              ],
              [
                5.8794901,
                49.8646053
              ],
              [
                5.8795637,
                49.8645561
              ],
              [
                5.8796491,
                49.8644947
              ],
              [
                5.8797419,
                49.8644191
              ],
              [
                5.8798515,
                49.8643515
              ],
              [
                5.8799472,
                49.8642958
              ],
              [
                5.8800692,
                49.8642307
              ],
              [
                5.8801716,
                49.8641816
              ],
              [
                5.8802266,
                49.8641552
              ],
              [
                5.8804654,
                49.8640548
              ],
              [
                5.880768,
                49.8639408
              ],
              [
                5.8808652,
                49.8640105
              ],
              [
                5.8809111,
                49.8640435
              ],
              [
                5.8810079,
                49.8640352
              ],
              [
                5.8811869,
                49.8640138
              ],
              [
                5.8813219,
                49.8639933
              ],
              [
                5.8814114,
                49.8639821
              ],
              [
                5.8815353,
                49.8639772
              ],
              [
                5.881679,
                49.8639671
              ],
              [
                5.8817905,
                49.8639627
              ],
              [
                5.8818491,
                49.8639713
              ],
              [
                5.8818988,
                49.8639876
              ],
              [
                5.8819486,
                49.8639934
              ],
              [
                5.8820233,
                49.8640106
              ],
              [
                5.8821081,
                49.864044
              ],
              [
                5.8821476,
                49.8640603
              ],
              [
                5.8822273,
                49.864096
              ],
              [
                5.8823268,
                49.8641352
              ],
              [
                5.8824116,
                49.8641733
              ],
              [
                5.8824642,
                49.8641952
              ],
              [
                5.882533,
                49.8642106
              ],
              [
                5.8826003,
                49.8642326
              ],
              [
                5.8826339,
                49.8642535
              ],
              [
                5.8826749,
                49.8642754
              ],
              [
                5.8827305,
                49.8642945
              ],
              [
                5.8827743,
                49.864325
              ],
              [
                5.8828327,
                49.864364
              ],
              [
                5.8828971,
                49.864385
              ],
              [
                5.8829534,
                49.8643989
              ],
              [
                5.8829973,
                49.864419
              ],
              [
                5.8830074,
                49.864436
              ],
              [
                5.8830249,
                49.8644607
              ],
              [
                5.8830687,
                49.8644855
              ],
              [
                5.8831082,
                49.8644998
              ],
              [
                5.883155,
                49.8645284
              ],
              [
                5.8832398,
                49.8645694
              ],
              [
                5.8833274,
                49.8646265
              ],
              [
                5.8833866,
                49.8646651
              ],
              [
                5.8834362,
                49.8646993
              ],
              [
                5.8834785,
                49.8647336
              ],
              [
                5.8835222,
                49.8647782
              ],
              [
                5.8835458,
                49.8647954
              ],
              [
                5.8835602,
                49.8648058
              ],
              [
                5.8836508,
                49.8648573
              ],
              [
                5.883894,
                49.8650006
              ],
              [
                5.8840767,
                49.8651063
              ],
              [
                5.8841665,
                49.8651582
              ],
              [
                5.88426,
                49.8652182
              ],
              [
                5.8843536,
                49.8652649
              ],
              [
                5.8844282,
                49.8652926
              ],
              [
                5.8845102,
                49.8653108
              ],
              [
                5.8845892,
                49.8653423
              ],
              [
                5.8846418,
                49.8653718
              ],
              [
                5.8846943,
                49.8654193
              ],
              [
                5.8847497,
                49.8654641
              ],
              [
                5.8848075,
                49.8654912
              ],
              [
                5.8849128,
                49.8655266
              ],
              [
                5.8850079,
                49.8655581
              ],
              [
                5.8851074,
                49.8656067
              ],
              [
                5.8851512,
                49.8656372
              ],
              [
                5.8852155,
                49.8656591
              ],
              [
                5.8853283,
                49.8656812
              ],
              [
                5.8853913,
                49.865688
              ],
              [
                5.8854338,
                49.8656824
              ],
              [
                5.8854882,
                49.8656664
              ],
              [
                5.8855557,
                49.8656533
              ],
              [
                5.8856371,
                49.8656464
              ],
              [
                5.8857177,
                49.865657
              ],
              [
                5.8858012,
                49.8656743
              ],
              [
                5.8858715,
                49.8656849
              ],
              [
                5.8859389,
                49.865686
              ],
              [
                5.8860034,
                49.8656966
              ],
              [
                5.8860517,
                49.8656996
              ],
              [
                5.8860898,
                49.8657035
              ],
              [
                5.886122,
                49.8657206
              ],
              [
                5.8861306,
                49.8657443
              ],
              [
                5.8861569,
                49.8657624
              ],
              [
                5.8861979,
                49.865773
              ],
              [
                5.8864256,
                49.8658186
              ],
              [
                5.8865603,
                49.8658511
              ],
              [
                5.8866217,
                49.8658769
              ],
              [
                5.8866743,
                49.8659064
              ],
              [
                5.886727,
                49.8659274
              ],
              [
                5.8868105,
                49.8659447
              ],
              [
                5.8868983,
                49.8659629
              ],
              [
                5.8869554,
                49.8659792
              ],
              [
                5.887049,
                49.8660202
              ],
              [
                5.8870986,
                49.8660592
              ],
              [
                5.8871635,
                49.86613
              ],
              [
                5.8872262,
                49.8661738
              ],
              [
                5.8872949,
                49.8662138
              ],
              [
                5.8873315,
                49.8662357
              ],
              [
                5.8875441,
                49.8663542
              ],
              [
                5.887658,
                49.8664256
              ],
              [
                5.8877106,
                49.8664684
              ],
              [
                5.8877485,
                49.8665008
              ],
              [
                5.8877806,
                49.8665341
              ],
              [
                5.8878214,
                49.8665711
              ],
              [
                5.8878637,
                49.8666016
              ],
              [
                5.8879785,
                49.8666526
              ],
              [
                5.8880136,
                49.8666688
              ],
              [
                5.8881609,
                49.8667483
              ],
              [
                5.8882095,
                49.8667745
              ],
              [
                5.8882664,
                49.8668221
              ],
              [
                5.8883095,
                49.8668559
              ],
              [
                5.8883781,
                49.8669006
              ],
              [
                5.8884263,
                49.8669263
              ],
              [
                5.8884418,
                49.8669315
              ],
              [
                5.8884387,
                49.8669523
              ],
              [
                5.8884349,
                49.866986
              ],
              [
                5.888439,
                49.8670211
              ],
              [
                5.8884637,
                49.8670771
              ],
              [
                5.888475,
                49.867135
              ],
              [
                5.8884705,
                49.8671605
              ],
              [
                5.8884334,
                49.8672354
              ],
              [
                5.8884134,
                49.8672804
              ],
              [
                5.8884073,
                49.8673136
              ],
              [
                5.88841,
                49.8673534
              ],
              [
                5.8884084,
                49.8673809
              ],
              [
                5.8883921,
                49.8674074
              ],
              [
                5.8883257,
                49.8674793
              ],
              [
                5.8883079,
                49.8675134
              ],
              [
                5.8882552,
                49.8676257
              ],
              [
                5.8881698,
                49.8678213
              ],
              [
                5.8881149,
                49.8679312
              ],
              [
                5.8880705,
                49.8679965
              ],
              [
                5.8879941,
                49.8681495
              ],
              [
                5.8879186,
                49.8682887
              ],
              [
                5.88788,
                49.8683655
              ],
              [
                5.8878524,
                49.8684512
              ],
              [
                5.8878388,
                49.8685233
              ],
              [
                5.8878338,
                49.868619
              ],
              [
                5.8878413,
                49.8687125
              ],
              [
                5.8878801,
                49.8688624
              ],
              [
                5.8879125,
                49.8689521
              ],
              [
                5.8879532,
                49.8690262
              ],
              [
                5.8880214,
                49.8691364
              ],
              [
                5.8881204,
                49.8692694
              ],
              [
                5.888188,
                49.8693629
              ],
              [
                5.8883314,
                49.8695449
              ],
              [
                5.8884405,
                49.8696808
              ],
              [
                5.8885885,
                49.8698381
              ],
              [
                5.8886935,
                49.8699285
              ],
              [
                5.8887928,
                49.8700055
              ],
              [
                5.888951,
                49.8701458
              ],
              [
                5.8890095,
                49.8701829
              ],
              [
                5.8890943,
                49.8702277
              ],
              [
                5.8892331,
                49.8703001
              ],
              [
                5.8892464,
                49.8702935
              ],
              [
                5.8893318,
                49.870249
              ],
              [
                5.8893834,
                49.870214
              ],
              [
                5.8894143,
                49.870197
              ],
              [
                5.8895201,
                49.8701575
              ],
              [
                5.8895583,
                49.8701338
              ],
              [
                5.8896083,
                49.8701046
              ],
              [
                5.8896304,
                49.8700949
              ],
              [
                5.889657,
                49.8700851
              ],
              [
                5.8897191,
                49.8700714
              ],
              [
                5.8897549,
                49.8700564
              ],
              [
                5.8899152,
                49.8699731
              ],
              [
                5.8900078,
                49.8699924
              ],
              [
                5.8900917,
                49.8700094
              ],
              [
                5.8901985,
                49.8700215
              ],
              [
                5.8903105,
                49.8700245
              ],
              [
                5.8903879,
                49.870024
              ],
              [
                5.8904601,
                49.8700216
              ],
              [
                5.8905712,
                49.8700178
              ],
              [
                5.8909048,
                49.8700005
              ],
              [
                5.8911563,
                49.8699873
              ],
              [
                5.8912246,
                49.8699815
              ],
              [
                5.8914339,
                49.8699659
              ],
              [
                5.8917568,
                49.8699436
              ],
              [
                5.8919488,
                49.8699306
              ],
              [
                5.8921739,
                49.8699179
              ],
              [
                5.89245,
                49.8698995
              ],
              [
                5.8924431,
                49.8699426
              ],
              [
                5.89244,
                49.8699739
              ],
              [
                5.8924456,
                49.8700128
              ],
              [
                5.8924674,
                49.8700517
              ],
              [
                5.8925111,
                49.8700974
              ],
              [
                5.8925813,
                49.870143
              ],
              [
                5.8926829,
                49.870195
              ],
              [
                5.8929872,
                49.8703161
              ],
              [
                5.8937268,
                49.8705877
              ],
              [
                5.8935943,
                49.8706784
              ],
              [
                5.893902,
                49.8708579
              ],
              [
                5.8941226,
                49.8709922
              ],
              [
                5.8942899,
                49.8711002
              ],
              [
                5.8946426,
                49.8713405
              ],
              [
                5.8947872,
                49.8714404
              ],
              [
                5.8946746,
                49.8715232
              ],
              [
                5.8945759,
                49.871595
              ],
              [
                5.894461,
                49.8716867
              ],
              [
                5.8943874,
                49.8717539
              ],
              [
                5.8946758,
                49.8719513
              ],
              [
                5.8948913,
                49.8720917
              ],
              [
                5.8951499,
                49.8722612
              ],
              [
                5.8955044,
                49.8724502
              ],
              [
                5.8957091,
                49.8725532
              ],
              [
                5.89587,
                49.8726247
              ],
              [
                5.8959658,
                49.8726614
              ],
              [
                5.8963097,
                49.8727969
              ],
              [
                5.8966089,
                49.8729033
              ],
              [
                5.8967815,
                49.8729777
              ],
              [
                5.8969497,
                49.8730634
              ],
              [
                5.8971828,
                49.8731972
              ],
              [
                5.8973728,
                49.8733105
              ],
              [
                5.8975562,
                49.8734262
              ],
              [
                5.8976379,
                49.8734928
              ],
              [
                5.8977051,
                49.8735527
              ],
              [
                5.8976699,
                49.8735516
              ],
              [
                5.8976622,
                49.8736142
              ],
              [
                5.8976516,
                49.873672
              ],
              [
                5.8976256,
                49.8737417
              ],
              [
                5.8975916,
                49.8737843
              ],
              [
                5.89754,
                49.8738392
              ],
              [
                5.8974355,
                49.8739148
              ],
              [
                5.897303,
                49.8739951
              ],
              [
                5.8972066,
                49.8740598
              ],
              [
                5.8971153,
                49.8741279
              ],
              [
                5.8970225,
                49.8742149
              ],
              [
                5.8969627,
                49.8742788
              ],
              [
                5.8970171,
                49.8743341
              ],
              [
                5.8969616,
                49.8744704
              ],
              [
                5.8969029,
                49.8746068
              ],
              [
                5.8968646,
                49.8746791
              ],
              [
                5.8968223,
                49.8747457
              ],
              [
                5.8967445,
                49.8748309
              ],
              [
                5.8966312,
                49.8749296
              ],
              [
                5.8964639,
                49.8750287
              ],
              [
                5.8963267,
                49.8750795
              ],
              [
                5.8961767,
                49.8751177
              ],
              [
                5.8960574,
                49.8751434
              ],
              [
                5.8959139,
                49.8751566
              ],
              [
                5.8958413,
                49.8751836
              ],
              [
                5.8951769,
                49.8751513
              ],
              [
                5.8949225,
                49.8751246
              ],
              [
                5.8935028,
                49.8749677
              ],
              [
                5.8935462,
                49.875024
              ],
              [
                5.8937891,
                49.875325
              ],
              [
                5.8939148,
                49.8754474
              ],
              [
                5.8942454,
                49.8757496
              ],
              [
                5.8944887,
                49.8759689
              ],
              [
                5.894831,
                49.8763
              ],
              [
                5.8949204,
                49.8764026
              ],
              [
                5.8947135,
                49.8764806
              ],
              [
                5.8946924,
                49.8764886
              ],
              [
                5.8945344,
                49.8765594
              ],
              [
                5.8945141,
                49.8765702
              ],
              [
                5.8943503,
                49.8766575
              ],
              [
                5.8942518,
                49.8767121
              ],
              [
                5.8939454,
                49.8768839
              ],
              [
                5.893957,
                49.8768942
              ],
              [
                5.8940578,
                49.8769832
              ],
              [
                5.8943958,
                49.8772932
              ],
              [
                5.8946272,
                49.8775115
              ],
              [
                5.8947189,
                49.8775953
              ],
              [
                5.894818,
                49.877686
              ],
              [
                5.8949934,
                49.8778215
              ],
              [
                5.8952673,
                49.8780269
              ],
              [
                5.8955004,
                49.878214
              ],
              [
                5.8953415,
                49.8783194
              ],
              [
                5.89507,
                49.8784745
              ],
              [
                5.8948054,
                49.8786061
              ],
              [
                5.8947159,
                49.878652
              ],
              [
                5.8945446,
                49.8787112
              ],
              [
                5.8937439,
                49.8789809
              ],
              [
                5.8933238,
                49.8791223
              ],
              [
                5.8923705,
                49.8794473
              ],
              [
                5.8923535,
                49.8794538
              ],
              [
                5.8925938,
                49.8796791
              ],
              [
                5.8926728,
                49.8797532
              ],
              [
                5.8928943,
                49.8799652
              ],
              [
                5.8929194,
                49.8799917
              ],
              [
                5.8929382,
                49.8800424
              ],
              [
                5.8929689,
                49.8801561
              ],
              [
                5.893003,
                49.8802642
              ],
              [
                5.893052,
                49.8803796
              ],
              [
                5.8930776,
                49.8804685
              ],
              [
                5.8930942,
                49.8805934
              ],
              [
                5.8930947,
                49.880675
              ],
              [
                5.8930786,
                49.8807458
              ],
              [
                5.893045,
                49.8808357
              ],
              [
                5.8929597,
                49.8810049
              ],
              [
                5.8929334,
                49.8810464
              ],
              [
                5.8928984,
                49.8810767
              ],
              [
                5.89286,
                49.8811025
              ],
              [
                5.8928249,
                49.8811587
              ],
              [
                5.8927846,
                49.8812103
              ],
              [
                5.8927512,
                49.8812642
              ],
              [
                5.8927457,
                49.8813115
              ],
              [
                5.8927598,
                49.8814403
              ],
              [
                5.8927729,
                49.8815731
              ],
              [
                5.8927959,
                49.8816682
              ],
              [
                5.8928302,
                49.8817594
              ],
              [
                5.892887,
                49.8818608
              ],
              [
                5.8930191,
                49.8820394
              ],
              [
                5.8931191,
                49.8821994
              ],
              [
                5.8931603,
                49.8822985
              ],
              [
                5.8931851,
                49.8823587
              ],
              [
                5.8932318,
                49.8824151
              ],
              [
                5.8932835,
                49.8824928
              ],
              [
                5.893413,
                49.8828245
              ],
              [
                5.8934954,
                49.8830226
              ],
              [
                5.8935684,
                49.883182
              ],
              [
                5.8936269,
                49.8833059
              ],
              [
                5.89367,
                49.8833679
              ],
              [
                5.8937263,
                49.8834214
              ],
              [
                5.8939064,
                49.8835726
              ],
              [
                5.8940387,
                49.8837062
              ],
              [
                5.8940923,
                49.8837637
              ],
              [
                5.8941664,
                49.8838978
              ],
              [
                5.8942442,
                49.8839823
              ],
              [
                5.8943021,
                49.8840449
              ],
              [
                5.8943106,
                49.884082
              ],
              [
                5.8942877,
                49.8841292
              ],
              [
                5.8942805,
                49.8841686
              ],
              [
                5.8942978,
                49.8841967
              ],
              [
                5.8943671,
                49.8842464
              ],
              [
                5.8944468,
                49.8843017
              ],
              [
                5.8944951,
                49.8843806
              ],
              [
                5.8945573,
                49.8844493
              ],
              [
                5.8946994,
                49.8845599
              ],
              [
                5.8947133,
                49.8845532
              ],
              [
                5.8949096,
                49.8844812
              ],
              [
                5.8949997,
                49.8844482
              ],
              [
                5.8952011,
                49.8843743
              ],
              [
                5.895361,
                49.8843156
              ],
              [
                5.895843,
                49.8841418
              ],
              [
                5.8959177,
                49.8842086
              ],
              [
                5.8961676,
                49.8844323
              ],
              [
                5.8964898,
                49.8846918
              ],
              [
                5.8967632,
                49.8849231
              ],
              [
                5.8969599,
                49.8850894
              ],
              [
                5.8973587,
                49.8854215
              ],
              [
                5.8973833,
                49.885442
              ],
              [
                5.8974801,
                49.8855178
              ],
              [
                5.8978943,
                49.8858425
              ],
              [
                5.8973275,
                49.8862883
              ],
              [
                5.8972046,
                49.8863849
              ],
              [
                5.89716,
                49.88642
              ],
              [
                5.8971026,
                49.8864651
              ],
              [
                5.8970689,
                49.8864916
              ],
              [
                5.8970525,
                49.8865046
              ],
              [
                5.8969596,
                49.8865776
              ],
              [
                5.8969516,
                49.8865844
              ],
              [
                5.8970414,
                49.886696
              ],
              [
                5.8970986,
                49.8867366
              ],
              [
                5.8972476,
                49.8868517
              ],
              [
                5.8973352,
                49.8869009
              ],
              [
                5.8975589,
                49.8870218
              ],
              [
                5.897696,
                49.887093
              ],
              [
                5.897741,
                49.8871313
              ],
              [
                5.8977843,
                49.8871753
              ],
              [
                5.8978701,
                49.8872233
              ],
              [
                5.8980541,
                49.8873149
              ],
              [
                5.8981269,
                49.8873567
              ],
              [
                5.8981979,
                49.8874119
              ],
              [
                5.8982656,
                49.8874537
              ],
              [
                5.8983194,
                49.8874763
              ],
              [
                5.898408,
                49.8874979
              ],
              [
                5.8984445,
                49.8875093
              ],
              [
                5.8984956,
                49.8875347
              ],
              [
                5.8985986,
                49.8875988
              ],
              [
                5.8987199,
                49.8876833
              ],
              [
                5.8988196,
                49.8877842
              ],
              [
                5.8988633,
                49.8878179
              ],
              [
                5.8989721,
                49.887872
              ],
              [
                5.8990841,
                49.887934
              ],
              [
                5.8991612,
                49.887989
              ],
              [
                5.8992275,
                49.8880522
              ],
              [
                5.8993004,
                49.8881293
              ],
              [
                5.8993762,
                49.8882242
              ],
              [
                5.8994521,
                49.8883268
              ],
              [
                5.899495,
                49.8883709
              ],
              [
                5.8995276,
                49.8883913
              ],
              [
                5.8995578,
                49.8883951
              ],
              [
                5.8995924,
                49.8883863
              ],
              [
                5.8996356,
                49.8883585
              ],
              [
                5.8997591,
                49.888259
              ],
              [
                5.8997931,
                49.8882346
              ],
              [
                5.8998736,
                49.8881709
              ],
              [
                5.8999464,
                49.8880605
              ],
              [
                5.9001065,
                49.8878689
              ],
              [
                5.9001658,
                49.8878142
              ],
              [
                5.9003107,
                49.8876855
              ],
              [
                5.9004725,
                49.8875807
              ],
              [
                5.9006687,
                49.8874734
              ],
              [
                5.9008791,
                49.8873828
              ],
              [
                5.9009991,
                49.8873237
              ],
              [
                5.9010953,
                49.8872667
              ],
              [
                5.9012286,
                49.8872258
              ],
              [
                5.9013788,
                49.8871865
              ],
              [
                5.9014915,
                49.887174
              ],
              [
                5.9015934,
                49.8871678
              ],
              [
                5.9017746,
                49.8871698
              ],
              [
                5.9019518,
                49.8871795
              ],
              [
                5.9020155,
                49.8871742
              ],
              [
                5.9020614,
                49.8871634
              ],
              [
                5.9021054,
                49.8871409
              ],
              [
                5.9021255,
                49.8871167
              ],
              [
                5.9021497,
                49.8870784
              ],
              [
                5.9021863,
                49.886982
              ],
              [
                5.9022396,
                49.8868037
              ],
              [
                5.9023283,
                49.8865704
              ],
              [
                5.902403,
                49.886303
              ],
              [
                5.9024761,
                49.8861848
              ],
              [
                5.9025561,
                49.8860687
              ],
              [
                5.902629,
                49.8859791
              ],
              [
                5.9027281,
                49.8858805
              ],
              [
                5.902821,
                49.8858079
              ],
              [
                5.9029512,
                49.8857192
              ],
              [
                5.9030078,
                49.8856634
              ],
              [
                5.9030403,
                49.885605
              ],
              [
                5.9030727,
                49.8855504
              ],
              [
                5.9031151,
                49.8855206
              ],
              [
                5.9031837,
                49.8854909
              ],
              [
                5.9032261,
                49.8854545
              ],
              [
                5.9032646,
                49.8853922
              ],
              [
                5.903293,
                49.8853533
              ],
              [
                5.9033304,
                49.8853189
              ],
              [
                5.9033989,
                49.8852931
              ],
              [
                5.9034533,
                49.8852646
              ],
              [
                5.9034736,
                49.8852269
              ],
              [
                5.9034602,
                49.8851138
              ],
              [
                5.9034665,
                49.8850605
              ],
              [
                5.9034888,
                49.8850358
              ],
              [
                5.9035331,
                49.885019
              ],
              [
                5.9035976,
                49.8849919
              ],
              [
                5.9036279,
                49.8849685
              ],
              [
                5.9036521,
                49.8849413
              ],
              [
                5.9036945,
                49.8849141
              ],
              [
                5.9037289,
                49.8848738
              ],
              [
                5.9037522,
                49.884873
              ],
              [
                5.9037964,
                49.8848682
              ],
              [
                5.9038529,
                49.8848427
              ],
              [
                5.9039109,
                49.8848015
              ],
              [
                5.9039453,
                49.8847736
              ],
              [
                5.9040066,
                49.8846989
              ],
              [
                5.9040312,
                49.8846439
              ],
              [
                5.9040407,
                49.8845809
              ],
              [
                5.9040349,
                49.8845277
              ],
              [
                5.9040271,
                49.884418
              ],
              [
                5.9040431,
                49.8842871
              ],
              [
                5.9041057,
                49.8840988
              ],
              [
                5.9041492,
                49.8839493
              ],
              [
                5.9041626,
                49.8838544
              ],
              [
                5.9042001,
                49.88354
              ],
              [
                5.9042056,
                49.8834905
              ],
              [
                5.9042393,
                49.8831853
              ],
              [
                5.9042567,
                49.8830785
              ],
              [
                5.9042984,
                49.8828218
              ],
              [
                5.9043072,
                49.8826053
              ],
              [
                5.9042413,
                49.8825748
              ],
              [
                5.9042231,
                49.8825663
              ],
              [
                5.904199,
                49.8825549
              ],
              [
                5.9042475,
                49.8825068
              ],
              [
                5.9043686,
                49.8824122
              ],
              [
                5.9044456,
                49.8823542
              ],
              [
                5.9044984,
                49.8823175
              ],
              [
                5.90455,
                49.8822971
              ],
              [
                5.9046225,
                49.882276
              ],
              [
                5.9047738,
                49.8822536
              ],
              [
                5.9049098,
                49.8822369
              ],
              [
                5.9050414,
                49.8822231
              ],
              [
                5.9051555,
                49.8821851
              ],
              [
                5.9054608,
                49.8820582
              ],
              [
                5.9056827,
                49.8819694
              ],
              [
                5.9057717,
                49.8819221
              ],
              [
                5.905941,
                49.8818162
              ],
              [
                5.906128,
                49.8816919
              ],
              [
                5.9063501,
                49.8815493
              ],
              [
                5.9065072,
                49.8814682
              ],
              [
                5.9066282,
                49.8813848
              ],
              [
                5.9066855,
                49.8813268
              ],
              [
                5.9067076,
                49.8812915
              ],
              [
                5.9067255,
                49.8812348
              ],
              [
                5.9067017,
                49.8811724
              ],
              [
                5.9067138,
                49.8811547
              ],
              [
                5.9068128,
                49.8810912
              ],
              [
                5.9068942,
                49.881029
              ],
              [
                5.9069383,
                49.8809823
              ],
              [
                5.9069671,
                49.8809356
              ],
              [
                5.9069849,
                49.8808804
              ],
              [
                5.9069917,
                49.8808436
              ],
              [
                5.906983,
                49.8808237
              ],
              [
                5.9069568,
                49.880808
              ],
              [
                5.9069327,
                49.8807995
              ],
              [
                5.9068867,
                49.8807951
              ],
              [
                5.9068429,
                49.8808021
              ],
              [
                5.9067242,
                49.8808571
              ],
              [
                5.9065176,
                49.8809658
              ],
              [
                5.9063275,
                49.8808676
              ],
              [
                5.9063177,
                49.8808583
              ],
              [
                5.9063506,
                49.8808428
              ],
              [
                5.9063837,
                49.8808131
              ],
              [
                5.9064059,
                49.8807565
              ],
              [
                5.9064148,
                49.8807211
              ],
              [
                5.9064413,
                49.880697
              ],
              [
                5.9064787,
                49.8806716
              ],
              [
                5.9064963,
                49.8806518
              ],
              [
                5.9065052,
                49.8806292
              ],
              [
                5.9065083,
                49.8806143
              ],
              [
                5.9065275,
                49.880547
              ],
              [
                5.9065346,
                49.8804592
              ],
              [
                5.9065285,
                49.880377
              ],
              [
                5.9065114,
                49.8802947
              ],
              [
                5.9064822,
                49.8802273
              ],
              [
                5.9064387,
                49.8801606
              ],
              [
                5.9063973,
                49.880118
              ],
              [
                5.906382,
                49.8801067
              ],
              [
                5.9063825,
                49.8800089
              ],
              [
                5.906383,
                49.8799139
              ],
              [
                5.9064009,
                49.8798502
              ],
              [
                5.9064308,
                49.8797886
              ],
              [
                5.9064994,
                49.8796782
              ],
              [
                5.9065789,
                49.8795551
              ],
              [
                5.906621,
                49.8794772
              ],
              [
                5.9066499,
                49.8793912
              ],
              [
                5.9066657,
                49.8794005
              ],
              [
                5.906691,
                49.8794153
              ],
              [
                5.9067395,
                49.8794437
              ],
              [
                5.9069856,
                49.8795877
              ],
              [
                5.9074113,
                49.8798369
              ],
              [
                5.9075716,
                49.8797706
              ],
              [
                5.9076681,
                49.8797524
              ],
              [
                5.9078019,
                49.8797428
              ],
              [
                5.9081032,
                49.8797343
              ],
              [
                5.9085094,
                49.8797188
              ],
              [
                5.9086103,
                49.8795113
              ],
              [
                5.9086846,
                49.8793515
              ],
              [
                5.9087489,
                49.8792439
              ],
              [
                5.9089698,
                49.8789237
              ],
              [
                5.9090481,
                49.878801
              ],
              [
                5.9091032,
                49.8787149
              ],
              [
                5.909165,
                49.8786136
              ],
              [
                5.9091959,
                49.878548
              ],
              [
                5.9092407,
                49.8784245
              ],
              [
                5.9092469,
                49.8783934
              ],
              [
                5.9092608,
                49.8783248
              ],
              [
                5.9092837,
                49.8781617
              ],
              [
                5.90932,
                49.8780057
              ],
              [
                5.9093632,
                49.8778653
              ],
              [
                5.9093799,
                49.877811
              ],
              [
                5.9094285,
                49.8776535
              ],
              [
                5.9095235,
                49.8772926
              ],
              [
                5.9095496,
                49.8772032
              ],
              [
                5.9095769,
                49.8771462
              ],
              [
                5.9096089,
                49.8771098
              ],
              [
                5.909668,
                49.8770609
              ],
              [
                5.909786,
                49.8769788
              ],
              [
                5.9099809,
                49.8768658
              ],
              [
                5.910012,
                49.8768478
              ],
              [
                5.9102932,
                49.8767035
              ],
              [
                5.9104553,
                49.8766215
              ],
              [
                5.9105559,
                49.8765853
              ],
              [
                5.910941,
                49.8764752
              ],
              [
                5.9108464,
                49.8763436
              ],
              [
                5.9107003,
                49.8761405
              ],
              [
                5.9108786,
                49.8760055
              ],
              [
                5.910967,
                49.875935
              ],
              [
                5.9110991,
                49.8758297
              ],
              [
                5.9112367,
                49.87572
              ],
              [
                5.9113988,
                49.8755908
              ],
              [
                5.9114083,
                49.8755843
              ],
              [
                5.9115031,
                49.875519
              ],
              [
                5.9117048,
                49.87538
              ],
              [
                5.9119629,
                49.8752095
              ],
              [
                5.912232,
                49.8749972
              ],
              [
                5.9124683,
                49.8748107
              ],
              [
                5.9122754,
                49.8746946
              ],
              [
                5.9123224,
                49.8746617
              ],
              [
                5.9126872,
                49.8744065
              ],
              [
                5.9127732,
                49.874356
              ],
              [
                5.912837,
                49.8743197
              ],
              [
                5.9129769,
                49.8742629
              ],
              [
                5.913102,
                49.8742205
              ],
              [
                5.913259,
                49.8741764
              ],
              [
                5.9135263,
                49.8741073
              ],
              [
                5.9137519,
                49.8740508
              ],
              [
                5.9138671,
                49.8740336
              ],
              [
                5.9139431,
                49.8740306
              ],
              [
                5.9139514,
                49.8738501
              ],
              [
                5.9137064,
                49.873859
              ],
              [
                5.9136084,
                49.8738747
              ],
              [
                5.9135593,
                49.8738841
              ],
              [
                5.9134564,
                49.873906
              ],
              [
                5.9133534,
                49.8739311
              ],
              [
                5.9130901,
                49.8740065
              ],
              [
                5.9131034,
                49.8737736
              ],
              [
                5.9131072,
                49.8737072
              ],
              [
                5.9131285,
                49.8735299
              ],
              [
                5.9131341,
                49.8734831
              ],
              [
                5.9131418,
                49.8734103
              ],
              [
                5.9131743,
                49.87329
              ],
              [
                5.9131984,
                49.8732155
              ],
              [
                5.9132228,
                49.8731404
              ],
              [
                5.9132699,
                49.8730375
              ],
              [
                5.9133832,
                49.8729174
              ],
              [
                5.9134964,
                49.8728147
              ],
              [
                5.9135752,
                49.8727357
              ],
              [
                5.9136688,
                49.8726282
              ],
              [
                5.9137267,
                49.8725531
              ],
              [
                5.9137959,
                49.8724482
              ],
              [
                5.9138353,
                49.8723886
              ],
              [
                5.913899,
                49.872285
              ],
              [
                5.9139267,
                49.8722399
              ],
              [
                5.9139923,
                49.8721172
              ],
              [
                5.9140888,
                49.8719258
              ],
              [
                5.9141669,
                49.8717399
              ],
              [
                5.9143332,
                49.8713157
              ],
              [
                5.914562,
                49.871293
              ],
              [
                5.915075,
                49.871242
              ],
              [
                5.915339,
                49.8712157
              ],
              [
                5.9160018,
                49.8711514
              ],
              [
                5.9161418,
                49.8711412
              ],
              [
                5.9162762,
                49.8711314
              ],
              [
                5.9164329,
                49.871127
              ],
              [
                5.9165495,
                49.8711341
              ],
              [
                5.9166508,
                49.8711402
              ],
              [
                5.9169611,
                49.8710577
              ],
              [
                5.9169684,
                49.8710561
              ],
              [
                5.9169637,
                49.8710276
              ],
              [
                5.9169565,
                49.870988
              ],
              [
                5.9169322,
                49.8709499
              ],
              [
                5.9169006,
                49.8709134
              ],
              [
                5.9168615,
                49.8708864
              ],
              [
                5.9167955,
                49.8708609
              ],
              [
                5.916661,
                49.8708274
              ],
              [
                5.9165167,
                49.8707922
              ],
              [
                5.9163945,
                49.8707523
              ],
              [
                5.9161174,
                49.8708151
              ],
              [
                5.9159589,
                49.8708481
              ],
              [
                5.9157252,
                49.8708966
              ],
              [
                5.9159344,
                49.8706848
              ],
              [
                5.9158238,
                49.8705381
              ],
              [
                5.9157388,
                49.8704017
              ],
              [
                5.9156951,
                49.8703113
              ],
              [
                5.915659,
                49.8702066
              ],
              [
                5.9157002,
                49.8700396
              ],
              [
                5.9157101,
                49.8699888
              ],
              [
                5.9157254,
                49.8699098
              ],
              [
                5.915763,
                49.8697451
              ],
              [
                5.9157664,
                49.8697332
              ],
              [
                5.9157954,
                49.8696328
              ],
              [
                5.915854,
                49.8694793
              ],
              [
                5.9159481,
                49.8692331
              ],
              [
                5.9159819,
                49.8690835
              ],
              [
                5.9160104,
                49.8689551
              ],
              [
                5.916017,
                49.8689252
              ],
              [
                5.9160202,
                49.8688951
              ],
              [
                5.9160218,
                49.8688799
              ],
              [
                5.916035,
                49.8687557
              ],
              [
                5.9160627,
                49.868618
              ],
              [
                5.9160776,
                49.8685581
              ],
              [
                5.9161139,
                49.8684114
              ],
              [
                5.9161877,
                49.8681272
              ],
              [
                5.9161976,
                49.8680972
              ],
              [
                5.9162643,
                49.8679864
              ],
              [
                5.9163331,
                49.8678709
              ],
              [
                5.9163755,
                49.8677998
              ],
              [
                5.9163406,
                49.8672143
              ],
              [
                5.9163394,
                49.8671946
              ],
              [
                5.9163204,
                49.8670869
              ],
              [
                5.9165335,
                49.8670667
              ],
              [
                5.9167125,
                49.8670339
              ],
              [
                5.9170108,
                49.8669748
              ],
              [
                5.9170533,
                49.866957
              ],
              [
                5.9172368,
                49.8669843
              ],
              [
                5.9174349,
                49.8670196
              ],
              [
                5.9175401,
                49.8670515
              ],
              [
                5.9176524,
                49.8671119
              ],
              [
                5.9177354,
                49.8671307
              ],
              [
                5.9179961,
                49.8671816
              ],
              [
                5.9179963,
                49.8671309
              ],
              [
                5.9184919,
                49.8671961
              ],
              [
                5.9189446,
                49.8672668
              ],
              [
                5.9191648,
                49.8672926
              ],
              [
                5.9192725,
                49.8672991
              ],
              [
                5.9193509,
                49.867293
              ],
              [
                5.9194244,
                49.867282
              ],
              [
                5.9194956,
                49.8672569
              ],
              [
                5.9195497,
                49.8672095
              ],
              [
                5.9195855,
                49.8671533
              ],
              [
                5.9196963,
                49.8670268
              ],
              [
                5.9197678,
                49.8669414
              ],
              [
                5.9198074,
                49.8668449
              ],
              [
                5.9198274,
                49.8667642
              ],
              [
                5.9198546,
                49.8667262
              ],
              [
                5.9198903,
                49.8666875
              ],
              [
                5.9199517,
                49.8666416
              ],
              [
                5.9200328,
                49.8665959
              ],
              [
                5.9202218,
                49.8665013
              ],
              [
                5.9203864,
                49.866405
              ],
              [
                5.9206701,
                49.8662321
              ],
              [
                5.9207659,
                49.8661626
              ],
              [
                5.9208029,
                49.8661215
              ],
              [
                5.9208227,
                49.8660788
              ],
              [
                5.9208132,
                49.8660234
              ],
              [
                5.9207867,
                49.8659346
              ],
              [
                5.9207626,
                49.8658443
              ],
              [
                5.9207312,
                49.8657729
              ],
              [
                5.920696,
                49.8657103
              ],
              [
                5.9206328,
                49.8656183
              ],
              [
                5.920566,
                49.865546
              ],
              [
                5.9204964,
                49.8654707
              ],
              [
                5.9204477,
                49.865412
              ],
              [
                5.9204406,
                49.8653771
              ],
              [
                5.9204335,
                49.8653153
              ],
              [
                5.9204449,
                49.8652527
              ],
              [
                5.9204772,
                49.8651562
              ],
              [
                5.9204998,
                49.8650549
              ],
              [
                5.9205221,
                49.8649995
              ],
              [
                5.9205566,
                49.8649473
              ],
              [
                5.9206306,
                49.8648524
              ],
              [
                5.9206874,
                49.8647607
              ],
              [
                5.9207552,
                49.8646697
              ],
              [
                5.9209005,
                49.8645005
              ],
              [
                5.9206708,
                49.8644003
              ],
              [
                5.9206558,
                49.8643304
              ],
              [
                5.9206493,
                49.8643004
              ],
              [
                5.9206102,
                49.8642861
              ],
              [
                5.9203652,
                49.8643109
              ],
              [
                5.9199561,
                49.8643465
              ],
              [
                5.9197283,
                49.8643587
              ],
              [
                5.9194246,
                49.8643675
              ],
              [
                5.9194013,
                49.864381
              ],
              [
                5.9193932,
                49.8645267
              ],
              [
                5.9189315,
                49.8645744
              ],
              [
                5.9188224,
                49.8645856
              ],
              [
                5.9184145,
                49.8646236
              ],
              [
                5.9179001,
                49.8646589
              ],
              [
                5.9176895,
                49.8646679
              ],
              [
                5.9173907,
                49.8646736
              ],
              [
                5.917048,
                49.8646666
              ],
              [
                5.9166892,
                49.8646713
              ],
              [
                5.9166011,
                49.8646711
              ],
              [
                5.9164472,
                49.8645916
              ],
              [
                5.9162023,
                49.8646053
              ],
              [
                5.9162001,
                49.8645562
              ],
              [
                5.9161586,
                49.8645356
              ],
              [
                5.9157962,
                49.8645268
              ],
              [
                5.9155856,
                49.8645311
              ],
              [
                5.9153994,
                49.8645513
              ],
              [
                5.9152817,
                49.8645748
              ],
              [
                5.9151272,
                49.8646331
              ],
              [
                5.9149209,
                49.8647546
              ],
              [
                5.9145338,
                49.8650175
              ],
              [
                5.9144874,
                49.8649905
              ],
              [
                5.9144118,
                49.8649419
              ],
              [
                5.914125,
                49.8647576
              ],
              [
                5.9139346,
                49.8646448
              ],
              [
                5.913832,
                49.8645954
              ],
              [
                5.9135241,
                49.8644728
              ],
              [
                5.913463,
                49.8644473
              ],
              [
                5.9134509,
                49.8644108
              ],
              [
                5.9134375,
                49.8644021
              ],
              [
                5.9133886,
                49.8643924
              ],
              [
                5.9133274,
                49.8643828
              ],
              [
                5.913298,
                49.8643827
              ],
              [
                5.9132294,
                49.8643937
              ],
              [
                5.9131829,
                49.864392
              ],
              [
                5.9131413,
                49.8643824
              ],
              [
                5.9130925,
                49.8643554
              ],
              [
                5.9130437,
                49.8643267
              ],
              [
                5.9130045,
                49.8643203
              ],
              [
                5.9129678,
                49.864325
              ],
              [
                5.9129555,
                49.8643329
              ],
              [
                5.9129529,
                49.8643551
              ],
              [
                5.9129357,
                49.8643598
              ],
              [
                5.9129113,
                49.8643565
              ],
              [
                5.9128893,
                49.8643422
              ],
              [
                5.9128747,
                49.8643185
              ],
              [
                5.9128552,
                49.8643073
              ],
              [
                5.9127965,
                49.8642898
              ],
              [
                5.9127672,
                49.8642802
              ],
              [
                5.9126328,
                49.8642292
              ],
              [
                5.9125082,
                49.8641735
              ],
              [
                5.9123605,
                49.8640979
              ],
              [
                5.9122164,
                49.8640216
              ],
              [
                5.9120651,
                49.8639231
              ],
              [
                5.911537,
                49.8635473
              ],
              [
                5.9110125,
                49.8631834
              ],
              [
                5.9109399,
                49.8631354
              ],
              [
                5.9108902,
                49.8631025
              ],
              [
                5.9108526,
                49.8630777
              ],
              [
                5.9105719,
                49.8629108
              ],
              [
                5.9100654,
                49.8626269
              ],
              [
                5.9098945,
                49.8625267
              ],
              [
                5.909819,
                49.8624553
              ],
              [
                5.9097532,
                49.8623902
              ],
              [
                5.9096998,
                49.8623109
              ],
              [
                5.9096611,
                49.8622253
              ],
              [
                5.9096394,
                49.8621587
              ],
              [
                5.9096165,
                49.8620961
              ],
              [
                5.9095754,
                49.8619851
              ],
              [
                5.9095564,
                49.8618726
              ],
              [
                5.9095519,
                49.8617981
              ],
              [
                5.9095657,
                49.8617356
              ],
              [
                5.9095685,
                49.8616738
              ],
              [
                5.9095589,
                49.861639
              ],
              [
                5.9095836,
                49.8616073
              ],
              [
                5.9096057,
                49.8615931
              ],
              [
                5.9096279,
                49.8615568
              ],
              [
                5.9096477,
                49.861514
              ],
              [
                5.909648,
                49.8614649
              ],
              [
                5.9096507,
                49.8614032
              ],
              [
                5.9096633,
                49.8613367
              ],
              [
                5.9096931,
                49.8612734
              ],
              [
                5.9097473,
                49.8612006
              ],
              [
                5.9097891,
                49.8611627
              ],
              [
                5.9098691,
                49.861094
              ],
              [
                5.909917,
                49.8610599
              ],
              [
                5.9100092,
                49.8609945
              ],
              [
                5.9101321,
                49.8608966
              ],
              [
                5.9101723,
                49.8608654
              ],
              [
                5.9102034,
                49.8608413
              ],
              [
                5.9102304,
                49.8608382
              ],
              [
                5.910267,
                49.8608509
              ],
              [
                5.9102988,
                49.8608494
              ],
              [
                5.9103381,
                49.8608384
              ],
              [
                5.9103553,
                49.8608258
              ],
              [
                5.9103871,
                49.8608227
              ],
              [
                5.9104263,
                49.8608148
              ],
              [
                5.9104289,
                49.8607943
              ],
              [
                5.9104071,
                49.860753
              ],
              [
                5.9104072,
                49.8607245
              ],
              [
                5.9104269,
                49.8607087
              ],
              [
                5.910444,
                49.8607088
              ],
              [
                5.9104685,
                49.8607199
              ],
              [
                5.9105003,
                49.8607231
              ],
              [
                5.9105199,
                49.8607168
              ],
              [
                5.910542,
                49.8606963
              ],
              [
                5.9105984,
                49.8607327
              ],
              [
                5.9106358,
                49.8607569
              ],
              [
                5.9106891,
                49.8607913
              ],
              [
                5.9107772,
                49.8608483
              ],
              [
                5.9108739,
                49.8609109
              ],
              [
                5.9111734,
                49.8607626
              ],
              [
                5.9112655,
                49.8607114
              ],
              [
                5.9113736,
                49.8606356
              ],
              [
                5.9114989,
                49.8605456
              ],
              [
                5.911666,
                49.8604335
              ],
              [
                5.9117803,
                49.8603569
              ],
              [
                5.9119498,
                49.8602369
              ],
              [
                5.9121466,
                49.8600789
              ],
              [
                5.9122249,
                49.8600128
              ],
              [
                5.9123286,
                49.8599253
              ],
              [
                5.9123539,
                49.8599039
              ],
              [
                5.9124134,
                49.8598538
              ],
              [
                5.9124726,
                49.8598004
              ],
              [
                5.9125954,
                49.8596895
              ],
              [
                5.9126747,
                49.8596134
              ],
              [
                5.9127036,
                49.859588
              ],
              [
                5.9127775,
                49.8595188
              ],
              [
                5.9128214,
                49.8594744
              ],
              [
                5.9129399,
                49.8593544
              ],
              [
                5.9130605,
                49.8592422
              ],
              [
                5.9131454,
                49.8591672
              ],
              [
                5.9131994,
                49.859134
              ],
              [
                5.9132412,
                49.8590961
              ],
              [
                5.9132954,
                49.8590424
              ],
              [
                5.9133864,
                49.8589523
              ],
              [
                5.9134528,
                49.8589001
              ],
              [
                5.9135804,
                49.8588386
              ],
              [
                5.9137497,
                49.8587741
              ],
              [
                5.9139369,
                49.8587123
              ],
              [
                5.9152392,
                49.8595138
              ],
              [
                5.9152562,
                49.8595025
              ],
              [
                5.9175768,
                49.8603544
              ],
              [
                5.9175994,
                49.8604709
              ],
              [
                5.9176185,
                49.8605428
              ],
              [
                5.9176607,
                49.8607015
              ],
              [
                5.9176704,
                49.8607281
              ],
              [
                5.917709,
                49.8608331
              ],
              [
                5.917731,
                49.8608866
              ],
              [
                5.9178045,
                49.8610653
              ],
              [
                5.9178291,
                49.8611077
              ],
              [
                5.9178353,
                49.8611184
              ],
              [
                5.9179307,
                49.8612826
              ],
              [
                5.9179964,
                49.8613556
              ],
              [
                5.9180282,
                49.8613763
              ],
              [
                5.9180843,
                49.8614128
              ],
              [
                5.9181494,
                49.8614452
              ],
              [
                5.9182894,
                49.8615147
              ],
              [
                5.9184327,
                49.8615756
              ],
              [
                5.9187191,
                49.8616974
              ],
              [
                5.9190357,
                49.861832
              ],
              [
                5.9194291,
                49.8619994
              ],
              [
                5.9194706,
                49.8620328
              ],
              [
                5.920271,
                49.8618452
              ],
              [
                5.921644,
                49.8615316
              ],
              [
                5.921746,
                49.8615037
              ],
              [
                5.9219888,
                49.8613444
              ],
              [
                5.9225918,
                49.8609488
              ],
              [
                5.9234062,
                49.8603969
              ],
              [
                5.9242133,
                49.8598387
              ],
              [
                5.9249393,
                49.8593392
              ],
              [
                5.9250879,
                49.8592414
              ],
              [
                5.9249683,
                49.8591796
              ],
              [
                5.9250117,
                49.8591539
              ],
              [
                5.9251818,
                49.8590426
              ],
              [
                5.9256964,
                49.859329
              ],
              [
                5.9259586,
                49.8594775
              ],
              [
                5.9261031,
                49.8595745
              ],
              [
                5.9261937,
                49.8596411
              ],
              [
                5.9263553,
                49.8597547
              ],
              [
                5.9265167,
                49.859903
              ],
              [
                5.9266266,
                49.8600406
              ],
              [
                5.9267388,
                49.860219
              ],
              [
                5.9268288,
                49.860405
              ],
              [
                5.9268651,
                49.8605213
              ],
              [
                5.9269081,
                49.860757
              ],
              [
                5.9269516,
                49.860908
              ],
              [
                5.9269825,
                49.861124
              ],
              [
                5.9270238,
                49.8612208
              ],
              [
                5.9271213,
                49.8613916
              ],
              [
                5.9271552,
                49.8614838
              ],
              [
                5.9271866,
                49.8615986
              ],
              [
                5.9271995,
                49.8616336
              ],
              [
                5.9272278,
                49.8617104
              ],
              [
                5.9273009,
                49.8618389
              ],
              [
                5.9274573,
                49.8620204
              ],
              [
                5.92755,
                49.8621565
              ],
              [
                5.9276498,
                49.8623364
              ],
              [
                5.9277349,
                49.8625178
              ],
              [
                5.9278948,
                49.8629892
              ],
              [
                5.9279677,
                49.863157
              ],
              [
                5.9280796,
                49.8633777
              ],
              [
                5.9281577,
                49.8635047
              ],
              [
                5.9282237,
                49.8635773
              ],
              [
                5.9283876,
                49.8637165
              ],
              [
                5.9285515,
                49.8638633
              ],
              [
                5.928784,
                49.8640737
              ],
              [
                5.9286656,
                49.8641459
              ],
              [
                5.9288367,
                49.8643501
              ],
              [
                5.9289272,
                49.8644364
              ],
              [
                5.929183,
                49.864586
              ],
              [
                5.9295204,
                49.8647878
              ],
              [
                5.9298052,
                49.8649582
              ],
              [
                5.9301603,
                49.8651706
              ],
              [
                5.9301839,
                49.8652871
              ],
              [
                5.9302044,
                49.865354
              ],
              [
                5.9302579,
                49.8654654
              ],
              [
                5.9304219,
                49.8656699
              ],
              [
                5.9305166,
                49.8657567
              ],
              [
                5.9305911,
                49.8659288
              ],
              [
                5.9309207,
                49.8658297
              ],
              [
                5.9310187,
                49.8659688
              ],
              [
                5.9310355,
                49.8660552
              ],
              [
                5.9311171,
                49.8662529
              ],
              [
                5.9313262,
                49.8666815
              ],
              [
                5.9313668,
                49.8667617
              ],
              [
                5.9314824,
                49.8668835
              ],
              [
                5.9317217,
                49.8670326
              ],
              [
                5.9319261,
                49.8671569
              ],
              [
                5.9324642,
                49.8668856
              ],
              [
                5.9326496,
                49.8670477
              ],
              [
                5.9328772,
                49.8672106
              ],
              [
                5.9331253,
                49.8672778
              ],
              [
                5.9333029,
                49.8672913
              ],
              [
                5.9333662,
                49.8673304
              ],
              [
                5.9333914,
                49.8673651
              ],
              [
                5.9334394,
                49.8673984
              ],
              [
                5.9336202,
                49.8674895
              ],
              [
                5.9338621,
                49.867645
              ],
              [
                5.9338922,
                49.8676813
              ],
              [
                5.9339225,
                49.8676992
              ],
              [
                5.9339496,
                49.8677327
              ],
              [
                5.9343028,
                49.8679965
              ],
              [
                5.9346304,
                49.8683076
              ],
              [
                5.9347425,
                49.8684188
              ],
              [
                5.9347326,
                49.868423
              ],
              [
                5.9346396,
                49.868462
              ],
              [
                5.9352161,
                49.869001
              ],
              [
                5.9352265,
                49.8690147
              ],
              [
                5.9354303,
                49.8692811
              ],
              [
                5.935531,
                49.8693702
              ],
              [
                5.9356701,
                49.8694811
              ],
              [
                5.9357383,
                49.8695419
              ],
              [
                5.9359537,
                49.8697608
              ],
              [
                5.9361817,
                49.8699999
              ],
              [
                5.9365616,
                49.8703135
              ],
              [
                5.9368338,
                49.8702828
              ],
              [
                5.9372182,
                49.8702394
              ],
              [
                5.9372492,
                49.8702359
              ],
              [
                5.9373297,
                49.8702722
              ],
              [
                5.9375266,
                49.8703609
              ],
              [
                5.9381001,
                49.8705139
              ],
              [
                5.9384176,
                49.8705425
              ],
              [
                5.9386751,
                49.870541
              ],
              [
                5.939184,
                49.8705251
              ],
              [
                5.9395574,
                49.8705019
              ],
              [
                5.9398003,
                49.8704774
              ],
              [
                5.9402714,
                49.8703259
              ],
              [
                5.9405911,
                49.8702655
              ],
              [
                5.9412444,
                49.8702321
              ],
              [
                5.9414163,
                49.8702189
              ],
              [
                5.9415514,
                49.8702331
              ],
              [
                5.9419548,
                49.8702134
              ],
              [
                5.9429443,
                49.8702925
              ],
              [
                5.943197,
                49.8703298
              ],
              [
                5.9437858,
                49.8704444
              ],
              [
                5.9438497,
                49.8704569
              ],
              [
                5.9439266,
                49.8704301
              ],
              [
                5.9439487,
                49.8704224
              ],
              [
                5.9440437,
                49.8704675
              ],
              [
                5.94434,
                49.8705035
              ],
              [
                5.9454012,
                49.870673
              ],
              [
                5.9456554,
                49.8706848
              ],
              [
                5.9459502,
                49.8706756
              ],
              [
                5.9464071,
                49.8706315
              ],
              [
                5.9467733,
                49.8705802
              ],
              [
                5.9471415,
                49.8705364
              ],
              [
                5.9473756,
                49.8705085
              ],
              [
                5.9474814,
                49.8704848
              ],
              [
                5.9475396,
                49.8704718
              ],
              [
                5.9477476,
                49.8704006
              ],
              [
                5.9478522,
                49.8703851
              ],
              [
                5.9480481,
                49.8703713
              ],
              [
                5.9481595,
                49.8703022
              ],
              [
                5.9482515,
                49.8702648
              ],
              [
                5.9484969,
                49.8701781
              ],
              [
                5.9488188,
                49.8700353
              ],
              [
                5.9491478,
                49.8698893
              ],
              [
                5.9492426,
                49.8698447
              ],
              [
                5.9493335,
                49.8697983
              ],
              [
                5.949452,
                49.8697237
              ],
              [
                5.9497895,
                49.8694653
              ],
              [
                5.94993,
                49.8693749
              ],
              [
                5.9501444,
                49.8692512
              ],
              [
                5.9502495,
                49.8692019
              ],
              [
                5.950363,
                49.8691536
              ],
              [
                5.950563,
                49.8691025
              ],
              [
                5.9512635,
                49.8690221
              ],
              [
                5.9515313,
                49.8689788
              ],
              [
                5.9520927,
                49.8689053
              ],
              [
                5.9524217,
                49.868858
              ],
              [
                5.952622,
                49.8688224
              ],
              [
                5.9527894,
                49.8687926
              ],
              [
                5.9530872,
                49.8687591
              ],
              [
                5.9538559,
                49.8686615
              ],
              [
                5.9540891,
                49.8686471
              ],
              [
                5.9543447,
                49.8686059
              ],
              [
                5.954448,
                49.8685905
              ],
              [
                5.9547241,
                49.8685048
              ],
              [
                5.9547038,
                49.8685012
              ],
              [
                5.955212,
                49.8683436
              ],
              [
                5.9552941,
                49.8682976
              ],
              [
                5.955948,
                49.8679314
              ],
              [
                5.9559588,
                49.8679373
              ],
              [
                5.9561068,
                49.8678198
              ],
              [
                5.9562647,
                49.8677097
              ],
              [
                5.9563866,
                49.8676011
              ],
              [
                5.9565481,
                49.8674321
              ],
              [
                5.9566902,
                49.8673114
              ],
              [
                5.9569585,
                49.8671758
              ],
              [
                5.9568509,
                49.866979
              ],
              [
                5.9568343,
                49.8669487
              ],
              [
                5.9568296,
                49.8669402
              ],
              [
                5.9568842,
                49.8669242
              ],
              [
                5.9569485,
                49.866805
              ],
              [
                5.9571777,
                49.8665845
              ],
              [
                5.9578754,
                49.8663784
              ],
              [
                5.9580788,
                49.8663813
              ],
              [
                5.9581091,
                49.866377
              ],
              [
                5.9581207,
                49.8663891
              ],
              [
                5.9581479,
                49.8664176
              ],
              [
                5.95826,
                49.8665352
              ],
              [
                5.9582842,
                49.8665449
              ],
              [
                5.958317,
                49.8665459
              ],
              [
                5.9585269,
                49.8664989
              ],
              [
                5.9585511,
                49.8665007
              ],
              [
                5.9587465,
                49.8664923
              ],
              [
                5.958959,
                49.8664831
              ],
              [
                5.9591102,
                49.8664816
              ],
              [
                5.9592514,
                49.8664722
              ],
              [
                5.9593184,
                49.8664741
              ],
              [
                5.959276,
                49.8663024
              ],
              [
                5.9592724,
                49.8662877
              ],
              [
                5.959339,
                49.866259
              ],
              [
                5.9595765,
                49.8662616
              ],
              [
                5.9601715,
                49.8662351
              ],
              [
                5.9604188,
                49.8662781
              ],
              [
                5.9606888,
                49.8662852
              ],
              [
                5.9607502,
                49.8662509
              ],
              [
                5.9608133,
                49.8662155
              ],
              [
                5.9610357,
                49.8661225
              ],
              [
                5.9611519,
                49.8659526
              ],
              [
                5.961749,
                49.8658156
              ],
              [
                5.9618689,
                49.8657399
              ],
              [
                5.9624294,
                49.8657279
              ],
              [
                5.9628335,
                49.865693
              ],
              [
                5.962836,
                49.8657044
              ],
              [
                5.9628354,
                49.8657067
              ],
              [
                5.962915,
                49.8661924
              ],
              [
                5.9632289,
                49.8661544
              ],
              [
                5.9635384,
                49.8661015
              ],
              [
                5.963711,
                49.8660721
              ],
              [
                5.9638569,
                49.8660338
              ],
              [
                5.9638679,
                49.8661074
              ],
              [
                5.9638926,
                49.8662728
              ],
              [
                5.964207,
                49.8666167
              ],
              [
                5.9641922,
                49.8665484
              ],
              [
                5.9641868,
                49.8664801
              ],
              [
                5.964197,
                49.8664267
              ],
              [
                5.9642187,
                49.8663654
              ],
              [
                5.9642633,
                49.8662752
              ],
              [
                5.9643135,
                49.8661894
              ],
              [
                5.9643609,
                49.8661203
              ],
              [
                5.9644397,
                49.8660206
              ],
              [
                5.9645514,
                49.8659034
              ],
              [
                5.9647619,
                49.865704
              ],
              [
                5.9648707,
                49.8656008
              ],
              [
                5.9651864,
                49.8650768
              ],
              [
                5.9652467,
                49.8650431
              ],
              [
                5.9652704,
                49.8650211
              ],
              [
                5.9652705,
                49.8649898
              ],
              [
                5.9652471,
                49.8649525
              ],
              [
                5.9652106,
                49.8649237
              ],
              [
                5.9651498,
                49.8648897
              ],
              [
                5.9652695,
                49.8646783
              ],
              [
                5.9654346,
                49.8642722
              ],
              [
                5.965597,
                49.8639679
              ],
              [
                5.9656374,
                49.8638963
              ],
              [
                5.9657049,
                49.8637531
              ],
              [
                5.9657513,
                49.8636731
              ],
              [
                5.965772,
                49.8636361
              ],
              [
                5.9660254,
                49.8632604
              ],
              [
                5.9661031,
                49.8631671
              ],
              [
                5.9661582,
                49.8629637
              ],
              [
                5.9662379,
                49.8628206
              ],
              [
                5.9664439,
                49.8625546
              ],
              [
                5.966682,
                49.862297
              ],
              [
                5.966769,
                49.8623354
              ],
              [
                5.9668877,
                49.8621447
              ],
              [
                5.9669063,
                49.8620793
              ],
              [
                5.9670463,
                49.8615885
              ],
              [
                5.9671458,
                49.8613311
              ],
              [
                5.9672122,
                49.861077
              ],
              [
                5.9671755,
                49.8610642
              ],
              [
                5.9672643,
                49.8609677
              ],
              [
                5.9675312,
                49.860807
              ],
              [
                5.9676937,
                49.8607092
              ],
              [
                5.9680449,
                49.8605746
              ],
              [
                5.9680983,
                49.8605597
              ],
              [
                5.968591,
                49.8604213
              ],
              [
                5.9688017,
                49.8603621
              ],
              [
                5.9691174,
                49.8602684
              ],
              [
                5.9693017,
                49.8602136
              ],
              [
                5.9694619,
                49.8601701
              ],
              [
                5.9696535,
                49.8601285
              ],
              [
                5.9700126,
                49.8600701
              ],
              [
                5.9702107,
                49.8600519
              ],
              [
                5.970417,
                49.8600386
              ],
              [
                5.9706047,
                49.8600443
              ],
              [
                5.9707903,
                49.8600634
              ],
              [
                5.9709726,
                49.8601045
              ],
              [
                5.971163,
                49.8601457
              ],
              [
                5.9714586,
                49.8601891
              ],
              [
                5.9716576,
                49.8602428
              ],
              [
                5.9718856,
                49.8603151
              ],
              [
                5.9721913,
                49.8603968
              ],
              [
                5.9727963,
                49.8605146
              ],
              [
                5.9730722,
                49.8605601
              ],
              [
                5.9732015,
                49.8605788
              ],
              [
                5.9733639,
                49.8606022
              ],
              [
                5.9736386,
                49.8606405
              ],
              [
                5.9745143,
                49.8607626
              ],
              [
                5.9745797,
                49.8607165
              ],
              [
                5.9751321,
                49.8609186
              ],
              [
                5.975051,
                49.8608399
              ],
              [
                5.9749945,
                49.8607045
              ],
              [
                5.9752706,
                49.8604768
              ],
              [
                5.9756415,
                49.860285
              ],
              [
                5.9758634,
                49.8601319
              ],
              [
                5.9760412,
                49.859934
              ],
              [
                5.9762842,
                49.8596866
              ],
              [
                5.9763737,
                49.8595023
              ],
              [
                5.9764701,
                49.8591761
              ],
              [
                5.9765014,
                49.8590124
              ],
              [
                5.9765484,
                49.8588557
              ],
              [
                5.976354,
                49.8588311
              ],
              [
                5.9762862,
                49.8588225
              ],
              [
                5.975924,
                49.8587766
              ],
              [
                5.975932,
                49.858636
              ],
              [
                5.9759638,
                49.8584616
              ],
              [
                5.975987,
                49.8583705
              ],
              [
                5.9759966,
                49.8583328
              ],
              [
                5.97601,
                49.8582202
              ],
              [
                5.9761209,
                49.8580343
              ],
              [
                5.976226,
                49.8578921
              ],
              [
                5.9762365,
                49.8578782
              ],
              [
                5.9762813,
                49.8578187
              ],
              [
                5.9763018,
                49.8577544
              ],
              [
                5.9763729,
                49.8576287
              ],
              [
                5.9763871,
                49.8576041
              ],
              [
                5.9764269,
                49.8574833
              ],
              [
                5.9764325,
                49.8574785
              ],
              [
                5.9766164,
                49.8573228
              ],
              [
                5.9766524,
                49.8572988
              ],
              [
                5.9767452,
                49.8572372
              ],
              [
                5.9768838,
                49.8571627
              ],
              [
                5.976888,
                49.8571604
              ],
              [
                5.9770561,
                49.8570762
              ],
              [
                5.9773678,
                49.8568595
              ],
              [
                5.9773861,
                49.8568441
              ],
              [
                5.9775119,
                49.8567385
              ],
              [
                5.9776562,
                49.8565854
              ],
              [
                5.9777221,
                49.856451
              ],
              [
                5.9777356,
                49.8564234
              ],
              [
                5.9778746,
                49.8561266
              ],
              [
                5.9779062,
                49.856059
              ],
              [
                5.9779962,
                49.8557608
              ],
              [
                5.9780181,
                49.8556452
              ],
              [
                5.9780568,
                49.85543
              ],
              [
                5.9779577,
                49.8553237
              ],
              [
                5.9778031,
                49.8551818
              ],
              [
                5.977765,
                49.8551688
              ],
              [
                5.9775007,
                49.8551173
              ],
              [
                5.9772003,
                49.8551087
              ],
              [
                5.9774475,
                49.8550007
              ],
              [
                5.9778289,
                49.854834
              ],
              [
                5.9778433,
                49.8548277
              ],
              [
                5.9781654,
                49.8547318
              ],
              [
                5.9783279,
                49.8546492
              ],
              [
                5.9784728,
                49.8545754
              ],
              [
                5.9787556,
                49.8544638
              ],
              [
                5.9788426,
                49.8544595
              ],
              [
                5.9789358,
                49.8543925
              ],
              [
                5.9790543,
                49.8543048
              ],
              [
                5.9790958,
                49.8542233
              ],
              [
                5.9791425,
                49.8541322
              ],
              [
                5.9792172,
                49.8539865
              ],
              [
                5.9792671,
                49.8538915
              ],
              [
                5.9793159,
                49.8537987
              ],
              [
                5.9794495,
                49.853579
              ],
              [
                5.9794683,
                49.8535479
              ],
              [
                5.9796162,
                49.8533724
              ],
              [
                5.9796892,
                49.8533119
              ],
              [
                5.9797225,
                49.8532824
              ],
              [
                5.9797254,
                49.8532798
              ],
              [
                5.9798664,
                49.8531894
              ],
              [
                5.980055,
                49.85309
              ],
              [
                5.9801868,
                49.8529957
              ],
              [
                5.9802999,
                49.8529148
              ],
              [
                5.9804041,
                49.8528313
              ],
              [
                5.9806385,
                49.8526932
              ],
              [
                5.9808787,
                49.8526312
              ],
              [
                5.980924,
                49.8526346
              ],
              [
                5.9809638,
                49.8526272
              ],
              [
                5.9810632,
                49.852592
              ],
              [
                5.9810896,
                49.8525841
              ],
              [
                5.9811509,
                49.8525775
              ],
              [
                5.9812341,
                49.8525622
              ],
              [
                5.9813088,
                49.8525359
              ],
              [
                5.981371,
                49.8525023
              ],
              [
                5.9814404,
                49.8524547
              ],
              [
                5.9814635,
                49.8524547
              ],
              [
                5.9817081,
                49.8524317
              ],
              [
                5.9821597,
                49.8526737
              ],
              [
                5.9826945,
                49.8529618
              ],
              [
                5.9830912,
                49.8531783
              ],
              [
                5.9832558,
                49.8532684
              ],
              [
                5.9819198,
                49.853835
              ],
              [
                5.9821354,
                49.8540182
              ],
              [
                5.9821948,
                49.8540688
              ],
              [
                5.9823223,
                49.8541759
              ],
              [
                5.9824971,
                49.8543227
              ],
              [
                5.9826254,
                49.8544254
              ],
              [
                5.9825597,
                49.8544949
              ],
              [
                5.9824954,
                49.8545629
              ],
              [
                5.9824072,
                49.8546561
              ],
              [
                5.9822847,
                49.8547857
              ],
              [
                5.9822536,
                49.8548185
              ],
              [
                5.9822201,
                49.8548539
              ],
              [
                5.9821549,
                49.8549228
              ],
              [
                5.9821155,
                49.8549645
              ],
              [
                5.9820113,
                49.8550747
              ],
              [
                5.9819183,
                49.8551731
              ],
              [
                5.9817728,
                49.8553269
              ],
              [
                5.9816227,
                49.8554856
              ],
              [
                5.9815527,
                49.8555596
              ],
              [
                5.981486,
                49.8556301
              ],
              [
                5.9814689,
                49.8556482
              ],
              [
                5.9814144,
                49.855815
              ],
              [
                5.9813905,
                49.8558882
              ],
              [
                5.9813629,
                49.8559953
              ],
              [
                5.9813254,
                49.8561676
              ],
              [
                5.9812361,
                49.8562414
              ],
              [
                5.981716,
                49.8562257
              ],
              [
                5.9821213,
                49.8562627
              ],
              [
                5.9822053,
                49.856274
              ],
              [
                5.9822522,
                49.8562803
              ],
              [
                5.9823121,
                49.8562884
              ],
              [
                5.9823864,
                49.8563041
              ],
              [
                5.9824802,
                49.856324
              ],
              [
                5.9825792,
                49.8563513
              ],
              [
                5.9827179,
                49.8563896
              ],
              [
                5.9829586,
                49.8564678
              ],
              [
                5.9829859,
                49.8564767
              ],
              [
                5.983176,
                49.8565402
              ],
              [
                5.9832031,
                49.8565493
              ],
              [
                5.983442,
                49.8566292
              ],
              [
                5.9835612,
                49.856669
              ],
              [
                5.9837761,
                49.8567402
              ],
              [
                5.9838516,
                49.8567584
              ],
              [
                5.9839027,
                49.8567708
              ],
              [
                5.984229,
                49.8568499
              ],
              [
                5.9845788,
                49.8569222
              ],
              [
                5.984797,
                49.8569575
              ],
              [
                5.9848203,
                49.8569616
              ],
              [
                5.9850849,
                49.8570071
              ],
              [
                5.9851817,
                49.8570238
              ],
              [
                5.9854307,
                49.8570726
              ],
              [
                5.9855846,
                49.8571027
              ],
              [
                5.9859073,
                49.8571465
              ],
              [
                5.9860088,
                49.85717
              ],
              [
                5.9863485,
                49.8572508
              ],
              [
                5.9863753,
                49.8572572
              ],
              [
                5.9867675,
                49.8573715
              ],
              [
                5.986758,
                49.857402
              ],
              [
                5.9867469,
                49.8576074
              ],
              [
                5.9867441,
                49.8576581
              ],
              [
                5.9867415,
                49.8577063
              ],
              [
                5.9866939,
                49.8579184
              ],
              [
                5.9866649,
                49.8580124
              ],
              [
                5.9864786,
                49.8582298
              ],
              [
                5.9862181,
                49.8585236
              ],
              [
                5.9861546,
                49.8585952
              ],
              [
                5.9861632,
                49.8585998
              ],
              [
                5.9864638,
                49.8587606
              ],
              [
                5.9864961,
                49.8587781
              ],
              [
                5.9865338,
                49.8588027
              ],
              [
                5.9865484,
                49.8588201
              ],
              [
                5.9865776,
                49.8588547
              ],
              [
                5.9865984,
                49.8589018
              ],
              [
                5.9866059,
                49.8589501
              ],
              [
                5.9866019,
                49.8590045
              ],
              [
                5.9865959,
                49.859054
              ],
              [
                5.9865582,
                49.8591881
              ],
              [
                5.9865176,
                49.8593019
              ],
              [
                5.9864597,
                49.859444
              ],
              [
                5.9862813,
                49.8598316
              ],
              [
                5.9862379,
                49.8599522
              ],
              [
                5.9862282,
                49.8599905
              ],
              [
                5.9861809,
                49.8603455
              ],
              [
                5.9862392,
                49.8606811
              ],
              [
                5.9862408,
                49.8606907
              ],
              [
                5.9862594,
                49.8608293
              ],
              [
                5.9862649,
                49.8609172
              ],
              [
                5.9863566,
                49.860926
              ],
              [
                5.9864026,
                49.8611518
              ],
              [
                5.9863985,
                49.8612211
              ],
              [
                5.9863732,
                49.8613423
              ],
              [
                5.9863335,
                49.8614752
              ],
              [
                5.9862833,
                49.8616075
              ],
              [
                5.9862333,
                49.8616928
              ],
              [
                5.9862034,
                49.8617391
              ],
              [
                5.9861362,
                49.8618133
              ],
              [
                5.986025,
                49.861896
              ],
              [
                5.985837,
                49.8620255
              ],
              [
                5.9864355,
                49.8623438
              ],
              [
                5.9860571,
                49.8625282
              ],
              [
                5.9858348,
                49.8626429
              ],
              [
                5.9856795,
                49.8627342
              ],
              [
                5.9855693,
                49.8628126
              ],
              [
                5.9854849,
                49.8628793
              ],
              [
                5.9854638,
                49.862899
              ],
              [
                5.9854943,
                49.8629015
              ],
              [
                5.985678,
                49.8629018
              ],
              [
                5.9859036,
                49.8628939
              ],
              [
                5.9860509,
                49.8628888
              ],
              [
                5.9863589,
                49.862867
              ],
              [
                5.9864688,
                49.8628574
              ],
              [
                5.9866784,
                49.8628391
              ],
              [
                5.9869076,
                49.8628084
              ],
              [
                5.98724,
                49.8627639
              ],
              [
                5.9875907,
                49.8627083
              ],
              [
                5.987734,
                49.8626856
              ],
              [
                5.9877816,
                49.8626781
              ],
              [
                5.987806,
                49.8626608
              ],
              [
                5.987841,
                49.8626361
              ],
              [
                5.9879398,
                49.8625627
              ],
              [
                5.9880634,
                49.8624756
              ],
              [
                5.9881976,
                49.8624004
              ],
              [
                5.9884608,
                49.862269
              ],
              [
                5.9885214,
                49.8622388
              ],
              [
                5.9886766,
                49.8621611
              ],
              [
                5.9887973,
                49.8620933
              ],
              [
                5.9889497,
                49.8620013
              ],
              [
                5.9890436,
                49.8619371
              ],
              [
                5.989128,
                49.8618742
              ],
              [
                5.9892815,
                49.8617532
              ],
              [
                5.9893802,
                49.861676
              ],
              [
                5.9894588,
                49.8616353
              ],
              [
                5.9895698,
                49.8615984
              ],
              [
                5.9896675,
                49.861575
              ],
              [
                5.9897919,
                49.861543
              ],
              [
                5.9899029,
                49.8615061
              ],
              [
                5.989947,
                49.8614876
              ],
              [
                5.9900083,
                49.8614555
              ],
              [
                5.9900467,
                49.8614234
              ],
              [
                5.9900669,
                49.8613919
              ],
              [
                5.990094,
                49.8612967
              ],
              [
                5.9901607,
                49.8613512
              ],
              [
                5.9905716,
                49.8616964
              ],
              [
                5.9907418,
                49.8616991
              ],
              [
                5.9908737,
                49.8617117
              ],
              [
                5.9910018,
                49.8617354
              ],
              [
                5.9911107,
                49.861764
              ],
              [
                5.9911393,
                49.8617702
              ],
              [
                5.9913385,
                49.8618654
              ],
              [
                5.9915574,
                49.8619701
              ],
              [
                5.9918314,
                49.8621047
              ],
              [
                5.9918983,
                49.8621335
              ],
              [
                5.9919841,
                49.8621705
              ],
              [
                5.9921102,
                49.862214
              ],
              [
                5.9922172,
                49.8622438
              ],
              [
                5.9923146,
                49.8622687
              ],
              [
                5.9924618,
                49.8622925
              ],
              [
                5.9927189,
                49.8623306
              ],
              [
                5.9928546,
                49.8623444
              ],
              [
                5.9930004,
                49.8623529
              ],
              [
                5.9931442,
                49.8623566
              ],
              [
                5.9932383,
                49.8623487
              ],
              [
                5.9934089,
                49.8623156
              ],
              [
                5.9934836,
                49.8622905
              ],
              [
                5.993763,
                49.8623784
              ],
              [
                5.9937899,
                49.8623869
              ],
              [
                5.9938149,
                49.8623948
              ],
              [
                5.993998,
                49.8624524
              ],
              [
                5.9941327,
                49.8624947
              ],
              [
                5.994095,
                49.8626038
              ],
              [
                5.9940715,
                49.8627094
              ],
              [
                5.994065,
                49.8627904
              ],
              [
                5.994049,
                49.8628409
              ],
              [
                5.9940381,
                49.8628754
              ],
              [
                5.993988,
                49.8629855
              ],
              [
                5.9939335,
                49.863071
              ],
              [
                5.9938604,
                49.8631525
              ],
              [
                5.9937695,
                49.8632408
              ],
              [
                5.9936662,
                49.8633279
              ],
              [
                5.9938374,
                49.8634098
              ],
              [
                5.9941286,
                49.8635492
              ],
              [
                5.9945532,
                49.8637524
              ],
              [
                5.9945605,
                49.8637559
              ],
              [
                5.9947879,
                49.863864
              ],
              [
                5.9950028,
                49.8639662
              ],
              [
                5.9955239,
                49.8642173
              ],
              [
                5.9959502,
                49.8644104
              ],
              [
                5.9959636,
                49.8644161
              ],
              [
                5.9960063,
                49.8644343
              ],
              [
                5.9962392,
                49.8645337
              ],
              [
                5.9964282,
                49.8646041
              ],
              [
                5.9966014,
                49.8646687
              ],
              [
                5.9968998,
                49.8647799
              ],
              [
                5.997214,
                49.8648983
              ],
              [
                5.9977042,
                49.8650831
              ],
              [
                5.9977944,
                49.8651172
              ],
              [
                5.9976992,
                49.86519
              ],
              [
                5.9976458,
                49.8652324
              ],
              [
                5.9975942,
                49.8652587
              ],
              [
                5.9973666,
                49.8653411
              ],
              [
                5.9972291,
                49.8653777
              ],
              [
                5.9971604,
                49.8653959
              ],
              [
                5.997084,
                49.8654142
              ],
              [
                5.9970236,
                49.8654417
              ],
              [
                5.9969149,
                49.8655311
              ],
              [
                5.9967182,
                49.8656876
              ],
              [
                5.9965567,
                49.8658079
              ],
              [
                5.9964921,
                49.8658561
              ],
              [
                5.99607,
                49.8661669
              ],
              [
                5.9960336,
                49.8661936
              ],
              [
                5.9959749,
                49.8662142
              ],
              [
                5.9957564,
                49.866261
              ],
              [
                5.9957386,
                49.866269
              ],
              [
                5.9957297,
                49.8662805
              ],
              [
                5.9957231,
                49.8663844
              ],
              [
                5.9957105,
                49.866428
              ],
              [
                5.9956516,
                49.8665221
              ],
              [
                5.9954025,
                49.8669117
              ],
              [
                5.9953596,
                49.8669978
              ],
              [
                5.9953317,
                49.867081
              ],
              [
                5.995312,
                49.8671281
              ],
              [
                5.995237,
                49.8672394
              ],
              [
                5.9951443,
                49.8673702
              ],
              [
                5.995081,
                49.8674361
              ],
              [
                5.9950276,
                49.8674694
              ],
              [
                5.99496,
                49.8675106
              ],
              [
                5.9949297,
                49.8675393
              ],
              [
                5.9949029,
                49.8675921
              ],
              [
                5.9948795,
                49.867677
              ],
              [
                5.9948159,
                49.8678314
              ],
              [
                5.994764,
                49.8679359
              ],
              [
                5.9947301,
                49.8679932
              ],
              [
                5.994657,
                49.8680574
              ],
              [
                5.9945903,
                49.8681004
              ],
              [
                5.9945457,
                49.8681382
              ],
              [
                5.9945137,
                49.8681738
              ],
              [
                5.9944975,
                49.8682186
              ],
              [
                5.9944972,
                49.8682955
              ],
              [
                5.9945022,
                49.8683863
              ],
              [
                5.9944941,
                49.8684316
              ],
              [
                5.9944637,
                49.8684913
              ],
              [
                5.9944457,
                49.8685499
              ],
              [
                5.9944312,
                49.8686463
              ],
              [
                5.9944166,
                49.8687451
              ],
              [
                5.9943997,
                49.8687629
              ],
              [
                5.994348,
                49.868803
              ],
              [
                5.9942074,
                49.8689153
              ],
              [
                5.9941862,
                49.8689352
              ],
              [
                5.9941147,
                49.8690025
              ],
              [
                5.9940026,
                49.8691528
              ],
              [
                5.9939354,
                49.8692428
              ],
              [
                5.9937383,
                49.8694878
              ],
              [
                5.9935659,
                49.8697325
              ],
              [
                5.9935419,
                49.8697666
              ],
              [
                5.9939279,
                49.8698458
              ],
              [
                5.9945418,
                49.8699823
              ],
              [
                5.9947281,
                49.8700308
              ],
              [
                5.9949418,
                49.8701155
              ],
              [
                5.9950677,
                49.8701835
              ],
              [
                5.9951473,
                49.8702502
              ],
              [
                5.9951786,
                49.870284
              ],
              [
                5.9952323,
                49.8703422
              ],
              [
                5.9952676,
                49.8703836
              ],
              [
                5.9952869,
                49.8704181
              ],
              [
                5.9953391,
                49.8705118
              ],
              [
                5.9953466,
                49.870541
              ],
              [
                5.9953671,
                49.8706209
              ],
              [
                5.9954058,
                49.870729
              ],
              [
                5.995479,
                49.8708904
              ],
              [
                5.9956451,
                49.8710974
              ],
              [
                5.9957521,
                49.8712222
              ],
              [
                5.9960218,
                49.8715459
              ],
              [
                5.9961988,
                49.8717801
              ],
              [
                5.9962269,
                49.8718173
              ],
              [
                5.9964751,
                49.8721748
              ],
              [
                5.9964925,
                49.8722573
              ],
              [
                5.9964172,
                49.8723909
              ],
              [
                5.9963124,
                49.8725768
              ],
              [
                5.9962546,
                49.8726921
              ],
              [
                5.9961182,
                49.8729645
              ],
              [
                5.9959969,
                49.872934
              ],
              [
                5.9958614,
                49.8729137
              ],
              [
                5.9957808,
                49.8729017
              ],
              [
                5.9956963,
                49.87289
              ],
              [
                5.9953939,
                49.8728482
              ],
              [
                5.9952287,
                49.8728377
              ],
              [
                5.9951194,
                49.8728334
              ],
              [
                5.9947973,
                49.8728209
              ],
              [
                5.9947368,
                49.8728195
              ],
              [
                5.9943222,
                49.8728093
              ],
              [
                5.994012,
                49.8728063
              ],
              [
                5.9936385,
                49.8728026
              ],
              [
                5.9934298,
                49.8728051
              ],
              [
                5.9930319,
                49.8728218
              ],
              [
                5.9928515,
                49.8728749
              ],
              [
                5.992743,
                49.8729046
              ],
              [
                5.9926719,
                49.8729401
              ],
              [
                5.9925971,
                49.8730031
              ],
              [
                5.9925222,
                49.8730777
              ],
              [
                5.9924919,
                49.8731155
              ],
              [
                5.9924044,
                49.8732303
              ],
              [
                5.9923267,
                49.8733708
              ],
              [
                5.9922979,
                49.8734627
              ],
              [
                5.9922817,
                49.8735385
              ],
              [
                5.9922922,
                49.8736179
              ],
              [
                5.9923039,
                49.8737061
              ],
              [
                5.9923188,
                49.8738182
              ],
              [
                5.9923414,
                49.8739561
              ],
              [
                5.9924037,
                49.8741715
              ],
              [
                5.9924389,
                49.8742497
              ],
              [
                5.9925937,
                49.874417
              ],
              [
                5.9926592,
                49.8744826
              ],
              [
                5.9928629,
                49.8746391
              ],
              [
                5.9929701,
                49.8747156
              ],
              [
                5.9931792,
                49.8748354
              ],
              [
                5.9933885,
                49.8749195
              ],
              [
                5.9936118,
                49.8750393
              ],
              [
                5.9935987,
                49.8752189
              ],
              [
                5.9936128,
                49.8755023
              ],
              [
                5.9939252,
                49.8757712
              ],
              [
                5.9941995,
                49.8760091
              ],
              [
                5.9944864,
                49.8762568
              ],
              [
                5.9942446,
                49.8763728
              ],
              [
                5.9940926,
                49.8764436
              ],
              [
                5.9940539,
                49.8764674
              ],
              [
                5.9939298,
                49.8765441
              ],
              [
                5.9936821,
                49.8767669
              ],
              [
                5.9935084,
                49.8769405
              ],
              [
                5.9934165,
                49.877038
              ],
              [
                5.9935075,
                49.8770725
              ],
              [
                5.9935713,
                49.8770967
              ],
              [
                5.9939703,
                49.8772478
              ],
              [
                5.9942936,
                49.8773702
              ],
              [
                5.9946757,
                49.8775149
              ],
              [
                5.9960062,
                49.8780188
              ],
              [
                5.9966054,
                49.8783322
              ],
              [
                5.9970158,
                49.8786119
              ],
              [
                5.997152,
                49.8783805
              ],
              [
                5.9972552,
                49.8781443
              ],
              [
                5.9974875,
                49.8776401
              ],
              [
                5.9975269,
                49.8775622
              ],
              [
                5.9977147,
                49.8772093
              ],
              [
                5.9978097,
                49.877031
              ],
              [
                5.9979632,
                49.8767535
              ],
              [
                5.9980711,
                49.8765584
              ],
              [
                5.9982242,
                49.8764512
              ],
              [
                5.9983683,
                49.8763901
              ],
              [
                5.9985596,
                49.876309
              ],
              [
                5.9988328,
                49.8762145
              ],
              [
                5.9990006,
                49.8761592
              ],
              [
                5.9991415,
                49.8761171
              ],
              [
                5.9992717,
                49.8760809
              ],
              [
                5.9994397,
                49.8760373
              ],
              [
                5.9996846,
                49.8759774
              ],
              [
                5.9998983,
                49.8760645
              ],
              [
                6.0002136,
                49.8761929
              ],
              [
                6.0003719,
                49.8762574
              ],
              [
                6.0008549,
                49.8764409
              ],
              [
                6.0009989,
                49.8765124
              ],
              [
                6.0011131,
                49.8765691
              ],
              [
                6.0012385,
                49.8766313
              ],
              [
                6.0016068,
                49.8768439
              ],
              [
                6.0018439,
                49.8769846
              ],
              [
                6.0020481,
                49.8771607
              ],
              [
                6.0022733,
                49.8773401
              ],
              [
                6.0023117,
                49.8773707
              ],
              [
                6.0024216,
                49.8774648
              ],
              [
                6.0027558,
                49.8777491
              ],
              [
                6.0028912,
                49.8778711
              ],
              [
                6.002897,
                49.8778766
              ],
              [
                6.0030796,
                49.8780505
              ],
              [
                6.0031859,
                49.8781517
              ],
              [
                6.0032005,
                49.8781657
              ],
              [
                6.0028089,
                49.8782303
              ],
              [
                6.0027821,
                49.8782359
              ],
              [
                6.0026684,
                49.8782598
              ],
              [
                6.0025744,
                49.8782796
              ],
              [
                6.0024677,
                49.878302
              ],
              [
                6.0023488,
                49.8783262
              ],
              [
                6.0022412,
                49.878348
              ],
              [
                6.0022294,
                49.8783499
              ],
              [
                6.002082,
                49.8783742
              ],
              [
                6.0020423,
                49.8783783
              ],
              [
                6.0019213,
                49.8783909
              ],
              [
                6.0018615,
                49.878392
              ],
              [
                6.0017512,
                49.878394
              ],
              [
                6.0016438,
                49.8783891
              ],
              [
                6.0014001,
                49.8783781
              ],
              [
                6.0012153,
                49.8783696
              ],
              [
                6.001153,
                49.8785611
              ],
              [
                6.001126,
                49.8786438
              ],
              [
                6.0012659,
                49.8787507
              ],
              [
                6.0013751,
                49.878833
              ],
              [
                6.00148,
                49.8789087
              ],
              [
                6.0020705,
                49.8789412
              ],
              [
                6.002234,
                49.8789584
              ],
              [
                6.0023055,
                49.8789746
              ],
              [
                6.0023492,
                49.8789973
              ],
              [
                6.0024017,
                49.87902
              ],
              [
                6.0024616,
                49.8790315
              ],
              [
                6.0027801,
                49.8790638
              ],
              [
                6.0031353,
                49.8790999
              ],
              [
                6.0032083,
                49.8791029
              ],
              [
                6.0032433,
                49.8790982
              ],
              [
                6.0032901,
                49.8790851
              ],
              [
                6.0033252,
                49.8790766
              ],
              [
                6.0033675,
                49.8790852
              ],
              [
                6.0034273,
                49.8791004
              ],
              [
                6.0034769,
                49.879107
              ],
              [
                6.0035814,
                49.8791067
              ],
              [
                6.0036778,
                49.8791002
              ],
              [
                6.0037202,
                49.8790934
              ],
              [
                6.0037654,
                49.8790862
              ],
              [
                6.0038589,
                49.8790731
              ],
              [
                6.0040241,
                49.8790346
              ],
              [
                6.004195,
                49.8789962
              ],
              [
                6.0042593,
                49.8789859
              ],
              [
                6.0042995,
                49.8789892
              ],
              [
                6.0044002,
                49.8790101
              ],
              [
                6.0045154,
                49.8790481
              ],
              [
                6.0045985,
                49.8790737
              ],
              [
                6.0046552,
                49.8790865
              ],
              [
                6.004762,
                49.8791107
              ],
              [
                6.0049108,
                49.879143
              ],
              [
                6.0049794,
                49.8791545
              ],
              [
                6.0050276,
                49.8791555
              ],
              [
                6.0051919,
                49.8791373
              ],
              [
                6.0053028,
                49.8791273
              ],
              [
                6.0055337,
                49.8791066
              ],
              [
                6.0058257,
                49.8790789
              ],
              [
                6.006205,
                49.8790429
              ],
              [
                6.0063162,
                49.8790329
              ],
              [
                6.0066483,
                49.8790034
              ],
              [
                6.0068162,
                49.8789951
              ],
              [
                6.0069447,
                49.8789953
              ],
              [
                6.0070261,
                49.8790735
              ],
              [
                6.0070568,
                49.8791031
              ],
              [
                6.0070972,
                49.8791278
              ],
              [
                6.0071341,
                49.8791504
              ],
              [
                6.0072157,
                49.8791817
              ],
              [
                6.0072945,
                49.879212
              ],
              [
                6.0074273,
                49.8792529
              ],
              [
                6.0075301,
                49.8792845
              ],
              [
                6.007711,
                49.8793282
              ],
              [
                6.0078292,
                49.8793492
              ],
              [
                6.0079968,
                49.8793693
              ],
              [
                6.0080993,
                49.8793816
              ],
              [
                6.0082182,
                49.8793993
              ],
              [
                6.0084065,
                49.8794411
              ],
              [
                6.0085305,
                49.8794592
              ],
              [
                6.0086809,
                49.879467
              ],
              [
                6.0089686,
                49.8794703
              ],
              [
                6.0090044,
                49.8794707
              ],
              [
                6.009081,
                49.8794702
              ],
              [
                6.0093665,
                49.8794684
              ],
              [
                6.0095169,
                49.8794733
              ],
              [
                6.009679,
                49.8794735
              ],
              [
                6.0097637,
                49.8794661
              ],
              [
                6.009836,
                49.8794515
              ],
              [
                6.009879,
                49.8792675
              ],
              [
                6.0100586,
                49.8792649
              ],
              [
                6.0101211,
                49.8791398
              ],
              [
                6.0102517,
                49.8791724
              ],
              [
                6.0103341,
                49.879193
              ],
              [
                6.0104567,
                49.8792224
              ],
              [
                6.0105034,
                49.8792291
              ],
              [
                6.0105983,
                49.8792274
              ],
              [
                6.0106562,
                49.8792232
              ],
              [
                6.0108827,
                49.8795578
              ],
              [
                6.0109261,
                49.8796381
              ],
              [
                6.0109582,
                49.8796976
              ],
              [
                6.0110065,
                49.8798169
              ],
              [
                6.0110451,
                49.879914
              ],
              [
                6.0111679,
                49.8798714
              ],
              [
                6.0112492,
                49.8798361
              ],
              [
                6.0113163,
                49.8798236
              ],
              [
                6.0114046,
                49.8798066
              ],
              [
                6.0115071,
                49.8797839
              ],
              [
                6.0115955,
                49.8797532
              ],
              [
                6.011675,
                49.8797179
              ],
              [
                6.0117617,
                49.8796575
              ],
              [
                6.0118981,
                49.8795362
              ],
              [
                6.0119457,
                49.8795602
              ],
              [
                6.0119845,
                49.879566
              ],
              [
                6.0120216,
                49.8795637
              ],
              [
                6.0120728,
                49.8795592
              ],
              [
                6.0121098,
                49.8795616
              ],
              [
                6.012138,
                49.8795696
              ],
              [
                6.0121733,
                49.8795868
              ],
              [
                6.0122086,
                49.8795994
              ],
              [
                6.0122633,
                49.8796109
              ],
              [
                6.0122631,
                49.8796714
              ],
              [
                6.0122752,
                49.8797536
              ],
              [
                6.0122875,
                49.879773
              ],
              [
                6.0123068,
                49.8797924
              ],
              [
                6.0123482,
                49.8798193
              ],
              [
                6.012357,
                49.8798285
              ],
              [
                6.0123605,
                49.8798422
              ],
              [
                6.0123534,
                49.8798501
              ],
              [
                6.0123446,
                49.8798547
              ],
              [
                6.0123092,
                49.8798626
              ],
              [
                6.0122403,
                49.8798831
              ],
              [
                6.0122156,
                49.8798968
              ],
              [
                6.0121961,
                49.879915
              ],
              [
                6.0121925,
                49.8799344
              ],
              [
                6.0121924,
                49.8799527
              ],
              [
                6.0122029,
                49.8799767
              ],
              [
                6.0122716,
                49.8800498
              ],
              [
                6.0122508,
                49.8801862
              ],
              [
                6.0122541,
                49.8802799
              ],
              [
                6.012266,
                49.8804283
              ],
              [
                6.0122717,
                49.8805647
              ],
              [
                6.0118543,
                49.8805929
              ],
              [
                6.011647,
                49.8806068
              ],
              [
                6.0116183,
                49.8806129
              ],
              [
                6.0115684,
                49.8807659
              ],
              [
                6.0115317,
                49.8809125
              ],
              [
                6.0115064,
                49.8811123
              ],
              [
                6.0117093,
                49.8814168
              ],
              [
                6.0117743,
                49.8815059
              ],
              [
                6.0118245,
                49.8815648
              ],
              [
                6.0119371,
                49.8816814
              ],
              [
                6.0121131,
                49.881838
              ],
              [
                6.0121757,
                49.8818878
              ],
              [
                6.0126802,
                49.8822795
              ],
              [
                6.0130651,
                49.8825603
              ],
              [
                6.0132623,
                49.8827147
              ],
              [
                6.0133697,
                49.8828061
              ],
              [
                6.0134392,
                49.8828742
              ],
              [
                6.0135061,
                49.8829462
              ],
              [
                6.0135413,
                49.8829942
              ],
              [
                6.0135905,
                49.8830707
              ],
              [
                6.0136255,
                49.8831427
              ],
              [
                6.0136421,
                49.8831981
              ],
              [
                6.0136665,
                49.8833054
              ],
              [
                6.0136717,
                49.88335
              ],
              [
                6.0137311,
                49.883347
              ],
              [
                6.01385,
                49.8833411
              ],
              [
                6.0137452,
                49.8838233
              ],
              [
                6.0137103,
                49.8839791
              ],
              [
                6.0136673,
                49.8841788
              ],
              [
                6.0135701,
                49.8844681
              ],
              [
                6.0136265,
                49.8844899
              ],
              [
                6.0136444,
                49.8847051
              ],
              [
                6.0136739,
                49.8848718
              ],
              [
                6.0137285,
                49.8851841
              ],
              [
                6.0137326,
                49.8852818
              ],
              [
                6.013729,
                49.8853012
              ],
              [
                6.0136933,
                49.8854164
              ],
              [
                6.0136754,
                49.8855203
              ],
              [
                6.0136705,
                49.8856601
              ],
              [
                6.0136809,
                49.885707
              ],
              [
                6.0136966,
                49.8857721
              ],
              [
                6.0137533,
                49.8860079
              ],
              [
                6.0137637,
                49.8860707
              ],
              [
                6.0137616,
                49.8861586
              ],
              [
                6.0137428,
                49.8862527
              ],
              [
                6.013716,
                49.8863498
              ],
              [
                6.0136466,
                49.8865255
              ],
              [
                6.0135691,
                49.886504
              ],
              [
                6.013539,
                49.8864957
              ],
              [
                6.0134724,
                49.8865966
              ],
              [
                6.0134245,
                49.886665
              ],
              [
                6.0133696,
                49.8867278
              ],
              [
                6.0132492,
                49.8868304
              ],
              [
                6.0131739,
                49.8869085
              ],
              [
                6.0130977,
                49.8869963
              ],
              [
                6.0130498,
                49.8870658
              ],
              [
                6.0129104,
                49.8873479
              ],
              [
                6.012857,
                49.8874746
              ],
              [
                6.0127798,
                49.8876098
              ],
              [
                6.0126493,
                49.8878339
              ],
              [
                6.0125871,
                49.8879583
              ],
              [
                6.0125266,
                49.8881021
              ],
              [
                6.0124705,
                49.8882578
              ],
              [
                6.0125796,
                49.8882803
              ],
              [
                6.0127546,
                49.8883164
              ],
              [
                6.012772,
                49.8883838
              ],
              [
                6.0128079,
                49.8884712
              ],
              [
                6.0128974,
                49.888654
              ],
              [
                6.0130755,
                49.8890087
              ],
              [
                6.0133307,
                49.8895539
              ],
              [
                6.0133456,
                49.8895856
              ],
              [
                6.0133591,
                49.8896117
              ],
              [
                6.0134087,
                49.8897067
              ],
              [
                6.0132552,
                49.8902362
              ],
              [
                6.0132481,
                49.8902522
              ],
              [
                6.0130309,
                49.8905162
              ],
              [
                6.0129529,
                49.8906177
              ],
              [
                6.0128535,
                49.8907786
              ],
              [
                6.012838,
                49.8908014
              ],
              [
                6.0128287,
                49.8908151
              ],
              [
                6.0128202,
                49.8908282
              ],
              [
                6.0126849,
                49.8910391
              ],
              [
                6.0126592,
                49.8910791
              ],
              [
                6.012619,
                49.8911367
              ],
              [
                6.0125074,
                49.8912968
              ],
              [
                6.0124529,
                49.891375
              ],
              [
                6.0127188,
                49.8914529
              ],
              [
                6.0131105,
                49.8915592
              ],
              [
                6.0134846,
                49.8916545
              ],
              [
                6.0138569,
                49.8917474
              ],
              [
                6.0141189,
                49.8918043
              ],
              [
                6.0148205,
                49.8919433
              ],
              [
                6.0148513,
                49.8919501
              ],
              [
                6.0141754,
                49.8921028
              ],
              [
                6.0136399,
                49.8922311
              ],
              [
                6.0130939,
                49.8923525
              ],
              [
                6.0124232,
                49.8925131
              ],
              [
                6.0122482,
                49.8925677
              ],
              [
                6.0121722,
                49.8926019
              ],
              [
                6.0121297,
                49.8926269
              ],
              [
                6.0120315,
                49.8927038
              ],
              [
                6.0119447,
                49.8927677
              ],
              [
                6.0117676,
                49.8929216
              ],
              [
                6.0115897,
                49.8930749
              ],
              [
                6.0114852,
                49.8931672
              ],
              [
                6.0113435,
                49.8932857
              ],
              [
                6.0113612,
                49.8932968
              ],
              [
                6.0113872,
                49.8932996
              ],
              [
                6.0124928,
                49.8934102
              ],
              [
                6.0131451,
                49.8934733
              ],
              [
                6.013597,
                49.8935093
              ],
              [
                6.0140128,
                49.8935504
              ],
              [
                6.014248,
                49.8935784
              ],
              [
                6.0152157,
                49.8937055
              ],
              [
                6.0158627,
                49.8937869
              ],
              [
                6.0158417,
                49.8939826
              ],
              [
                6.0158288,
                49.8941733
              ],
              [
                6.0158287,
                49.8942087
              ],
              [
                6.0158109,
                49.8945369
              ],
              [
                6.0141289,
                49.8945678
              ],
              [
                6.0141036,
                49.8947447
              ],
              [
                6.0141069,
                49.8948246
              ],
              [
                6.0141057,
                49.8949119
              ],
              [
                6.0141055,
                49.8951551
              ],
              [
                6.0141052,
                49.8953429
              ],
              [
                6.0141068,
                49.8954183
              ],
              [
                6.0141084,
                49.8955245
              ],
              [
                6.014109,
                49.8955627
              ],
              [
                6.0140927,
                49.8956917
              ],
              [
                6.0140763,
                49.8958241
              ],
              [
                6.0140536,
                49.8960221
              ],
              [
                6.014046,
                49.8961957
              ],
              [
                6.0140429,
                49.8963458
              ],
              [
                6.0140445,
                49.8964109
              ],
              [
                6.0140514,
                49.8964554
              ],
              [
                6.0140653,
                49.8965125
              ],
              [
                6.0140837,
                49.8965736
              ],
              [
                6.014088,
                49.8965839
              ],
              [
                6.0141293,
                49.8966833
              ],
              [
                6.0141905,
                49.89685
              ],
              [
                6.0143002,
                49.8970688
              ],
              [
                6.0144362,
                49.897347
              ],
              [
                6.0144853,
                49.8974498
              ],
              [
                6.0145608,
                49.8976143
              ],
              [
                6.014613,
                49.8977292
              ],
              [
                6.0147771,
                49.8977408
              ],
              [
                6.0149164,
                49.8977597
              ],
              [
                6.0150512,
                49.8977852
              ],
              [
                6.0153049,
                49.8978334
              ],
              [
                6.0155114,
                49.8978944
              ],
              [
                6.0157773,
                49.897995
              ],
              [
                6.0159036,
                49.8980495
              ],
              [
                6.016147,
                49.898162
              ],
              [
                6.0161853,
                49.8981826
              ],
              [
                6.0163057,
                49.8982435
              ],
              [
                6.0163858,
                49.898292
              ],
              [
                6.0164029,
                49.8983023
              ],
              [
                6.0165363,
                49.8984061
              ],
              [
                6.0166394,
                49.8984902
              ],
              [
                6.0168526,
                49.8986981
              ],
              [
                6.017025,
                49.8988528
              ],
              [
                6.0173388,
                49.8990951
              ],
              [
                6.0174234,
                49.8991509
              ],
              [
                6.0174812,
                49.8991871
              ],
              [
                6.0176574,
                49.8992976
              ],
              [
                6.0180178,
                49.8994809
              ],
              [
                6.0184272,
                49.8996625
              ],
              [
                6.0186416,
                49.8997424
              ],
              [
                6.0189175,
                49.8998365
              ],
              [
                6.0192827,
                49.8999526
              ],
              [
                6.0195527,
                49.9000129
              ],
              [
                6.0196156,
                49.9000202
              ],
              [
                6.0202116,
                49.9000346
              ],
              [
                6.0202149,
                49.9000347
              ],
              [
                6.0203103,
                49.900037
              ],
              [
                6.0203042,
                49.9000729
              ],
              [
                6.0202912,
                49.9001493
              ],
              [
                6.0202692,
                49.9002784
              ],
              [
                6.0201986,
                49.9006923
              ],
              [
                6.0201697,
                49.900822
              ],
              [
                6.0201043,
                49.9009649
              ],
              [
                6.0200242,
                49.9011248
              ],
              [
                6.0199604,
                49.9012524
              ],
              [
                6.0198793,
                49.9013576
              ],
              [
                6.019866,
                49.9013704
              ],
              [
                6.019858,
                49.9013781
              ],
              [
                6.0197983,
                49.9014226
              ],
              [
                6.019722,
                49.901476
              ],
              [
                6.0195282,
                49.9015999
              ],
              [
                6.019302,
                49.9017182
              ],
              [
                6.0192343,
                49.9017541
              ],
              [
                6.0190724,
                49.9018404
              ],
              [
                6.018831,
                49.9019702
              ],
              [
                6.0186472,
                49.902068
              ],
              [
                6.018354,
                49.9022132
              ],
              [
                6.0181517,
                49.9023058
              ],
              [
                6.0178943,
                49.9024219
              ],
              [
                6.0176589,
                49.9025094
              ],
              [
                6.0174375,
                49.9025811
              ],
              [
                6.0171511,
                49.9026646
              ],
              [
                6.0164491,
                49.9028499
              ],
              [
                6.0166506,
                49.9030347
              ],
              [
                6.0170474,
                49.9034201
              ],
              [
                6.0170763,
                49.9035006
              ],
              [
                6.0170908,
                49.9035298
              ],
              [
                6.0171205,
                49.9035676
              ],
              [
                6.0171608,
                49.9036143
              ],
              [
                6.0173114,
                49.9037284
              ],
              [
                6.0175024,
                49.9038644
              ],
              [
                6.0175699,
                49.9039013
              ],
              [
                6.0179567,
                49.9040983
              ],
              [
                6.0181631,
                49.904209
              ],
              [
                6.0183085,
                49.904294
              ],
              [
                6.0183964,
                49.9043476
              ],
              [
                6.0186543,
                49.9045123
              ],
              [
                6.0187805,
                49.9045994
              ],
              [
                6.0188704,
                49.9046612
              ],
              [
                6.018992,
                49.9047512
              ],
              [
                6.019179,
                49.9048906
              ],
              [
                6.0193059,
                49.904991
              ],
              [
                6.0193442,
                49.9050227
              ],
              [
                6.0195438,
                49.9051817
              ],
              [
                6.0195761,
                49.9052075
              ],
              [
                6.0197045,
                49.9054718
              ],
              [
                6.0197815,
                49.9056205
              ],
              [
                6.0199415,
                49.9059362
              ],
              [
                6.0200448,
                49.9061568
              ],
              [
                6.0203398,
                49.9067437
              ],
              [
                6.0205036,
                49.9071023
              ],
              [
                6.0206084,
                49.9072878
              ],
              [
                6.0208971,
                49.90776
              ],
              [
                6.0210705,
                49.9080269
              ],
              [
                6.021499,
                49.9087116
              ],
              [
                6.0210033,
                49.9087855
              ],
              [
                6.0208697,
                49.9088258
              ],
              [
                6.0205306,
                49.9089283
              ],
              [
                6.020034,
                49.9090702
              ],
              [
                6.0196746,
                49.90917
              ],
              [
                6.019263,
                49.90927
              ],
              [
                6.0189845,
                49.9093365
              ],
              [
                6.0186399,
                49.909396
              ],
              [
                6.0186959,
                49.9095103
              ],
              [
                6.0185412,
                49.9096078
              ],
              [
                6.0187423,
                49.9099304
              ],
              [
                6.0188004,
                49.9099982
              ],
              [
                6.0189014,
                49.9100972
              ],
              [
                6.0190574,
                49.9102284
              ],
              [
                6.0194427,
                49.910511
              ],
              [
                6.0197752,
                49.9107525
              ],
              [
                6.019869,
                49.9108262
              ],
              [
                6.0198994,
                49.9108511
              ],
              [
                6.0200639,
                49.9110161
              ],
              [
                6.0201326,
                49.9110779
              ],
              [
                6.0202878,
                49.9112095
              ],
              [
                6.020379,
                49.9112781
              ],
              [
                6.0204108,
                49.9112995
              ],
              [
                6.0204968,
                49.9113502
              ],
              [
                6.0205404,
                49.9113682
              ],
              [
                6.0205987,
                49.911388
              ],
              [
                6.0206966,
                49.9114189
              ],
              [
                6.0207999,
                49.9114499
              ],
              [
                6.0209266,
                49.9114814
              ],
              [
                6.0210008,
                49.9116656
              ],
              [
                6.0210193,
                49.9117115
              ],
              [
                6.021089,
                49.9118777
              ],
              [
                6.0211766,
                49.9120751
              ],
              [
                6.0212312,
                49.9121775
              ],
              [
                6.0212734,
                49.9122427
              ],
              [
                6.0213512,
                49.9123592
              ],
              [
                6.0213516,
                49.9124641
              ],
              [
                6.021354,
                49.9125403
              ],
              [
                6.0213664,
                49.91257
              ],
              [
                6.0214364,
                49.9126796
              ],
              [
                6.0214825,
                49.9127584
              ],
              [
                6.0215062,
                49.9128132
              ],
              [
                6.0215101,
                49.9128458
              ],
              [
                6.0215113,
                49.9128783
              ],
              [
                6.0215065,
                49.9129352
              ],
              [
                6.0214943,
                49.913032
              ],
              [
                6.0214968,
                49.9130774
              ],
              [
                6.0215086,
                49.9131296
              ],
              [
                6.0215963,
                49.9134817
              ],
              [
                6.0214093,
                49.9137593
              ],
              [
                6.0212078,
                49.9140009
              ],
              [
                6.0209997,
                49.9142597
              ],
              [
                6.0207995,
                49.9145167
              ],
              [
                6.0206971,
                49.9146467
              ],
              [
                6.020602,
                49.9147507
              ],
              [
                6.0211354,
                49.9151568
              ],
              [
                6.0214124,
                49.9153459
              ],
              [
                6.0214878,
                49.9153957
              ],
              [
                6.021704,
                49.9155342
              ],
              [
                6.0219117,
                49.9156509
              ],
              [
                6.0221809,
                49.9157998
              ],
              [
                6.0222634,
                49.9158431
              ],
              [
                6.0223185,
                49.9158719
              ],
              [
                6.0223675,
                49.9158925
              ],
              [
                6.0224204,
                49.9159063
              ],
              [
                6.0225079,
                49.9159116
              ],
              [
                6.0226377,
                49.9159194
              ],
              [
                6.0227801,
                49.9159312
              ],
              [
                6.0228861,
                49.9159433
              ],
              [
                6.023094,
                49.9159829
              ],
              [
                6.0232052,
                49.9160002
              ],
              [
                6.0232423,
                49.9160045
              ],
              [
                6.0232781,
                49.9160063
              ],
              [
                6.0233417,
                49.9160021
              ],
              [
                6.0234411,
                49.9159902
              ],
              [
                6.0235213,
                49.9159753
              ],
              [
                6.0236447,
                49.9159429
              ],
              [
                6.0237826,
                49.9159029
              ],
              [
                6.0238913,
                49.915879
              ],
              [
                6.0239921,
                49.9158663
              ],
              [
                6.0241312,
                49.9158691
              ],
              [
                6.0242438,
                49.9158658
              ],
              [
                6.0242637,
                49.9158709
              ],
              [
                6.0242848,
                49.9158829
              ],
              [
                6.024306,
                49.9158941
              ],
              [
                6.0243259,
                49.9158984
              ],
              [
                6.024355,
                49.9158984
              ],
              [
                6.0243815,
                49.9158942
              ],
              [
                6.0244213,
                49.9158831
              ],
              [
                6.0244492,
                49.9158771
              ],
              [
                6.0244889,
                49.9158763
              ],
              [
                6.024518,
                49.9158824
              ],
              [
                6.0245432,
                49.915885
              ],
              [
                6.024575,
                49.9158876
              ],
              [
                6.0246121,
                49.9158893
              ],
              [
                6.0246804,
                49.9158753
              ],
              [
                6.0247506,
                49.9158642
              ],
              [
                6.0248116,
                49.9158609
              ],
              [
                6.0248726,
                49.9158567
              ],
              [
                6.0249249,
                49.9158529
              ],
              [
                6.02497,
                49.9158435
              ],
              [
                6.0250389,
                49.9158265
              ],
              [
                6.0251212,
                49.9157983
              ],
              [
                6.0251928,
                49.9157762
              ],
              [
                6.025279,
                49.9157557
              ],
              [
                6.0253877,
                49.9157344
              ],
              [
                6.0254897,
                49.9157251
              ],
              [
                6.0255692,
                49.9157218
              ],
              [
                6.0256348,
                49.9157292
              ],
              [
                6.0257938,
                49.9157482
              ],
              [
                6.0258693,
                49.9157526
              ],
              [
                6.0259739,
                49.9157553
              ],
              [
                6.0260495,
                49.9157545
              ],
              [
                6.0260733,
                49.9157528
              ],
              [
                6.0261436,
                49.9157435
              ],
              [
                6.0262138,
                49.9157359
              ],
              [
                6.0262562,
                49.9157376
              ],
              [
                6.0263132,
                49.9157334
              ],
              [
                6.0263404,
                49.9157262
              ],
              [
                6.0263908,
                49.9157031
              ],
              [
                6.0264213,
                49.915692
              ],
              [
                6.0264691,
                49.9156878
              ],
              [
                6.0265605,
                49.9156888
              ],
              [
                6.0266227,
                49.9156923
              ],
              [
                6.0267698,
                49.915689
              ],
              [
                6.0268838,
                49.9156909
              ],
              [
                6.0269513,
                49.9156944
              ],
              [
                6.0270255,
                49.9157042
              ],
              [
                6.0270361,
                49.9157056
              ],
              [
                6.0271593,
                49.9157229
              ],
              [
                6.0272192,
                49.9157299
              ],
              [
                6.0273322,
                49.9157432
              ],
              [
                6.0273846,
                49.9158159
              ],
              [
                6.0274021,
                49.9158401
              ],
              [
                6.0274787,
                49.9159249
              ],
              [
                6.0275442,
                49.9159623
              ],
              [
                6.027666,
                49.9159915
              ],
              [
                6.0278196,
                49.9160259
              ],
              [
                6.0279335,
                49.9160603
              ],
              [
                6.028038,
                49.9161024
              ],
              [
                6.0281597,
                49.9161599
              ],
              [
                6.0282676,
                49.9162196
              ],
              [
                6.0283972,
                49.9163148
              ],
              [
                6.0284553,
                49.9163525
              ],
              [
                6.02854,
                49.9163937
              ],
              [
                6.0286075,
                49.9164186
              ],
              [
                6.0288849,
                49.9165136
              ],
              [
                6.0290649,
                49.9165788
              ],
              [
                6.0291827,
                49.9166321
              ],
              [
                6.0292726,
                49.9166784
              ],
              [
                6.0295299,
                49.916841
              ],
              [
                6.0296079,
                49.9168942
              ],
              [
                6.0297064,
                49.9169598
              ],
              [
                6.0298585,
                49.9170687
              ],
              [
                6.0299405,
                49.9171416
              ],
              [
                6.0300199,
                49.9171691
              ],
              [
                6.0300821,
                49.917194
              ],
              [
                6.0301562,
                49.9172395
              ],
              [
                6.030416,
                49.9174286
              ],
              [
                6.0304742,
                49.9174766
              ],
              [
                6.0305185,
                49.9175139
              ],
              [
                6.0306083,
                49.9175919
              ],
              [
                6.0306454,
                49.9176434
              ],
              [
                6.0306652,
                49.917654
              ],
              [
                6.0307561,
                49.9177004
              ],
              [
                6.030845,
                49.9177527
              ],
              [
                6.0309127,
                49.9177882
              ],
              [
                6.030973,
                49.9178185
              ],
              [
                6.031065,
                49.9178653
              ],
              [
                6.0312107,
                49.9179295
              ],
              [
                6.0312842,
                49.9179783
              ],
              [
                6.0313089,
                49.9180128
              ],
              [
                6.0313588,
                49.9180517
              ],
              [
                6.0314581,
                49.9180856
              ],
              [
                6.0315577,
                49.918123
              ],
              [
                6.0316243,
                49.9181636
              ],
              [
                6.031711,
                49.9182319
              ],
              [
                6.0317939,
                49.9182963
              ],
              [
                6.0318773,
                49.9183757
              ],
              [
                6.0319474,
                49.9184258
              ],
              [
                6.0320608,
                49.9185002
              ],
              [
                6.0321252,
                49.9185305
              ],
              [
                6.032211,
                49.9185678
              ],
              [
                6.03227,
                49.9185809
              ],
              [
                6.0323759,
                49.9186114
              ],
              [
                6.0324923,
                49.9186604
              ],
              [
                6.0328572,
                49.9188368
              ],
              [
                6.0330975,
                49.9189262
              ],
              [
                6.0333541,
                49.9190123
              ],
              [
                6.0335896,
                49.919093
              ],
              [
                6.0336399,
                49.9191102
              ],
              [
                6.0336971,
                49.9191214
              ],
              [
                6.0337799,
                49.9191389
              ],
              [
                6.0338285,
                49.9191496
              ],
              [
                6.033889,
                49.9191799
              ],
              [
                6.0339478,
                49.9192093
              ],
              [
                6.0340832,
                49.9192462
              ],
              [
                6.034286,
                49.919285
              ],
              [
                6.0344668,
                49.9193433
              ],
              [
                6.0344764,
                49.9193465
              ],
              [
                6.0345855,
                49.9193927
              ],
              [
                6.0347362,
                49.9194375
              ],
              [
                6.0348645,
                49.9194843
              ],
              [
                6.0349456,
                49.9194872
              ],
              [
                6.0350192,
                49.9195035
              ],
              [
                6.0351507,
                49.9195388
              ],
              [
                6.035193,
                49.9195313
              ],
              [
                6.0352447,
                49.9195142
              ],
              [
                6.0352992,
                49.9194914
              ],
              [
                6.0353305,
                49.9194935
              ],
              [
                6.0354198,
                49.9194994
              ],
              [
                6.0355482,
                49.9195079
              ],
              [
                6.0356087,
                49.9195228
              ],
              [
                6.0357577,
                49.9195553
              ],
              [
                6.0358559,
                49.9195671
              ],
              [
                6.0359291,
                49.9195745
              ],
              [
                6.0360373,
                49.9195836
              ],
              [
                6.0360644,
                49.9195844
              ],
              [
                6.0361747,
                49.9195877
              ],
              [
                6.0362146,
                49.9195886
              ],
              [
                6.0362462,
                49.9195893
              ],
              [
                6.0363197,
                49.919595
              ],
              [
                6.0363456,
                49.9195973
              ],
              [
                6.0363584,
                49.9195985
              ],
              [
                6.0363919,
                49.9196083
              ],
              [
                6.0364362,
                49.9196265
              ],
              [
                6.0365028,
                49.9196537
              ],
              [
                6.0365265,
                49.9196658
              ],
              [
                6.0365713,
                49.9196815
              ],
              [
                6.0366142,
                49.9196925
              ],
              [
                6.0366802,
                49.9197027
              ],
              [
                6.0367037,
                49.91971
              ],
              [
                6.036769,
                49.9197304
              ],
              [
                6.0368027,
                49.9197724
              ],
              [
                6.0368236,
                49.9197852
              ],
              [
                6.0368738,
                49.9197978
              ],
              [
                6.0369866,
                49.9198313
              ],
              [
                6.0370415,
                49.9198519
              ],
              [
                6.0370687,
                49.9198621
              ],
              [
                6.0373105,
                49.9199526
              ],
              [
                6.0373476,
                49.9199587
              ],
              [
                6.0373913,
                49.9199659
              ],
              [
                6.0375237,
                49.9201239
              ],
              [
                6.0377443,
                49.9194285
              ],
              [
                6.0379214,
                49.9192038
              ],
              [
                6.0380759,
                49.9191116
              ],
              [
                6.0382471,
                49.9190639
              ],
              [
                6.0385275,
                49.9190615
              ],
              [
                6.0387972,
                49.9191258
              ],
              [
                6.0390705,
                49.9192527
              ],
              [
                6.039234,
                49.9193948
              ],
              [
                6.0394285,
                49.9195772
              ],
              [
                6.0395186,
                49.9197067
              ],
              [
                6.03964,
                49.9200066
              ],
              [
                6.0397048,
                49.9203376
              ],
              [
                6.0397138,
                49.9204622
              ],
              [
                6.0397058,
                49.9209586
              ],
              [
                6.0396743,
                49.9213617
              ],
              [
                6.0395027,
                49.9220088
              ],
              [
                6.0394586,
                49.922242
              ],
              [
                6.0394239,
                49.922425
              ],
              [
                6.0394185,
                49.922619
              ],
              [
                6.0393481,
                49.9228033
              ],
              [
                6.0389324,
                49.9235073
              ],
              [
                6.0383892,
                49.9242625
              ],
              [
                6.0382132,
                49.9245914
              ],
              [
                6.0381914,
                49.9248348
              ],
              [
                6.0382387,
                49.9249925
              ],
              [
                6.0385721,
                49.9253168
              ],
              [
                6.0390377,
                49.9258212
              ],
              [
                6.0394191,
                49.9260342
              ],
              [
                6.0397125,
                49.9261122
              ],
              [
                6.0400997,
                49.9261675
              ],
              [
                6.0403836,
                49.9261434
              ],
              [
                6.0404013,
                49.9261354
              ],
              [
                6.0410823,
                49.9260384
              ],
              [
                6.0427227,
                49.925706
              ],
              [
                6.0439809,
                49.9254297
              ],
              [
                6.0454409,
                49.9251107
              ],
              [
                6.0465398,
                49.9248788
              ],
              [
                6.0472991,
                49.9246447
              ],
              [
                6.0478037,
                49.9243916
              ],
              [
                6.0480889,
                49.9242056
              ],
              [
                6.0481634,
                49.9241497
              ],
              [
                6.0483884,
                49.9239808
              ],
              [
                6.0489261,
                49.923529
              ],
              [
                6.0489951,
                49.9234893
              ],
              [
                6.0490623,
                49.9234791
              ],
              [
                6.0490995,
                49.9234837
              ],
              [
                6.0491578,
                49.9235021
              ],
              [
                6.049203,
                49.9235329
              ],
              [
                6.0492436,
                49.9235878
              ],
              [
                6.0492785,
                49.9237615
              ],
              [
                6.0492996,
                49.9239182
              ],
              [
                6.0494171,
                49.9239612
              ],
              [
                6.0492223,
                49.924323
              ],
              [
                6.0490762,
                49.9247508
              ],
              [
                6.0489623,
                49.9250735
              ],
              [
                6.0488656,
                49.9253973
              ],
              [
                6.048744,
                49.9258944
              ],
              [
                6.0482656,
                49.9275174
              ],
              [
                6.0477577,
                49.9282865
              ],
              [
                6.0476439,
                49.9284488
              ],
              [
                6.0474253,
                49.928634
              ],
              [
                6.0471419,
                49.9288758
              ],
              [
                6.0464491,
                49.9292119
              ],
              [
                6.0457775,
                49.9295286
              ],
              [
                6.0454776,
                49.9296436
              ],
              [
                6.0447202,
                49.9299819
              ],
              [
                6.0438866,
                49.9304069
              ],
              [
                6.0437307,
                49.9305564
              ],
              [
                6.0435772,
                49.9307937
              ],
              [
                6.0435228,
                49.9309946
              ],
              [
                6.0435139,
                49.9310208
              ],
              [
                6.0435099,
                49.9311807
              ],
              [
                6.0435379,
                49.931288
              ],
              [
                6.0435758,
                49.9313612
              ],
              [
                6.04363,
                49.9315919
              ],
              [
                6.0436389,
                49.931671
              ],
              [
                6.0436474,
                49.9317464
              ],
              [
                6.0436665,
                49.9318823
              ],
              [
                6.0437218,
                49.9320194
              ],
              [
                6.0437975,
                49.9320769
              ],
              [
                6.0438081,
                49.932085
              ],
              [
                6.0438825,
                49.9321415
              ],
              [
                6.0438938,
                49.9321501
              ],
              [
                6.0440076,
                49.9322366
              ],
              [
                6.0441875,
                49.9324455
              ],
              [
                6.0443023,
                49.9326582
              ],
              [
                6.0443396,
                49.9327769
              ],
              [
                6.0443712,
                49.9328971
              ],
              [
                6.0443709,
                49.9330029
              ],
              [
                6.0443086,
                49.9331496
              ],
              [
                6.044185,
                49.9333163
              ],
              [
                6.0439732,
                49.9335095
              ],
              [
                6.0438291,
                49.9336294
              ],
              [
                6.0437003,
                49.9336495
              ],
              [
                6.0436854,
                49.9336518
              ],
              [
                6.043593,
                49.9336662
              ],
              [
                6.0435792,
                49.9336684
              ],
              [
                6.0434224,
                49.9336929
              ],
              [
                6.0421983,
                49.9339507
              ],
              [
                6.0417773,
                49.934045
              ],
              [
                6.0415366,
                49.9341521
              ],
              [
                6.0413251,
                49.9342843
              ],
              [
                6.0411478,
                49.9344565
              ],
              [
                6.0409925,
                49.934703
              ],
              [
                6.0409054,
                49.9348993
              ],
              [
                6.0408848,
                49.935002
              ],
              [
                6.0408914,
                49.9351813
              ],
              [
                6.0408684,
                49.9355238
              ],
              [
                6.0408352,
                49.9357213
              ],
              [
                6.0408153,
                49.9358982
              ],
              [
                6.0408088,
                49.9360204
              ],
              [
                6.0407996,
                49.9361551
              ],
              [
                6.0408022,
                49.9363548
              ],
              [
                6.0408455,
                49.9364954
              ],
              [
                6.0409176,
                49.9366668
              ],
              [
                6.0410048,
                49.9367833
              ],
              [
                6.0411617,
                49.9369331
              ],
              [
                6.0412446,
                49.9370165
              ],
              [
                6.0412683,
                49.9370736
              ],
              [
                6.041238,
                49.9371786
              ],
              [
                6.0411774,
                49.9373476
              ],
              [
                6.0411789,
                49.9374469
              ],
              [
                6.0413047,
                49.9375289
              ],
              [
                6.0413162,
                49.9375363
              ],
              [
                6.041383,
                49.9375799
              ],
              [
                6.0413936,
                49.9375868
              ],
              [
                6.0415528,
                49.9376906
              ],
              [
                6.0419058,
                49.9378893
              ],
              [
                6.0420369,
                49.9380198
              ],
              [
                6.0421292,
                49.9381852
              ],
              [
                6.042157,
                49.9383095
              ],
              [
                6.0421451,
                49.9383914
              ],
              [
                6.0420792,
                49.9384625
              ],
              [
                6.0419641,
                49.9385033
              ],
              [
                6.0417128,
                49.9385496
              ],
              [
                6.0416036,
                49.9385696
              ],
              [
                6.0415422,
                49.9385684
              ],
              [
                6.0413008,
                49.9385633
              ],
              [
                6.0409934,
                49.9385356
              ],
              [
                6.0405828,
                49.9384609
              ],
              [
                6.0402296,
                49.9384393
              ],
              [
                6.0400301,
                49.9384467
              ],
              [
                6.0398023,
                49.9384949
              ],
              [
                6.0387418,
                49.9387894
              ],
              [
                6.0382344,
                49.9389419
              ],
              [
                6.0380957,
                49.9390145
              ],
              [
                6.0380653,
                49.9390509
              ],
              [
                6.0380208,
                49.939104
              ],
              [
                6.0378774,
                49.9395509
              ],
              [
                6.0377151,
                49.9400116
              ],
              [
                6.0376409,
                49.9400979
              ],
              [
                6.0375663,
                49.9402165
              ],
              [
                6.0375543,
                49.9402761
              ],
              [
                6.0374516,
                49.9407544
              ],
              [
                6.0373938,
                49.9409466
              ],
              [
                6.0374093,
                49.9410318
              ],
              [
                6.0374278,
                49.9411587
              ],
              [
                6.037415,
                49.941253
              ],
              [
                6.0373775,
                49.9414463
              ],
              [
                6.0373601,
                49.9414929
              ],
              [
                6.0372812,
                49.9416095
              ],
              [
                6.0372646,
                49.9416395
              ],
              [
                6.0372709,
                49.9416385
              ],
              [
                6.0372708,
                49.9416719
              ],
              [
                6.0372722,
                49.9417622
              ],
              [
                6.0372563,
                49.9418069
              ],
              [
                6.0371497,
                49.9420173
              ],
              [
                6.0371617,
                49.9422101
              ],
              [
                6.0370817,
                49.9422785
              ],
              [
                6.0369168,
                49.9424193
              ],
              [
                6.0367642,
                49.9427809
              ],
              [
                6.0367326,
                49.9428549
              ],
              [
                6.0367201,
                49.9431284
              ],
              [
                6.0367439,
                49.9431663
              ],
              [
                6.0367967,
                49.9432502
              ],
              [
                6.0368061,
                49.9432837
              ],
              [
                6.0367996,
                49.9433466
              ],
              [
                6.0367607,
                49.9434861
              ],
              [
                6.0367481,
                49.9435642
              ],
              [
                6.0367522,
                49.9437979
              ],
              [
                6.0367559,
                49.9439009
              ],
              [
                6.0367642,
                49.9441367
              ],
              [
                6.0367857,
                49.9442276
              ],
              [
                6.0368112,
                49.9443149
              ],
              [
                6.0369379,
                49.9444917
              ],
              [
                6.0370269,
                49.9445973
              ],
              [
                6.037112,
                49.9446649
              ],
              [
                6.0373095,
                49.9448252
              ],
              [
                6.0374597,
                49.9449381
              ],
              [
                6.037556,
                49.9450286
              ],
              [
                6.0376303,
                49.9451035
              ],
              [
                6.037686,
                49.9451596
              ],
              [
                6.0379356,
                49.9454192
              ],
              [
                6.0380319,
                49.945519
              ],
              [
                6.0382399,
                49.9456715
              ],
              [
                6.0383892,
                49.9457911
              ],
              [
                6.0385542,
                49.9459194
              ],
              [
                6.0386286,
                49.9459712
              ],
              [
                6.0386551,
                49.9459876
              ],
              [
                6.0386968,
                49.9460133
              ],
              [
                6.0388351,
                49.9460769
              ],
              [
                6.0389958,
                49.9461272
              ],
              [
                6.0390682,
                49.9461499
              ],
              [
                6.0392548,
                49.9462166
              ],
              [
                6.0393753,
                49.9462655
              ],
              [
                6.0395168,
                49.9463447
              ],
              [
                6.0396276,
                49.9464248
              ],
              [
                6.0396766,
                49.9464607
              ],
              [
                6.0397456,
                49.94652
              ],
              [
                6.0398002,
                49.9465938
              ],
              [
                6.0398867,
                49.9467383
              ],
              [
                6.0399404,
                49.9468158
              ],
              [
                6.0400174,
                49.9469125
              ],
              [
                6.0401058,
                49.9469899
              ],
              [
                6.0402343,
                49.9470562
              ],
              [
                6.0403709,
                49.9471207
              ],
              [
                6.0403967,
                49.9471291
              ],
              [
                6.0404651,
                49.9472373
              ],
              [
                6.0405634,
                49.9473929
              ],
              [
                6.0406156,
                49.9475508
              ],
              [
                6.04069,
                49.9477907
              ],
              [
                6.0406638,
                49.9480724
              ],
              [
                6.0406285,
                49.9482532
              ],
              [
                6.0406268,
                49.9483062
              ],
              [
                6.0406374,
                49.9483781
              ],
              [
                6.0406651,
                49.9484511
              ],
              [
                6.0407013,
                49.948514
              ],
              [
                6.0408077,
                49.948648
              ],
              [
                6.0410075,
                49.948876
              ],
              [
                6.0410429,
                49.948924
              ],
              [
                6.0410521,
                49.948957
              ],
              [
                6.0410458,
                49.948989
              ],
              [
                6.0410086,
                49.9490369
              ],
              [
                6.0410049,
                49.9490411
              ],
              [
                6.0407626,
                49.9493134
              ],
              [
                6.0405351,
                49.9496228
              ],
              [
                6.0404412,
                49.9497516
              ],
              [
                6.0403776,
                49.9498205
              ],
              [
                6.0401728,
                49.95003
              ],
              [
                6.0399626,
                49.9502356
              ],
              [
                6.0399083,
                49.9502815
              ],
              [
                6.0396905,
                49.9504421
              ],
              [
                6.0394007,
                49.9506136
              ],
              [
                6.0392667,
                49.9506854
              ],
              [
                6.0390652,
                49.9508051
              ],
              [
                6.0388864,
                49.9509157
              ],
              [
                6.0396553,
                49.9512343
              ],
              [
                6.0399678,
                49.9512524
              ],
              [
                6.0399879,
                49.9512536
              ],
              [
                6.0401959,
                49.9512923
              ],
              [
                6.0402927,
                49.9513103
              ],
              [
                6.0404093,
                49.951332
              ],
              [
                6.0405587,
                49.9514166
              ],
              [
                6.0406179,
                49.9514501
              ],
              [
                6.0410079,
                49.9517303
              ],
              [
                6.0411067,
                49.9518023
              ],
              [
                6.0412356,
                49.9519144
              ],
              [
                6.0412619,
                49.9519364
              ],
              [
                6.0414039,
                49.9520724
              ],
              [
                6.0415507,
                49.9522383
              ],
              [
                6.041616,
                49.9522964
              ],
              [
                6.0416855,
                49.9523604
              ],
              [
                6.0418384,
                49.9524665
              ],
              [
                6.0418994,
                49.9525135
              ],
              [
                6.0419612,
                49.9525715
              ],
              [
                6.042029,
                49.9526565
              ],
              [
                6.0421308,
                49.9527915
              ],
              [
                6.042201,
                49.9528718
              ],
              [
                6.0422627,
                49.9529425
              ],
              [
                6.0422935,
                49.9529935
              ],
              [
                6.0423103,
                49.9530744
              ],
              [
                6.0423169,
                49.9531674
              ],
              [
                6.0423185,
                49.9531903
              ],
              [
                6.0423006,
                49.9532111
              ],
              [
                6.0421944,
                49.953334
              ],
              [
                6.0420438,
                49.9535287
              ],
              [
                6.0419964,
                49.9535933
              ],
              [
                6.0418261,
                49.9537654
              ],
              [
                6.0417314,
                49.9538657
              ],
              [
                6.0416945,
                49.9539048
              ],
              [
                6.0416725,
                49.9539281
              ],
              [
                6.0415996,
                49.953993
              ],
              [
                6.0414926,
                49.9540708
              ],
              [
                6.041388,
                49.9541296
              ],
              [
                6.0413633,
                49.9541405
              ],
              [
                6.0412192,
                49.9542043
              ],
              [
                6.0411789,
                49.9542151
              ],
              [
                6.0410999,
                49.9542362
              ],
              [
                6.0409528,
                49.954278
              ],
              [
                6.0407623,
                49.9543467
              ],
              [
                6.0405191,
                49.9544044
              ],
              [
                6.0402049,
                49.954479
              ],
              [
                6.0401623,
                49.9544879
              ],
              [
                6.0399416,
                49.9546154
              ],
              [
                6.0398896,
                49.9546455
              ],
              [
                6.0395279,
                49.9548175
              ],
              [
                6.0390684,
                49.9550236
              ],
              [
                6.0389958,
                49.9550749
              ],
              [
                6.0389107,
                49.9551456
              ],
              [
                6.0388451,
                49.9552164
              ],
              [
                6.0388016,
                49.9552825
              ],
              [
                6.0387181,
                49.9553943
              ],
              [
                6.0386632,
                49.9554502
              ],
              [
                6.038594,
                49.9555152
              ],
              [
                6.0384771,
                49.9556087
              ],
              [
                6.0383459,
                49.9557205
              ],
              [
                6.0382931,
                49.955789
              ],
              [
                6.0381655,
                49.9559543
              ],
              [
                6.0380609,
                49.9560581
              ],
              [
                6.0380245,
                49.9561152
              ],
              [
                6.0379854,
                49.9562099
              ],
              [
                6.0379444,
                49.9563137
              ],
              [
                6.0378787,
                49.956421
              ],
              [
                6.0377057,
                49.9566389
              ],
              [
                6.0376134,
                49.9567461
              ],
              [
                6.0374899,
                49.9569561
              ],
              [
                6.0374544,
                49.9570302
              ],
              [
                6.0372881,
                49.9573509
              ],
              [
                6.0372401,
                49.9574536
              ],
              [
                6.0371878,
                49.9575175
              ],
              [
                6.0370991,
                49.957595
              ],
              [
                6.0370608,
                49.9576287
              ],
              [
                6.0370123,
                49.9576714
              ],
              [
                6.036952,
                49.9577284
              ],
              [
                6.0369076,
                49.9578026
              ],
              [
                6.0368835,
                49.9578928
              ],
              [
                6.036862,
                49.9579693
              ],
              [
                6.0368265,
                49.9580092
              ],
              [
                6.0368,
                49.9580263
              ],
              [
                6.036738,
                49.9580593
              ],
              [
                6.0366548,
                49.9580889
              ],
              [
                6.0366441,
                49.9581254
              ],
              [
                6.036674,
                49.9581746
              ],
              [
                6.0369074,
                49.9581885
              ],
              [
                6.0371099,
                49.9582059
              ],
              [
                6.0374121,
                49.9582702
              ],
              [
                6.0378203,
                49.9583974
              ],
              [
                6.0381278,
                49.9585039
              ],
              [
                6.0383792,
                49.9585835
              ],
              [
                6.038715,
                49.9586593
              ],
              [
                6.0389024,
                49.9586949
              ],
              [
                6.0389395,
                49.9587315
              ],
              [
                6.0390098,
                49.9587894
              ],
              [
                6.0390145,
                49.9587932
              ],
              [
                6.0390833,
                49.9588458
              ],
              [
                6.0391664,
                49.9589091
              ],
              [
                6.0392951,
                49.959007
              ],
              [
                6.039447,
                49.9591042
              ],
              [
                6.0397986,
                49.9593367
              ],
              [
                6.040122,
                49.9595489
              ],
              [
                6.0401991,
                49.9595995
              ],
              [
                6.0403191,
                49.9596909
              ],
              [
                6.0405671,
                49.9599002
              ],
              [
                6.0406888,
                49.9599973
              ],
              [
                6.040793,
                49.9600762
              ],
              [
                6.0409166,
                49.9601586
              ],
              [
                6.0410658,
                49.9602489
              ],
              [
                6.041263,
                49.9603739
              ],
              [
                6.0413536,
                49.9604285
              ],
              [
                6.0416114,
                49.9606001
              ],
              [
                6.0416723,
                49.9606458
              ],
              [
                6.0418452,
                49.9607956
              ],
              [
                6.0419943,
                49.9609362
              ],
              [
                6.0420182,
                49.9609633
              ],
              [
                6.0420596,
                49.9610104
              ],
              [
                6.0420966,
                49.9610584
              ],
              [
                6.0421263,
                49.9611011
              ],
              [
                6.0421301,
                49.9611064
              ],
              [
                6.04216,
                49.9611693
              ],
              [
                6.0421758,
                49.9612172
              ],
              [
                6.042195,
                49.9612938
              ],
              [
                6.0422291,
                49.9614742
              ],
              [
                6.0422569,
                49.9616501
              ],
              [
                6.0428199,
                49.9617203
              ],
              [
                6.0428055,
                49.9618265
              ],
              [
                6.0428039,
                49.9618368
              ],
              [
                6.042792,
                49.9619167
              ],
              [
                6.0427652,
                49.962016
              ],
              [
                6.0427277,
                49.9621221
              ],
              [
                6.0426976,
                49.9621655
              ],
              [
                6.0426603,
                49.9622031
              ],
              [
                6.0425992,
                49.9622499
              ],
              [
                6.0424486,
                49.9623525
              ],
              [
                6.0423901,
                49.9624152
              ],
              [
                6.042335,
                49.9624837
              ],
              [
                6.0421297,
                49.962891
              ],
              [
                6.0420889,
                49.9630022
              ],
              [
                6.0420719,
                49.9630752
              ],
              [
                6.0420608,
                49.9631227
              ],
              [
                6.0419975,
                49.9633944
              ],
              [
                6.0419816,
                49.9634001
              ],
              [
                6.0419267,
                49.9634001
              ],
              [
                6.0418949,
                49.9633932
              ],
              [
                6.0418507,
                49.9633794
              ],
              [
                6.0417853,
                49.9633668
              ],
              [
                6.0417641,
                49.9633611
              ],
              [
                6.0417394,
                49.9633576
              ],
              [
                6.0417093,
                49.9633576
              ],
              [
                6.0416916,
                49.9633587
              ],
              [
                6.0416288,
                49.9633643
              ],
              [
                6.041574,
                49.9633574
              ],
              [
                6.0415404,
                49.963346
              ],
              [
                6.0415228,
                49.9633243
              ],
              [
                6.041484,
                49.9632774
              ],
              [
                6.041454,
                49.963258
              ],
              [
                6.0413921,
                49.9632408
              ],
              [
                6.0413196,
                49.9632338
              ],
              [
                6.0412966,
                49.9632361
              ],
              [
                6.0412435,
                49.963244
              ],
              [
                6.0411975,
                49.96326
              ],
              [
                6.0411267,
                49.9632827
              ],
              [
                6.0411143,
                49.9632827
              ],
              [
                6.0410099,
                49.963278
              ],
              [
                6.0408918,
                49.96326
              ],
              [
                6.0408128,
                49.9632676
              ],
              [
                6.0407367,
                49.9632686
              ],
              [
                6.0406536,
                49.963256
              ],
              [
                6.0405626,
                49.9632369
              ],
              [
                6.0405299,
                49.9632227
              ],
              [
                6.040498,
                49.9632193
              ],
              [
                6.0404644,
                49.9632192
              ],
              [
                6.0403937,
                49.9632317
              ],
              [
                6.0403441,
                49.9632294
              ],
              [
                6.0402398,
                49.9632064
              ],
              [
                6.0401921,
                49.9631927
              ],
              [
                6.0401567,
                49.9631903
              ],
              [
                6.0401267,
                49.9631937
              ],
              [
                6.0400382,
                49.9632176
              ],
              [
                6.0399019,
                49.9632232
              ],
              [
                6.0397613,
                49.9632242
              ],
              [
                6.0395226,
                49.9632056
              ],
              [
                6.039328,
                49.9631974
              ],
              [
                6.0391759,
                49.9632007
              ],
              [
                6.0385321,
                49.9632647
              ],
              [
                6.0382914,
                49.9633238
              ],
              [
                6.0379675,
                49.9634194
              ],
              [
                6.0375576,
                49.9635765
              ],
              [
                6.0371945,
                49.9637394
              ],
              [
                6.0368005,
                49.9639205
              ],
              [
                6.0367633,
                49.9639421
              ],
              [
                6.0366817,
                49.9640002
              ],
              [
                6.0366038,
                49.964047
              ],
              [
                6.0365028,
                49.9640925
              ],
              [
                6.0364356,
                49.9641119
              ],
              [
                6.0363666,
                49.9641243
              ],
              [
                6.0362923,
                49.964122
              ],
              [
                6.0361738,
                49.9641036
              ],
              [
                6.0361084,
                49.9640989
              ],
              [
                6.0360562,
                49.9641023
              ],
              [
                6.0359252,
                49.9641433
              ],
              [
                6.0357924,
                49.9641865
              ],
              [
                6.0357623,
                49.9641933
              ],
              [
                6.0356349,
                49.9642126
              ],
              [
                6.0355075,
                49.9642273
              ],
              [
                6.035396,
                49.9642454
              ],
              [
                6.0350677,
                49.9643136
              ],
              [
                6.0347333,
                49.964368
              ],
              [
                6.0344873,
                49.9644225
              ],
              [
                6.0343281,
                49.9644086
              ],
              [
                6.0342971,
                49.9644153
              ],
              [
                6.0342874,
                49.9644174
              ],
              [
                6.0341865,
                49.9644393
              ],
              [
                6.0341774,
                49.964441
              ],
              [
                6.0340529,
                49.9644643
              ],
              [
                6.0335414,
                49.9645676
              ],
              [
                6.033276,
                49.9646186
              ],
              [
                6.0330875,
                49.9646413
              ],
              [
                6.0329,
                49.9646582
              ],
              [
                6.0327337,
                49.9646694
              ],
              [
                6.0324541,
                49.9646885
              ],
              [
                6.0323621,
                49.9647021
              ],
              [
                6.0322594,
                49.9647339
              ],
              [
                6.0321115,
                49.964816
              ],
              [
                6.0320407,
                49.9648547
              ],
              [
                6.0319787,
                49.9648775
              ],
              [
                6.0318318,
                49.9649024
              ],
              [
                6.0315469,
                49.96495
              ],
              [
                6.0312743,
                49.9650137
              ],
              [
                6.0311655,
                49.9650272
              ],
              [
                6.031047,
                49.9650317
              ],
              [
                6.030902,
                49.9650109
              ],
              [
                6.030734,
                49.9649788
              ],
              [
                6.0306033,
                49.9649261
              ],
              [
                6.0304991,
                49.9648757
              ],
              [
                6.0304196,
                49.9648334
              ],
              [
                6.0304178,
                49.9648334
              ],
              [
                6.0304037,
                49.9648265
              ],
              [
                6.0303454,
                49.9648036
              ],
              [
                6.0302694,
                49.9647727
              ],
              [
                6.0302032,
                49.9647349
              ],
              [
                6.0301078,
                49.9646812
              ],
              [
                6.0300018,
                49.9646376
              ],
              [
                6.0299417,
                49.9646239
              ],
              [
                6.0298816,
                49.9646181
              ],
              [
                6.0297861,
                49.9646157
              ],
              [
                6.0296941,
                49.9646076
              ],
              [
                6.0296146,
                49.9645858
              ],
              [
                6.0294237,
                49.9645331
              ],
              [
                6.0292806,
                49.9644861
              ],
              [
                6.0291136,
                49.9644356
              ],
              [
                6.0289634,
                49.9643829
              ],
              [
                6.0287108,
                49.9642605
              ],
              [
                6.0286455,
                49.964217
              ],
              [
                6.028559,
                49.9641313
              ],
              [
                6.0284637,
                49.9640809
              ],
              [
                6.0283754,
                49.9640226
              ],
              [
                6.0283399,
                49.9639505
              ],
              [
                6.0283256,
                49.9639939
              ],
              [
                6.0282972,
                49.9640224
              ],
              [
                6.0282246,
                49.9640611
              ],
              [
                6.028129,
                49.9640793
              ],
              [
                6.0280706,
                49.9640986
              ],
              [
                6.0279961,
                49.9641705
              ],
              [
                6.027941,
                49.9642652
              ],
              [
                6.0278486,
                49.964345
              ],
              [
                6.0277485,
                49.9644088
              ],
              [
                6.0277183,
                49.9644293
              ],
              [
                6.0276872,
                49.9644738
              ],
              [
                6.0276481,
                49.9645617
              ],
              [
                6.0275929,
                49.9646941
              ],
              [
                6.0275456,
                49.9647762
              ],
              [
                6.0275243,
                49.964799
              ],
              [
                6.0274746,
                49.9648378
              ],
              [
                6.0272992,
                49.9649632
              ],
              [
                6.0271103,
                49.9651342
              ],
              [
                6.026878,
                49.9653178
              ],
              [
                6.0268212,
                49.9654045
              ],
              [
                6.0267786,
                49.9654569
              ],
              [
                6.0267121,
                49.9655082
              ],
              [
                6.0265738,
                49.9656154
              ],
              [
                6.0265046,
                49.9656964
              ],
              [
                6.0264408,
                49.9657374
              ],
              [
                6.0263788,
                49.9657636
              ],
              [
                6.0262707,
                49.965816
              ],
              [
                6.0262273,
                49.9658479
              ],
              [
                6.0261793,
                49.9659129
              ],
              [
                6.0261349,
                49.9659905
              ],
              [
                6.0261081,
                49.9660773
              ],
              [
                6.026108,
                49.9661081
              ],
              [
                6.026161,
                49.966147
              ],
              [
                6.0261785,
                49.9661961
              ],
              [
                6.0261881,
                49.9662361
              ],
              [
                6.0261756,
                49.9662726
              ],
              [
                6.0261826,
                49.9663103
              ],
              [
                6.0262214,
                49.9663434
              ],
              [
                6.0263026,
                49.9664098
              ],
              [
                6.0263538,
                49.9664361
              ],
              [
                6.0264651,
                49.9664807
              ],
              [
                6.0265234,
                49.9665219
              ],
              [
                6.0266335,
                49.9666613
              ],
              [
                6.0267569,
                49.9668156
              ],
              [
                6.0268565,
                49.9669505
              ],
              [
                6.0269304,
                49.9670853
              ],
              [
                6.0270987,
                49.9672773
              ],
              [
                6.0272484,
                49.96748
              ],
              [
                6.0272801,
                49.9675257
              ],
              [
                6.0274301,
                49.9676686
              ],
              [
                6.0275076,
                49.9677726
              ],
              [
                6.0275164,
                49.9677966
              ],
              [
                6.0270411,
                49.9676031
              ],
              [
                6.0266912,
                49.9674691
              ],
              [
                6.02636,
                49.9673282
              ],
              [
                6.0260791,
                49.9672023
              ],
              [
                6.0258548,
                49.9670947
              ],
              [
                6.0256331,
                49.9669711
              ],
              [
                6.0254054,
                49.9668235
              ],
              [
                6.025243,
                49.9666932
              ],
              [
                6.0251275,
                49.9665754
              ],
              [
                6.0250518,
                49.9664532
              ],
              [
                6.024949,
                49.9662338
              ],
              [
                6.0248961,
                49.9661481
              ],
              [
                6.024852,
                49.9661138
              ],
              [
                6.0248025,
                49.9660978
              ],
              [
                6.0247495,
                49.9660943
              ],
              [
                6.0246584,
                49.9660987
              ],
              [
                6.0246397,
                49.9661284
              ],
              [
                6.0245225,
                49.9663029
              ],
              [
                6.0244391,
                49.9663919
              ],
              [
                6.0243734,
                49.9664512
              ],
              [
                6.0241191,
                49.9666278
              ],
              [
                6.0240393,
                49.9666951
              ],
              [
                6.0239088,
                49.9668422
              ],
              [
                6.0236712,
                49.9670258
              ],
              [
                6.0235524,
                49.9671238
              ],
              [
                6.0234681,
                49.9672265
              ],
              [
                6.0234093,
                49.9673748
              ],
              [
                6.023327,
                49.9676971
              ],
              [
                6.0233242,
                49.967739
              ],
              [
                6.0233314,
                49.9679947
              ],
              [
                6.0236333,
                49.9682684
              ],
              [
                6.0237806,
                49.9683885
              ],
              [
                6.0238741,
                49.9684754
              ],
              [
                6.0239217,
                49.9685531
              ],
              [
                6.02403,
                49.9687074
              ],
              [
                6.0240692,
                49.9687501
              ],
              [
                6.0241799,
                49.9688708
              ],
              [
                6.0243016,
                49.9689783
              ],
              [
                6.0244702,
                49.969111
              ],
              [
                6.0245602,
                49.9691762
              ],
              [
                6.0248382,
                49.9693706
              ],
              [
                6.0249478,
                49.9694312
              ],
              [
                6.0250679,
                49.9694919
              ],
              [
                6.0252781,
                49.9695732
              ],
              [
                6.0256616,
                49.9697084
              ],
              [
                6.0259559,
                49.9697967
              ],
              [
                6.0261538,
                49.9698655
              ],
              [
                6.0267415,
                49.9700626
              ],
              [
                6.0270561,
                49.9701611
              ],
              [
                6.0273901,
                49.970254
              ],
              [
                6.0278789,
                49.9703825
              ],
              [
                6.0280397,
                49.9704352
              ],
              [
                6.0281263,
                49.9704707
              ],
              [
                6.0284974,
                49.9706162
              ],
              [
                6.0286838,
                49.970686
              ],
              [
                6.0289648,
                49.9707823
              ],
              [
                6.0293678,
                49.9709095
              ],
              [
                6.0294941,
                49.970961
              ],
              [
                6.0294781,
                49.9709758
              ],
              [
                6.0292156,
                49.9712198
              ],
              [
                6.0291179,
                49.971295
              ],
              [
                6.0290668,
                49.9713289
              ],
              [
                6.0290208,
                49.9713183
              ],
              [
                6.0290039,
                49.9713295
              ],
              [
                6.0287276,
                49.971512
              ],
              [
                6.0284782,
                49.9716716
              ],
              [
                6.0277766,
                49.9720616
              ],
              [
                6.027618,
                49.9721375
              ],
              [
                6.027393,
                49.9722454
              ],
              [
                6.0272922,
                49.9722936
              ],
              [
                6.0266374,
                49.9726714
              ],
              [
                6.0258941,
                49.9730553
              ],
              [
                6.0257322,
                49.9732327
              ],
              [
                6.0256127,
                49.9733637
              ],
              [
                6.0256039,
                49.9733707
              ],
              [
                6.0256622,
                49.9733716
              ],
              [
                6.0257294,
                49.9733637
              ],
              [
                6.0258463,
                49.973341
              ],
              [
                6.025972,
                49.9733092
              ],
              [
                6.0260853,
                49.9732842
              ],
              [
                6.0261764,
                49.9732729
              ],
              [
                6.0262383,
                49.973273
              ],
              [
                6.0263179,
                49.9732799
              ],
              [
                6.0264028,
                49.9732915
              ],
              [
                6.0264612,
                49.9733075
              ],
              [
                6.0265194,
                49.9733373
              ],
              [
                6.0265512,
                49.9733636
              ],
              [
                6.0266024,
                49.9734105
              ],
              [
                6.0266395,
                49.9734379
              ],
              [
                6.0266854,
                49.9734528
              ],
              [
                6.0267473,
                49.9734734
              ],
              [
                6.0267755,
                49.9734906
              ],
              [
                6.0267887,
                49.9735192
              ],
              [
                6.0268097,
                49.9735888
              ],
              [
                6.0268467,
                49.9736677
              ],
              [
                6.0269012,
                49.9737659
              ],
              [
                6.0269867,
                49.9738802
              ],
              [
                6.0270555,
                49.9739488
              ],
              [
                6.0271208,
                49.9740014
              ],
              [
                6.0271808,
                49.974038
              ],
              [
                6.0272215,
                49.9740563
              ],
              [
                6.0272886,
                49.9740849
              ],
              [
                6.0273487,
                49.9741078
              ],
              [
                6.0273893,
                49.9741342
              ],
              [
                6.0274087,
                49.9741502
              ],
              [
                6.0274264,
                49.9741719
              ],
              [
                6.0274554,
                49.9742233
              ],
              [
                6.0274747,
                49.9742656
              ],
              [
                6.0275256,
                49.9744278
              ],
              [
                6.0275756,
                49.974574
              ],
              [
                6.0276178,
                49.9746665
              ],
              [
                6.0276636,
                49.9747385
              ],
              [
                6.0277112,
                49.9747991
              ],
              [
                6.0277463,
                49.9748676
              ],
              [
                6.027763,
                49.9749384
              ],
              [
                6.0277733,
                49.9750275
              ],
              [
                6.0277926,
                49.9750926
              ],
              [
                6.0278243,
                49.9751337
              ],
              [
                6.0278737,
                49.9751795
              ],
              [
                6.027909,
                49.9752161
              ],
              [
                6.0279443,
                49.9752561
              ],
              [
                6.0279805,
                49.9752812
              ],
              [
                6.028014,
                49.9753189
              ],
              [
                6.0280492,
                49.9753761
              ],
              [
                6.0280774,
                49.9754069
              ],
              [
                6.0281198,
                49.9754298
              ],
              [
                6.0282859,
                49.9755145
              ],
              [
                6.0283088,
                49.9755317
              ],
              [
                6.0283317,
                49.9755568
              ],
              [
                6.0284102,
                49.9756631
              ],
              [
                6.0284384,
                49.9756962
              ],
              [
                6.0284931,
                49.9757351
              ],
              [
                6.0285797,
                49.9757809
              ],
              [
                6.0286804,
                49.9758267
              ],
              [
                6.0287794,
                49.9758668
              ],
              [
                6.0288589,
                49.9758966
              ],
              [
                6.0290993,
                49.9759779
              ],
              [
                6.0292628,
                49.976034
              ],
              [
                6.0294589,
                49.9761405
              ],
              [
                6.0295578,
                49.9761977
              ],
              [
                6.0297079,
                49.9762835
              ],
              [
                6.0298228,
                49.9763384
              ],
              [
                6.0298872,
                49.9763796
              ],
              [
                6.0300107,
                49.9764996
              ],
              [
                6.0301096,
                49.9765648
              ],
              [
                6.0302509,
                49.9766369
              ],
              [
                6.030387,
                49.976701
              ],
              [
                6.0305752,
                49.9767812
              ],
              [
                6.0307062,
                49.9768354
              ],
              [
                6.0309855,
                49.9769213
              ],
              [
                6.0312489,
                49.977013
              ],
              [
                6.0313469,
                49.9770542
              ],
              [
                6.0315183,
                49.9771332
              ],
              [
                6.0316932,
                49.977219
              ],
              [
                6.0317339,
                49.9772442
              ],
              [
                6.0317497,
                49.9772625
              ],
              [
                6.0317831,
                49.9773504
              ],
              [
                6.0318084,
                49.9774681
              ],
              [
                6.0318346,
                49.9775914
              ],
              [
                6.031861,
                49.9776645
              ],
              [
                6.0319033,
                49.9777274
              ],
              [
                6.0319853,
                49.9778199
              ],
              [
                6.0320223,
                49.9778679
              ],
              [
                6.0320452,
                49.9779079
              ],
              [
                6.0320468,
                49.9779479
              ],
              [
                6.032044,
                49.9780009
              ],
              [
                6.0319737,
                49.9781766
              ],
              [
                6.0319635,
                49.9782113
              ],
              [
                6.0319637,
                49.9782504
              ],
              [
                6.0320148,
                49.9783155
              ],
              [
                6.0320624,
                49.9783772
              ],
              [
                6.0320984,
                49.9784983
              ],
              [
                6.0320962,
                49.97853
              ],
              [
                6.0320606,
                49.9785871
              ],
              [
                6.032002,
                49.9786772
              ],
              [
                6.0319934,
                49.9787231
              ],
              [
                6.0320328,
                49.978851
              ],
              [
                6.0320379,
                49.9789127
              ],
              [
                6.0320464,
                49.9790668
              ],
              [
                6.0320727,
                49.9791457
              ],
              [
                6.0321017,
                49.9791914
              ],
              [
                6.0322498,
                49.9793856
              ],
              [
                6.0323116,
                49.9794405
              ],
              [
                6.0323434,
                49.9794611
              ],
              [
                6.0323999,
                49.9794829
              ],
              [
                6.0325184,
                49.9795287
              ],
              [
                6.0325723,
                49.9795573
              ],
              [
                6.0326199,
                49.9796042
              ],
              [
                6.0326604,
                49.9796727
              ],
              [
                6.0326921,
                49.9797355
              ],
              [
                6.0327185,
                49.9797596
              ],
              [
                6.0327715,
                49.9797904
              ],
              [
                6.0328634,
                49.9798328
              ],
              [
                6.0330835,
                49.979913
              ],
              [
                6.033414,
                49.9800435
              ],
              [
                6.0337339,
                49.9801626
              ],
              [
                6.03384,
                49.9801959
              ],
              [
                6.0340115,
                49.9802497
              ],
              [
                6.034129,
                49.9802944
              ],
              [
                6.0343022,
                49.9803768
              ],
              [
                6.0344206,
                49.9804432
              ],
              [
                6.0346917,
                49.9806262
              ],
              [
                6.0348365,
                49.9807142
              ],
              [
                6.035022,
                49.9808378
              ],
              [
                6.0352092,
                49.9809476
              ],
              [
                6.0352436,
                49.9809819
              ],
              [
                6.0352948,
                49.9810287
              ],
              [
                6.0353567,
                49.9810608
              ],
              [
                6.0354538,
                49.9811168
              ],
              [
                6.0354909,
                49.9811523
              ],
              [
                6.035505,
                49.9811763
              ],
              [
                6.0355102,
                49.9812003
              ],
              [
                6.0355207,
                49.9812437
              ],
              [
                6.0355507,
                49.9812722
              ],
              [
                6.0355984,
                49.9813031
              ],
              [
                6.0356822,
                49.9813523
              ],
              [
                6.0356719,
                49.9813589
              ],
              [
                6.0356824,
                49.9814194
              ],
              [
                6.0357451,
                49.981472
              ],
              [
                6.0357768,
                49.9814983
              ],
              [
                6.0358828,
                49.9815738
              ],
              [
                6.0359904,
                49.981643
              ],
              [
                6.0361672,
                49.9817568
              ],
              [
                6.0362281,
                49.9818162
              ],
              [
                6.0362615,
                49.9818676
              ],
              [
                6.036279,
                49.9819533
              ],
              [
                6.0362556,
                49.9820846
              ],
              [
                6.0362049,
                49.9822078
              ],
              [
                6.036155,
                49.9823231
              ],
              [
                6.036105,
                49.982492
              ],
              [
                6.0360925,
                49.9825354
              ],
              [
                6.0360577,
                49.9826393
              ],
              [
                6.0360025,
                49.9827716
              ],
              [
                6.0359882,
                49.9828253
              ],
              [
                6.0360083,
                49.9829212
              ],
              [
                6.0362464,
                49.9832252
              ],
              [
                6.0362059,
                49.9834444
              ],
              [
                6.036204,
                49.983498
              ],
              [
                6.0361968,
                49.9835551
              ],
              [
                6.0361621,
                49.9836156
              ],
              [
                6.0361106,
                49.9836795
              ],
              [
                6.0359651,
                49.9838552
              ],
              [
                6.0358355,
                49.9839886
              ],
              [
                6.035506,
                49.9843034
              ],
              [
                6.0355517,
                49.984347
              ],
              [
                6.0356415,
                49.9843901
              ],
              [
                6.0358322,
                49.9844288
              ],
              [
                6.035995,
                49.9844326
              ],
              [
                6.0360995,
                49.9844004
              ],
              [
                6.0367376,
                49.9842042
              ],
              [
                6.0370434,
                49.9841165
              ],
              [
                6.0371885,
                49.9840967
              ],
              [
                6.0372364,
                49.9840921
              ],
              [
                6.0372707,
                49.9840888
              ],
              [
                6.0374909,
                49.984094
              ],
              [
                6.037531,
                49.9840992
              ],
              [
                6.0376862,
                49.9841193
              ],
              [
                6.0379543,
                49.9841806
              ],
              [
                6.0383534,
                49.9842971
              ],
              [
                6.0384575,
                49.9843338
              ],
              [
                6.0385842,
                49.9843784
              ],
              [
                6.0387648,
                49.9844474
              ],
              [
                6.0389425,
                49.9845166
              ],
              [
                6.0391579,
                49.9846122
              ],
              [
                6.0395208,
                49.9847906
              ],
              [
                6.0393316,
                49.985051
              ],
              [
                6.0398593,
                49.985037
              ],
              [
                6.0400296,
                49.9850316
              ],
              [
                6.040277,
                49.9850238
              ],
              [
                6.040463,
                49.9848266
              ],
              [
                6.0405205,
                49.9847557
              ],
              [
                6.0405462,
                49.9847168
              ],
              [
                6.0406083,
                49.984604
              ],
              [
                6.0406628,
                49.9845059
              ],
              [
                6.0407173,
                49.984432
              ],
              [
                6.0407491,
                49.9843834
              ],
              [
                6.0407582,
                49.9843611
              ],
              [
                6.0407673,
                49.9843299
              ],
              [
                6.040784,
                49.9843076
              ],
              [
                6.0408218,
                49.9842639
              ],
              [
                6.0408445,
                49.9842279
              ],
              [
                6.0408521,
                49.9841929
              ],
              [
                6.0408567,
                49.9841618
              ],
              [
                6.0408749,
                49.9841326
              ],
              [
                6.0408871,
                49.9840996
              ],
              [
                6.0409008,
                49.9840461
              ],
              [
                6.0409144,
                49.9840111
              ],
              [
                6.0409431,
                49.9839717
              ],
              [
                6.0409568,
                49.9839528
              ],
              [
                6.0409885,
                49.9839168
              ],
              [
                6.0410022,
                49.9838799
              ],
              [
                6.0410219,
                49.9838429
              ],
              [
                6.0410446,
                49.9837982
              ],
              [
                6.0410609,
                49.9837625
              ],
              [
                6.0410754,
                49.9837305
              ],
              [
                6.0410795,
                49.9837214
              ],
              [
                6.0411083,
                49.9836738
              ],
              [
                6.0411646,
                49.983605
              ],
              [
                6.0411758,
                49.9835954
              ],
              [
                6.0412856,
                49.9836259
              ],
              [
                6.0414042,
                49.9836705
              ],
              [
                6.0415271,
                49.9837286
              ],
              [
                6.0416918,
                49.983802
              ],
              [
                6.0417502,
                49.9838246
              ],
              [
                6.0418008,
                49.9838336
              ],
              [
                6.0418321,
                49.983837
              ],
              [
                6.0418863,
                49.9838303
              ],
              [
                6.0421569,
                49.9837833
              ],
              [
                6.0423114,
                49.9837554
              ],
              [
                6.04241,
                49.9837431
              ],
              [
                6.0424816,
                49.9837364
              ],
              [
                6.042588,
                49.9837365
              ],
              [
                6.0427441,
                49.9837603
              ],
              [
                6.042813,
                49.9837711
              ],
              [
                6.0428426,
                49.9837824
              ],
              [
                6.042874,
                49.9837993
              ],
              [
                6.0429237,
                49.9838202
              ],
              [
                6.0429551,
                49.983832
              ],
              [
                6.0429934,
                49.9838523
              ],
              [
                6.0430291,
                49.9838704
              ],
              [
                6.0430875,
                49.9838941
              ],
              [
                6.0431058,
                49.9839065
              ],
              [
                6.0431345,
                49.9839544
              ],
              [
                6.0432214,
                49.9840873
              ],
              [
                6.0432449,
                49.9841166
              ],
              [
                6.0432745,
                49.9841453
              ],
              [
                6.0433076,
                49.9841639
              ],
              [
                6.0433704,
                49.9841786
              ],
              [
                6.043434,
                49.9841877
              ],
              [
                6.043509,
                49.984221
              ],
              [
                6.0436475,
                49.9843073
              ],
              [
                6.0437215,
                49.9843541
              ],
              [
                6.0437468,
                49.9843772
              ],
              [
                6.0437519,
                49.9844048
              ],
              [
                6.0437597,
                49.984425
              ],
              [
                6.043792,
                49.9844493
              ],
              [
                6.0438059,
                49.9844667
              ],
              [
                6.043818,
                49.9844909
              ],
              [
                6.0438372,
                49.9845163
              ],
              [
                6.043872,
                49.9845417
              ],
              [
                6.044196,
                49.9847469
              ],
              [
                6.0443293,
                49.9848433
              ],
              [
                6.0444138,
                49.9849058
              ],
              [
                6.0444712,
                49.984956
              ],
              [
                6.0445878,
                49.9850991
              ],
              [
                6.0446538,
                49.9851931
              ],
              [
                6.0446686,
                49.9852258
              ],
              [
                6.0446746,
                49.9852843
              ],
              [
                6.0446875,
                49.9853395
              ],
              [
                6.0447256,
                49.9854493
              ],
              [
                6.044736,
                49.9854887
              ],
              [
                6.0447472,
                49.9855304
              ],
              [
                6.0447558,
                49.985572
              ],
              [
                6.0447854,
                49.9856244
              ],
              [
                6.0448158,
                49.9856537
              ],
              [
                6.0448698,
                49.9856921
              ],
              [
                6.0449003,
                49.9857106
              ],
              [
                6.0449247,
                49.9857349
              ],
              [
                6.0449455,
                49.9857794
              ],
              [
                6.0449742,
                49.9858256
              ],
              [
                6.0450212,
                49.985874
              ],
              [
                6.0451414,
                49.9859687
              ],
              [
                6.045252,
                49.9860442
              ],
              [
                6.0453548,
                49.9861062
              ],
              [
                6.0454114,
                49.9861457
              ],
              [
                6.0454732,
                49.9861891
              ],
              [
                6.0455177,
                49.9862179
              ],
              [
                6.0455494,
                49.9862397
              ],
              [
                6.0455716,
                49.9862625
              ],
              [
                6.0455862,
                49.9862844
              ],
              [
                6.045626,
                49.9863351
              ],
              [
                6.0456834,
                49.9863609
              ],
              [
                6.0457396,
                49.9863791
              ],
              [
                6.0458029,
                49.9864019
              ],
              [
                6.0458544,
                49.9864458
              ],
              [
                6.0459223,
                49.9864867
              ],
              [
                6.0460113,
                49.9865148
              ],
              [
                6.0461868,
                49.986556
              ],
              [
                6.046251,
                49.986571
              ],
              [
                6.0463342,
                49.9865968
              ],
              [
                6.046381,
                49.9866188
              ],
              [
                6.0464513,
                49.9866665
              ],
              [
                6.0465157,
                49.9867052
              ],
              [
                6.0465696,
                49.9867257
              ],
              [
                6.0466129,
                49.9867348
              ],
              [
                6.0466973,
                49.9867402
              ],
              [
                6.0468574,
                49.9867434
              ],
              [
                6.046977,
                49.986742
              ],
              [
                6.047031,
                49.9867352
              ],
              [
                6.047099,
                49.9867285
              ],
              [
                6.0471682,
                49.9867119
              ],
              [
                6.0473056,
                49.9866538
              ],
              [
                6.0473748,
                49.9866259
              ],
              [
                6.0474605,
                49.986595
              ],
              [
                6.0475274,
                49.9865678
              ],
              [
                6.0476349,
                49.9865082
              ],
              [
                6.0476842,
                49.9864893
              ],
              [
                6.0477593,
                49.9864485
              ],
              [
                6.0478157,
                49.9864153
              ],
              [
                6.0478486,
                49.9864002
              ],
              [
                6.0479084,
                49.9863723
              ],
              [
                6.0479589,
                49.9863474
              ],
              [
                6.048027,
                49.9863141
              ],
              [
                6.0480997,
                49.9862991
              ],
              [
                6.0481484,
                49.9862946
              ],
              [
                6.0481942,
                49.9862947
              ],
              [
                6.0482516,
                49.9863076
              ],
              [
                6.0482891,
                49.9863235
              ],
              [
                6.0483429,
                49.9863584
              ],
              [
                6.0484014,
                49.9864083
              ],
              [
                6.0484529,
                49.9864568
              ],
              [
                6.0485033,
                49.9864864
              ],
              [
                6.0485513,
                49.9865
              ],
              [
                6.0486017,
                49.9865076
              ],
              [
                6.0486791,
                49.9865145
              ],
              [
                6.0488046,
                49.9865146
              ],
              [
                6.049137,
                49.9865158
              ],
              [
                6.0492601,
                49.9865265
              ],
              [
                6.0493809,
                49.9865402
              ],
              [
                6.0494371,
                49.9865531
              ],
              [
                6.0495713,
                49.9865971
              ],
              [
                6.0497986,
                49.9866738
              ],
              [
                6.0500388,
                49.9867466
              ],
              [
                6.0504342,
                49.9868817
              ],
              [
                6.0506381,
                49.9869439
              ],
              [
                6.0507893,
                49.9869864
              ],
              [
                6.0509668,
                49.9870282
              ],
              [
                6.0511145,
                49.9870624
              ],
              [
                6.05137,
                49.9871148
              ],
              [
                6.0516871,
                49.9871681
              ],
              [
                6.0517774,
                49.9871871
              ],
              [
                6.0518195,
                49.9872068
              ],
              [
                6.0518957,
                49.9872402
              ],
              [
                6.0520198,
                49.9873046
              ],
              [
                6.0520889,
                49.9873334
              ],
              [
                6.052393,
                49.9874593
              ],
              [
                6.0527632,
                49.9876125
              ],
              [
                6.0532083,
                49.9878035
              ],
              [
                6.0532125,
                49.9878135
              ],
              [
                6.0531396,
                49.9878969
              ],
              [
                6.0530782,
                49.9879671
              ],
              [
                6.0530507,
                49.9879986
              ],
              [
                6.0527059,
                49.9883932
              ],
              [
                6.0526125,
                49.9884887
              ],
              [
                6.0525478,
                49.9885398
              ],
              [
                6.0524802,
                49.9885842
              ],
              [
                6.0524258,
                49.9886353
              ],
              [
                6.0523699,
                49.9887005
              ],
              [
                6.052333,
                49.9887573
              ],
              [
                6.0523065,
                49.9888226
              ],
              [
                6.0522813,
                49.9889115
              ],
              [
                6.0522738,
                49.9889901
              ],
              [
                6.0522795,
                49.9890743
              ],
              [
                6.0523079,
                49.9891501
              ],
              [
                6.0523524,
                49.9892343
              ],
              [
                6.052386,
                49.9893025
              ],
              [
                6.0524283,
                49.9894057
              ],
              [
                6.0524355,
                49.9894587
              ],
              [
                6.0524281,
                49.989508
              ],
              [
                6.0524332,
                49.9895392
              ],
              [
                6.0524242,
                49.9896007
              ],
              [
                6.0524124,
                49.9896319
              ],
              [
                6.0523947,
                49.9896688
              ],
              [
                6.0523769,
                49.9897379
              ],
              [
                6.0523503,
                49.9898411
              ],
              [
                6.0523317,
                49.9899319
              ],
              [
                6.0523138,
                49.9900464
              ],
              [
                6.0522959,
                49.9901799
              ],
              [
                6.0522906,
                49.9902537
              ],
              [
                6.052299,
                49.9904316
              ],
              [
                6.0523045,
                49.9905661
              ],
              [
                6.0522904,
                49.9906796
              ],
              [
                6.0522832,
                49.9907204
              ],
              [
                6.0521903,
                49.9910894
              ],
              [
                6.052089,
                49.9913808
              ],
              [
                6.0519599,
                49.9916902
              ],
              [
                6.0519009,
                49.9918265
              ],
              [
                6.051833,
                49.9919674
              ],
              [
                6.0517394,
                49.9921443
              ],
              [
                6.0515671,
                49.9924206
              ],
              [
                6.0515568,
                49.9924366
              ],
              [
                6.0516843,
                49.9924917
              ],
              [
                6.0518383,
                49.9925448
              ],
              [
                6.0519277,
                49.9925875
              ],
              [
                6.052108,
                49.9926795
              ],
              [
                6.0523161,
                49.9928113
              ],
              [
                6.0526355,
                49.9930018
              ],
              [
                6.0528847,
                49.9931507
              ],
              [
                6.0533023,
                49.9933963
              ],
              [
                6.0534943,
                49.9935072
              ],
              [
                6.0535969,
                49.9935622
              ],
              [
                6.0537157,
                49.9936087
              ],
              [
                6.0538184,
                49.9936362
              ],
              [
                6.0539005,
                49.9936552
              ],
              [
                6.0540384,
                49.9936781
              ],
              [
                6.0542511,
                49.9936972
              ],
              [
                6.0544448,
                49.9937192
              ],
              [
                6.0546663,
                49.9937554
              ],
              [
                6.0547881,
                49.9937801
              ],
              [
                6.0549802,
                49.9938257
              ],
              [
                6.0552134,
                49.9938913
              ],
              [
                6.0554773,
                49.9939758
              ],
              [
                6.0556138,
                49.9940194
              ],
              [
                6.0558176,
                49.9940679
              ],
              [
                6.0560333,
                49.9941126
              ],
              [
                6.0561741,
                49.9941373
              ],
              [
                6.0562386,
                49.9941582
              ],
              [
                6.05635,
                49.9942104
              ],
              [
                6.0564072,
                49.9942521
              ],
              [
                6.0565142,
                49.9943062
              ],
              [
                6.0566022,
                49.994345
              ],
              [
                6.0567291,
                49.9943922
              ],
              [
                6.0567226,
                49.9944143
              ],
              [
                6.0566497,
                49.9946671
              ],
              [
                6.0566216,
                49.9947505
              ],
              [
                6.0565477,
                49.9949009
              ],
              [
                6.0564434,
                49.9950578
              ],
              [
                6.0565114,
                49.9950922
              ],
              [
                6.0569222,
                49.9953003
              ],
              [
                6.0570236,
                49.9953429
              ],
              [
                6.0574657,
                49.9955285
              ],
              [
                6.0575016,
                49.9955436
              ],
              [
                6.0577734,
                49.9956577
              ],
              [
                6.0580765,
                49.9957938
              ],
              [
                6.0582967,
                49.9958928
              ],
              [
                6.0586855,
                49.9960675
              ],
              [
                6.0584641,
                49.9963829
              ],
              [
                6.0587505,
                49.9964897
              ],
              [
                6.0592294,
                49.9966682
              ],
              [
                6.0587739,
                49.9970289
              ],
              [
                6.0585155,
                49.9972335
              ],
              [
                6.0583856,
                49.9974623
              ],
              [
                6.0587784,
                49.9976279
              ],
              [
                6.0590393,
                49.9977492
              ],
              [
                6.0591557,
                49.9978127
              ],
              [
                6.0592825,
                49.9978819
              ],
              [
                6.0595332,
                49.9980375
              ],
              [
                6.0595893,
                49.9980787
              ],
              [
                6.0596826,
                49.9981472
              ],
              [
                6.059316,
                49.9987717
              ],
              [
                6.05956,
                49.9988797
              ],
              [
                6.0598532,
                49.9990094
              ],
              [
                6.0598595,
                49.9990128
              ],
              [
                6.0602292,
                49.9992147
              ],
              [
                6.0602762,
                49.9992404
              ],
              [
                6.0604708,
                49.9995529
              ],
              [
                6.0605558,
                49.9996941
              ],
              [
                6.0607168,
                49.9999617
              ],
              [
                6.0607521,
                50.0000204
              ],
              [
                6.0608408,
                50.0001677
              ],
              [
                6.0608196,
                50.000507
              ],
              [
                6.0608098,
                50.0006642
              ],
              [
                6.0608028,
                50.0007512
              ],
              [
                6.0607934,
                50.0009196
              ],
              [
                6.0607721,
                50.0011742
              ],
              [
                6.0607612,
                50.0013038
              ],
              [
                6.0607517,
                50.001417
              ],
              [
                6.0607391,
                50.0015488
              ],
              [
                6.0607195,
                50.001666
              ],
              [
                6.0607142,
                50.0016976
              ],
              [
                6.0607017,
                50.0017475
              ],
              [
                6.0606844,
                50.0018312
              ],
              [
                6.0606341,
                50.0020746
              ],
              [
                6.0605923,
                50.0022618
              ],
              [
                6.0605867,
                50.0022869
              ],
              [
                6.0605118,
                50.0026231
              ],
              [
                6.0605024,
                50.0026651
              ],
              [
                6.0603986,
                50.0030871
              ],
              [
                6.0603829,
                50.0031385
              ],
              [
                6.0603123,
                50.0032112
              ],
              [
                6.060178,
                50.0033457
              ],
              [
                6.0597444,
                50.0037253
              ],
              [
                6.0597192,
                50.0037079
              ],
              [
                6.059655,
                50.0036638
              ],
              [
                6.0594801,
                50.003533
              ],
              [
                6.0592707,
                50.0033693
              ],
              [
                6.0591322,
                50.0032833
              ],
              [
                6.0588006,
                50.0030897
              ],
              [
                6.0584048,
                50.0028648
              ],
              [
                6.0584005,
                50.0028253
              ],
              [
                6.0583022,
                50.0027574
              ],
              [
                6.0581578,
                50.0026895
              ],
              [
                6.0580398,
                50.0026167
              ],
              [
                6.0578495,
                50.0025135
              ],
              [
                6.0572722,
                50.0022179
              ],
              [
                6.0570754,
                50.0021181
              ],
              [
                6.0568524,
                50.002005
              ],
              [
                6.05669,
                50.0021389
              ],
              [
                6.0561299,
                50.0019775
              ],
              [
                6.0561257,
                50.0019224
              ],
              [
                6.0561324,
                50.0018617
              ],
              [
                6.0561501,
                50.0017855
              ],
              [
                6.0561721,
                50.0017234
              ],
              [
                6.0561875,
                50.0016867
              ],
              [
                6.0562008,
                50.0016528
              ],
              [
                6.0562052,
                50.0016288
              ],
              [
                6.0561965,
                50.0016048
              ],
              [
                6.0561703,
                50.0015878
              ],
              [
                6.0561221,
                50.0015807
              ],
              [
                6.0558703,
                50.0016073
              ],
              [
                6.0554564,
                50.0016528
              ],
              [
                6.0552792,
                50.0015863
              ],
              [
                6.0550408,
                50.0015028
              ],
              [
                6.0548833,
                50.0014476
              ],
              [
                6.0547674,
                50.0013994
              ],
              [
                6.0546558,
                50.0013485
              ],
              [
                6.0545705,
                50.001299
              ],
              [
                6.0544874,
                50.0012665
              ],
              [
                6.0543496,
                50.0012331
              ],
              [
                6.0542687,
                50.001202
              ],
              [
                6.0542184,
                50.0011709
              ],
              [
                6.0541638,
                50.0011285
              ],
              [
                6.05412,
                50.0011073
              ],
              [
                6.0540719,
                50.0010917
              ],
              [
                6.0538684,
                50.0010534
              ],
              [
                6.0537699,
                50.001025
              ],
              [
                6.0536999,
                50.0009925
              ],
              [
                6.0536037,
                50.0009388
              ],
              [
                6.0535207,
                50.0008808
              ],
              [
                6.053453,
                50.000813
              ],
              [
                6.0534049,
                50.0007564
              ],
              [
                6.0533766,
                50.0006922
              ],
              [
                6.0533789,
                50.0006512
              ],
              [
                6.0534031,
                50.0006131
              ],
              [
                6.0534207,
                50.0005821
              ],
              [
                6.0534251,
                50.0005567
              ],
              [
                6.0534077,
                50.0005313
              ],
              [
                6.0533595,
                50.0005199
              ],
              [
                6.0531844,
                50.0005141
              ],
              [
                6.0530728,
                50.0005112
              ],
              [
                6.0526572,
                50.0003583
              ],
              [
                6.0524192,
                50.000265
              ],
              [
                6.0516445,
                49.9999613
              ],
              [
                6.0515801,
                49.9999358
              ],
              [
                6.0515088,
                49.9999075
              ],
              [
                6.0514713,
                49.9998926
              ],
              [
                6.050984,
                49.9996994
              ],
              [
                6.0507871,
                49.9996308
              ],
              [
                6.0506734,
                49.9995968
              ],
              [
                6.050564,
                49.9995628
              ],
              [
                6.0502971,
                49.9994976
              ],
              [
                6.0500432,
                49.9994394
              ],
              [
                6.0499514,
                49.9994167
              ],
              [
                6.0498945,
                49.9993983
              ],
              [
                6.0497655,
                49.9993417
              ],
              [
                6.0496976,
                49.9993177
              ],
              [
                6.0496518,
                49.999288
              ],
              [
                6.0496212,
                49.9992597
              ],
              [
                6.049595,
                49.9992357
              ],
              [
                6.0495818,
                49.9992258
              ],
              [
                6.0495272,
                49.9992052
              ],
              [
                6.0494484,
                49.9991812
              ],
              [
                6.0493631,
                49.9991655
              ],
              [
                6.0492931,
                49.9991499
              ],
              [
                6.0492471,
                49.9991245
              ],
              [
                6.049221,
                49.9990849
              ],
              [
                6.0492189,
                49.9990482
              ],
              [
                6.0492036,
                49.9990044
              ],
              [
                6.049184,
                49.9989705
              ],
              [
                6.0491578,
                49.9989409
              ],
              [
                6.0491229,
                49.9989126
              ],
              [
                6.0490923,
                49.9988758
              ],
              [
                6.0490705,
                49.9988391
              ],
              [
                6.0490268,
                49.9987995
              ],
              [
                6.0489678,
                49.9987684
              ],
              [
                6.0488825,
                49.9987196
              ],
              [
                6.0488279,
                49.9986913
              ],
              [
                6.048782,
                49.9986729
              ],
              [
                6.0487492,
                49.9986503
              ],
              [
                6.0487427,
                49.9986249
              ],
              [
                6.0487187,
                49.9985995
              ],
              [
                6.0486924,
                49.9985966
              ],
              [
                6.0486201,
                49.9986276
              ],
              [
                6.0485894,
                49.9986431
              ],
              [
                6.0485105,
                49.9986854
              ],
              [
                6.0484447,
                49.9987093
              ],
              [
                6.0483812,
                49.998729
              ],
              [
                6.0483177,
                49.9987402
              ],
              [
                6.0482652,
                49.9987317
              ],
              [
                6.048217,
                49.9987161
              ],
              [
                6.0481755,
                49.998702
              ],
              [
                6.0481295,
                49.9986963
              ],
              [
                6.048077,
                49.998699
              ],
              [
                6.0480288,
                49.9986976
              ],
              [
                6.0479982,
                49.9986806
              ],
              [
                6.0479633,
                49.9986495
              ],
              [
                6.0479458,
                49.9986283
              ],
              [
                6.0479021,
                49.9986043
              ],
              [
                6.0478561,
                49.9985915
              ],
              [
                6.047773,
                49.9985745
              ],
              [
                6.0477183,
                49.9985533
              ],
              [
                6.0476462,
                49.9985094
              ],
              [
                6.0475413,
                49.9984422
              ],
              [
                6.0474669,
                49.9983956
              ],
              [
                6.0474211,
                49.9983546
              ],
              [
                6.0473927,
                49.9983221
              ],
              [
                6.0473556,
                49.9982868
              ],
              [
                6.0472987,
                49.9982655
              ],
              [
                6.0472265,
                49.9982669
              ],
              [
                6.0471498,
                49.9982837
              ],
              [
                6.0470753,
                49.9982949
              ],
              [
                6.0470184,
                49.998285
              ],
              [
                6.0470141,
                49.9982638
              ],
              [
                6.0470252,
                49.9982074
              ],
              [
                6.0470407,
                49.9981537
              ],
              [
                6.0470276,
                49.9981057
              ],
              [
                6.0469971,
                49.9980577
              ],
              [
                6.0469381,
                49.9980026
              ],
              [
                6.0468747,
                49.9979672
              ],
              [
                6.0468223,
                49.9979234
              ],
              [
                6.0467523,
                49.9978859
              ],
              [
                6.0466168,
                49.9978335
              ],
              [
                6.0465183,
                49.9977939
              ],
              [
                6.0464221,
                49.9977627
              ],
              [
                6.0463083,
                49.9977457
              ],
              [
                6.0462033,
                49.9977159
              ],
              [
                6.0460961,
                49.9976819
              ],
              [
                6.0458971,
                49.9976196
              ],
              [
                6.045757,
                49.9975912
              ],
              [
                6.0456258,
                49.9975642
              ],
              [
                6.0455032,
                49.9975288
              ],
              [
                6.0453676,
                49.9974856
              ],
              [
                6.045267,
                49.9974573
              ],
              [
                6.0452036,
                49.9974374
              ],
              [
                6.0451555,
                49.9974091
              ],
              [
                6.0451096,
                49.9973611
              ],
              [
                6.0450835,
                49.9972961
              ],
              [
                6.0450595,
                49.9972707
              ],
              [
                6.0449874,
                49.9972297
              ],
              [
                6.0447555,
                49.9971701
              ],
              [
                6.0446658,
                49.997146
              ],
              [
                6.0446066,
                49.9971777
              ],
              [
                6.0445452,
                49.9972256
              ],
              [
                6.0444706,
                49.9973103
              ],
              [
                6.0443892,
                49.9974401
              ],
              [
                6.0443188,
                49.9975854
              ],
              [
                6.0442769,
                49.9977131
              ],
              [
                6.0443753,
                49.9977499
              ],
              [
                6.0442851,
                49.9979305
              ],
              [
                6.0441883,
                49.9981274
              ],
              [
                6.0441464,
                49.9982304
              ],
              [
                6.0441353,
                49.9982883
              ],
              [
                6.0441723,
                49.9983843
              ],
              [
                6.0441962,
                49.9984521
              ],
              [
                6.044196,
                49.9985227
              ],
              [
                6.0441783,
                49.9985919
              ],
              [
                6.044152,
                49.9986314
              ],
              [
                6.0441125,
                49.9986709
              ],
              [
                6.0440905,
                49.9986948
              ],
              [
                6.0440992,
                49.998716
              ],
              [
                6.0441276,
                49.9987288
              ],
              [
                6.0441692,
                49.9987344
              ],
              [
                6.0441889,
                49.9987472
              ],
              [
                6.0441976,
                49.998762
              ],
              [
                6.0441888,
                49.9987818
              ],
              [
                6.0441383,
                49.9988354
              ],
              [
                6.0441163,
                49.9988805
              ],
              [
                6.0441008,
                49.9989313
              ],
              [
                6.0441204,
                49.9989822
              ],
              [
                6.0441203,
                49.9990386
              ],
              [
                6.0441026,
                49.9991134
              ],
              [
                6.0440673,
                49.9992249
              ],
              [
                6.0440539,
                49.9992976
              ],
              [
                6.0440536,
                49.9994148
              ],
              [
                6.0440774,
                49.9995391
              ],
              [
                6.0440817,
                49.9995885
              ],
              [
                6.0440816,
                49.9996125
              ],
              [
                6.044075,
                49.9996379
              ],
              [
                6.0440244,
                49.9997028
              ],
              [
                6.0439718,
                49.9997641
              ],
              [
                6.0438686,
                49.9998615
              ],
              [
                6.0438138,
                49.9998925
              ],
              [
                6.0437634,
                49.9999051
              ],
              [
                6.0437262,
                49.9999149
              ],
              [
                6.0436735,
                49.9999516
              ],
              [
                6.0435946,
                50.0000179
              ],
              [
                6.0435221,
                50.000094
              ],
              [
                6.0434891,
                50.0001519
              ],
              [
                6.0434473,
                50.0002422
              ],
              [
                6.0434009,
                50.0003925
              ],
              [
                6.0433898,
                50.0004701
              ],
              [
                6.0433983,
                50.0005421
              ],
              [
                6.0434223,
                50.0006015
              ],
              [
                6.0434528,
                50.0006467
              ],
              [
                6.0434789,
                50.0007342
              ],
              [
                6.0434874,
                50.0008317
              ],
              [
                6.0435042,
                50.0010837
              ],
              [
                6.0434928,
                50.0012898
              ],
              [
                6.0434768,
                50.0015573
              ],
              [
                6.043516,
                50.0016322
              ],
              [
                6.04353,
                50.0016526
              ],
              [
                6.0436229,
                50.0017876
              ],
              [
                6.0437189,
                50.0019084
              ],
              [
                6.0438434,
                50.0020201
              ],
              [
                6.0438762,
                50.0020484
              ],
              [
                6.0438936,
                50.0020808
              ],
              [
                6.0439264,
                50.0021021
              ],
              [
                6.043946,
                50.0021247
              ],
              [
                6.043946,
                50.0021487
              ],
              [
                6.0439765,
                50.002184
              ],
              [
                6.0438363,
                50.0022333
              ],
              [
                6.0437201,
                50.0023023
              ],
              [
                6.0436477,
                50.0023622
              ],
              [
                6.0435752,
                50.002437
              ],
              [
                6.0435027,
                50.0025258
              ],
              [
                6.0434017,
                50.0026712
              ],
              [
                6.0433446,
                50.0027431
              ],
              [
                6.0432831,
                50.0028066
              ],
              [
                6.0432239,
                50.0028489
              ],
              [
                6.0431608,
                50.0028921
              ],
              [
                6.0431252,
                50.0029165
              ],
              [
                6.0430616,
                50.0029673
              ],
              [
                6.0429759,
                50.0030667
              ],
              [
                6.0429407,
                50.0031344
              ],
              [
                6.0429208,
                50.0032008
              ],
              [
                6.0429074,
                50.0033088
              ],
              [
                6.0429156,
                50.0035347
              ],
              [
                6.042922,
                50.0035714
              ],
              [
                6.042961,
                50.003762
              ],
              [
                6.0429911,
                50.0039682
              ],
              [
                6.0429866,
                50.0039964
              ],
              [
                6.0427867,
                50.0042524
              ],
              [
                6.0425259,
                50.0043806
              ],
              [
                6.042403,
                50.0044864
              ],
              [
                6.0422757,
                50.0045837
              ],
              [
                6.0421222,
                50.0046844
              ],
              [
                6.042063,
                50.0047465
              ],
              [
                6.0420099,
                50.0048141
              ],
              [
                6.0419092,
                50.0049426
              ],
              [
                6.0417463,
                50.0050801
              ],
              [
                6.0417179,
                50.0050996
              ],
              [
                6.0416991,
                50.0051114
              ],
              [
                6.0416591,
                50.0051364
              ],
              [
                6.0415977,
                50.005166
              ],
              [
                6.0414506,
                50.0052299
              ],
              [
                6.04141,
                50.0052446
              ],
              [
                6.041201,
                50.0053166
              ],
              [
                6.0408527,
                50.0053798
              ],
              [
                6.0401206,
                50.0054986
              ],
              [
                6.0401024,
                50.005538
              ],
              [
                6.0400682,
                50.0054081
              ],
              [
                6.0400239,
                50.0051733
              ],
              [
                6.0400158,
                50.0050244
              ],
              [
                6.0399446,
                50.0047216
              ],
              [
                6.0399264,
                50.0045608
              ],
              [
                6.0399204,
                50.0044788
              ],
              [
                6.0399089,
                50.0044349
              ],
              [
                6.0398611,
                50.0043669
              ],
              [
                6.0397513,
                50.0042798
              ],
              [
                6.039589,
                50.0041668
              ],
              [
                6.0394506,
                50.0040607
              ],
              [
                6.0393162,
                50.0039507
              ],
              [
                6.039147,
                50.0037976
              ],
              [
                6.0390511,
                50.0037296
              ],
              [
                6.0389506,
                50.0036745
              ],
              [
                6.0388082,
                50.0036214
              ],
              [
                6.0384639,
                50.0034872
              ],
              [
                6.0382969,
                50.0034091
              ],
              [
                6.0381066,
                50.0032969
              ],
              [
                6.0379234,
                50.0031808
              ],
              [
                6.0377489,
                50.0030604
              ],
              [
                6.0376531,
                50.0029894
              ],
              [
                6.0375658,
                50.0029013
              ],
              [
                6.037193,
                50.0024064
              ],
              [
                6.0371074,
                50.0022894
              ],
              [
                6.0370303,
                50.0021584
              ],
              [
                6.0369577,
                50.0020804
              ],
              [
                6.0368773,
                50.0020114
              ],
              [
                6.0367746,
                50.0019334
              ],
              [
                6.0365705,
                50.0017953
              ],
              [
                6.0361553,
                50.001536
              ],
              [
                6.0358066,
                50.0013169
              ],
              [
                6.0357587,
                50.0012798
              ],
              [
                6.0356784,
                50.0012148
              ],
              [
                6.0356166,
                50.0011468
              ],
              [
                6.0355625,
                50.0011088
              ],
              [
                6.0354999,
                50.0010687
              ],
              [
                6.0353003,
                50.0009826
              ],
              [
                6.0349274,
                50.0008493
              ],
              [
                6.0346465,
                50.0007511
              ],
              [
                6.0344747,
                50.0007009
              ],
              [
                6.0342394,
                50.0006557
              ],
              [
                6.0340707,
                50.0006135
              ],
              [
                6.0339253,
                50.0005604
              ],
              [
                6.0336832,
                50.0004592
              ],
              [
                6.0334264,
                50.000339
              ],
              [
                6.0332919,
                50.000269
              ],
              [
                6.033164,
                50.0001814
              ],
              [
                6.0331458,
                50.0001921
              ],
              [
                6.032963,
                50.0003544
              ],
              [
                6.0328728,
                50.0004344
              ],
              [
                6.0327184,
                50.0005715
              ],
              [
                6.0322993,
                50.0003582
              ],
              [
                6.0321106,
                50.0002501
              ],
              [
                6.0319668,
                50.000158
              ],
              [
                6.031813,
                50.0000459
              ],
              [
                6.0317111,
                49.9999629
              ],
              [
                6.0315906,
                49.9998459
              ],
              [
                6.0315296,
                49.9997908
              ],
              [
                6.0314198,
                49.9997048
              ],
              [
                6.0313626,
                49.9996698
              ],
              [
                6.0311925,
                49.9995747
              ],
              [
                6.0310696,
                49.9995146
              ],
              [
                6.0309474,
                49.9994595
              ],
              [
                6.0308955,
                49.9994523
              ],
              [
                6.0307724,
                49.9994353
              ],
              [
                6.0305882,
                49.9994111
              ],
              [
                6.0304256,
                49.9993989
              ],
              [
                6.0303032,
                49.9993958
              ],
              [
                6.0300469,
                49.9994025
              ],
              [
                6.0296906,
                49.999419
              ],
              [
                6.0294768,
                49.9994368
              ],
              [
                6.0293226,
                49.9994556
              ],
              [
                6.0291088,
                49.9994943
              ],
              [
                6.0288205,
                49.9995609
              ],
              [
                6.0285253,
                49.9996304
              ],
              [
                6.0284896,
                49.9996394
              ],
              [
                6.0282451,
                49.9995762
              ],
              [
                6.0278566,
                49.9994858
              ],
              [
                6.027181,
                49.9993241
              ],
              [
                6.0272075,
                49.9992742
              ],
              [
                6.0266106,
                49.9992145
              ],
              [
                6.0264926,
                49.999588
              ],
              [
                6.0263293,
                50.0000944
              ],
              [
                6.0262881,
                50.0002414
              ],
              [
                6.0262425,
                50.0004044
              ],
              [
                6.0262228,
                50.0004749
              ],
              [
                6.0260201,
                50.0004327
              ],
              [
                6.0256254,
                50.0003333
              ],
              [
                6.025394,
                50.000271
              ],
              [
                6.0253135,
                50.000245
              ],
              [
                6.0250799,
                50.0001618
              ],
              [
                6.0250392,
                50.0001475
              ],
              [
                6.0248741,
                50.0000896
              ],
              [
                6.0248614,
                50.0000843
              ],
              [
                6.0246993,
                50.0000164
              ],
              [
                6.024417,
                49.9998962
              ],
              [
                6.0241651,
                49.9997773
              ],
              [
                6.0241603,
                49.999775
              ],
              [
                6.0240163,
                49.9997077
              ],
              [
                6.0235919,
                49.9995095
              ],
              [
                6.0231983,
                49.9993282
              ],
              [
                6.0227481,
                49.9991408
              ],
              [
                6.0220001,
                49.9988612
              ],
              [
                6.0218971,
                49.9989813
              ],
              [
                6.0217424,
                49.9991618
              ],
              [
                6.0215672,
                49.9993662
              ],
              [
                6.0213306,
                49.999245
              ],
              [
                6.0210201,
                49.9994963
              ],
              [
                6.0206669,
                49.9997776
              ],
              [
                6.0203758,
                49.9999971
              ],
              [
                6.0202839,
                50.0000602
              ],
              [
                6.0201761,
                50.0001318
              ],
              [
                6.0196503,
                50.0005128
              ],
              [
                6.0196362,
                50.0005246
              ],
              [
                6.0196368,
                50.0005333
              ],
              [
                6.0200994,
                50.0007732
              ],
              [
                6.0202298,
                50.0008403
              ],
              [
                6.0202206,
                50.0008443
              ],
              [
                6.0197213,
                50.0011674
              ],
              [
                6.0196483,
                50.0012232
              ],
              [
                6.0194697,
                50.0013859
              ],
              [
                6.0194178,
                50.0014358
              ],
              [
                6.0188967,
                50.0019066
              ],
              [
                6.0183777,
                50.0015103
              ],
              [
                6.0181914,
                50.0013812
              ],
              [
                6.0180198,
                50.0012671
              ],
              [
                6.017836,
                50.0011649
              ],
              [
                6.017413,
                50.0009267
              ],
              [
                6.0173111,
                50.0013012
              ],
              [
                6.0172728,
                50.001426
              ],
              [
                6.0172541,
                50.0014719
              ],
              [
                6.0170692,
                50.0016575
              ],
              [
                6.0169922,
                50.0017353
              ],
              [
                6.0168369,
                50.001891
              ],
              [
                6.0168011,
                50.0019269
              ],
              [
                6.0167793,
                50.0019638
              ],
              [
                6.0167746,
                50.0019888
              ],
              [
                6.0167793,
                50.0020083
              ],
              [
                6.016783,
                50.0020238
              ],
              [
                6.0167907,
                50.0020488
              ],
              [
                6.0168184,
                50.0021028
              ],
              [
                6.0168692,
                50.0021907
              ],
              [
                6.0168846,
                50.0022387
              ],
              [
                6.0169006,
                50.0023077
              ],
              [
                6.0169113,
                50.0023716
              ],
              [
                6.0169172,
                50.0024725
              ],
              [
                6.0169138,
                50.0025485
              ],
              [
                6.016906,
                50.0025774
              ],
              [
                6.0168837,
                50.0026099
              ],
              [
                6.0168725,
                50.0026263
              ],
              [
                6.0167636,
                50.0027771
              ],
              [
                6.0167014,
                50.0028539
              ],
              [
                6.01657,
                50.0030186
              ],
              [
                6.0165453,
                50.003049
              ],
              [
                6.016455,
                50.0031603
              ],
              [
                6.0162987,
                50.0033529
              ],
              [
                6.016207,
                50.0034647
              ],
              [
                6.0150516,
                50.0031624
              ],
              [
                6.0146198,
                50.0030674
              ],
              [
                6.0143315,
                50.003004
              ],
              [
                6.0142661,
                50.0029896
              ],
              [
                6.0132196,
                50.0028111
              ],
              [
                6.0127793,
                50.0027424
              ],
              [
                6.0126732,
                50.0028586
              ],
              [
                6.0125499,
                50.0030049
              ],
              [
                6.0123172,
                50.003281
              ],
              [
                6.0122769,
                50.0033296
              ],
              [
                6.0122063,
                50.0034149
              ],
              [
                6.0120933,
                50.0035513
              ],
              [
                6.0118011,
                50.0034289
              ],
              [
                6.0115195,
                50.0033096
              ],
              [
                6.0113452,
                50.0032357
              ],
              [
                6.0111814,
                50.0031676
              ],
              [
                6.0108416,
                50.0030367
              ],
              [
                6.0107353,
                50.0030029
              ],
              [
                6.0105072,
                50.0029469
              ],
              [
                6.010371,
                50.0029238
              ],
              [
                6.0101579,
                50.0028911
              ],
              [
                6.0100483,
                50.0028743
              ],
              [
                6.0099601,
                50.0028635
              ],
              [
                6.0097713,
                50.0027689
              ],
              [
                6.0097213,
                50.0028024
              ],
              [
                6.009606,
                50.0028892
              ],
              [
                6.0095627,
                50.0029218
              ],
              [
                6.0094357,
                50.0030174
              ],
              [
                6.0093565,
                50.003077
              ],
              [
                6.0093473,
                50.003084
              ],
              [
                6.0091578,
                50.0032433
              ],
              [
                6.0091018,
                50.0032903
              ],
              [
                6.0090287,
                50.0033518
              ],
              [
                6.0088737,
                50.0034822
              ],
              [
                6.0088496,
                50.0035024
              ],
              [
                6.0087587,
                50.003602
              ],
              [
                6.0087163,
                50.0036522
              ],
              [
                6.008638,
                50.0037343
              ],
              [
                6.0085205,
                50.0038574
              ],
              [
                6.0084908,
                50.0038885
              ],
              [
                6.0084873,
                50.0038924
              ],
              [
                6.0083768,
                50.0040186
              ],
              [
                6.0082603,
                50.0041404
              ],
              [
                6.009484,
                50.0045961
              ],
              [
                6.0098583,
                50.0047404
              ],
              [
                6.0102183,
                50.00491
              ],
              [
                6.0104901,
                50.005038
              ],
              [
                6.0107948,
                50.0051815
              ],
              [
                6.0111883,
                50.0053669
              ],
              [
                6.0114124,
                50.0054728
              ],
              [
                6.0118264,
                50.0056686
              ],
              [
                6.0124565,
                50.0059651
              ],
              [
                6.0122853,
                50.0062802
              ],
              [
                6.0121901,
                50.0064183
              ],
              [
                6.0120805,
                50.0065476
              ],
              [
                6.0120675,
                50.0065594
              ],
              [
                6.0120045,
                50.0065221
              ],
              [
                6.0118772,
                50.0064519
              ],
              [
                6.0117721,
                50.0064024
              ],
              [
                6.0116371,
                50.0063569
              ],
              [
                6.0113082,
                50.0062764
              ],
              [
                6.0112981,
                50.0062914
              ],
              [
                6.0110767,
                50.0065584
              ],
              [
                6.010853,
                50.0065238
              ],
              [
                6.010806,
                50.006647
              ],
              [
                6.0107813,
                50.0067012
              ],
              [
                6.010777,
                50.0067106
              ],
              [
                6.0107191,
                50.006831
              ],
              [
                6.0106387,
                50.0069773
              ],
              [
                6.0105574,
                50.0071088
              ],
              [
                6.0104561,
                50.0072576
              ],
              [
                6.0104071,
                50.0073148
              ],
              [
                6.0103871,
                50.0073458
              ],
              [
                6.0103082,
                50.0074136
              ],
              [
                6.0102393,
                50.0074686
              ],
              [
                6.0102215,
                50.0074743
              ],
              [
                6.0102204,
                50.0074907
              ],
              [
                6.0102147,
                50.0075332
              ],
              [
                6.0100816,
                50.0076069
              ],
              [
                6.0099334,
                50.0077166
              ],
              [
                6.009723,
                50.0078603
              ],
              [
                6.0095418,
                50.0079963
              ],
              [
                6.0092362,
                50.0079967
              ],
              [
                6.0090608,
                50.0079999
              ],
              [
                6.0090241,
                50.0080027
              ],
              [
                6.0090106,
                50.0080037
              ],
              [
                6.0088309,
                50.0080176
              ],
              [
                6.008456,
                50.0080625
              ],
              [
                6.0083443,
                50.0080889
              ],
              [
                6.0081913,
                50.0081367
              ],
              [
                6.0080729,
                50.0081819
              ],
              [
                6.0079904,
                50.0082135
              ],
              [
                6.0077789,
                50.0082861
              ],
              [
                6.0076579,
                50.0083296
              ],
              [
                6.0075714,
                50.0083689
              ],
              [
                6.0075061,
                50.0084091
              ],
              [
                6.0072675,
                50.0086384
              ],
              [
                6.0070714,
                50.0088627
              ],
              [
                6.0069194,
                50.009027
              ],
              [
                6.0068127,
                50.009121
              ],
              [
                6.0066902,
                50.0092289
              ],
              [
                6.0065556,
                50.0093487
              ],
              [
                6.006637,
                50.0093699
              ],
              [
                6.0066713,
                50.0093789
              ],
              [
                6.0069127,
                50.0094417
              ],
              [
                6.006831,
                50.0096154
              ],
              [
                6.0067469,
                50.0097404
              ],
              [
                6.0067162,
                50.0097789
              ],
              [
                6.0065895,
                50.0099056
              ],
              [
                6.0064376,
                50.010039
              ],
              [
                6.006231,
                50.010223
              ],
              [
                6.0061137,
                50.0103368
              ],
              [
                6.0060257,
                50.0104412
              ],
              [
                6.0058309,
                50.0106715
              ],
              [
                6.0057683,
                50.0107194
              ],
              [
                6.0064355,
                50.0114547
              ],
              [
                6.0063841,
                50.0114724
              ],
              [
                6.0063647,
                50.0114791
              ],
              [
                6.0061116,
                50.0115648
              ],
              [
                6.0058316,
                50.0116595
              ],
              [
                6.0057958,
                50.0116764
              ],
              [
                6.0056922,
                50.0116454
              ],
              [
                6.0055514,
                50.0116435
              ],
              [
                6.0054304,
                50.0116682
              ],
              [
                6.0052838,
                50.0117914
              ],
              [
                6.0051293,
                50.0118863
              ],
              [
                6.0049856,
                50.0119495
              ],
              [
                6.0049085,
                50.0119648
              ],
              [
                6.004781,
                50.0119509
              ],
              [
                6.0046615,
                50.0118994
              ],
              [
                6.0045529,
                50.0118032
              ],
              [
                6.0044762,
                50.0117011
              ],
              [
                6.0044484,
                50.0116488
              ],
              [
                6.0044072,
                50.0116496
              ],
              [
                6.0040154,
                50.0115899
              ],
              [
                6.0037764,
                50.011551
              ],
              [
                6.0036914,
                50.0115346
              ],
              [
                6.0036751,
                50.0116297
              ],
              [
                6.0033444,
                50.0115693
              ],
              [
                6.0029619,
                50.011513
              ],
              [
                6.0027255,
                50.0114879
              ],
              [
                6.0025182,
                50.0114713
              ],
              [
                6.0023163,
                50.0114607
              ],
              [
                6.002028,
                50.0114526
              ],
              [
                6.0017143,
                50.0114539
              ],
              [
                6.0014127,
                50.0114594
              ],
              [
                6.0012014,
                50.0114685
              ],
              [
                6.0009518,
                50.0114093
              ],
              [
                6.0007186,
                50.011364
              ],
              [
                6.0004418,
                50.0114808
              ],
              [
                6.0004343,
                50.011484
              ],
              [
                6.0003057,
                50.0114577
              ],
              [
                6.0001689,
                50.0114281
              ],
              [
                6.0000819,
                50.0114111
              ],
              [
                6.0000621,
                50.0114072
              ],
              [
                6.0000465,
                50.0114038
              ],
              [
                6.0000154,
                50.0113977
              ],
              [
                5.9998244,
                50.0114068
              ],
              [
                5.999648,
                50.0114193
              ],
              [
                5.9994041,
                50.0114296
              ],
              [
                5.9991799,
                50.0114601
              ],
              [
                5.9991851,
                50.0114829
              ],
              [
                5.9992577,
                50.0118027
              ],
              [
                5.9992684,
                50.0118501
              ],
              [
                5.9992729,
                50.0118697
              ],
              [
                5.9990444,
                50.0119242
              ],
              [
                5.9987578,
                50.0119994
              ],
              [
                5.9986311,
                50.012036
              ],
              [
                5.9983092,
                50.0121259
              ],
              [
                5.9982437,
                50.0121425
              ],
              [
                5.9980766,
                50.0121811
              ],
              [
                5.9978918,
                50.0122136
              ],
              [
                5.9977008,
                50.0122387
              ],
              [
                5.9974859,
                50.0122605
              ],
              [
                5.9973749,
                50.0122684
              ],
              [
                5.9972358,
                50.0122722
              ],
              [
                5.9971456,
                50.0122707
              ],
              [
                5.9969807,
                50.0122558
              ],
              [
                5.9967857,
                50.0122327
              ],
              [
                5.996569,
                50.0121929
              ],
              [
                5.9965397,
                50.0122565
              ],
              [
                5.9965032,
                50.0123026
              ],
              [
                5.9964741,
                50.0123373
              ],
              [
                5.9964272,
                50.0123754
              ],
              [
                5.9963346,
                50.0124482
              ],
              [
                5.9961703,
                50.0125777
              ],
              [
                5.9960708,
                50.0125482
              ],
              [
                5.9957985,
                50.0126769
              ],
              [
                5.9954306,
                50.0128309
              ],
              [
                5.9952976,
                50.0128903
              ],
              [
                5.9949619,
                50.0130497
              ],
              [
                5.9947688,
                50.0130559
              ],
              [
                5.9946828,
                50.0130586
              ],
              [
                5.9947197,
                50.0131824
              ],
              [
                5.9944819,
                50.0132356
              ],
              [
                5.9943459,
                50.0132628
              ],
              [
                5.9941974,
                50.013282
              ],
              [
                5.993966,
                50.0132937
              ],
              [
                5.9938041,
                50.0133062
              ],
              [
                5.993692,
                50.0133188
              ],
              [
                5.9936588,
                50.0133234
              ],
              [
                5.9935325,
                50.0132456
              ],
              [
                5.9934838,
                50.0132301
              ],
              [
                5.9933614,
                50.0132112
              ],
              [
                5.9932204,
                50.0131949
              ],
              [
                5.9930409,
                50.0131826
              ],
              [
                5.9929278,
                50.0131804
              ],
              [
                5.9928534,
                50.0131841
              ],
              [
                5.9927815,
                50.0131876
              ],
              [
                5.9925757,
                50.0132977
              ],
              [
                5.992532,
                50.0133218
              ],
              [
                5.992243,
                50.0134818
              ],
              [
                5.992137,
                50.0135111
              ],
              [
                5.9917497,
                50.0135895
              ],
              [
                5.9916677,
                50.0136067
              ],
              [
                5.9915659,
                50.013636
              ],
              [
                5.9913788,
                50.0137287
              ],
              [
                5.9912155,
                50.0138382
              ],
              [
                5.9911583,
                50.0138944
              ],
              [
                5.9911124,
                50.0139505
              ],
              [
                5.9910862,
                50.0140207
              ],
              [
                5.9909728,
                50.0140623
              ],
              [
                5.9906014,
                50.0138707
              ],
              [
                5.9905534,
                50.01391
              ],
              [
                5.9903525,
                50.0140672
              ],
              [
                5.9903468,
                50.0140717
              ],
              [
                5.9901545,
                50.0142464
              ],
              [
                5.9901095,
                50.0142873
              ],
              [
                5.9900529,
                50.0143396
              ],
              [
                5.9899577,
                50.0144275
              ],
              [
                5.9898382,
                50.014538
              ],
              [
                5.9897275,
                50.0146111
              ],
              [
                5.9896947,
                50.0146375
              ],
              [
                5.9895526,
                50.0147628
              ],
              [
                5.9890053,
                50.0145109
              ],
              [
                5.9877492,
                50.0139357
              ],
              [
                5.9878994,
                50.013776
              ],
              [
                5.9879713,
                50.0136994
              ],
              [
                5.9880448,
                50.0136212
              ],
              [
                5.9878285,
                50.0135412
              ],
              [
                5.9874423,
                50.0133932
              ],
              [
                5.9871358,
                50.0132779
              ],
              [
                5.9867841,
                50.0131428
              ],
              [
                5.9866607,
                50.0130981
              ],
              [
                5.9864617,
                50.0130215
              ],
              [
                5.9862587,
                50.0129381
              ],
              [
                5.9861127,
                50.012877
              ],
              [
                5.9860172,
                50.0128323
              ],
              [
                5.9858992,
                50.0127738
              ],
              [
                5.9856061,
                50.0126217
              ],
              [
                5.9854456,
                50.0125366
              ],
              [
                5.9850736,
                50.0123211
              ],
              [
                5.985051,
                50.0123118
              ],
              [
                5.9850217,
                50.0124066
              ],
              [
                5.9850003,
                50.0124514
              ],
              [
                5.9850653,
                50.0126073
              ],
              [
                5.9851323,
                50.0128062
              ],
              [
                5.9851716,
                50.0129605
              ],
              [
                5.9851977,
                50.0130788
              ],
              [
                5.9852198,
                50.0132143
              ],
              [
                5.9852323,
                50.0134028
              ],
              [
                5.9852253,
                50.0135133
              ],
              [
                5.9852249,
                50.0136162
              ],
              [
                5.9852243,
                50.0137841
              ],
              [
                5.9852026,
                50.0138955
              ],
              [
                5.9851566,
                50.0140977
              ],
              [
                5.9851471,
                50.0141559
              ],
              [
                5.985175,
                50.0141654
              ],
              [
                5.9856941,
                50.0142896
              ],
              [
                5.9860526,
                50.0143793
              ],
              [
                5.9864575,
                50.0144913
              ],
              [
                5.9868199,
                50.0146016
              ],
              [
                5.9870294,
                50.014661
              ],
              [
                5.987424,
                50.0147835
              ],
              [
                5.9877328,
                50.0148864
              ],
              [
                5.9881245,
                50.0150264
              ],
              [
                5.9884718,
                50.0151608
              ],
              [
                5.9882961,
                50.0154679
              ],
              [
                5.988224,
                50.0155961
              ],
              [
                5.9879609,
                50.0159141
              ],
              [
                5.9876246,
                50.0162496
              ],
              [
                5.9874574,
                50.0161754
              ],
              [
                5.9872546,
                50.0163587
              ],
              [
                5.9871759,
                50.0164298
              ],
              [
                5.9869787,
                50.0163408
              ],
              [
                5.9868655,
                50.016385
              ],
              [
                5.9867493,
                50.0164374
              ],
              [
                5.9866547,
                50.0164843
              ],
              [
                5.98657,
                50.0165396
              ],
              [
                5.9865269,
                50.0165783
              ],
              [
                5.9864795,
                50.0166262
              ],
              [
                5.9864091,
                50.0166972
              ],
              [
                5.9863473,
                50.0167608
              ],
              [
                5.9862855,
                50.0168271
              ],
              [
                5.986228,
                50.0168898
              ],
              [
                5.9861389,
                50.0169893
              ],
              [
                5.9860886,
                50.0170456
              ],
              [
                5.9860224,
                50.0171248
              ],
              [
                5.985985,
                50.0171728
              ],
              [
                5.9859073,
                50.0172834
              ],
              [
                5.9858685,
                50.0173341
              ],
              [
                5.9858526,
                50.0173563
              ],
              [
                5.9851376,
                50.0171798
              ],
              [
                5.9850818,
                50.0171658
              ],
              [
                5.9850109,
                50.0171554
              ],
              [
                5.9848445,
                50.0179136
              ],
              [
                5.9848025,
                50.0181277
              ],
              [
                5.9847686,
                50.0183051
              ],
              [
                5.9847025,
                50.0185552
              ],
              [
                5.9845927,
                50.0191249
              ],
              [
                5.9845106,
                50.0193835
              ],
              [
                5.9844448,
                50.0195591
              ],
              [
                5.9842187,
                50.0199735
              ],
              [
                5.9841969,
                50.0199657
              ],
              [
                5.9839686,
                50.0198664
              ],
              [
                5.9839814,
                50.0198374
              ],
              [
                5.9829704,
                50.0193511
              ],
              [
                5.9828603,
                50.0192995
              ],
              [
                5.9824832,
                50.0191237
              ],
              [
                5.982189,
                50.0189865
              ],
              [
                5.9812656,
                50.0185703
              ],
              [
                5.9808092,
                50.0183639
              ],
              [
                5.980735,
                50.0182952
              ],
              [
                5.9807032,
                50.0182643
              ],
              [
                5.9805852,
                50.0181973
              ],
              [
                5.9804008,
                50.0181062
              ],
              [
                5.9803093,
                50.0180657
              ],
              [
                5.9801903,
                50.0180316
              ],
              [
                5.9801832,
                50.0180295
              ],
              [
                5.9800663,
                50.0180002
              ],
              [
                5.9799109,
                50.0179691
              ],
              [
                5.9797555,
                50.0179534
              ],
              [
                5.9793143,
                50.0179459
              ],
              [
                5.978909,
                50.0179367
              ],
              [
                5.9785488,
                50.0179309
              ],
              [
                5.977903,
                50.0179136
              ],
              [
                5.9767602,
                50.0178834
              ],
              [
                5.9766765,
                50.0178799
              ],
              [
                5.9765883,
                50.0179408
              ],
              [
                5.9767052,
                50.0181227
              ],
              [
                5.9767197,
                50.0181452
              ],
              [
                5.9767722,
                50.0182123
              ],
              [
                5.9767952,
                50.0182563
              ],
              [
                5.9768044,
                50.0182913
              ],
              [
                5.9768027,
                50.0183233
              ],
              [
                5.9768058,
                50.0183413
              ],
              [
                5.9768351,
                50.0183804
              ],
              [
                5.976923,
                50.0184925
              ],
              [
                5.9769847,
                50.0185705
              ],
              [
                5.9770619,
                50.0186556
              ],
              [
                5.9771515,
                50.0187478
              ],
              [
                5.9772132,
                50.0188189
              ],
              [
                5.9772626,
                50.0188859
              ],
              [
                5.977329,
                50.018954
              ],
              [
                5.9774093,
                50.0190251
              ],
              [
                5.977533,
                50.0191273
              ],
              [
                5.9777117,
                50.0194065
              ],
              [
                5.9777599,
                50.0195107
              ],
              [
                5.9778012,
                50.0196305
              ],
              [
                5.977802,
                50.0197807
              ],
              [
                5.9778166,
                50.0198893
              ],
              [
                5.9778202,
                50.0199163
              ],
              [
                5.9778401,
                50.0199989
              ],
              [
                5.9778841,
                50.0201373
              ],
              [
                5.9782374,
                50.0203588
              ],
              [
                5.9782747,
                50.0203932
              ],
              [
                5.9783316,
                50.0205557
              ],
              [
                5.9783471,
                50.0206588
              ],
              [
                5.9783453,
                50.0207395
              ],
              [
                5.9783157,
                50.0209409
              ],
              [
                5.9781212,
                50.0213462
              ],
              [
                5.9780938,
                50.0213629
              ],
              [
                5.9780606,
                50.0213907
              ],
              [
                5.9780302,
                50.0214352
              ],
              [
                5.9780142,
                50.0214714
              ],
              [
                5.9780112,
                50.0215094
              ],
              [
                5.9780153,
                50.021567
              ],
              [
                5.9778272,
                50.0217913
              ],
              [
                5.977746,
                50.021935
              ],
              [
                5.9773642,
                50.0224013
              ],
              [
                5.9770811,
                50.0226152
              ],
              [
                5.9767057,
                50.0229005
              ],
              [
                5.9765179,
                50.0230419
              ],
              [
                5.9764921,
                50.0230635
              ],
              [
                5.9764483,
                50.0231002
              ],
              [
                5.9762511,
                50.0231718
              ],
              [
                5.9762075,
                50.0232348
              ],
              [
                5.9761573,
                50.0233816
              ],
              [
                5.9761447,
                50.0234346
              ],
              [
                5.9760898,
                50.0235795
              ],
              [
                5.9760506,
                50.0236964
              ],
              [
                5.9760442,
                50.0237534
              ],
              [
                5.9760577,
                50.0238554
              ],
              [
                5.9760898,
                50.0239674
              ],
              [
                5.9761251,
                50.0240674
              ],
              [
                5.9761466,
                50.0241344
              ],
              [
                5.9761257,
                50.0241421
              ],
              [
                5.9755726,
                50.0241735
              ],
              [
                5.9755342,
                50.0241755
              ],
              [
                5.9754811,
                50.0241783
              ],
              [
                5.9754391,
                50.0241804
              ],
              [
                5.9752438,
                50.0241899
              ],
              [
                5.9750918,
                50.0242027
              ],
              [
                5.9749506,
                50.0242175
              ],
              [
                5.9741702,
                50.0243141
              ],
              [
                5.9741221,
                50.02432
              ],
              [
                5.9740181,
                50.0243489
              ],
              [
                5.9737154,
                50.0244213
              ],
              [
                5.9735774,
                50.0244351
              ],
              [
                5.9734517,
                50.0244519
              ],
              [
                5.9733508,
                50.0244727
              ],
              [
                5.9732484,
                50.0244845
              ],
              [
                5.9730577,
                50.0244842
              ],
              [
                5.9728762,
                50.0244879
              ],
              [
                5.9728017,
                50.0244836
              ],
              [
                5.9727522,
                50.0244807
              ],
              [
                5.972701,
                50.0244696
              ],
              [
                5.9722751,
                50.0243579
              ],
              [
                5.9717795,
                50.0241962
              ],
              [
                5.9716607,
                50.0247918
              ],
              [
                5.9716009,
                50.0250086
              ],
              [
                5.9715665,
                50.0250976
              ],
              [
                5.9715196,
                50.0251805
              ],
              [
                5.9714635,
                50.0252584
              ],
              [
                5.9714043,
                50.0253232
              ],
              [
                5.9713171,
                50.0253931
              ],
              [
                5.9712269,
                50.0254443
              ],
              [
                5.9712099,
                50.0254539
              ],
              [
                5.9711757,
                50.025472
              ],
              [
                5.9709799,
                50.0255755
              ],
              [
                5.9707313,
                50.025683
              ],
              [
                5.9704689,
                50.0257755
              ],
              [
                5.9702266,
                50.0258611
              ],
              [
                5.9700386,
                50.0259388
              ],
              [
                5.9698988,
                50.0260035
              ],
              [
                5.9697807,
                50.0260683
              ],
              [
                5.9696765,
                50.0261361
              ],
              [
                5.9695832,
                50.0262099
              ],
              [
                5.9694088,
                50.0263596
              ],
              [
                5.9693031,
                50.0264414
              ],
              [
                5.9691709,
                50.0265331
              ],
              [
                5.9690481,
                50.0265929
              ],
              [
                5.9689314,
                50.026644
              ],
              [
                5.9690625,
                50.0266896
              ],
              [
                5.9694203,
                50.0267972
              ],
              [
                5.969631,
                50.0268556
              ],
              [
                5.9698463,
                50.0269029
              ],
              [
                5.9700028,
                50.0269392
              ],
              [
                5.9701592,
                50.0269854
              ],
              [
                5.9702707,
                50.0270246
              ],
              [
                5.9703807,
                50.0270668
              ],
              [
                5.9704828,
                50.0271099
              ],
              [
                5.9705401,
                50.027145
              ],
              [
                5.9705849,
                50.0271791
              ],
              [
                5.9707274,
                50.0272223
              ],
              [
                5.9707739,
                50.0272394
              ],
              [
                5.970859,
                50.0272855
              ],
              [
                5.9709394,
                50.0273347
              ],
              [
                5.970787,
                50.0274394
              ],
              [
                5.9703905,
                50.0277076
              ],
              [
                5.9703578,
                50.0277306
              ],
              [
                5.9703176,
                50.0277115
              ],
              [
                5.97005,
                50.027907
              ],
              [
                5.969966,
                50.0279698
              ],
              [
                5.9698789,
                50.0280397
              ],
              [
                5.9705461,
                50.0283297
              ],
              [
                5.9710168,
                50.0285185
              ],
              [
                5.9712583,
                50.0286259
              ],
              [
                5.9713774,
                50.0286901
              ],
              [
                5.971478,
                50.0287512
              ],
              [
                5.9715476,
                50.0288023
              ],
              [
                5.9716619,
                50.0289145
              ],
              [
                5.9717745,
                50.0290536
              ],
              [
                5.971887,
                50.0292358
              ],
              [
                5.9721326,
                50.0296319
              ],
              [
                5.9721511,
                50.0296636
              ],
              [
                5.9722343,
                50.0298061
              ],
              [
                5.9722976,
                50.0298812
              ],
              [
                5.9724441,
                50.0300813
              ],
              [
                5.9725288,
                50.0302185
              ],
              [
                5.972632,
                50.0303946
              ],
              [
                5.9727398,
                50.0305857
              ],
              [
                5.9728398,
                50.0308054
              ],
              [
                5.9729474,
                50.0310419
              ],
              [
                5.9730011,
                50.031184
              ],
              [
                5.9730223,
                50.031299
              ],
              [
                5.9730313,
                50.031388
              ],
              [
                5.9730371,
                50.031474
              ],
              [
                5.9730259,
                50.0315749
              ],
              [
                5.9730054,
                50.0316479
              ],
              [
                5.9729803,
                50.0317098
              ],
              [
                5.9729553,
                50.0317578
              ],
              [
                5.9728399,
                50.0319235
              ],
              [
                5.9727682,
                50.0320114
              ],
              [
                5.9727105,
                50.0320863
              ],
              [
                5.9726264,
                50.0321831
              ],
              [
                5.972608,
                50.0322095
              ],
              [
                5.9724315,
                50.0322296
              ],
              [
                5.9705759,
                50.0320002
              ],
              [
                5.9698559,
                50.0319188
              ],
              [
                5.969043,
                50.0318744
              ],
              [
                5.9685492,
                50.031858
              ],
              [
                5.9679682,
                50.0318782
              ],
              [
                5.9673972,
                50.0319142
              ],
              [
                5.9666162,
                50.0319574
              ],
              [
                5.966298,
                50.0319758
              ],
              [
                5.9661782,
                50.0319744
              ],
              [
                5.966172,
                50.0319657
              ],
              [
                5.9659359,
                50.0317046
              ],
              [
                5.9656459,
                50.0314321
              ],
              [
                5.9653559,
                50.0311858
              ],
              [
                5.9651985,
                50.0310561
              ],
              [
                5.9647575,
                50.0307528
              ],
              [
                5.9642739,
                50.0303942
              ],
              [
                5.9635134,
                50.0304335
              ],
              [
                5.963439,
                50.0304053
              ],
              [
                5.9625267,
                50.0300595
              ],
              [
                5.9619084,
                50.029558
              ],
              [
                5.9615267,
                50.0291437
              ],
              [
                5.9612304,
                50.028864
              ],
              [
                5.9609443,
                50.0285641
              ],
              [
                5.9608231,
                50.0284377
              ],
              [
                5.9607621,
                50.0284051
              ],
              [
                5.960731,
                50.0285352
              ],
              [
                5.9607005,
                50.0285197
              ],
              [
                5.9606329,
                50.028487
              ],
              [
                5.959825,
                50.0280763
              ],
              [
                5.9598247,
                50.0280761
              ],
              [
                5.9594891,
                50.0279001
              ],
              [
                5.9592982,
                50.0278064
              ],
              [
                5.9591112,
                50.0277222
              ],
              [
                5.9591046,
                50.0277191
              ],
              [
                5.9590543,
                50.0276955
              ],
              [
                5.9586678,
                50.0275142
              ],
              [
                5.9581143,
                50.0272588
              ],
              [
                5.9577425,
                50.0270963
              ],
              [
                5.9574016,
                50.0269733
              ],
              [
                5.9570879,
                50.0268734
              ],
              [
                5.9568557,
                50.0268036
              ],
              [
                5.956686,
                50.0267442
              ],
              [
                5.9565799,
                50.0266969
              ],
              [
                5.9563936,
                50.0266105
              ],
              [
                5.9562324,
                50.0265342
              ],
              [
                5.956024,
                50.0264023
              ],
              [
                5.9555367,
                50.0262709
              ],
              [
                5.9554513,
                50.0262481
              ],
              [
                5.9552764,
                50.0264546
              ],
              [
                5.9551108,
                50.0266501
              ],
              [
                5.9549513,
                50.0268384
              ],
              [
                5.9547846,
                50.0270357
              ],
              [
                5.9546377,
                50.0272094
              ],
              [
                5.9547825,
                50.0272962
              ],
              [
                5.9548562,
                50.0273575
              ],
              [
                5.9549176,
                50.0274085
              ],
              [
                5.9549716,
                50.0274533
              ],
              [
                5.9550155,
                50.0274976
              ],
              [
                5.9550853,
                50.0275688
              ],
              [
                5.9551431,
                50.0276264
              ],
              [
                5.9552039,
                50.0276877
              ],
              [
                5.9554783,
                50.0275726
              ],
              [
                5.9556655,
                50.0274991
              ],
              [
                5.955935,
                50.0276922
              ],
              [
                5.9560749,
                50.0278218
              ],
              [
                5.9562647,
                50.0280092
              ],
              [
                5.9564484,
                50.0281867
              ],
              [
                5.956636,
                50.0283592
              ],
              [
                5.9568121,
                50.0285097
              ],
              [
                5.9570467,
                50.0285042
              ],
              [
                5.957012,
                50.0286822
              ],
              [
                5.9569747,
                50.0288531
              ],
              [
                5.9569734,
                50.0288593
              ],
              [
                5.9567285,
                50.0288088
              ],
              [
                5.95644,
                50.0287492
              ],
              [
                5.9562192,
                50.0287037
              ],
              [
                5.9561188,
                50.028667
              ],
              [
                5.9559633,
                50.0286101
              ],
              [
                5.9558031,
                50.0285516
              ],
              [
                5.9556336,
                50.0284897
              ],
              [
                5.955479,
                50.02843
              ],
              [
                5.9553096,
                50.0283646
              ],
              [
                5.9551467,
                50.0283017
              ],
              [
                5.9545281,
                50.0280528
              ],
              [
                5.9547638,
                50.0277775
              ],
              [
                5.954907,
                50.0276689
              ],
              [
                5.9546962,
                50.0274686
              ],
              [
                5.9546346,
                50.0274304
              ],
              [
                5.9545486,
                50.0273893
              ],
              [
                5.9544738,
                50.0273685
              ],
              [
                5.9544067,
                50.0273529
              ],
              [
                5.954298,
                50.0273509
              ],
              [
                5.954188,
                50.0273587
              ],
              [
                5.9539064,
                50.027432
              ],
              [
                5.953379,
                50.0275906
              ],
              [
                5.9532506,
                50.0275196
              ],
              [
                5.9531723,
                50.027538
              ],
              [
                5.9531062,
                50.0275555
              ],
              [
                5.9530677,
                50.0275573
              ],
              [
                5.9530329,
                50.0275497
              ],
              [
                5.952999,
                50.0275567
              ],
              [
                5.9529488,
                50.0276015
              ],
              [
                5.9529187,
                50.0276251
              ],
              [
                5.9528937,
                50.0276378
              ],
              [
                5.9528605,
                50.0276451
              ],
              [
                5.9528202,
                50.027637
              ],
              [
                5.9527801,
                50.0276335
              ],
              [
                5.9527177,
                50.0276436
              ],
              [
                5.9525864,
                50.0276747
              ],
              [
                5.9523257,
                50.027735
              ],
              [
                5.95178,
                50.0278658
              ],
              [
                5.9517322,
                50.0278216
              ],
              [
                5.9515874,
                50.0278804
              ],
              [
                5.9515168,
                50.0279091
              ],
              [
                5.9514148,
                50.0279435
              ],
              [
                5.9513048,
                50.0279585
              ],
              [
                5.9511388,
                50.0279514
              ],
              [
                5.9511093,
                50.0279513
              ],
              [
                5.9510018,
                50.0279511
              ],
              [
                5.9508616,
                50.0279507
              ],
              [
                5.9507183,
                50.0279472
              ],
              [
                5.9505505,
                50.0278689
              ],
              [
                5.9503384,
                50.0277709
              ],
              [
                5.9501336,
                50.0276814
              ],
              [
                5.9500773,
                50.0276508
              ],
              [
                5.9499587,
                50.027586
              ],
              [
                5.9497737,
                50.0275009
              ],
              [
                5.9496491,
                50.0274467
              ],
              [
                5.9493957,
                50.0273718
              ],
              [
                5.9490746,
                50.0272941
              ],
              [
                5.9487966,
                50.0272362
              ],
              [
                5.9488571,
                50.0270719
              ],
              [
                5.9487359,
                50.027004
              ],
              [
                5.9483986,
                50.0269931
              ],
              [
                5.9484107,
                50.0268928
              ],
              [
                5.9484213,
                50.0268255
              ],
              [
                5.9484267,
                50.0267915
              ],
              [
                5.9484304,
                50.0267544
              ],
              [
                5.9484283,
                50.0267272
              ],
              [
                5.9484285,
                50.0266916
              ],
              [
                5.9484088,
                50.0266316
              ],
              [
                5.9483824,
                50.0265873
              ],
              [
                5.948345,
                50.0265458
              ],
              [
                5.9483142,
                50.0265158
              ],
              [
                5.9481994,
                50.0264428
              ],
              [
                5.9481111,
                50.0263755
              ],
              [
                5.9480626,
                50.0263426
              ],
              [
                5.9479841,
                50.0263054
              ],
              [
                5.9478581,
                50.0262623
              ],
              [
                5.9476702,
                50.0262149
              ],
              [
                5.9475994,
                50.0262004
              ],
              [
                5.9472558,
                50.0261536
              ],
              [
                5.9471038,
                50.0261328
              ],
              [
                5.9469789,
                50.0261158
              ],
              [
                5.9469733,
                50.0261151
              ],
              [
                5.9468643,
                50.0260927
              ],
              [
                5.9468208,
                50.0260838
              ],
              [
                5.9466754,
                50.026054
              ],
              [
                5.9465586,
                50.0260301
              ],
              [
                5.946521,
                50.0260057
              ],
              [
                5.9464747,
                50.0259771
              ],
              [
                5.9464361,
                50.02596
              ],
              [
                5.9463841,
                50.025937
              ],
              [
                5.9462801,
                50.025907
              ],
              [
                5.9461696,
                50.0258752
              ],
              [
                5.9461089,
                50.0258451
              ],
              [
                5.9460425,
                50.0258435
              ],
              [
                5.9459882,
                50.0258491
              ],
              [
                5.9459063,
                50.0258533
              ],
              [
                5.9458399,
                50.0258603
              ],
              [
                5.9457956,
                50.0258616
              ],
              [
                5.9457469,
                50.0258544
              ],
              [
                5.9456982,
                50.0258429
              ],
              [
                5.9456441,
                50.0258242
              ],
              [
                5.9455335,
                50.0258069
              ],
              [
                5.9454208,
                50.025761
              ],
              [
                5.9453124,
                50.0257465
              ],
              [
                5.9452526,
                50.0257407
              ],
              [
                5.9451266,
                50.0257133
              ],
              [
                5.9448081,
                50.0256385
              ],
              [
                5.944671,
                50.025604
              ],
              [
                5.9446246,
                50.0255982
              ],
              [
                5.9445692,
                50.0256052
              ],
              [
                5.9444772,
                50.0256236
              ],
              [
                5.9444285,
                50.0256278
              ],
              [
                5.9443466,
                50.0256248
              ],
              [
                5.9442758,
                50.0256132
              ],
              [
                5.9442095,
                50.025596
              ],
              [
                5.9441543,
                50.0255688
              ],
              [
                5.9441216,
                50.0255515
              ],
              [
                5.9440218,
                50.0254986
              ],
              [
                5.94394,
                50.0254642
              ],
              [
                5.9438604,
                50.0254454
              ],
              [
                5.9437116,
                50.0254285
              ],
              [
                5.9435814,
                50.0254172
              ],
              [
                5.9434821,
                50.025416
              ],
              [
                5.9433798,
                50.0254168
              ],
              [
                5.9433456,
                50.0254167
              ],
              [
                5.9432899,
                50.0253946
              ],
              [
                5.9431073,
                50.0253103
              ],
              [
                5.9429356,
                50.02522
              ],
              [
                5.9427995,
                50.0251317
              ],
              [
                5.9427284,
                50.0250766
              ],
              [
                5.9426342,
                50.0249975
              ],
              [
                5.9423687,
                50.024743
              ],
              [
                5.942392,
                50.0247281
              ],
              [
                5.9425647,
                50.0246174
              ],
              [
                5.94254,
                50.0245944
              ],
              [
                5.9424241,
                50.0245002
              ],
              [
                5.9423703,
                50.0243891
              ],
              [
                5.9423117,
                50.024324
              ],
              [
                5.942253,
                50.0242719
              ],
              [
                5.9421915,
                50.0241628
              ],
              [
                5.9421392,
                50.0240827
              ],
              [
                5.9419846,
                50.0239835
              ],
              [
                5.94185,
                50.0239042
              ],
              [
                5.9417201,
                50.023828
              ],
              [
                5.9416506,
                50.0237789
              ],
              [
                5.9415256,
                50.0236357
              ],
              [
                5.9414546,
                50.0235735
              ],
              [
                5.9413541,
                50.0235024
              ],
              [
                5.9411517,
                50.023353
              ],
              [
                5.9411338,
                50.0233382
              ],
              [
                5.9410358,
                50.0232568
              ],
              [
                5.9409742,
                50.0231867
              ],
              [
                5.9408628,
                50.0231225
              ],
              [
                5.9407994,
                50.0230809
              ],
              [
                5.9406525,
                50.0230066
              ],
              [
                5.9404807,
                50.0229343
              ],
              [
                5.9403971,
                50.0228941
              ],
              [
                5.9403182,
                50.022856
              ],
              [
                5.9402641,
                50.0228239
              ],
              [
                5.9402285,
                50.0228048
              ],
              [
                5.9402069,
                50.0227918
              ],
              [
                5.9401729,
                50.0227647
              ],
              [
                5.9400445,
                50.0227025
              ],
              [
                5.9400198,
                50.0226765
              ],
              [
                5.9399922,
                50.0226204
              ],
              [
                5.9399814,
                50.0226074
              ],
              [
                5.9398202,
                50.0225387
              ],
              [
                5.9398167,
                50.0225372
              ],
              [
                5.939661,
                50.0224708
              ],
              [
                5.9395743,
                50.0224416
              ],
              [
                5.9395468,
                50.0224292
              ],
              [
                5.9395031,
                50.0224095
              ],
              [
                5.9394274,
                50.0223624
              ],
              [
                5.9393779,
                50.0223303
              ],
              [
                5.9392494,
                50.02228
              ],
              [
                5.9391507,
                50.0221911
              ],
              [
                5.9390844,
                50.0221314
              ],
              [
                5.9390425,
                50.0220937
              ],
              [
                5.9388482,
                50.021975
              ],
              [
                5.9387781,
                50.0219322
              ],
              [
                5.9387585,
                50.0219102
              ],
              [
                5.9387026,
                50.0218473
              ],
              [
                5.9385712,
                50.0216996
              ],
              [
                5.938544,
                50.0216691
              ],
              [
                5.9384912,
                50.0216097
              ],
              [
                5.9384703,
                50.0215824
              ],
              [
                5.9383507,
                50.0214265
              ],
              [
                5.9382477,
                50.0212923
              ],
              [
                5.9382332,
                50.0212666
              ],
              [
                5.9382084,
                50.021223
              ],
              [
                5.9381434,
                50.0211081
              ],
              [
                5.9380878,
                50.02101
              ],
              [
                5.9380109,
                50.0208879
              ],
              [
                5.9380054,
                50.0208805
              ],
              [
                5.9379107,
                50.0207518
              ],
              [
                5.9378233,
                50.0206674
              ],
              [
                5.9376088,
                50.0204603
              ],
              [
                5.9373782,
                50.0202378
              ],
              [
                5.9372558,
                50.0201058
              ],
              [
                5.9371379,
                50.0199835
              ],
              [
                5.9371138,
                50.0199585
              ],
              [
                5.9370462,
                50.0198845
              ],
              [
                5.9370024,
                50.0198367
              ],
              [
                5.9369179,
                50.0197442
              ],
              [
                5.936867,
                50.0196861
              ],
              [
                5.9367544,
                50.0195579
              ],
              [
                5.9366787,
                50.0195168
              ],
              [
                5.9365004,
                50.0193834
              ],
              [
                5.9363547,
                50.0193282
              ],
              [
                5.9362707,
                50.0193682
              ],
              [
                5.9361384,
                50.0194464
              ],
              [
                5.9361193,
                50.0194572
              ],
              [
                5.9360627,
                50.0194891
              ],
              [
                5.9360205,
                50.0195128
              ],
              [
                5.9359608,
                50.0195465
              ],
              [
                5.9358011,
                50.0196032
              ],
              [
                5.9350939,
                50.0198275
              ],
              [
                5.9348633,
                50.0198805
              ],
              [
                5.934628,
                50.0199122
              ],
              [
                5.9345496,
                50.0199227
              ],
              [
                5.9342823,
                50.0199387
              ],
              [
                5.9340714,
                50.0199479
              ],
              [
                5.9337196,
                50.0199498
              ],
              [
                5.9333258,
                50.019956
              ],
              [
                5.9330466,
                50.0199634
              ],
              [
                5.9328574,
                50.019977
              ],
              [
                5.9327767,
                50.0199849
              ],
              [
                5.9327084,
                50.0199937
              ],
              [
                5.9326448,
                50.0200076
              ],
              [
                5.9324413,
                50.0200802
              ],
              [
                5.9322751,
                50.0201348
              ],
              [
                5.9320593,
                50.0201924
              ],
              [
                5.9319212,
                50.0202241
              ],
              [
                5.9317923,
                50.0202548
              ],
              [
                5.9317023,
                50.0202826
              ],
              [
                5.9316734,
                50.0202956
              ],
              [
                5.9316588,
                50.0203022
              ],
              [
                5.9316075,
                50.0203254
              ],
              [
                5.9315452,
                50.0203643
              ],
              [
                5.9314861,
                50.0204131
              ],
              [
                5.9314657,
                50.0204638
              ],
              [
                5.9314219,
                50.0205317
              ],
              [
                5.9313813,
                50.0205846
              ],
              [
                5.9313563,
                50.0206355
              ],
              [
                5.9313374,
                50.0206925
              ],
              [
                5.931331,
                50.0207365
              ],
              [
                5.9313353,
                50.0207925
              ],
              [
                5.9313475,
                50.0208345
              ],
              [
                5.9313751,
                50.0209005
              ],
              [
                5.9313965,
                50.0209735
              ],
              [
                5.9314021,
                50.0209969
              ],
              [
                5.9314056,
                50.0210115
              ],
              [
                5.93141,
                50.0210665
              ],
              [
                5.9314067,
                50.0211115
              ],
              [
                5.9313972,
                50.0211455
              ],
              [
                5.93138,
                50.0211693
              ],
              [
                5.9314509,
                50.0212656
              ],
              [
                5.9315494,
                50.0214148
              ],
              [
                5.9316539,
                50.0215979
              ],
              [
                5.9317,
                50.021685
              ],
              [
                5.9317519,
                50.0218091
              ],
              [
                5.9317552,
                50.0218171
              ],
              [
                5.9317949,
                50.0219401
              ],
              [
                5.9318208,
                50.0220402
              ],
              [
                5.9318435,
                50.0221632
              ],
              [
                5.9318566,
                50.0223362
              ],
              [
                5.9318653,
                50.0224441
              ],
              [
                5.9318862,
                50.0226251
              ],
              [
                5.9319103,
                50.0227691
              ],
              [
                5.9319344,
                50.0229142
              ],
              [
                5.9319401,
                50.0230161
              ],
              [
                5.9319336,
                50.0230791
              ],
              [
                5.9319047,
                50.023283
              ],
              [
                5.9318523,
                50.0235308
              ],
              [
                5.9318444,
                50.0235491
              ],
              [
                5.9318674,
                50.0235991
              ],
              [
                5.9318781,
                50.0236431
              ],
              [
                5.9318824,
                50.0237141
              ],
              [
                5.9318838,
                50.0237431
              ],
              [
                5.9318214,
                50.023819
              ],
              [
                5.9317964,
                50.0238559
              ],
              [
                5.9317823,
                50.0238849
              ],
              [
                5.9317399,
                50.0239897
              ],
              [
                5.9317149,
                50.0240397
              ],
              [
                5.9316884,
                50.0240686
              ],
              [
                5.9316074,
                50.0241364
              ],
              [
                5.9315513,
                50.0241803
              ],
              [
                5.9315264,
                50.0242083
              ],
              [
                5.9315201,
                50.0242332
              ],
              [
                5.9315245,
                50.0242852
              ],
              [
                5.9315227,
                50.0243252
              ],
              [
                5.9315149,
                50.0243482
              ],
              [
                5.9314822,
                50.0243591
              ],
              [
                5.9314156,
                50.024361
              ],
              [
                5.931369,
                50.0243659
              ],
              [
                5.9313379,
                50.0243758
              ],
              [
                5.9313208,
                50.0243918
              ],
              [
                5.931302,
                50.0244238
              ],
              [
                5.931294,
                50.0244927
              ],
              [
                5.9312814,
                50.0245277
              ],
              [
                5.9312313,
                50.0246146
              ],
              [
                5.9311907,
                50.0246785
              ],
              [
                5.9311797,
                50.0247114
              ],
              [
                5.9311748,
                50.0247604
              ],
              [
                5.9311684,
                50.0248054
              ],
              [
                5.9311573,
                50.0248373
              ],
              [
                5.9311231,
                50.0248593
              ],
              [
                5.9311215,
                50.0248783
              ],
              [
                5.93091,
                50.0250048
              ],
              [
                5.9306798,
                50.0251503
              ],
              [
                5.9304573,
                50.0252948
              ],
              [
                5.9302581,
                50.0254254
              ],
              [
                5.9301827,
                50.0254766
              ],
              [
                5.930129,
                50.0255131
              ],
              [
                5.93004,
                50.0255499
              ],
              [
                5.9299711,
                50.0255793
              ],
              [
                5.9299378,
                50.0255957
              ],
              [
                5.9296643,
                50.0257091
              ],
              [
                5.9294368,
                50.0256189
              ],
              [
                5.9294121,
                50.0256088
              ],
              [
                5.9293501,
                50.0255897
              ],
              [
                5.9293769,
                50.0255028
              ],
              [
                5.9293816,
                50.0254908
              ],
              [
                5.9293243,
                50.0254827
              ],
              [
                5.9292762,
                50.0254846
              ],
              [
                5.9292095,
                50.0254994
              ],
              [
                5.9291613,
                50.0255173
              ],
              [
                5.9291174,
                50.0255314
              ],
              [
                5.9290955,
                50.025518
              ],
              [
                5.9291927,
                50.0254376
              ],
              [
                5.9291999,
                50.0254004
              ],
              [
                5.9293075,
                50.0251229
              ],
              [
                5.9291539,
                50.0251276
              ],
              [
                5.9290732,
                50.0251475
              ],
              [
                5.9289677,
                50.0251482
              ],
              [
                5.9288251,
                50.0251359
              ],
              [
                5.9287652,
                50.0251289
              ],
              [
                5.9287383,
                50.0251258
              ],
              [
                5.92865,
                50.0251096
              ],
              [
                5.9285479,
                50.0250674
              ],
              [
                5.9284968,
                50.0250433
              ],
              [
                5.9283669,
                50.024976
              ],
              [
                5.9284489,
                50.0249692
              ],
              [
                5.9284374,
                50.0249577
              ],
              [
                5.9278641,
                50.0244192
              ],
              [
                5.9273392,
                50.0239522
              ],
              [
                5.9272389,
                50.023846
              ],
              [
                5.9271248,
                50.0237168
              ],
              [
                5.9270601,
                50.0236387
              ],
              [
                5.9275525,
                50.0234739
              ],
              [
                5.9277171,
                50.0234113
              ],
              [
                5.9277685,
                50.0233774
              ],
              [
                5.9278137,
                50.0233235
              ],
              [
                5.9278544,
                50.0232466
              ],
              [
                5.9278798,
                50.0231437
              ],
              [
                5.9278818,
                50.0230477
              ],
              [
                5.9278626,
                50.0228667
              ],
              [
                5.9278212,
                50.0227597
              ],
              [
                5.9275587,
                50.0222272
              ],
              [
                5.9273574,
                50.0218479
              ],
              [
                5.9272098,
                50.0216077
              ],
              [
                5.9270991,
                50.0214145
              ],
              [
                5.9270082,
                50.0212934
              ],
              [
                5.9271044,
                50.0212896
              ],
              [
                5.9272843,
                50.0212879
              ],
              [
                5.9273944,
                50.0212802
              ],
              [
                5.9275883,
                50.0212686
              ],
              [
                5.9277884,
                50.021245
              ],
              [
                5.9279157,
                50.0212282
              ],
              [
                5.9280569,
                50.0212015
              ],
              [
                5.9284403,
                50.0211174
              ],
              [
                5.9286079,
                50.0210947
              ],
              [
                5.9287383,
                50.021076
              ],
              [
                5.9289679,
                50.0210455
              ],
              [
                5.929165,
                50.0210219
              ],
              [
                5.9297406,
                50.0209511
              ],
              [
                5.930009,
                50.0209176
              ],
              [
                5.930054,
                50.0209137
              ],
              [
                5.9300548,
                50.0207468
              ],
              [
                5.9300961,
                50.0205439
              ],
              [
                5.9301497,
                50.0203641
              ],
              [
                5.9302126,
                50.0201942
              ],
              [
                5.9302863,
                50.0200314
              ],
              [
                5.9303472,
                50.0199526
              ],
              [
                5.9305169,
                50.019804
              ],
              [
                5.9304875,
                50.0197969
              ],
              [
                5.9304403,
                50.0197965
              ],
              [
                5.9302098,
                50.0197945
              ],
              [
                5.9297355,
                50.0197905
              ],
              [
                5.9295928,
                50.0197922
              ],
              [
                5.9281493,
                50.0197803
              ],
              [
                5.9282916,
                50.0195456
              ],
              [
                5.9283931,
                50.0194029
              ],
              [
                5.9284478,
                50.019312
              ],
              [
                5.9284823,
                50.0192381
              ],
              [
                5.9285295,
                50.0190972
              ],
              [
                5.9285454,
                50.0190223
              ],
              [
                5.9285519,
                50.0189563
              ],
              [
                5.9287102,
                50.0189206
              ],
              [
                5.9287282,
                50.0189161
              ],
              [
                5.9288189,
                50.0188929
              ],
              [
                5.9289509,
                50.0188532
              ],
              [
                5.9286929,
                50.0186248
              ],
              [
                5.9286283,
                50.0185676
              ],
              [
                5.9284366,
                50.0184402
              ],
              [
                5.9283408,
                50.018384
              ],
              [
                5.9281814,
                50.0183077
              ],
              [
                5.9280545,
                50.0182625
              ],
              [
                5.9279477,
                50.0182313
              ],
              [
                5.9278222,
                50.01821
              ],
              [
                5.9273201,
                50.018151
              ],
              [
                5.9272299,
                50.0181401
              ],
              [
                5.9269591,
                50.0181072
              ],
              [
                5.9269,
                50.0176409
              ],
              [
                5.9268576,
                50.0173062
              ],
              [
                5.9268442,
                50.0171715
              ],
              [
                5.9268396,
                50.0170461
              ],
              [
                5.9268383,
                50.0170041
              ],
              [
                5.9269342,
                50.0167444
              ],
              [
                5.9268047,
                50.0167059
              ],
              [
                5.9263784,
                50.0165792
              ],
              [
                5.9259915,
                50.0167304
              ],
              [
                5.9257591,
                50.016659
              ],
              [
                5.9253614,
                50.0165368
              ],
              [
                5.9253135,
                50.016522
              ],
              [
                5.924928,
                50.0164133
              ],
              [
                5.9247483,
                50.0163789
              ],
              [
                5.9245392,
                50.0163275
              ],
              [
                5.9238702,
                50.0160977
              ],
              [
                5.9240426,
                50.0159298
              ],
              [
                5.9238373,
                50.0157684
              ],
              [
                5.9237136,
                50.0156852
              ],
              [
                5.923888,
                50.0155336
              ],
              [
                5.9238444,
                50.0152795
              ],
              [
                5.9238511,
                50.0151786
              ],
              [
                5.9238686,
                50.0150826
              ],
              [
                5.9239457,
                50.0148589
              ],
              [
                5.9239929,
                50.014731
              ],
              [
                5.9240538,
                50.0146391
              ],
              [
                5.9241208,
                50.0145673
              ],
              [
                5.9241408,
                50.0145382
              ],
              [
                5.9241552,
                50.0145174
              ],
              [
                5.9241866,
                50.0144435
              ],
              [
                5.9242132,
                50.0143845
              ],
              [
                5.9242491,
                50.0143356
              ],
              [
                5.9243083,
                50.0142788
              ],
              [
                5.9244157,
                50.014203
              ],
              [
                5.9245246,
                50.0141213
              ],
              [
                5.9247519,
                50.0139488
              ],
              [
                5.9247118,
                50.0139057
              ],
              [
                5.9248881,
                50.0136871
              ],
              [
                5.9249052,
                50.0136692
              ],
              [
                5.9249239,
                50.0136542
              ],
              [
                5.9251354,
                50.0135197
              ],
              [
                5.925277,
                50.013429
              ],
              [
                5.9254294,
                50.0133333
              ],
              [
                5.9255725,
                50.0132427
              ],
              [
                5.9256985,
                50.0131619
              ],
              [
                5.9254669,
                50.0129725
              ],
              [
                5.9253942,
                50.0129244
              ],
              [
                5.9252783,
                50.0128681
              ],
              [
                5.9252272,
                50.012841
              ],
              [
                5.9251762,
                50.0128049
              ],
              [
                5.9251238,
                50.0127558
              ],
              [
                5.925076,
                50.0127018
              ],
              [
                5.9250406,
                50.0126417
              ],
              [
                5.9250222,
                50.0126067
              ],
              [
                5.9250054,
                50.0125636
              ],
              [
                5.925207,
                50.0125501
              ],
              [
                5.9254104,
                50.0118956
              ],
              [
                5.9254607,
                50.0117338
              ],
              [
                5.926245,
                50.0116903
              ],
              [
                5.9268331,
                50.0116577
              ],
              [
                5.9272906,
                50.0116326
              ],
              [
                5.9274612,
                50.0116172
              ],
              [
                5.927607,
                50.0115935
              ],
              [
                5.927756,
                50.0115618
              ],
              [
                5.9278833,
                50.0115251
              ],
              [
                5.9279827,
                50.0114913
              ],
              [
                5.928076,
                50.0114495
              ],
              [
                5.9281708,
                50.0113987
              ],
              [
                5.9282315,
                50.0113588
              ],
              [
                5.9283186,
                50.011294
              ],
              [
                5.9283263,
                50.0112879
              ],
              [
                5.92844,
                50.0111973
              ],
              [
                5.9285378,
                50.0110993
              ],
              [
                5.9285475,
                50.0110896
              ],
              [
                5.9286068,
                50.0110157
              ],
              [
                5.9286646,
                50.0109228
              ],
              [
                5.9287209,
                50.010822
              ],
              [
                5.9286164,
                50.0106428
              ],
              [
                5.9285657,
                50.0105477
              ],
              [
                5.9282152,
                50.0102521
              ],
              [
                5.9281518,
                50.0099131
              ],
              [
                5.928102,
                50.0096352
              ],
              [
                5.9280813,
                50.0094383
              ],
              [
                5.9280599,
                50.0093712
              ],
              [
                5.9280262,
                50.0092862
              ],
              [
                5.9279324,
                50.009134
              ],
              [
                5.9279002,
                50.00906
              ],
              [
                5.9278703,
                50.00885
              ],
              [
                5.9278508,
                50.008707
              ],
              [
                5.9278278,
                50.0086609
              ],
              [
                5.9278063,
                50.0086208
              ],
              [
                5.9276768,
                50.0084826
              ],
              [
                5.9274959,
                50.0083923
              ],
              [
                5.9273196,
                50.0083069
              ],
              [
                5.9270367,
                50.0081454
              ],
              [
                5.9268697,
                50.008053
              ],
              [
                5.926507,
                50.0080583
              ],
              [
                5.9262248,
                50.0080597
              ],
              [
                5.9261566,
                50.0080626
              ],
              [
                5.9253365,
                50.0080668
              ],
              [
                5.9251024,
                50.0080693
              ],
              [
                5.9247893,
                50.0080727
              ],
              [
                5.9246032,
                50.0080723
              ],
              [
                5.9242916,
                50.0080776
              ],
              [
                5.9233754,
                50.0080997
              ],
              [
                5.9231273,
                50.0081092
              ],
              [
                5.9230914,
                50.0093838
              ],
              [
                5.923063,
                50.0093784
              ],
              [
                5.9225942,
                50.0092888
              ],
              [
                5.9221714,
                50.0092039
              ],
              [
                5.9209774,
                50.0089664
              ],
              [
                5.9211411,
                50.008173
              ],
              [
                5.9207588,
                50.0080667
              ],
              [
                5.9206303,
                50.0080309
              ],
              [
                5.9204267,
                50.0079723
              ],
              [
                5.9204301,
                50.0077123
              ],
              [
                5.9204309,
                50.0076727
              ],
              [
                5.9204329,
                50.007612
              ],
              [
                5.9204645,
                50.0074453
              ],
              [
                5.9205136,
                50.0072659
              ],
              [
                5.9205316,
                50.0071699
              ],
              [
                5.9205476,
                50.0070498
              ],
              [
                5.9205457,
                50.0069961
              ],
              [
                5.9205349,
                50.0069664
              ],
              [
                5.920485,
                50.0068702
              ],
              [
                5.9204764,
                50.006832
              ],
              [
                5.9204685,
                50.0066625
              ],
              [
                5.9204475,
                50.0064872
              ],
              [
                5.9204202,
                50.0062568
              ],
              [
                5.9204008,
                50.0061804
              ],
              [
                5.9203792,
                50.0061267
              ],
              [
                5.9202815,
                50.0059541
              ],
              [
                5.9202275,
                50.0057873
              ],
              [
                5.9202191,
                50.0057403
              ],
              [
                5.920185,
                50.0055491
              ],
              [
                5.9201672,
                50.0054482
              ],
              [
                5.9201317,
                50.0052374
              ],
              [
                5.9200984,
                50.0049024
              ],
              [
                5.9199866,
                50.0040586
              ],
              [
                5.9199163,
                50.0040796
              ],
              [
                5.9198154,
                50.0041091
              ],
              [
                5.9196815,
                50.004154
              ],
              [
                5.9195996,
                50.0041166
              ],
              [
                5.9188179,
                50.0037593
              ],
              [
                5.9183631,
                50.0035662
              ],
              [
                5.9181031,
                50.0034257
              ],
              [
                5.9179719,
                50.0033548
              ],
              [
                5.9179178,
                50.0033264
              ],
              [
                5.9178474,
                50.0032895
              ],
              [
                5.9178037,
                50.0032654
              ],
              [
                5.9173536,
                50.0030058
              ],
              [
                5.9167147,
                50.0028165
              ],
              [
                5.9164281,
                50.0027311
              ],
              [
                5.916096,
                50.0025396
              ],
              [
                5.9159168,
                50.0024446
              ],
              [
                5.9157289,
                50.0023495
              ],
              [
                5.9155016,
                50.0022388
              ],
              [
                5.9152392,
                50.002128
              ],
              [
                5.9150839,
                50.0020655
              ],
              [
                5.9148018,
                50.001966
              ],
              [
                5.9143621,
                50.0018279
              ],
              [
                5.9141795,
                50.0017599
              ],
              [
                5.914034,
                50.0017057
              ],
              [
                5.9139312,
                50.0016673
              ],
              [
                5.9138044,
                50.0016176
              ],
              [
                5.9135244,
                50.0015237
              ],
              [
                5.9130491,
                50.0013639
              ],
              [
                5.9128135,
                50.0012847
              ],
              [
                5.9126575,
                50.0012269
              ],
              [
                5.9120656,
                50.0010076
              ],
              [
                5.9117222,
                50.0008867
              ],
              [
                5.9113788,
                50.0007658
              ],
              [
                5.9110347,
                50.0006455
              ],
              [
                5.9110332,
                50.000645
              ],
              [
                5.9109064,
                50.0005995
              ],
              [
                5.9105762,
                50.0004744
              ],
              [
                5.9100693,
                50.0002034
              ],
              [
                5.910152,
                49.9998913
              ],
              [
                5.9102325,
                49.9995806
              ],
              [
                5.9103286,
                49.9992261
              ],
              [
                5.9103946,
                49.9991754
              ],
              [
                5.9104235,
                49.9990977
              ],
              [
                5.9104746,
                49.9989664
              ],
              [
                5.910536,
                49.99884
              ],
              [
                5.910603,
                49.9987208
              ],
              [
                5.9106977,
                49.9985649
              ],
              [
                5.910857,
                49.9983413
              ],
              [
                5.91091,
                49.9982693
              ],
              [
                5.9109367,
                49.9982002
              ],
              [
                5.9109369,
                49.9981578
              ],
              [
                5.9108957,
                49.9980672
              ],
              [
                5.9108461,
                49.9979301
              ],
              [
                5.9107086,
                49.997828
              ],
              [
                5.9106504,
                49.9976371
              ],
              [
                5.9107626,
                49.9975526
              ],
              [
                5.9105753,
                49.9973346
              ],
              [
                5.9103385,
                49.9973722
              ],
              [
                5.9103123,
                49.9973481
              ],
              [
                5.9103037,
                49.9973255
              ],
              [
                5.9102862,
                49.9973141
              ],
              [
                5.9102622,
                49.9973042
              ],
              [
                5.9102163,
                49.9972843
              ],
              [
                5.9101595,
                49.9972446
              ],
              [
                5.9101203,
                49.997212
              ],
              [
                5.9100307,
                49.9971666
              ],
              [
                5.9099039,
                49.9971027
              ],
              [
                5.9098406,
                49.9970644
              ],
              [
                5.9097642,
                49.9970007
              ],
              [
                5.9096679,
                49.9969948
              ],
              [
                5.9096131,
                49.9969876
              ],
              [
                5.9095848,
                49.9969692
              ],
              [
                5.9095783,
                49.9969508
              ],
              [
                5.909585,
                49.9969212
              ],
              [
                5.9095829,
                49.9969014
              ],
              [
                5.9095721,
                49.9968816
              ],
              [
                5.909546,
                49.996849
              ],
              [
                5.9095134,
                49.9967868
              ],
              [
                5.9094763,
                49.9967542
              ],
              [
                5.9094305,
                49.9967159
              ],
              [
                5.9093979,
                49.9966777
              ],
              [
                5.9093914,
                49.9966607
              ],
              [
                5.9093959,
                49.9966395
              ],
              [
                5.909418,
                49.9966085
              ],
              [
                5.9094159,
                49.9965816
              ],
              [
                5.9094007,
                49.9965661
              ],
              [
                5.9093657,
                49.9965504
              ],
              [
                5.9093263,
                49.9965405
              ],
              [
                5.9093089,
                49.9965263
              ],
              [
                5.9093002,
                49.9965008
              ],
              [
                5.9092872,
                49.996474
              ],
              [
                5.9092698,
                49.9964499
              ],
              [
                5.9092393,
                49.9964272
              ],
              [
                5.9092131,
                49.9964074
              ],
              [
                5.9091805,
                49.9963579
              ],
              [
                5.909163,
                49.9963423
              ],
              [
                5.9091019,
                49.9963125
              ],
              [
                5.9090582,
                49.9962841
              ],
              [
                5.9090124,
                49.9962444
              ],
              [
                5.9089797,
                49.9962189
              ],
              [
                5.9089272,
                49.9961905
              ],
              [
                5.9088115,
                49.9961225
              ],
              [
                5.9087045,
                49.9960487
              ],
              [
                5.9085413,
                49.9958978
              ],
              [
                5.9085044,
                49.9958602
              ],
              [
                5.9084408,
                49.9957952
              ],
              [
                5.9082796,
                49.9956676
              ],
              [
                5.9082402,
                49.9955982
              ],
              [
                5.9082061,
                49.9955635
              ],
              [
                5.9081377,
                49.9955557
              ],
              [
                5.9081335,
                49.9955019
              ],
              [
                5.908116,
                49.9954471
              ],
              [
                5.9080967,
                49.9954192
              ],
              [
                5.9080701,
                49.9953952
              ],
              [
                5.9080196,
                49.9953691
              ],
              [
                5.9079527,
                49.9953488
              ],
              [
                5.9078784,
                49.9953294
              ],
              [
                5.9078472,
                49.995314
              ],
              [
                5.9078325,
                49.9952938
              ],
              [
                5.9078121,
                49.9952054
              ],
              [
                5.9069419,
                49.9950863
              ],
              [
                5.9068764,
                49.9950766
              ],
              [
                5.9067024,
                49.995057
              ],
              [
                5.9066617,
                49.9948841
              ],
              [
                5.9066102,
                49.9946657
              ],
              [
                5.9066012,
                49.9946275
              ],
              [
                5.9065549,
                49.9943845
              ],
              [
                5.906527,
                49.9943172
              ],
              [
                5.906459,
                49.9942268
              ],
              [
                5.906357,
                49.9941027
              ],
              [
                5.9063097,
                49.9940353
              ],
              [
                5.9062551,
                49.9939478
              ],
              [
                5.9061799,
                49.993818
              ],
              [
                5.9061372,
                49.9937296
              ],
              [
                5.9061078,
                49.9936536
              ],
              [
                5.9060771,
                49.9935604
              ],
              [
                5.9060582,
                49.9934653
              ],
              [
                5.9060629,
                49.9934365
              ],
              [
                5.9061322,
                49.9932753
              ],
              [
                5.906134,
                49.9932196
              ],
              [
                5.9061336,
                49.9931953
              ],
              [
                5.9061294,
                49.9929642
              ],
              [
                5.906116,
                49.9929642
              ],
              [
                5.9059907,
                49.9930263
              ],
              [
                5.9057713,
                49.9931247
              ],
              [
                5.9055998,
                49.9931848
              ],
              [
                5.9054373,
                49.9932286
              ],
              [
                5.9053076,
                49.99326
              ],
              [
                5.9051914,
                49.9932828
              ],
              [
                5.9048708,
                49.9936229
              ],
              [
                5.9042233,
                49.9939317
              ],
              [
                5.9039116,
                49.9940434
              ],
              [
                5.9038992,
                49.9941886
              ],
              [
                5.9038867,
                49.9942267
              ],
              [
                5.9035534,
                49.994202
              ],
              [
                5.9032872,
                49.9941649
              ],
              [
                5.9031072,
                49.9941481
              ],
              [
                5.9028795,
                49.9941294
              ],
              [
                5.9023891,
                49.9939804
              ],
              [
                5.9021681,
                49.9939266
              ],
              [
                5.9019624,
                49.9938767
              ],
              [
                5.901793,
                49.9938331
              ],
              [
                5.9016474,
                49.993777
              ],
              [
                5.9015108,
                49.9937143
              ],
              [
                5.9012356,
                49.9935821
              ],
              [
                5.9012317,
                49.9935802
              ],
              [
                5.9010698,
                49.9935126
              ],
              [
                5.9008841,
                49.9934411
              ],
              [
                5.9003491,
                49.9932843
              ],
              [
                5.9002941,
                49.9932765
              ],
              [
                5.9000052,
                49.9932963
              ],
              [
                5.8997823,
                49.9933117
              ],
              [
                5.8996626,
                49.9933199
              ],
              [
                5.8995972,
                49.9933244
              ],
              [
                5.8995841,
                49.9933238
              ],
              [
                5.8995644,
                49.9933623
              ],
              [
                5.8995609,
                49.9933952
              ],
              [
                5.8995618,
                49.9934323
              ],
              [
                5.8995573,
                49.9934509
              ],
              [
                5.8995417,
                49.9934694
              ],
              [
                5.8994983,
                49.9935107
              ],
              [
                5.8994772,
                49.9935314
              ],
              [
                5.8994693,
                49.9935556
              ],
              [
                5.8994662,
                49.9935794
              ],
              [
                5.8994816,
                49.993599
              ],
              [
                5.8995025,
                49.9936204
              ],
              [
                5.8995072,
                49.9936326
              ],
              [
                5.8995064,
                49.9936457
              ],
              [
                5.8995074,
                49.9936614
              ],
              [
                5.8995173,
                49.9936743
              ],
              [
                5.8995404,
                49.993695
              ],
              [
                5.8995492,
                49.9937129
              ],
              [
                5.899548,
                49.9937308
              ],
              [
                5.8995346,
                49.9937586
              ],
              [
                5.8995089,
                49.9937928
              ],
              [
                5.8994654,
                49.9938534
              ],
              [
                5.8994497,
                49.9938884
              ],
              [
                5.8994508,
                49.9938984
              ],
              [
                5.8994639,
                49.9939148
              ],
              [
                5.8994764,
                49.9939265
              ],
              [
                5.8995063,
                49.9939306
              ],
              [
                5.8995281,
                49.993934
              ],
              [
                5.8995432,
                49.99394
              ],
              [
                5.8995512,
                49.9939522
              ],
              [
                5.8995478,
                49.9939664
              ],
              [
                5.8995355,
                49.9939807
              ],
              [
                5.89951,
                49.9939978
              ],
              [
                5.8994789,
                49.9940141
              ],
              [
                5.89947,
                49.9940284
              ],
              [
                5.8994798,
                49.9940434
              ],
              [
                5.8994942,
                49.9940534
              ],
              [
                5.8994985,
                49.9940656
              ],
              [
                5.8994884,
                49.9940898
              ],
              [
                5.8994574,
                49.9940957
              ],
              [
                5.8994297,
                49.9941011
              ],
              [
                5.899402,
                49.9941106
              ],
              [
                5.899382,
                49.9941267
              ],
              [
                5.8993619,
                49.994151
              ],
              [
                5.8993462,
                49.9941838
              ],
              [
                5.8993494,
                49.9942059
              ],
              [
                5.899367,
                49.9942302
              ],
              [
                5.8993691,
                49.9942567
              ],
              [
                5.8993568,
                49.9942738
              ],
              [
                5.8993389,
                49.9943116
              ],
              [
                5.8993421,
                49.994338
              ],
              [
                5.8993419,
                49.9943659
              ],
              [
                5.8993074,
                49.9944051
              ],
              [
                5.899305,
                49.9944286
              ],
              [
                5.8993015,
                49.99446
              ],
              [
                5.8992774,
                49.9944854
              ],
              [
                5.8992504,
                49.9944997
              ],
              [
                5.8991993,
                49.9945184
              ],
              [
                5.8991583,
                49.9945368
              ],
              [
                5.8991438,
                49.9945525
              ],
              [
                5.899137,
                49.9945732
              ],
              [
                5.8991435,
                49.9946011
              ],
              [
                5.8991578,
                49.9946211
              ],
              [
                5.8991632,
                49.9946461
              ],
              [
                5.8991564,
                49.9946704
              ],
              [
                5.8991409,
                49.9946853
              ],
              [
                5.8990953,
                49.9947152
              ],
              [
                5.8990797,
                49.9947373
              ],
              [
                5.8990618,
                49.9947701
              ],
              [
                5.8990451,
                49.9947908
              ],
              [
                5.899015,
                49.9948179
              ],
              [
                5.8989682,
                49.9948742
              ],
              [
                5.8989571,
                49.9948927
              ],
              [
                5.8989559,
                49.994907
              ],
              [
                5.8989624,
                49.9949213
              ],
              [
                5.8989822,
                49.9949449
              ],
              [
                5.8989887,
                49.9949663
              ],
              [
                5.8989853,
                49.9949856
              ],
              [
                5.8989613,
                49.9950008
              ],
              [
                5.8989391,
                49.9950095
              ],
              [
                5.8989006,
                49.9950199
              ],
              [
                5.8988555,
                49.9950332
              ],
              [
                5.8988389,
                49.9950453
              ],
              [
                5.8988377,
                49.9950631
              ],
              [
                5.8988442,
                49.995076
              ],
              [
                5.8988751,
                49.9950975
              ],
              [
                5.8988993,
                49.9951204
              ],
              [
                5.8989048,
                49.9951368
              ],
              [
                5.8988999,
                49.9951566
              ],
              [
                5.8988924,
                49.9951715
              ],
              [
                5.8988783,
                49.995187
              ],
              [
                5.8988501,
                49.9952152
              ],
              [
                5.8988256,
                49.9952409
              ],
              [
                5.8988222,
                49.9952573
              ],
              [
                5.8988254,
                49.995273
              ],
              [
                5.8988463,
                49.9952924
              ],
              [
                5.8988694,
                49.995316
              ],
              [
                5.898876,
                49.9953346
              ],
              [
                5.8988769,
                49.9953738
              ],
              [
                5.8988812,
                49.995396
              ],
              [
                5.8988944,
                49.995411
              ],
              [
                5.8989098,
                49.9954346
              ],
              [
                5.8989229,
                49.9954668
              ],
              [
                5.8989228,
                49.9954853
              ],
              [
                5.8989138,
                49.9955096
              ],
              [
                5.8988971,
                49.9955253
              ],
              [
                5.8988637,
                49.9955552
              ],
              [
                5.8988525,
                49.9955794
              ],
              [
                5.8988524,
                49.9956009
              ],
              [
                5.8988684,
                49.9956368
              ],
              [
                5.8988657,
                49.9956647
              ],
              [
                5.898859,
                49.9956825
              ],
              [
                5.8988463,
                49.9957039
              ],
              [
                5.8988255,
                49.9957324
              ],
              [
                5.8988209,
                49.9957522
              ],
              [
                5.8988208,
                49.9957838
              ],
              [
                5.898818,
                49.9958036
              ],
              [
                5.8988146,
                49.9958207
              ],
              [
                5.8987882,
                49.9958657
              ],
              [
                5.8987935,
                49.9959004
              ],
              [
                5.8987883,
                49.9959171
              ],
              [
                5.8987705,
                49.9959354
              ],
              [
                5.89876,
                49.9959513
              ],
              [
                5.8987462,
                49.9959908
              ],
              [
                5.8987371,
                49.9960234
              ],
              [
                5.8987381,
                49.9960376
              ],
              [
                5.8987508,
                49.9960793
              ],
              [
                5.8987544,
                49.9961072
              ],
              [
                5.8987335,
                49.9961419
              ],
              [
                5.8986908,
                49.9962008
              ],
              [
                5.8986789,
                49.9962201
              ],
              [
                5.8986758,
                49.9962412
              ],
              [
                5.8986738,
                49.9962624
              ],
              [
                5.8986726,
                49.9962846
              ],
              [
                5.898658,
                49.996311
              ],
              [
                5.8986277,
                49.9963387
              ],
              [
                5.8985874,
                49.9963548
              ],
              [
                5.8985271,
                49.9963695
              ],
              [
                5.8984887,
                49.9963806
              ],
              [
                5.8984716,
                49.9963965
              ],
              [
                5.8984615,
                49.9964141
              ],
              [
                5.8984481,
                49.996444
              ],
              [
                5.8984389,
                49.9964897
              ],
              [
                5.8984187,
                49.9965454
              ],
              [
                5.8983951,
                49.996601
              ],
              [
                5.8983639,
                49.9966516
              ],
              [
                5.8983349,
                49.996683
              ],
              [
                5.8982949,
                49.9967122
              ],
              [
                5.8982716,
                49.9967293
              ],
              [
                5.8982548,
                49.9967492
              ],
              [
                5.8982465,
                49.996802
              ],
              [
                5.8982347,
                49.9968668
              ],
              [
                5.898249,
                49.996888
              ],
              [
                5.8982723,
                49.9969242
              ],
              [
                5.8982771,
                49.9969345
              ],
              [
                5.8982718,
                49.9969473
              ],
              [
                5.8982614,
                49.9969549
              ],
              [
                5.8982514,
                49.9969613
              ],
              [
                5.8982337,
                49.9969698
              ],
              [
                5.8982303,
                49.9969777
              ],
              [
                5.8982303,
                49.9969877
              ],
              [
                5.8982623,
                49.9970135
              ],
              [
                5.8982684,
                49.9970311
              ],
              [
                5.8982532,
                49.9970477
              ],
              [
                5.898231,
                49.9970562
              ],
              [
                5.8982154,
                49.9970662
              ],
              [
                5.8982043,
                49.9970797
              ],
              [
                5.8982097,
                49.9971
              ],
              [
                5.8982192,
                49.9971347
              ],
              [
                5.898219,
                49.9971545
              ],
              [
                5.898216,
                49.9971755
              ],
              [
                5.898197,
                49.997199
              ],
              [
                5.8981689,
                49.9972094
              ],
              [
                5.8981434,
                49.9972151
              ],
              [
                5.8981083,
                49.9972233
              ],
              [
                5.8980872,
                49.9972366
              ],
              [
                5.8980738,
                49.9972535
              ],
              [
                5.8980424,
                49.9973776
              ],
              [
                5.89803,
                49.9974197
              ],
              [
                5.8980108,
                49.9974385
              ],
              [
                5.8979874,
                49.997457
              ],
              [
                5.8979547,
                49.99748
              ],
              [
                5.897933,
                49.9974962
              ],
              [
                5.8979229,
                49.9975097
              ],
              [
                5.8979184,
                49.9975225
              ],
              [
                5.8979209,
                49.99754
              ],
              [
                5.8979311,
                49.9975766
              ],
              [
                5.8979372,
                49.997609
              ],
              [
                5.8979315,
                49.9976302
              ],
              [
                5.8979188,
                49.9976497
              ],
              [
                5.8978721,
                49.9976903
              ],
              [
                5.897858,
                49.9977129
              ],
              [
                5.8978464,
                49.9977273
              ],
              [
                5.8978327,
                49.997735
              ],
              [
                5.8978095,
                49.997737
              ],
              [
                5.8977804,
                49.9977291
              ],
              [
                5.8977571,
                49.9977262
              ],
              [
                5.8977486,
                49.9977283
              ],
              [
                5.897735,
                49.9977338
              ],
              [
                5.8977268,
                49.9977406
              ],
              [
                5.8977101,
                49.9977575
              ],
              [
                5.8976903,
                49.9977974
              ],
              [
                5.8974819,
                49.9977576
              ],
              [
                5.8970601,
                49.9976772
              ],
              [
                5.896947,
                49.9976581
              ],
              [
                5.8968792,
                49.9976467
              ],
              [
                5.8963905,
                49.9975644
              ],
              [
                5.8964778,
                49.9974238
              ],
              [
                5.8965381,
                49.9973266
              ],
              [
                5.8965713,
                49.997289
              ],
              [
                5.8967284,
                49.997111
              ],
              [
                5.8968065,
                49.9970223
              ],
              [
                5.8969771,
                49.9968285
              ],
              [
                5.8971175,
                49.996677
              ],
              [
                5.897131,
                49.9966625
              ],
              [
                5.8972841,
                49.9964973
              ],
              [
                5.8973832,
                49.9963962
              ],
              [
                5.8974213,
                49.9963574
              ],
              [
                5.897492,
                49.9962652
              ],
              [
                5.8975807,
                49.9961337
              ],
              [
                5.8975887,
                49.9961217
              ],
              [
                5.8975944,
                49.9961132
              ],
              [
                5.8976854,
                49.9959756
              ],
              [
                5.8977808,
                49.9958251
              ],
              [
                5.8978081,
                49.9957729
              ],
              [
                5.8978272,
                49.9957286
              ],
              [
                5.8978452,
                49.9956432
              ],
              [
                5.8978443,
                49.9955701
              ],
              [
                5.89785,
                49.9955187
              ],
              [
                5.8978664,
                49.995476
              ],
              [
                5.897895,
                49.9954395
              ],
              [
                5.8979588,
                49.9953787
              ],
              [
                5.8981098,
                49.9951787
              ],
              [
                5.8982242,
                49.9949986
              ],
              [
                5.8983376,
                49.9947567
              ],
              [
                5.8983389,
                49.9947538
              ],
              [
                5.8983548,
                49.9947151
              ],
              [
                5.8983685,
                49.9946818
              ],
              [
                5.8983965,
                49.994614
              ],
              [
                5.898444,
                49.9945039
              ],
              [
                5.8984882,
                49.9944017
              ],
              [
                5.8986275,
                49.9941093
              ],
              [
                5.8986958,
                49.9939701
              ],
              [
                5.8987179,
                49.9938984
              ],
              [
                5.8987411,
                49.9938234
              ],
              [
                5.8987549,
                49.9937786
              ],
              [
                5.8988126,
                49.993601
              ],
              [
                5.8980076,
                49.9934101
              ],
              [
                5.8979497,
                49.9933847
              ],
              [
                5.8977345,
                49.9932257
              ],
              [
                5.8975948,
                49.9930938
              ],
              [
                5.8975412,
                49.993017
              ],
              [
                5.8974797,
                49.9929167
              ],
              [
                5.8974167,
                49.9928373
              ],
              [
                5.8973858,
                49.9928033
              ],
              [
                5.8972944,
                49.9927194
              ],
              [
                5.8971774,
                49.9926442
              ],
              [
                5.8971047,
                49.9926058
              ],
              [
                5.8970091,
                49.992562
              ],
              [
                5.8968851,
                49.9925146
              ],
              [
                5.8967827,
                49.9924804
              ],
              [
                5.8966708,
                49.9924479
              ],
              [
                5.8965926,
                49.9924294
              ],
              [
                5.895785,
                49.9923183
              ],
              [
                5.895488,
                49.9922803
              ],
              [
                5.895419,
                49.9922744
              ],
              [
                5.8953165,
                49.9922799
              ],
              [
                5.8950737,
                49.9923009
              ],
              [
                5.8949347,
                49.9926783
              ],
              [
                5.8948624,
                49.9928548
              ],
              [
                5.894666,
                49.9928457
              ],
              [
                5.8943809,
                49.9928324
              ],
              [
                5.8942125,
                49.9928246
              ],
              [
                5.894001,
                49.9928155
              ],
              [
                5.8939618,
                49.9928139
              ],
              [
                5.8938432,
                49.9928094
              ],
              [
                5.8937639,
                49.9928063
              ],
              [
                5.8935955,
                49.9928091
              ],
              [
                5.8935412,
                49.9928101
              ],
              [
                5.8933119,
                49.9928153
              ],
              [
                5.8930959,
                49.9928191
              ],
              [
                5.8928487,
                49.9928199
              ],
              [
                5.8926817,
                49.9928195
              ],
              [
                5.8925926,
                49.9928294
              ],
              [
                5.8924667,
                49.9928492
              ],
              [
                5.8922973,
                49.9928904
              ],
              [
                5.89211,
                49.9929448
              ],
              [
                5.8920765,
                49.9929546
              ],
              [
                5.8915434,
                49.9931228
              ],
              [
                5.8915075,
                49.9931352
              ],
              [
                5.8912682,
                49.9932185
              ],
              [
                5.891047,
                49.9932954
              ],
              [
                5.8906951,
                49.9929283
              ],
              [
                5.8906663,
                49.9928938
              ],
              [
                5.8906421,
                49.9928405
              ],
              [
                5.8906325,
                49.9927744
              ],
              [
                5.8905862,
                49.992691
              ],
              [
                5.8904783,
                49.9924897
              ],
              [
                5.8904,
                49.992353
              ],
              [
                5.8907339,
                49.9919732
              ],
              [
                5.8908368,
                49.9918531
              ],
              [
                5.8908494,
                49.9918384
              ],
              [
                5.89088,
                49.9915469
              ],
              [
                5.8907464,
                49.991538
              ],
              [
                5.8906551,
                49.9915492
              ],
              [
                5.8900375,
                49.9916971
              ],
              [
                5.8897833,
                49.9917554
              ],
              [
                5.8896261,
                49.9918025
              ],
              [
                5.8893673,
                49.9918981
              ],
              [
                5.8892982,
                49.9919166
              ],
              [
                5.8892157,
                49.9919221
              ],
              [
                5.8891222,
                49.991932
              ],
              [
                5.8890129,
                49.991959
              ],
              [
                5.8886808,
                49.99203
              ],
              [
                5.8882852,
                49.9921009
              ],
              [
                5.8880467,
                49.9921362
              ],
              [
                5.8879799,
                49.9921461
              ],
              [
                5.8877816,
                49.9921729
              ],
              [
                5.8875878,
                49.9921825
              ],
              [
                5.8874852,
                49.9921774
              ],
              [
                5.8873817,
                49.9922259
              ],
              [
                5.8873126,
                49.9922756
              ],
              [
                5.8872706,
                49.9923124
              ],
              [
                5.8872504,
                49.9923333
              ],
              [
                5.8872302,
                49.9923562
              ],
              [
                5.8872162,
                49.9923711
              ],
              [
                5.8871758,
                49.992393
              ],
              [
                5.8871541,
                49.9924099
              ],
              [
                5.8871431,
                49.9924298
              ],
              [
                5.8871383,
                49.9924597
              ],
              [
                5.8871289,
                49.9924836
              ],
              [
                5.8871165,
                49.9924986
              ],
              [
                5.8870916,
                49.9925165
              ],
              [
                5.8870483,
                49.9925223
              ],
              [
                5.8870158,
                49.9925263
              ],
              [
                5.8869956,
                49.9925392
              ],
              [
                5.8869677,
                49.9925581
              ],
              [
                5.8869383,
                49.992563
              ],
              [
                5.8868919,
                49.9925579
              ],
              [
                5.8868641,
                49.9925538
              ],
              [
                5.8868455,
                49.9925608
              ],
              [
                5.8868206,
                49.9925876
              ],
              [
                5.8868104,
                49.9926185
              ],
              [
                5.8868056,
                49.9926524
              ],
              [
                5.8868084,
                49.9926973
              ],
              [
                5.8868021,
                49.9927193
              ],
              [
                5.8867896,
                49.9927342
              ],
              [
                5.8867694,
                49.9927521
              ],
              [
                5.8867322,
                49.992766
              ],
              [
                5.8866827,
                49.9927708
              ],
              [
                5.8866085,
                49.9927677
              ],
              [
                5.8865745,
                49.9927686
              ],
              [
                5.8865327,
                49.9927834
              ],
              [
                5.8865032,
                49.9928023
              ],
              [
                5.8864829,
                49.9928282
              ],
              [
                5.8864658,
                49.9928571
              ],
              [
                5.8864502,
                49.992877
              ],
              [
                5.8864292,
                49.9928919
              ],
              [
                5.8863688,
                49.9929077
              ],
              [
                5.8863084,
                49.9929206
              ],
              [
                5.8862527,
                49.9929294
              ],
              [
                5.8861847,
                49.9929322
              ],
              [
                5.8861058,
                49.992929
              ],
              [
                5.8860131,
                49.9929178
              ],
              [
                5.8859668,
                49.9929088
              ],
              [
                5.8859126,
                49.9929136
              ],
              [
                5.8858708,
                49.9929325
              ],
              [
                5.8858289,
                49.9929653
              ],
              [
                5.8857776,
                49.9930041
              ],
              [
                5.8857124,
                49.9930448
              ],
              [
                5.8856473,
                49.9930845
              ],
              [
                5.8855773,
                49.9931402
              ],
              [
                5.8855408,
                49.9931781
              ],
              [
                5.8855267,
                49.9932089
              ],
              [
                5.8855265,
                49.9932468
              ],
              [
                5.8855264,
                49.9932578
              ],
              [
                5.885517,
                49.9932768
              ],
              [
                5.885486,
                49.9933006
              ],
              [
                5.8854642,
                49.9933275
              ],
              [
                5.88545,
                49.9933604
              ],
              [
                5.8854468,
                49.9933913
              ],
              [
                5.8854543,
                49.9934153
              ],
              [
                5.8854775,
                49.9934293
              ],
              [
                5.8855099,
                49.9934393
              ],
              [
                5.8855314,
                49.9934523
              ],
              [
                5.8855337,
                49.9934713
              ],
              [
                5.8855242,
                49.9934942
              ],
              [
                5.8855025,
                49.9935151
              ],
              [
                5.8854637,
                49.9935439
              ],
              [
                5.8854341,
                49.9935718
              ],
              [
                5.8854231,
                49.9935977
              ],
              [
                5.8854182,
                49.9936506
              ],
              [
                5.8854134,
                49.9936825
              ],
              [
                5.8854024,
                49.9937014
              ],
              [
                5.8853729,
                49.9937283
              ],
              [
                5.8853256,
                49.9937531
              ],
              [
                5.8852683,
                49.9937749
              ],
              [
                5.8852373,
                49.9937858
              ],
              [
                5.8851753,
                49.9938026
              ],
              [
                5.885115,
                49.9938044
              ],
              [
                5.8850439,
                49.9937973
              ],
              [
                5.884996,
                49.9937942
              ],
              [
                5.8849449,
                49.993799
              ],
              [
                5.8849062,
                49.9938189
              ],
              [
                5.8848642,
                49.9938647
              ],
              [
                5.8848253,
                49.9938925
              ],
              [
                5.8847742,
                49.9939083
              ],
              [
                5.8846953,
                49.9939171
              ],
              [
                5.8846566,
                49.993924
              ],
              [
                5.8845869,
                49.9939478
              ],
              [
                5.8844931,
                49.9939875
              ],
              [
                5.8844357,
                49.9940272
              ],
              [
                5.8843921,
                49.994076
              ],
              [
                5.8843639,
                49.9941308
              ],
              [
                5.8843342,
                49.9941946
              ],
              [
                5.8843177,
                49.9942344
              ],
              [
                5.8843006,
                49.9942523
              ],
              [
                5.8842711,
                49.9942742
              ],
              [
                5.8842293,
                49.9942881
              ],
              [
                5.8841952,
                49.994298
              ],
              [
                5.8841395,
                49.9943108
              ],
              [
                5.8840853,
                49.9943246
              ],
              [
                5.8840155,
                49.9943494
              ],
              [
                5.8839444,
                49.9943502
              ],
              [
                5.8838794,
                49.994356
              ],
              [
                5.8838221,
                49.9943689
              ],
              [
                5.8837185,
                49.9943796
              ],
              [
                5.8836744,
                49.9943815
              ],
              [
                5.8836249,
                49.9943893
              ],
              [
                5.8835753,
                49.9944132
              ],
              [
                5.8835241,
                49.99443
              ],
              [
                5.8834514,
                49.9944438
              ],
              [
                5.8834266,
                49.9944437
              ],
              [
                5.883391,
                49.9944596
              ],
              [
                5.8833367,
                49.9944874
              ],
              [
                5.8832592,
                49.9945111
              ],
              [
                5.8832096,
                49.994535
              ],
              [
                5.8831258,
                49.9945806
              ],
              [
                5.8830126,
                49.9946512
              ],
              [
                5.8829784,
                49.9946731
              ],
              [
                5.8828535,
                49.9947476
              ],
              [
                5.8827976,
                49.9947843
              ],
              [
                5.8827214,
                49.994855
              ],
              [
                5.8826436,
                49.9949386
              ],
              [
                5.882576,
                49.9950012
              ],
              [
                5.8825155,
                49.995039
              ],
              [
                5.8821835,
                49.9952108
              ],
              [
                5.8820153,
                49.9952961
              ],
              [
                5.8817299,
                49.9954391
              ],
              [
                5.8814725,
                49.9955571
              ],
              [
                5.8813965,
                49.9955949
              ],
              [
                5.8813043,
                49.9956415
              ],
              [
                5.8811134,
                49.9957468
              ],
              [
                5.8809692,
                49.9958232
              ],
              [
                5.8809126,
                49.995849
              ],
              [
                5.8808057,
                49.9958817
              ],
              [
                5.8806864,
                49.9959193
              ],
              [
                5.880595,
                49.995951
              ],
              [
                5.880347,
                49.9960501
              ],
              [
                5.8801021,
                49.9961503
              ],
              [
                5.8798548,
                49.9962594
              ],
              [
                5.8796083,
                49.9963615
              ],
              [
                5.879499,
                49.9964081
              ],
              [
                5.8791844,
                49.99653
              ],
              [
                5.8787821,
                49.9967006
              ],
              [
                5.8785992,
                49.9967779
              ],
              [
                5.8782217,
                49.9969396
              ],
              [
                5.8782017,
                49.9969216
              ],
              [
                5.8780622,
                49.9969811
              ],
              [
                5.877814,
                49.9970992
              ],
              [
                5.8776419,
                49.9971806
              ],
              [
                5.8774273,
                49.9972881
              ],
              [
                5.8773707,
                49.9973547
              ],
              [
                5.8773155,
                49.9974195
              ],
              [
                5.8772897,
                49.997436
              ],
              [
                5.877046,
                49.9975986
              ],
              [
                5.8769026,
                49.997703
              ],
              [
                5.8768235,
                49.9977701
              ],
              [
                5.8767788,
                49.9978141
              ],
              [
                5.8766918,
                49.997922
              ],
              [
                5.8766298,
                49.9979969
              ],
              [
                5.8765799,
                49.9980475
              ],
              [
                5.8765524,
                49.9980739
              ],
              [
                5.8765231,
                49.9981135
              ],
              [
                5.8764818,
                49.9981575
              ],
              [
                5.876444,
                49.9981795
              ],
              [
                5.8763583,
                49.998219
              ],
              [
                5.8760731,
                49.9983076
              ],
              [
                5.8759548,
                49.9983536
              ],
              [
                5.8758468,
                49.9984063
              ],
              [
                5.8757421,
                49.9984667
              ],
              [
                5.8756461,
                49.9985227
              ],
              [
                5.8755586,
                49.9985567
              ],
              [
                5.8754157,
                49.9985905
              ],
              [
                5.8753026,
                49.9986233
              ],
              [
                5.8752015,
                49.9986661
              ],
              [
                5.8751586,
                49.9986836
              ],
              [
                5.8751261,
                49.9986924
              ],
              [
                5.8750303,
                49.9987054
              ],
              [
                5.8749652,
                49.9987218
              ],
              [
                5.8749259,
                49.9987377
              ],
              [
                5.8748949,
                49.9987503
              ],
              [
                5.8747988,
                49.9988151
              ],
              [
                5.8747009,
                49.998891
              ],
              [
                5.8746365,
                49.9989239
              ],
              [
                5.8745852,
                49.9989381
              ],
              [
                5.874544,
                49.9989545
              ],
              [
                5.8745234,
                49.9989655
              ],
              [
                5.8744738,
                49.9989731
              ],
              [
                5.8744292,
                49.9989939
              ],
              [
                5.8743812,
                49.9990115
              ],
              [
                5.8743351,
                49.9990136
              ],
              [
                5.8742889,
                49.999009
              ],
              [
                5.8742564,
                49.9990178
              ],
              [
                5.874222,
                49.9990453
              ],
              [
                5.8741603,
                49.9990672
              ],
              [
                5.8740235,
                49.9990823
              ],
              [
                5.8739259,
                49.9990975
              ],
              [
                5.8738181,
                49.9991126
              ],
              [
                5.8737496,
                49.999129
              ],
              [
                5.8736613,
                49.9991652
              ],
              [
                5.8735465,
                49.9992035
              ],
              [
                5.8733923,
                49.999266
              ],
              [
                5.8732278,
                49.9993361
              ],
              [
                5.8731125,
                49.9993703
              ],
              [
                5.8730082,
                49.9993965
              ],
              [
                5.8729545,
                49.9994239
              ],
              [
                5.8729108,
                49.9994588
              ],
              [
                5.8728666,
                49.9994811
              ],
              [
                5.8727749,
                49.9995043
              ],
              [
                5.8727228,
                49.9995204
              ],
              [
                5.8726516,
                49.9995609
              ],
              [
                5.8725028,
                49.9996378
              ],
              [
                5.8724252,
                49.9997007
              ],
              [
                5.8723697,
                49.9997392
              ],
              [
                5.8723286,
                49.9997554
              ],
              [
                5.8722686,
                49.9997695
              ],
              [
                5.8721273,
                49.9997849
              ],
              [
                5.8720641,
                49.999801
              ],
              [
                5.871993,
                49.9998364
              ],
              [
                5.8718996,
                49.999884
              ],
              [
                5.8718554,
                49.9998971
              ],
              [
                5.8717464,
                49.9999121
              ],
              [
                5.8717053,
                49.9999272
              ],
              [
                5.8715994,
                49.9999687
              ],
              [
                5.8715568,
                49.9999767
              ],
              [
                5.871358,
                49.9999803
              ],
              [
                5.8713012,
                49.9999903
              ],
              [
                5.8712727,
                50.0000044
              ],
              [
                5.8712029,
                50.0000622
              ],
              [
                5.8711079,
                50.0001271
              ],
              [
                5.8710431,
                50.0001575
              ],
              [
                5.8709404,
                50.0001826
              ],
              [
                5.8708251,
                50.0002053
              ],
              [
                5.8707199,
                50.000181
              ],
              [
                5.8706165,
                50.0001522
              ],
              [
                5.8705335,
                50.0001126
              ],
              [
                5.8704472,
                50.0000543
              ],
              [
                5.8703822,
                49.9999955
              ],
              [
                5.8703096,
                49.9999252
              ],
              [
                5.8701555,
                49.9998438
              ],
              [
                5.8699862,
                49.9997579
              ],
              [
                5.8699367,
                49.9997874
              ],
              [
                5.8697731,
                49.9996837
              ],
              [
                5.8697337,
                49.9996587
              ],
              [
                5.8695541,
                49.9995815
              ],
              [
                5.8694838,
                49.9995534
              ],
              [
                5.8693915,
                49.9995165
              ],
              [
                5.8693012,
                49.9994838
              ],
              [
                5.8692642,
                49.999491
              ],
              [
                5.8692169,
                49.9994569
              ],
              [
                5.869223,
                49.9994257
              ],
              [
                5.869238,
                49.9989394
              ],
              [
                5.8695125,
                49.9984986
              ],
              [
                5.8697465,
                49.9981394
              ],
              [
                5.869708,
                49.9981287
              ],
              [
                5.8696571,
                49.9981144
              ],
              [
                5.8693285,
                49.9980228
              ],
              [
                5.8691726,
                49.9979775
              ],
              [
                5.8693078,
                49.9978047
              ],
              [
                5.8693522,
                49.9977665
              ],
              [
                5.8693999,
                49.9977436
              ],
              [
                5.8695003,
                49.9977165
              ],
              [
                5.8695616,
                49.9976947
              ],
              [
                5.8695897,
                49.9976746
              ],
              [
                5.8696326,
                49.9976133
              ],
              [
                5.8697117,
                49.9974503
              ],
              [
                5.8698027,
                49.9972972
              ],
              [
                5.8698448,
                49.9972157
              ],
              [
                5.8698943,
                49.9971764
              ],
              [
                5.8699147,
                49.9971633
              ],
              [
                5.8700085,
                49.9971131
              ],
              [
                5.8701141,
                49.9970608
              ],
              [
                5.870201,
                49.9970172
              ],
              [
                5.8702624,
                49.9969703
              ],
              [
                5.8702933,
                49.9969298
              ],
              [
                5.8703183,
                49.9968669
              ],
              [
                5.8703269,
                49.9968385
              ],
              [
                5.8703718,
                49.9967192
              ],
              [
                5.8703857,
                49.9966699
              ],
              [
                5.8704063,
                49.9966349
              ],
              [
                5.8704354,
                49.9966054
              ],
              [
                5.8704849,
                49.9965628
              ],
              [
                5.870494,
                49.9964719
              ],
              [
                5.8705098,
                49.9963876
              ],
              [
                5.8705416,
                49.9963149
              ],
              [
                5.8706169,
                49.9962208
              ],
              [
                5.8706835,
                49.996164
              ],
              [
                5.8708124,
                49.9960652
              ],
              [
                5.8708944,
                49.99598
              ],
              [
                5.8709595,
                49.9958969
              ],
              [
                5.8710213,
                49.9957908
              ],
              [
                5.8710704,
                49.9956776
              ],
              [
                5.8711015,
                49.9955791
              ],
              [
                5.8711192,
                49.9954641
              ],
              [
                5.8711351,
                49.9953656
              ],
              [
                5.871144,
                49.9952988
              ],
              [
                5.8711489,
                49.9951996
              ],
              [
                5.8711278,
                49.9950418
              ],
              [
                5.8711146,
                49.9949772
              ],
              [
                5.8714068,
                49.9948153
              ],
              [
                5.8715006,
                49.9947629
              ],
              [
                5.8715398,
                49.99474
              ],
              [
                5.8715281,
                49.994688
              ],
              [
                5.8714596,
                49.9943833
              ],
              [
                5.8714263,
                49.9942758
              ],
              [
                5.8713761,
                49.9941574
              ],
              [
                5.871324,
                49.9940576
              ],
              [
                5.8712644,
                49.9939451
              ],
              [
                5.8711754,
                49.9937795
              ],
              [
                5.871108,
                49.9936972
              ],
              [
                5.8709951,
                49.9935622
              ],
              [
                5.8709724,
                49.9935134
              ],
              [
                5.8709531,
                49.9933435
              ],
              [
                5.8709435,
                49.9932537
              ],
              [
                5.8710522,
                49.9931044
              ],
              [
                5.8712287,
                49.9931355
              ],
              [
                5.871257,
                49.9928032
              ],
              [
                5.871279,
                49.9925502
              ],
              [
                5.871331,
                49.9922321
              ],
              [
                5.8714167,
                49.9919601
              ],
              [
                5.8714182,
                49.9917246
              ],
              [
                5.8714506,
                49.9916461
              ],
              [
                5.871607,
                49.9912677
              ],
              [
                5.8712062,
                49.9911292
              ],
              [
                5.8710147,
                49.9910575
              ],
              [
                5.8708436,
                49.9909892
              ],
              [
                5.8705285,
                49.9908591
              ],
              [
                5.8704133,
                49.9908172
              ],
              [
                5.8702455,
                49.9907598
              ],
              [
                5.8701583,
                49.990724
              ],
              [
                5.869881,
                49.9905898
              ],
              [
                5.8698738,
                49.9905863
              ],
              [
                5.8695943,
                49.9904629
              ],
              [
                5.8695436,
                49.9904343
              ],
              [
                5.869394,
                49.9903227
              ],
              [
                5.8692267,
                49.9901876
              ],
              [
                5.869208,
                49.9901853
              ],
              [
                5.8690672,
                49.9901609
              ],
              [
                5.8689689,
                49.9901365
              ],
              [
                5.8688316,
                49.9900967
              ],
              [
                5.8687502,
                49.9900681
              ],
              [
                5.8686139,
                49.9900157
              ],
              [
                5.8686913,
                49.9894435
              ],
              [
                5.8687522,
                49.989206
              ],
              [
                5.8682566,
                49.9895744
              ],
              [
                5.8680135,
                49.9897507
              ],
              [
                5.8673183,
                49.9902621
              ],
              [
                5.8669595,
                49.9905312
              ],
              [
                5.8669326,
                49.9905514
              ],
              [
                5.8669037,
                49.9905644
              ],
              [
                5.866723,
                49.9903986
              ],
              [
                5.8665911,
                49.9903117
              ],
              [
                5.8663805,
                49.990178
              ],
              [
                5.8661744,
                49.989999
              ],
              [
                5.8657715,
                49.98966
              ],
              [
                5.8655975,
                49.989516
              ],
              [
                5.8654777,
                49.9894029
              ],
              [
                5.8654204,
                49.9893283
              ],
              [
                5.8653481,
                49.9892196
              ],
              [
                5.865309,
                49.9892091
              ],
              [
                5.8650569,
                49.9890982
              ],
              [
                5.8645452,
                49.9888731
              ],
              [
                5.8644777,
                49.9888421
              ],
              [
                5.8643725,
                49.9887938
              ],
              [
                5.8641447,
                49.9887236
              ],
              [
                5.8637593,
                49.9886023
              ],
              [
                5.8633304,
                49.9884578
              ],
              [
                5.863213,
                49.9884058
              ],
              [
                5.8631186,
                49.988361
              ],
              [
                5.8626717,
                49.9882077
              ],
              [
                5.8622764,
                49.988076
              ],
              [
                5.8619503,
                49.9879675
              ],
              [
                5.8616862,
                49.9878866
              ],
              [
                5.8615311,
                49.9878387
              ],
              [
                5.8613342,
                49.9877855
              ],
              [
                5.8612173,
                49.9877405
              ],
              [
                5.8609801,
                49.9876185
              ],
              [
                5.8608172,
                49.9875367
              ],
              [
                5.8605772,
                49.9874335
              ],
              [
                5.8600261,
                49.9872224
              ],
              [
                5.8598347,
                49.9871531
              ],
              [
                5.8593082,
                49.9869959
              ],
              [
                5.8592958,
                49.9870134
              ],
              [
                5.8592903,
                49.9870211
              ],
              [
                5.8593628,
                49.9870682
              ],
              [
                5.8595114,
                49.9871717
              ],
              [
                5.8596205,
                49.9872427
              ],
              [
                5.8598908,
                49.9874185
              ],
              [
                5.8600235,
                49.9874956
              ],
              [
                5.8602484,
                49.9876051
              ],
              [
                5.8604024,
                49.9876902
              ],
              [
                5.8605102,
                49.9877673
              ],
              [
                5.8606391,
                49.9878857
              ],
              [
                5.8607733,
                49.9880132
              ],
              [
                5.8607182,
                49.988013
              ],
              [
                5.8606791,
                49.9880221
              ],
              [
                5.8606046,
                49.9880024
              ],
              [
                5.8604981,
                49.9879918
              ],
              [
                5.8603916,
                49.9879801
              ],
              [
                5.8603119,
                49.9879524
              ],
              [
                5.8602518,
                49.9879075
              ],
              [
                5.8601723,
                49.9878432
              ],
              [
                5.8600927,
                49.9877891
              ],
              [
                5.8599651,
                49.9877361
              ],
              [
                5.8597826,
                49.9876737
              ],
              [
                5.8597224,
                49.9876346
              ],
              [
                5.8596484,
                49.9875439
              ],
              [
                5.8596102,
                49.9874178
              ],
              [
                5.8595796,
                49.9873392
              ],
              [
                5.8595001,
                49.9872657
              ],
              [
                5.859293,
                49.9871563
              ],
              [
                5.8592301,
                49.9871429
              ],
              [
                5.8591968,
                49.9871617
              ],
              [
                5.8586707,
                49.9874585
              ],
              [
                5.8586427,
                49.9874764
              ],
              [
                5.858714,
                49.9877173
              ],
              [
                5.8587843,
                49.9879632
              ],
              [
                5.8589853,
                49.9886197
              ],
              [
                5.8591181,
                49.989159
              ],
              [
                5.8591502,
                49.9892159
              ],
              [
                5.8593022,
                49.989223
              ],
              [
                5.8595693,
                49.9892354
              ],
              [
                5.8596848,
                49.9892185
              ],
              [
                5.8596727,
                49.9891658
              ],
              [
                5.8597705,
                49.9891534
              ],
              [
                5.8597845,
                49.989189
              ],
              [
                5.859843,
                49.9891994
              ],
              [
                5.8599033,
                49.9892168
              ],
              [
                5.8599298,
                49.9892466
              ],
              [
                5.8599403,
                49.9892753
              ],
              [
                5.8599329,
                49.9893165
              ],
              [
                5.859913,
                49.9893646
              ],
              [
                5.8598609,
                49.9894322
              ],
              [
                5.8598557,
                49.9894389
              ],
              [
                5.8597967,
                49.9895006
              ],
              [
                5.859736,
                49.9895578
              ],
              [
                5.8596108,
                49.9896857
              ],
              [
                5.8595357,
                49.989768
              ],
              [
                5.8594882,
                49.9898338
              ],
              [
                5.8594489,
                49.9898749
              ],
              [
                5.8594114,
                49.9898966
              ],
              [
                5.8593633,
                49.9899217
              ],
              [
                5.8593115,
                49.9899697
              ],
              [
                5.8593805,
                49.9900111
              ],
              [
                5.8594185,
                49.9900324
              ],
              [
                5.859404,
                49.9900828
              ],
              [
                5.8594286,
                49.9901241
              ],
              [
                5.8594816,
                49.9901643
              ],
              [
                5.8595488,
                49.9902103
              ],
              [
                5.8595912,
                49.9902586
              ],
              [
                5.8595979,
                49.9903205
              ],
              [
                5.8595602,
                49.9903834
              ],
              [
                5.8594781,
                49.990437
              ],
              [
                5.8593569,
                49.9905077
              ],
              [
                5.8592626,
                49.990535
              ],
              [
                5.8591702,
                49.9905393
              ],
              [
                5.859069,
                49.9905264
              ],
              [
                5.8588811,
                49.9904652
              ],
              [
                5.8587499,
                49.9904316
              ],
              [
                5.8586345,
                49.9904176
              ],
              [
                5.8585634,
                49.9904265
              ],
              [
                5.858485,
                49.9904607
              ],
              [
                5.8583808,
                49.9905103
              ],
              [
                5.858258,
                49.9905523
              ],
              [
                5.8580134,
                49.9907419
              ],
              [
                5.8579701,
                49.9907137
              ],
              [
                5.8579626,
                49.9907088
              ],
              [
                5.8578914,
                49.9906625
              ],
              [
                5.8578637,
                49.990646
              ],
              [
                5.8577852,
                49.9905992
              ],
              [
                5.8577473,
                49.9906896
              ],
              [
                5.8577259,
                49.9907113
              ],
              [
                5.8576706,
                49.9907444
              ],
              [
                5.8576386,
                49.9907512
              ],
              [
                5.8575888,
                49.9907511
              ],
              [
                5.8575445,
                49.9907418
              ],
              [
                5.8574877,
                49.9907302
              ],
              [
                5.8573981,
                49.9907236
              ],
              [
                5.8572808,
                49.9907233
              ],
              [
                5.8571547,
                49.990731
              ],
              [
                5.8570284,
                49.9907478
              ],
              [
                5.8567883,
                49.9907942
              ],
              [
                5.8561907,
                49.9909209
              ],
              [
                5.8561552,
                49.9909174
              ],
              [
                5.8562398,
                49.9907434
              ],
              [
                5.8564662,
                49.9906192
              ],
              [
                5.856486,
                49.9905791
              ],
              [
                5.8565309,
                49.9903713
              ],
              [
                5.8565046,
                49.9903162
              ],
              [
                5.8564922,
                49.9903024
              ],
              [
                5.8564461,
                49.9902453
              ],
              [
                5.8564217,
                49.9902152
              ],
              [
                5.8563529,
                49.9901371
              ],
              [
                5.8562735,
                49.9900693
              ],
              [
                5.8561922,
                49.9900049
              ],
              [
                5.8561706,
                49.9899875
              ],
              [
                5.8561463,
                49.9899679
              ],
              [
                5.8560722,
                49.9899081
              ],
              [
                5.856061,
                49.989899
              ],
              [
                5.8560232,
                49.9898685
              ],
              [
                5.8560125,
                49.9898599
              ],
              [
                5.8558737,
                49.9897468
              ],
              [
                5.8558036,
                49.9896748
              ],
              [
                5.8557989,
                49.9896383
              ],
              [
                5.8557872,
                49.9895483
              ],
              [
                5.8558169,
                49.989516
              ],
              [
                5.8555739,
                49.9895345
              ],
              [
                5.855464,
                49.9895454
              ],
              [
                5.8550054,
                49.9893954
              ],
              [
                5.8545078,
                49.9892329
              ],
              [
                5.8542086,
                49.9891352
              ],
              [
                5.8540708,
                49.9890903
              ],
              [
                5.8534384,
                49.9888852
              ],
              [
                5.8532265,
                49.9888276
              ],
              [
                5.85248,
                49.9886246
              ],
              [
                5.8519758,
                49.9884876
              ],
              [
                5.8518238,
                49.988466
              ],
              [
                5.8512972,
                49.9883917
              ],
              [
                5.8513249,
                49.9888705
              ],
              [
                5.8513691,
                49.9896304
              ],
              [
                5.8514286,
                49.9901193
              ],
              [
                5.8511431,
                49.9901236
              ],
              [
                5.8509971,
                49.9901252
              ],
              [
                5.8507258,
                49.9901123
              ],
              [
                5.8506474,
                49.9901141
              ],
              [
                5.8505517,
                49.9901159
              ],
              [
                5.8504435,
                49.9901105
              ],
              [
                5.8502662,
                49.990107
              ],
              [
                5.8501439,
                49.9901006
              ],
              [
                5.850075,
                49.9900843
              ],
              [
                5.8499576,
                49.9900374
              ],
              [
                5.8499043,
                49.9900291
              ],
              [
                5.8498275,
                49.990031
              ],
              [
                5.8497285,
                49.9900469
              ],
              [
                5.8496311,
                49.9900648
              ],
              [
                5.8495731,
                49.9900687
              ],
              [
                5.8495666,
                49.9900686
              ],
              [
                5.849388,
                49.9900652
              ],
              [
                5.8493033,
                49.9900589
              ],
              [
                5.849203,
                49.9900495
              ],
              [
                5.8491083,
                49.9900371
              ],
              [
                5.8486801,
                49.9899759
              ],
              [
                5.8484713,
                49.9899541
              ],
              [
                5.8482767,
                49.9899391
              ],
              [
                5.848209,
                49.9899339
              ],
              [
                5.8480995,
                49.9899287
              ],
              [
                5.847971,
                49.9899312
              ],
              [
                5.8479334,
                49.9899319
              ],
              [
                5.8478108,
                49.9899343
              ],
              [
                5.8477729,
                49.9899351
              ],
              [
                5.8476784,
                49.9899409
              ],
              [
                5.8476436,
                49.9899447
              ],
              [
                5.8475027,
                49.9899599
              ],
              [
                5.8472685,
                49.9899873
              ],
              [
                5.846849,
                49.9900361
              ],
              [
                5.8467035,
                49.9900551
              ],
              [
                5.846643,
                49.9900635
              ],
              [
                5.8465428,
                49.99009
              ],
              [
                5.8464388,
                49.9901177
              ],
              [
                5.8463934,
                49.9901237
              ],
              [
                5.8462971,
                49.9901247
              ],
              [
                5.8461217,
                49.9901108
              ],
              [
                5.8459103,
                49.9900944
              ],
              [
                5.8458254,
                49.9900868
              ],
              [
                5.8457782,
                49.9900862
              ],
              [
                5.8457065,
                49.9900853
              ],
              [
                5.8456305,
                49.9900886
              ],
              [
                5.8454969,
                49.9900944
              ],
              [
                5.8453441,
                49.9900721
              ],
              [
                5.84527,
                49.9900584
              ],
              [
                5.8451838,
                49.9900424
              ],
              [
                5.8450461,
                49.9900213
              ],
              [
                5.8449876,
                49.9900212
              ],
              [
                5.8448743,
                49.9900209
              ],
              [
                5.8446383,
                49.9900263
              ],
              [
                5.8445288,
                49.990026
              ],
              [
                5.844408,
                49.9900196
              ],
              [
                5.8443778,
                49.9900183
              ],
              [
                5.84434,
                49.9900194
              ],
              [
                5.8442399,
                49.9900276
              ],
              [
                5.844121,
                49.9900261
              ],
              [
                5.8439738,
                49.9900159
              ],
              [
                5.8438418,
                49.9900021
              ],
              [
                5.8437097,
                49.9899823
              ],
              [
                5.8436042,
                49.9899552
              ],
              [
                5.8434007,
                49.9898901
              ],
              [
                5.8433216,
                49.9898655
              ],
              [
                5.8432706,
                49.9898642
              ],
              [
                5.8431365,
                49.9898699
              ],
              [
                5.843112,
                49.989871
              ],
              [
                5.8429779,
                49.9898792
              ],
              [
                5.8429213,
                49.9898741
              ],
              [
                5.8428572,
                49.9898642
              ],
              [
                5.8427874,
                49.9898433
              ],
              [
                5.8426499,
                49.9897991
              ],
              [
                5.8425821,
                49.9897782
              ],
              [
                5.8425255,
                49.9897683
              ],
              [
                5.8424369,
                49.9897595
              ],
              [
                5.8423425,
                49.989752
              ],
              [
                5.8422671,
                49.9897396
              ],
              [
                5.8421558,
                49.9897161
              ],
              [
                5.8419712,
                49.9896608
              ],
              [
                5.8419335,
                49.9896522
              ],
              [
                5.8417808,
                49.9896225
              ],
              [
                5.8416789,
                49.9896052
              ],
              [
                5.8415149,
                49.9895719
              ],
              [
                5.8411568,
                49.9894893
              ],
              [
                5.8410436,
                49.9894707
              ],
              [
                5.8408568,
                49.9894543
              ],
              [
                5.8407115,
                49.9894539
              ],
              [
                5.8405755,
                49.9894584
              ],
              [
                5.8404452,
                49.9894653
              ],
              [
                5.8403564,
                49.9894663
              ],
              [
                5.8402168,
                49.9894525
              ],
              [
                5.8401338,
                49.9894361
              ],
              [
                5.840129,
                49.9893334
              ],
              [
                5.8399383,
                49.9892358
              ],
              [
                5.8398123,
                49.9891713
              ],
              [
                5.8395698,
                49.9890343
              ],
              [
                5.8394864,
                49.9889894
              ],
              [
                5.8394386,
                49.988967
              ],
              [
                5.8392662,
                49.9888979
              ],
              [
                5.8392397,
                49.9888849
              ],
              [
                5.8392232,
                49.9888652
              ],
              [
                5.8391158,
                49.9886213
              ],
              [
                5.8390679,
                49.9885225
              ],
              [
                5.8390576,
                49.9884813
              ],
              [
                5.8390578,
                49.988441
              ],
              [
                5.8390849,
                49.9883785
              ],
              [
                5.8391105,
                49.9883211
              ],
              [
                5.8391135,
                49.9882791
              ],
              [
                5.8391067,
                49.9881993
              ],
              [
                5.8391072,
                49.9881324
              ],
              [
                5.8391301,
                49.988087
              ],
              [
                5.8391824,
                49.9880151
              ],
              [
                5.8392146,
                49.9879723
              ],
              [
                5.8392323,
                49.9879175
              ],
              [
                5.8392471,
                49.987794
              ],
              [
                5.8392623,
                49.98771
              ],
              [
                5.8392866,
                49.9876517
              ],
              [
                5.8393857,
                49.9875551
              ],
              [
                5.8394032,
                49.9875243
              ],
              [
                5.8394142,
                49.9874763
              ],
              [
                5.8394126,
                49.9874179
              ],
              [
                5.8394053,
                49.9873159
              ],
              [
                5.8393989,
                49.9872712
              ],
              [
                5.8392997,
                49.9870968
              ],
              [
                5.8392137,
                49.987034
              ],
              [
                5.8391728,
                49.9869901
              ],
              [
                5.8391188,
                49.9869076
              ],
              [
                5.8390964,
                49.9868844
              ],
              [
                5.8389732,
                49.9868146
              ],
              [
                5.8389574,
                49.9867914
              ],
              [
                5.838952,
                49.9867005
              ],
              [
                5.8389263,
                49.9865589
              ],
              [
                5.8389071,
                49.9864278
              ],
              [
                5.8389032,
                49.986401
              ],
              [
                5.8388825,
                49.9862603
              ],
              [
                5.8388556,
                49.9861153
              ],
              [
                5.8388444,
                49.9858991
              ],
              [
                5.8388268,
                49.985749
              ],
              [
                5.8387982,
                49.9855585
              ],
              [
                5.8387831,
                49.9854332
              ],
              [
                5.8387772,
                49.9853123
              ],
              [
                5.8387941,
                49.9851819
              ],
              [
                5.8388293,
                49.9849908
              ],
              [
                5.8387818,
                49.9848328
              ],
              [
                5.8387689,
                49.9847702
              ],
              [
                5.8387563,
                49.9846707
              ],
              [
                5.8387546,
                49.984536
              ],
              [
                5.8387597,
                49.9843636
              ],
              [
                5.8388468,
                49.9842687
              ],
              [
                5.8388989,
                49.9842405
              ],
              [
                5.8390748,
                49.9841827
              ],
              [
                5.8392627,
                49.9841249
              ],
              [
                5.8394666,
                49.9840689
              ],
              [
                5.8394587,
                49.9840517
              ],
              [
                5.8393242,
                49.9837863
              ],
              [
                5.8391798,
                49.9835046
              ],
              [
                5.8391083,
                49.9833551
              ],
              [
                5.8390257,
                49.9831911
              ],
              [
                5.8388701,
                49.9828999
              ],
              [
                5.8386766,
                49.9825151
              ],
              [
                5.8385801,
                49.9822982
              ],
              [
                5.8383883,
                49.9823554
              ],
              [
                5.8382647,
                49.9823923
              ],
              [
                5.838137,
                49.9821565
              ],
              [
                5.8379781,
                49.9818631
              ],
              [
                5.8377805,
                49.9814982
              ],
              [
                5.8377377,
                49.981419
              ],
              [
                5.8376948,
                49.9813397
              ],
              [
                5.8374872,
                49.9809294
              ],
              [
                5.8373995,
                49.980851
              ],
              [
                5.8373725,
                49.980827
              ],
              [
                5.8372603,
                49.9807268
              ],
              [
                5.8371684,
                49.9806447
              ],
              [
                5.8370736,
                49.9805611
              ],
              [
                5.8369291,
                49.980431
              ],
              [
                5.8367927,
                49.9803093
              ],
              [
                5.8366932,
                49.9802205
              ],
              [
                5.8366299,
                49.9801639
              ],
              [
                5.8365507,
                49.9800932
              ],
              [
                5.8364602,
                49.9800123
              ],
              [
                5.8363874,
                49.9799474
              ],
              [
                5.8363569,
                49.9799201
              ],
              [
                5.8360337,
                49.9793506
              ],
              [
                5.8357882,
                49.9789181
              ],
              [
                5.8357819,
                49.9789071
              ],
              [
                5.8357671,
                49.9788811
              ],
              [
                5.8351406,
                49.9790289
              ],
              [
                5.8351262,
                49.9790036
              ],
              [
                5.8351195,
                49.9789919
              ],
              [
                5.8341451,
                49.9782279
              ],
              [
                5.8335208,
                49.9785149
              ],
              [
                5.8333602,
                49.9783698
              ],
              [
                5.8331332,
                49.9781648
              ],
              [
                5.8330355,
                49.9780765
              ],
              [
                5.8328933,
                49.9779249
              ],
              [
                5.8327914,
                49.9778164
              ],
              [
                5.8326637,
                49.9776684
              ],
              [
                5.8326028,
                49.9775965
              ],
              [
                5.8324583,
                49.9773959
              ],
              [
                5.8324299,
                49.9773521
              ],
              [
                5.8323331,
                49.9772033
              ],
              [
                5.8322756,
                49.9771148
              ],
              [
                5.8322095,
                49.9770131
              ],
              [
                5.8321791,
                49.9769248
              ],
              [
                5.8320854,
                49.9768677
              ],
              [
                5.8319618,
                49.9767611
              ],
              [
                5.83194,
                49.976712
              ],
              [
                5.8319237,
                49.976642
              ],
              [
                5.8319063,
                49.9766101
              ],
              [
                5.8318733,
                49.9765622
              ],
              [
                5.8318333,
                49.9765127
              ],
              [
                5.8313164,
                49.9762797
              ],
              [
                5.8312216,
                49.9762413
              ],
              [
                5.8310935,
                49.9761895
              ],
              [
                5.8307834,
                49.9760982
              ],
              [
                5.83054,
                49.97601
              ],
              [
                5.8304246,
                49.9759433
              ],
              [
                5.8301666,
                49.9759577
              ],
              [
                5.8301203,
                49.9759603
              ],
              [
                5.8293215,
                49.9760049
              ],
              [
                5.829197,
                49.9760099
              ],
              [
                5.8291384,
                49.9760177
              ],
              [
                5.8290568,
                49.9760286
              ],
              [
                5.8290148,
                49.9760342
              ],
              [
                5.828978,
                49.9760357
              ],
              [
                5.8289148,
                49.9760285
              ],
              [
                5.8287902,
                49.9760072
              ],
              [
                5.8286208,
                49.975968
              ],
              [
                5.8283546,
                49.9759455
              ],
              [
                5.8279149,
                49.9759696
              ],
              [
                5.8277545,
                49.9758351
              ],
              [
                5.8277274,
                49.9758124
              ],
              [
                5.8275327,
                49.9756358
              ],
              [
                5.8274873,
                49.9755946
              ],
              [
                5.8273928,
                49.9755088
              ],
              [
                5.827321,
                49.9754344
              ],
              [
                5.8272653,
                49.9753813
              ],
              [
                5.8270892,
                49.9752133
              ],
              [
                5.8269555,
                49.9750857
              ],
              [
                5.8268869,
                49.975037
              ],
              [
                5.8268243,
                49.9749924
              ],
              [
                5.826744,
                49.9749353
              ],
              [
                5.8266886,
                49.9748959
              ],
              [
                5.8266389,
                49.9748606
              ],
              [
                5.8265812,
                49.9748195
              ],
              [
                5.8263055,
                49.9746716
              ],
              [
                5.8261357,
                49.9747905
              ],
              [
                5.8259587,
                49.9749146
              ],
              [
                5.8258386,
                49.9749988
              ],
              [
                5.8255074,
                49.9752309
              ],
              [
                5.8252662,
                49.9752152
              ],
              [
                5.8250046,
                49.9751981
              ],
              [
                5.8248509,
                49.9751881
              ],
              [
                5.8247629,
                49.9751824
              ],
              [
                5.8245695,
                49.9752177
              ],
              [
                5.8245268,
                49.9752256
              ],
              [
                5.8244967,
                49.975231
              ],
              [
                5.8244324,
                49.9752428
              ],
              [
                5.8243489,
                49.975258
              ],
              [
                5.8242946,
                49.975268
              ],
              [
                5.824198,
                49.9752856
              ],
              [
                5.8241084,
                49.9752789
              ],
              [
                5.8240363,
                49.9752734
              ],
              [
                5.8239993,
                49.9752707
              ],
              [
                5.8238931,
                49.975248
              ],
              [
                5.8238324,
                49.975235
              ],
              [
                5.8237129,
                49.9752095
              ],
              [
                5.8235356,
                49.9751716
              ],
              [
                5.8234458,
                49.9751352
              ],
              [
                5.8233861,
                49.9751031
              ],
              [
                5.8232808,
                49.9750464
              ],
              [
                5.8231881,
                49.9750046
              ],
              [
                5.8229409,
                49.9748932
              ],
              [
                5.8227293,
                49.9747979
              ],
              [
                5.8224341,
                49.9746649
              ],
              [
                5.8217886,
                49.974374
              ],
              [
                5.8215794,
                49.9742816
              ],
              [
                5.8209338,
                49.9740431
              ],
              [
                5.8206843,
                49.9739451
              ],
              [
                5.8202689,
                49.9737993
              ],
              [
                5.8202825,
                49.9737625
              ],
              [
                5.8202861,
                49.9737528
              ],
              [
                5.8203018,
                49.9737101
              ],
              [
                5.8203073,
                49.9736953
              ],
              [
                5.8203119,
                49.9736828
              ],
              [
                5.820327,
                49.9736418
              ],
              [
                5.8203971,
                49.9735621
              ],
              [
                5.8204253,
                49.9735301
              ],
              [
                5.8204503,
                49.9735017
              ],
              [
                5.8204693,
                49.9734621
              ],
              [
                5.8204969,
                49.9734049
              ],
              [
                5.8205317,
                49.9733326
              ],
              [
                5.8205443,
                49.9733066
              ],
              [
                5.8205146,
                49.9732606
              ],
              [
                5.8204909,
                49.9732238
              ],
              [
                5.8204584,
                49.9731735
              ],
              [
                5.8204043,
                49.9730896
              ],
              [
                5.820372,
                49.9730395
              ],
              [
                5.8203354,
                49.9729827
              ],
              [
                5.8203114,
                49.9729797
              ],
              [
                5.8202811,
                49.9729759
              ],
              [
                5.8202006,
                49.9729659
              ],
              [
                5.8201107,
                49.9728875
              ],
              [
                5.8200982,
                49.9728765
              ],
              [
                5.8200676,
                49.9728498
              ],
              [
                5.8200367,
                49.9728229
              ],
              [
                5.8200138,
                49.9728029
              ],
              [
                5.8199995,
                49.9727904
              ],
              [
                5.8199844,
                49.9727772
              ],
              [
                5.8200197,
                49.9727184
              ],
              [
                5.820031,
                49.9726996
              ],
              [
                5.8200383,
                49.9726874
              ],
              [
                5.8200714,
                49.9725745
              ],
              [
                5.8198341,
                49.9723969
              ],
              [
                5.8197839,
                49.9723593
              ],
              [
                5.8197607,
                49.9722929
              ],
              [
                5.8197202,
                49.9721774
              ],
              [
                5.819712,
                49.972154
              ],
              [
                5.8196551,
                49.9721082
              ],
              [
                5.8196279,
                49.9720927
              ],
              [
                5.8195857,
                49.9720687
              ],
              [
                5.8195413,
                49.9720436
              ],
              [
                5.8194793,
                49.9720493
              ],
              [
                5.8194487,
                49.9720739
              ],
              [
                5.819417,
                49.9720993
              ],
              [
                5.8193766,
                49.9721317
              ],
              [
                5.8193621,
                49.9721433
              ],
              [
                5.8193338,
                49.972166
              ],
              [
                5.8192875,
                49.9722031
              ],
              [
                5.8192741,
                49.9722139
              ],
              [
                5.8191023,
                49.9722521
              ],
              [
                5.8189777,
                49.9722798
              ],
              [
                5.8188933,
                49.9722985
              ],
              [
                5.8188429,
                49.9723097
              ],
              [
                5.8187706,
                49.9723258
              ],
              [
                5.8186504,
                49.9723283
              ],
              [
                5.8185332,
                49.9723523
              ],
              [
                5.8185106,
                49.9723632
              ],
              [
                5.8184986,
                49.972369
              ],
              [
                5.8184904,
                49.972373
              ],
              [
                5.8184828,
                49.9723767
              ],
              [
                5.8184762,
                49.9723799
              ],
              [
                5.8184687,
                49.9723835
              ],
              [
                5.8183702,
                49.9723757
              ],
              [
                5.8182966,
                49.9723661
              ],
              [
                5.8182775,
                49.9723636
              ],
              [
                5.8182575,
                49.972361
              ],
              [
                5.8181581,
                49.9723954
              ],
              [
                5.8181366,
                49.972399
              ],
              [
                5.8181145,
                49.9724027
              ],
              [
                5.818022,
                49.9724181
              ],
              [
                5.8179362,
                49.9724233
              ],
              [
                5.8178819,
                49.9724139
              ],
              [
                5.8178553,
                49.9724093
              ],
              [
                5.8178036,
                49.9724004
              ],
              [
                5.8177405,
                49.9723949
              ],
              [
                5.8177045,
                49.9723918
              ],
              [
                5.8176753,
                49.9723893
              ],
              [
                5.8176333,
                49.9724057
              ],
              [
                5.8176015,
                49.9724181
              ],
              [
                5.8175776,
                49.9724275
              ],
              [
                5.8175132,
                49.9724215
              ],
              [
                5.8174593,
                49.9724164
              ],
              [
                5.8173809,
                49.9724542
              ],
              [
                5.8173671,
                49.9724609
              ],
              [
                5.817357,
                49.9724657
              ],
              [
                5.8173453,
                49.9724714
              ],
              [
                5.81733,
                49.9724788
              ],
              [
                5.81732,
                49.9724836
              ],
              [
                5.8172354,
                49.9725239
              ],
              [
                5.8171356,
                49.9725315
              ],
              [
                5.8170806,
                49.9725357
              ],
              [
                5.8170435,
                49.9725385
              ],
              [
                5.8169448,
                49.972564
              ],
              [
                5.8168917,
                49.9725778
              ],
              [
                5.8168545,
                49.9725874
              ],
              [
                5.8168329,
                49.972593
              ],
              [
                5.8167702,
                49.9725693
              ],
              [
                5.8166938,
                49.9725404
              ],
              [
                5.8166567,
                49.9724894
              ],
              [
                5.8166181,
                49.9724667
              ],
              [
                5.8165939,
                49.9724525
              ],
              [
                5.8165806,
                49.9724447
              ],
              [
                5.8165038,
                49.9724149
              ],
              [
                5.8163213,
                49.9724385
              ],
              [
                5.8162647,
                49.9724226
              ],
              [
                5.8161754,
                49.9723977
              ],
              [
                5.8161168,
                49.9723813
              ],
              [
                5.8160475,
                49.972362
              ],
              [
                5.8158878,
                49.9723699
              ],
              [
                5.8158534,
                49.9723716
              ],
              [
                5.8157848,
                49.972375
              ],
              [
                5.8157401,
                49.9723728
              ],
              [
                5.8157212,
                49.9723718
              ],
              [
                5.815695,
                49.9723705
              ],
              [
                5.8156792,
                49.9723697
              ],
              [
                5.8156691,
                49.9723692
              ],
              [
                5.8156546,
                49.9723685
              ],
              [
                5.8156461,
                49.9723681
              ],
              [
                5.8156304,
                49.9723673
              ],
              [
                5.8156173,
                49.9723666
              ],
              [
                5.8156056,
                49.972366
              ],
              [
                5.8155932,
                49.9723654
              ],
              [
                5.8155784,
                49.9723647
              ],
              [
                5.8155215,
                49.9723618
              ],
              [
                5.8153449,
                49.9724089
              ],
              [
                5.8152658,
                49.9724535
              ],
              [
                5.815234,
                49.9724894
              ],
              [
                5.8152216,
                49.9725033
              ],
              [
                5.8152082,
                49.9725184
              ],
              [
                5.8151968,
                49.9725313
              ],
              [
                5.8151868,
                49.9725425
              ],
              [
                5.8149388,
                49.972535
              ],
              [
                5.8148984,
                49.9725338
              ],
              [
                5.8148225,
                49.9725314
              ],
              [
                5.8145827,
                49.972544
              ],
              [
                5.8144985,
                49.9725346
              ],
              [
                5.8144288,
                49.9725268
              ],
              [
                5.8144115,
                49.9725249
              ],
              [
                5.8143925,
                49.9725228
              ],
              [
                5.8143584,
                49.972519
              ],
              [
                5.8143243,
                49.9725152
              ],
              [
                5.8142918,
                49.9725115
              ],
              [
                5.8142676,
                49.9725088
              ],
              [
                5.8142493,
                49.9725068
              ],
              [
                5.8142312,
                49.9725048
              ],
              [
                5.8142007,
                49.9725013
              ],
              [
                5.8141758,
                49.9724986
              ],
              [
                5.814066,
                49.9724906
              ],
              [
                5.8139451,
                49.9724798
              ],
              [
                5.8137709,
                49.9724859
              ],
              [
                5.8137232,
                49.9724913
              ],
              [
                5.813667,
                49.9724977
              ],
              [
                5.8136321,
                49.9725017
              ],
              [
                5.8135586,
                49.9725126
              ],
              [
                5.813512,
                49.9725196
              ],
              [
                5.8134477,
                49.9725292
              ],
              [
                5.8133937,
                49.9725372
              ],
              [
                5.8132937,
                49.9725521
              ],
              [
                5.8132371,
                49.9725635
              ],
              [
                5.8131887,
                49.9725732
              ],
              [
                5.813148,
                49.9725813
              ],
              [
                5.8130952,
                49.9725354
              ],
              [
                5.8130545,
                49.9724999
              ],
              [
                5.8130167,
                49.9724671
              ],
              [
                5.8129332,
                49.9723948
              ],
              [
                5.812809,
                49.9723424
              ],
              [
                5.8126188,
                49.9722623
              ],
              [
                5.8124783,
                49.9722031
              ],
              [
                5.8123277,
                49.9721396
              ],
              [
                5.8120465,
                49.9719297
              ],
              [
                5.8113376,
                49.9714333
              ],
              [
                5.8112902,
                49.9714001
              ],
              [
                5.8112528,
                49.9713739
              ],
              [
                5.8112171,
                49.971348
              ],
              [
                5.811029,
                49.9712114
              ],
              [
                5.8108592,
                49.9710881
              ],
              [
                5.8106536,
                49.9709389
              ],
              [
                5.8104376,
                49.9706775
              ],
              [
                5.8107097,
                49.970219
              ],
              [
                5.8107701,
                49.9700912
              ],
              [
                5.810801,
                49.9699758
              ],
              [
                5.8108137,
                49.9698687
              ],
              [
                5.8106276,
                49.9693886
              ],
              [
                5.8105944,
                49.9693029
              ],
              [
                5.8104667,
                49.9690198
              ],
              [
                5.8103539,
                49.9689815
              ],
              [
                5.8099878,
                49.9680221
              ],
              [
                5.809658,
                49.9676943
              ],
              [
                5.8096404,
                49.9676768
              ],
              [
                5.8096177,
                49.9676541
              ],
              [
                5.8097956,
                49.9672333
              ],
              [
                5.8098332,
                49.9671442
              ],
              [
                5.809895,
                49.9670586
              ],
              [
                5.8099432,
                49.9669917
              ],
              [
                5.8100415,
                49.9668217
              ],
              [
                5.8100796,
                49.9667702
              ],
              [
                5.8102811,
                49.9664973
              ],
              [
                5.8105252,
                49.9661668
              ],
              [
                5.8105711,
                49.9661046
              ],
              [
                5.8106322,
                49.9660534
              ],
              [
                5.8106576,
                49.9660321
              ],
              [
                5.8106084,
                49.9659827
              ],
              [
                5.8109042,
                49.9658417
              ],
              [
                5.8105777,
                49.9649409
              ],
              [
                5.8101372,
                49.9645593
              ],
              [
                5.8104576,
                49.9644501
              ],
              [
                5.8103533,
                49.96426
              ],
              [
                5.8104695,
                49.9641775
              ],
              [
                5.8105374,
                49.9640923
              ],
              [
                5.8104765,
                49.9640573
              ],
              [
                5.8101077,
                49.9638453
              ],
              [
                5.8100304,
                49.9638586
              ],
              [
                5.8099613,
                49.9638548
              ],
              [
                5.8098299,
                49.9638086
              ],
              [
                5.8092197,
                49.9635623
              ],
              [
                5.8090066,
                49.9634667
              ],
              [
                5.8086012,
                49.9632622
              ],
              [
                5.8085095,
                49.9632293
              ],
              [
                5.8081542,
                49.9630827
              ],
              [
                5.8080236,
                49.963023
              ],
              [
                5.8076672,
                49.962782
              ],
              [
                5.8074913,
                49.9626571
              ],
              [
                5.8073562,
                49.9625507
              ],
              [
                5.8071986,
                49.9624572
              ],
              [
                5.8070402,
                49.9623953
              ],
              [
                5.8067601,
                49.9623292
              ],
              [
                5.8065957,
                49.9623006
              ],
              [
                5.8065451,
                49.9623036
              ],
              [
                5.8053284,
                49.9627207
              ],
              [
                5.8049834,
                49.9628626
              ],
              [
                5.8045793,
                49.9630167
              ],
              [
                5.8042731,
                49.9631395
              ],
              [
                5.8039343,
                49.9632134
              ],
              [
                5.8034907,
                49.9632939
              ],
              [
                5.8030904,
                49.9633269
              ],
              [
                5.8030764,
                49.963268
              ],
              [
                5.8027105,
                49.9631014
              ],
              [
                5.8026878,
                49.9630333
              ],
              [
                5.8022958,
                49.9630466
              ],
              [
                5.8014372,
                49.9630204
              ],
              [
                5.8009979,
                49.9630003
              ],
              [
                5.8007183,
                49.9629407
              ],
              [
                5.800473,
                49.9629312
              ],
              [
                5.8002207,
                49.9629546
              ],
              [
                5.7999439,
                49.9631017
              ],
              [
                5.7997112,
                49.9632433
              ],
              [
                5.7995753,
                49.9633028
              ],
              [
                5.7992905,
                49.9634422
              ],
              [
                5.7989963,
                49.963606
              ],
              [
                5.7987031,
                49.9637924
              ],
              [
                5.798436,
                49.9639854
              ],
              [
                5.7983756,
                49.9640384
              ],
              [
                5.7983152,
                49.9640834
              ],
              [
                5.7982633,
                49.964116
              ],
              [
                5.7981533,
                49.9641646
              ],
              [
                5.7979704,
                49.9642137
              ],
              [
                5.7978801,
                49.9642448
              ],
              [
                5.7977372,
                49.9643069
              ],
              [
                5.797638,
                49.9643416
              ],
              [
                5.7975771,
                49.9643534
              ],
              [
                5.7975277,
                49.9643582
              ],
              [
                5.7974846,
                49.9643565
              ],
              [
                5.7974347,
                49.9643465
              ],
              [
                5.7973464,
                49.9644088
              ],
              [
                5.7972703,
                49.9644945
              ],
              [
                5.7972358,
                49.9645269
              ],
              [
                5.797122,
                49.9646011
              ],
              [
                5.7970941,
                49.9646298
              ],
              [
                5.797066,
                49.9646844
              ],
              [
                5.7970064,
                49.964768
              ],
              [
                5.7967373,
                49.9651284
              ],
              [
                5.7964803,
                49.9653534
              ],
              [
                5.7963602,
                49.9654454
              ],
              [
                5.7962391,
                49.9655303
              ],
              [
                5.7960782,
                49.9656261
              ],
              [
                5.7957794,
                49.965689
              ],
              [
                5.7955475,
                49.9655044
              ],
              [
                5.7954817,
                49.9655336
              ],
              [
                5.7950043,
                49.9654342
              ],
              [
                5.794846,
                49.9653862
              ],
              [
                5.7945921,
                49.9652889
              ],
              [
                5.7943193,
                49.9651542
              ],
              [
                5.7936905,
                49.9648234
              ],
              [
                5.7934889,
                49.9647251
              ],
              [
                5.7932392,
                49.9646141
              ],
              [
                5.792917,
                49.9644882
              ],
              [
                5.7926549,
                49.9643986
              ],
              [
                5.7924492,
                49.964335
              ],
              [
                5.7922744,
                49.9642851
              ],
              [
                5.7915596,
                49.9641024
              ],
              [
                5.791261,
                49.9640149
              ],
              [
                5.7909399,
                49.9638811
              ],
              [
                5.7909636,
                49.9636084
              ],
              [
                5.7910304,
                49.9630159
              ],
              [
                5.7910416,
                49.9627795
              ],
              [
                5.7911569,
                49.9626361
              ],
              [
                5.7912226,
                49.9625407
              ],
              [
                5.7912586,
                49.9624679
              ],
              [
                5.7912982,
                49.96237
              ],
              [
                5.7913192,
                49.9622981
              ],
              [
                5.7913276,
                49.9622237
              ],
              [
                5.7913224,
                49.9621715
              ],
              [
                5.7912918,
                49.9620444
              ],
              [
                5.7912212,
                49.9618595
              ],
              [
                5.7911851,
                49.9617986
              ],
              [
                5.7907816,
                49.9617937
              ],
              [
                5.790642,
                49.9617811
              ],
              [
                5.7892737,
                49.9615582
              ],
              [
                5.7892307,
                49.9615508
              ],
              [
                5.7890266,
                49.9614843
              ],
              [
                5.789034,
                49.9614497
              ],
              [
                5.788191,
                49.961356
              ],
              [
                5.7881934,
                49.9612812
              ],
              [
                5.7880483,
                49.9612705
              ],
              [
                5.7874617,
                49.9611668
              ],
              [
                5.7873109,
                49.9611443
              ],
              [
                5.7868898,
                49.9610967
              ],
              [
                5.7865158,
                49.9610643
              ],
              [
                5.7857583,
                49.9609914
              ],
              [
                5.7856279,
                49.9609858
              ],
              [
                5.7854715,
                49.961059
              ],
              [
                5.7854335,
                49.9610428
              ],
              [
                5.7847271,
                49.9615936
              ],
              [
                5.7843922,
                49.9614629
              ],
              [
                5.7843456,
                49.9614416
              ],
              [
                5.7837898,
                49.9617992
              ],
              [
                5.7833591,
                49.962087
              ],
              [
                5.7831893,
                49.9619878
              ],
              [
                5.7823807,
                49.9622362
              ],
              [
                5.7817839,
                49.9624248
              ],
              [
                5.7814345,
                49.9625173
              ],
              [
                5.7812051,
                49.9625496
              ],
              [
                5.7806074,
                49.9626945
              ],
              [
                5.7791796,
                49.9622415
              ],
              [
                5.7781209,
                49.9618974
              ],
              [
                5.7773135,
                49.961645
              ],
              [
                5.7768015,
                49.9614761
              ],
              [
                5.7758454,
                49.9611033
              ],
              [
                5.7754974,
                49.9609823
              ],
              [
                5.7752217,
                49.9608678
              ],
              [
                5.7750254,
                49.9607957
              ],
              [
                5.7753377,
                49.9601302
              ],
              [
                5.7754345,
                49.9599491
              ],
              [
                5.7755644,
                49.9597264
              ],
              [
                5.7756726,
                49.959459
              ],
              [
                5.776291,
                49.9586381
              ],
              [
                5.7766887,
                49.9583005
              ],
              [
                5.7770095,
                49.958003
              ],
              [
                5.7772285,
                49.957735
              ],
              [
                5.7767943,
                49.9575997
              ],
              [
                5.7758298,
                49.957239
              ],
              [
                5.7753324,
                49.9570614
              ],
              [
                5.7751753,
                49.9571995
              ],
              [
                5.7745823,
                49.9568655
              ],
              [
                5.7736713,
                49.9565028
              ],
              [
                5.7739842,
                49.9562624
              ],
              [
                5.7740373,
                49.9561292
              ],
              [
                5.7742432,
                49.9557209
              ],
              [
                5.7745598,
                49.9553278
              ],
              [
                5.7748612,
                49.9549334
              ],
              [
                5.7749516,
                49.9546163
              ],
              [
                5.7745257,
                49.9542625
              ],
              [
                5.7746203,
                49.9537947
              ],
              [
                5.7744416,
                49.9536597
              ],
              [
                5.7750354,
                49.953143
              ],
              [
                5.7746282,
                49.9528199
              ],
              [
                5.7740149,
                49.9523574
              ],
              [
                5.7739259,
                49.9523036
              ],
              [
                5.7733995,
                49.952071
              ],
              [
                5.7729736,
                49.9518924
              ],
              [
                5.7724537,
                49.951659
              ],
              [
                5.7721687,
                49.9515054
              ],
              [
                5.7717391,
                49.9511645
              ],
              [
                5.771388,
                49.9508322
              ],
              [
                5.7712243,
                49.9506712
              ],
              [
                5.771185,
                49.9506133
              ],
              [
                5.7714902,
                49.9501231
              ],
              [
                5.7708595,
                49.9497564
              ],
              [
                5.7705987,
                49.9496518
              ],
              [
                5.7704892,
                49.9496124
              ],
              [
                5.770369,
                49.949585
              ],
              [
                5.7705883,
                49.9490164
              ],
              [
                5.7706832,
                49.9488001
              ],
              [
                5.7707819,
                49.9486027
              ],
              [
                5.7707942,
                49.9482242
              ],
              [
                5.7707877,
                49.9478352
              ],
              [
                5.7713347,
                49.9461256
              ],
              [
                5.7728124,
                49.946514
              ],
              [
                5.7728291,
                49.9459684
              ],
              [
                5.7727261,
                49.945787
              ],
              [
                5.7727109,
                49.9456024
              ],
              [
                5.7728695,
                49.9452978
              ],
              [
                5.773251,
                49.9447512
              ],
              [
                5.7717791,
                49.9444743
              ],
              [
                5.7721963,
                49.9436786
              ],
              [
                5.7722799,
                49.9437028
              ],
              [
                5.7738883,
                49.9414385
              ],
              [
                5.7738383,
                49.941367
              ],
              [
                5.774118,
                49.9407511
              ],
              [
                5.7744222,
                49.9397627
              ],
              [
                5.7744925,
                49.9397738
              ],
              [
                5.7745306,
                49.9393509
              ],
              [
                5.7747798,
                49.9386084
              ],
              [
                5.7748661,
                49.9384713
              ],
              [
                5.7750869,
                49.9381092
              ],
              [
                5.7751585,
                49.9377112
              ],
              [
                5.7731261,
                49.9376908
              ],
              [
                5.7730044,
                49.937629
              ],
              [
                5.7730153,
                49.9372242
              ],
              [
                5.7728248,
                49.9372244
              ],
              [
                5.7728183,
                49.9371718
              ],
              [
                5.7725147,
                49.9371601
              ],
              [
                5.772512,
                49.9367317
              ],
              [
                5.7709056,
                49.9366835
              ],
              [
                5.7704238,
                49.9366774
              ],
              [
                5.7705062,
                49.9363135
              ],
              [
                5.7706329,
                49.9359293
              ],
              [
                5.7706989,
                49.9357895
              ],
              [
                5.7703594,
                49.9357006
              ],
              [
                5.7703875,
                49.9353829
              ],
              [
                5.7703943,
                49.9351436
              ],
              [
                5.7703863,
                49.9349412
              ],
              [
                5.7703537,
                49.9346215
              ],
              [
                5.7703164,
                49.9343731
              ],
              [
                5.7702667,
                49.9341202
              ],
              [
                5.7703276,
                49.9341043
              ],
              [
                5.7701389,
                49.9336415
              ],
              [
                5.7700997,
                49.9335317
              ],
              [
                5.7700782,
                49.9332165
              ],
              [
                5.7700728,
                49.9332022
              ],
              [
                5.7697713,
                49.9331076
              ],
              [
                5.7703556,
                49.9325965
              ],
              [
                5.7709707,
                49.9316455
              ],
              [
                5.7705777,
                49.9316765
              ],
              [
                5.7705178,
                49.9316859
              ],
              [
                5.7702348,
                49.9316894
              ],
              [
                5.7695728,
                49.9316868
              ],
              [
                5.7692951,
                49.9316766
              ],
              [
                5.7690353,
                49.9316608
              ],
              [
                5.7689158,
                49.9316485
              ],
              [
                5.7687653,
                49.9316212
              ],
              [
                5.7685638,
                49.9315771
              ],
              [
                5.768193,
                49.9314896
              ],
              [
                5.7679858,
                49.9314351
              ],
              [
                5.7676703,
                49.9313448
              ],
              [
                5.7675302,
                49.9313102
              ],
              [
                5.7672012,
                49.9312507
              ],
              [
                5.767007,
                49.9312285
              ],
              [
                5.7668138,
                49.931216
              ],
              [
                5.7666528,
                49.9312132
              ],
              [
                5.7664981,
                49.931216
              ],
              [
                5.7663853,
                49.931223
              ],
              [
                5.7662137,
                49.931247
              ],
              [
                5.7658571,
                49.9313167
              ],
              [
                5.765421,
                49.9313464
              ],
              [
                5.7650255,
                49.9313847
              ],
              [
                5.7646663,
                49.9314281
              ],
              [
                5.7644701,
                49.9314419
              ],
              [
                5.7642204,
                49.9314529
              ],
              [
                5.7639466,
                49.9314557
              ],
              [
                5.7639795,
                49.9311701
              ],
              [
                5.7640031,
                49.931093
              ],
              [
                5.7640353,
                49.9310281
              ],
              [
                5.764055,
                49.9310066
              ],
              [
                5.7642109,
                49.9309336
              ],
              [
                5.7643172,
                49.9308701
              ],
              [
                5.7644156,
                49.9308021
              ],
              [
                5.7645453,
                49.9306201
              ],
              [
                5.7646308,
                49.9305153
              ],
              [
                5.7645159,
                49.9300168
              ],
              [
                5.7638283,
                49.9297786
              ],
              [
                5.7644437,
                49.9292199
              ],
              [
                5.7644843,
                49.9291777
              ],
              [
                5.7645721,
                49.9290617
              ],
              [
                5.7646034,
                49.9290388
              ],
              [
                5.7646622,
                49.9290204
              ],
              [
                5.7649339,
                49.9289902
              ],
              [
                5.7640962,
                49.9284538
              ],
              [
                5.7640964,
                49.9284306
              ],
              [
                5.7643015,
                49.9282001
              ],
              [
                5.7640611,
                49.9280634
              ],
              [
                5.763741,
                49.9279081
              ],
              [
                5.7637212,
                49.9279052
              ],
              [
                5.763585,
                49.9276827
              ],
              [
                5.7634708,
                49.9274746
              ],
              [
                5.7634241,
                49.9273777
              ],
              [
                5.7634108,
                49.9273108
              ],
              [
                5.7634498,
                49.9271059
              ],
              [
                5.7634443,
                49.9270154
              ],
              [
                5.763656,
                49.9270019
              ],
              [
                5.7636163,
                49.9267302
              ],
              [
                5.7636098,
                49.9264721
              ],
              [
                5.7647896,
                49.926429
              ],
              [
                5.7647515,
                49.9263078
              ],
              [
                5.7647155,
                49.9262155
              ],
              [
                5.7646312,
                49.9260477
              ],
              [
                5.7644174,
                49.9256804
              ],
              [
                5.7640603,
                49.925271
              ],
              [
                5.7639556,
                49.9251332
              ],
              [
                5.763594,
                49.9245012
              ],
              [
                5.7644922,
                49.9241183
              ],
              [
                5.7643491,
                49.9240778
              ],
              [
                5.7639506,
                49.9240155
              ],
              [
                5.7635848,
                49.92395
              ],
              [
                5.7633874,
                49.9239107
              ],
              [
                5.7632726,
                49.9238776
              ],
              [
                5.763087,
                49.9238004
              ],
              [
                5.7628068,
                49.9236728
              ],
              [
                5.7624964,
                49.9235217
              ],
              [
                5.7622723,
                49.9234336
              ],
              [
                5.7620691,
                49.9233965
              ],
              [
                5.7619074,
                49.9233454
              ],
              [
                5.7617434,
                49.9232817
              ],
              [
                5.7616793,
                49.9232495
              ],
              [
                5.7616727,
                49.9232234
              ],
              [
                5.7616993,
                49.9232079
              ],
              [
                5.7617442,
                49.9231932
              ],
              [
                5.761826,
                49.9231734
              ],
              [
                5.7618768,
                49.9231521
              ],
              [
                5.7619028,
                49.9231362
              ],
              [
                5.7619216,
                49.9230947
              ],
              [
                5.7620451,
                49.9227017
              ],
              [
                5.7620629,
                49.9226305
              ],
              [
                5.7620748,
                49.9225106
              ],
              [
                5.7621029,
                49.9224535
              ],
              [
                5.7620908,
                49.9223918
              ],
              [
                5.7620974,
                49.9223505
              ],
              [
                5.7620839,
                49.9223245
              ],
              [
                5.7620236,
                49.9222478
              ],
              [
                5.7619896,
                49.9221882
              ],
              [
                5.761984,
                49.9221615
              ],
              [
                5.7619993,
                49.9220601
              ],
              [
                5.7621551,
                49.9217824
              ],
              [
                5.7622113,
                49.9216652
              ],
              [
                5.7622332,
                49.9215869
              ],
              [
                5.7622479,
                49.9214859
              ],
              [
                5.7622525,
                49.9213448
              ],
              [
                5.7622455,
                49.9212924
              ],
              [
                5.7621807,
                49.9210574
              ],
              [
                5.7621763,
                49.9209753
              ],
              [
                5.7621913,
                49.920829
              ],
              [
                5.7621953,
                49.9206942
              ],
              [
                5.7621801,
                49.9205902
              ],
              [
                5.7621357,
                49.9203917
              ],
              [
                5.7621039,
                49.9202044
              ],
              [
                5.7620266,
                49.9196878
              ],
              [
                5.7618434,
                49.9193911
              ],
              [
                5.7617186,
                49.9192031
              ],
              [
                5.761691,
                49.9191183
              ],
              [
                5.7616388,
                49.9190305
              ],
              [
                5.7615729,
                49.9189448
              ],
              [
                5.7614936,
                49.9188647
              ],
              [
                5.7613635,
                49.9187469
              ],
              [
                5.7612527,
                49.9186603
              ],
              [
                5.7611458,
                49.9185882
              ],
              [
                5.7611046,
                49.9185673
              ],
              [
                5.7610231,
                49.9185403
              ],
              [
                5.7609991,
                49.9185253
              ],
              [
                5.7609809,
                49.918506
              ],
              [
                5.7608414,
                49.9182013
              ],
              [
                5.7607942,
                49.9180755
              ],
              [
                5.7607579,
                49.9179495
              ],
              [
                5.7606906,
                49.9176733
              ],
              [
                5.7606944,
                49.9174285
              ],
              [
                5.7606432,
                49.9173667
              ],
              [
                5.7605939,
                49.9173435
              ],
              [
                5.7605572,
                49.9173322
              ],
              [
                5.7604711,
                49.9173148
              ],
              [
                5.7604667,
                49.9173
              ],
              [
                5.760476,
                49.9172866
              ],
              [
                5.7604887,
                49.9172815
              ],
              [
                5.7605451,
                49.917269
              ],
              [
                5.7606187,
                49.9172715
              ],
              [
                5.7606807,
                49.9172859
              ],
              [
                5.760745,
                49.9172898
              ],
              [
                5.7609021,
                49.9172811
              ],
              [
                5.7609355,
                49.9172715
              ],
              [
                5.7614191,
                49.9170533
              ],
              [
                5.761759,
                49.9169115
              ],
              [
                5.7623195,
                49.9166404
              ],
              [
                5.7627751,
                49.9163987
              ],
              [
                5.763012,
                49.9162629
              ],
              [
                5.7633109,
                49.9160697
              ],
              [
                5.7640109,
                49.9157681
              ],
              [
                5.7639704,
                49.9157239
              ],
              [
                5.7639278,
                49.9156765
              ],
              [
                5.7636811,
                49.9154021
              ],
              [
                5.7635835,
                49.9153697
              ],
              [
                5.7633483,
                49.9152916
              ],
              [
                5.7629483,
                49.9151574
              ],
              [
                5.7628955,
                49.9151397
              ],
              [
                5.7626785,
                49.9150669
              ],
              [
                5.7625385,
                49.91502
              ],
              [
                5.7622546,
                49.9149253
              ],
              [
                5.7620327,
                49.9148514
              ],
              [
                5.7613586,
                49.9146257
              ],
              [
                5.7611849,
                49.9145676
              ],
              [
                5.7609297,
                49.9144827
              ],
              [
                5.7600878,
                49.9142029
              ],
              [
                5.7598707,
                49.9141313
              ],
              [
                5.7588959,
                49.91381
              ],
              [
                5.7588082,
                49.9137813
              ],
              [
                5.7578935,
                49.9134812
              ],
              [
                5.7575968,
                49.9133843
              ],
              [
                5.7571477,
                49.9132376
              ],
              [
                5.7563481,
                49.9129912
              ],
              [
                5.7554702,
                49.9127207
              ],
              [
                5.7554072,
                49.9127015
              ],
              [
                5.7552292,
                49.9126479
              ],
              [
                5.7548515,
                49.912534
              ],
              [
                5.7545901,
                49.9124552
              ],
              [
                5.7540171,
                49.9122825
              ],
              [
                5.7539364,
                49.9122582
              ],
              [
                5.7538686,
                49.9122377
              ],
              [
                5.7538289,
                49.9122258
              ],
              [
                5.753763,
                49.9122065
              ],
              [
                5.7535139,
                49.9121241
              ],
              [
                5.75308,
                49.9119805
              ],
              [
                5.7524989,
                49.9116871
              ],
              [
                5.7522928,
                49.9115825
              ],
              [
                5.7515846,
                49.9112229
              ],
              [
                5.7510454,
                49.9109436
              ],
              [
                5.7509398,
                49.9108889
              ],
              [
                5.7507464,
                49.9107897
              ],
              [
                5.7504215,
                49.9106229
              ],
              [
                5.7502045,
                49.9105115
              ],
              [
                5.7501231,
                49.91047
              ],
              [
                5.749965,
                49.9103893
              ],
              [
                5.7497984,
                49.9103042
              ],
              [
                5.7495329,
                49.9101686
              ],
              [
                5.7487688,
                49.9097809
              ],
              [
                5.7485181,
                49.9096532
              ],
              [
                5.7480981,
                49.9094391
              ],
              [
                5.7483545,
                49.9092484
              ],
              [
                5.7480884,
                49.9090543
              ],
              [
                5.7480112,
                49.9089988
              ],
              [
                5.747985,
                49.9089661
              ],
              [
                5.7479276,
                49.9088661
              ],
              [
                5.7478791,
                49.9087932
              ],
              [
                5.7477959,
                49.9087264
              ],
              [
                5.7477126,
                49.9086721
              ],
              [
                5.747556,
                49.90859
              ],
              [
                5.7474277,
                49.9085406
              ],
              [
                5.7472066,
                49.9084564
              ],
              [
                5.747015,
                49.9084018
              ],
              [
                5.7464929,
                49.9082819
              ],
              [
                5.7465916,
                49.908123
              ],
              [
                5.7466179,
                49.9080808
              ],
              [
                5.7466411,
                49.9080435
              ],
              [
                5.74647,
                49.9079826
              ],
              [
                5.7463172,
                49.9079244
              ],
              [
                5.7462053,
                49.9078725
              ],
              [
                5.7461259,
                49.9078258
              ],
              [
                5.7460589,
                49.9077867
              ],
              [
                5.7462947,
                49.9074563
              ],
              [
                5.7465496,
                49.9070457
              ],
              [
                5.7466273,
                49.9070397
              ],
              [
                5.7466516,
                49.9066318
              ],
              [
                5.7466705,
                49.9063135
              ],
              [
                5.7464518,
                49.9063115
              ],
              [
                5.7463068,
                49.9063021
              ],
              [
                5.7461312,
                49.9062852
              ],
              [
                5.7459598,
                49.9062557
              ],
              [
                5.7457986,
                49.9062238
              ],
              [
                5.7456723,
                49.9061857
              ],
              [
                5.7455806,
                49.906149
              ],
              [
                5.7454871,
                49.9060922
              ],
              [
                5.7453296,
                49.9059856
              ],
              [
                5.7452132,
                49.9059764
              ],
              [
                5.7451541,
                49.9059573
              ],
              [
                5.7451072,
                49.9059509
              ],
              [
                5.7450215,
                49.9059393
              ],
              [
                5.7449848,
                49.9059241
              ],
              [
                5.7449227,
                49.9058957
              ],
              [
                5.7448596,
                49.9058691
              ],
              [
                5.744821,
                49.9058501
              ],
              [
                5.7447618,
                49.9058399
              ],
              [
                5.7447332,
                49.9058322
              ],
              [
                5.7447231,
                49.9058234
              ],
              [
                5.7446928,
                49.9057794
              ],
              [
                5.7446542,
                49.9057542
              ],
              [
                5.7446116,
                49.9057214
              ],
              [
                5.7445489,
                49.9056434
              ],
              [
                5.7445124,
                49.9056144
              ],
              [
                5.7443659,
                49.9055436
              ],
              [
                5.744247,
                49.9054723
              ],
              [
                5.7439948,
                49.9053334
              ],
              [
                5.7438666,
                49.9052727
              ],
              [
                5.7437993,
                49.9052549
              ],
              [
                5.7436503,
                49.9052317
              ],
              [
                5.7434687,
                49.9052047
              ],
              [
                5.7433973,
                49.9051919
              ],
              [
                5.7431893,
                49.9051334
              ],
              [
                5.7429682,
                49.9050693
              ],
              [
                5.7428519,
                49.90505
              ],
              [
                5.7427763,
                49.9050422
              ],
              [
                5.7426966,
                49.9050419
              ],
              [
                5.7426394,
                49.9050405
              ],
              [
                5.7425864,
                49.9050302
              ],
              [
                5.7425028,
                49.9050086
              ],
              [
                5.7424232,
                49.9050033
              ],
              [
                5.7423823,
                49.9049969
              ],
              [
                5.7422703,
                49.9049526
              ],
              [
                5.7421339,
                49.9049031
              ],
              [
                5.7419677,
                49.9048605
              ],
              [
                5.7418373,
                49.9048186
              ],
              [
                5.7417699,
                49.9048071
              ],
              [
                5.7417149,
                49.9047956
              ],
              [
                5.7416427,
                49.9047571
              ],
              [
                5.7416245,
                49.9047306
              ],
              [
                5.7414431,
                49.9046773
              ],
              [
                5.7411385,
                49.9045727
              ],
              [
                5.7407859,
                49.9044722
              ],
              [
                5.7405432,
                49.9044149
              ],
              [
                5.7402781,
                49.9043562
              ],
              [
                5.7402564,
                49.904335
              ],
              [
                5.7399152,
                49.9042125
              ],
              [
                5.7398881,
                49.9041956
              ],
              [
                5.7398334,
                49.9041228
              ],
              [
                5.739788,
                49.9040547
              ],
              [
                5.7397798,
                49.9040191
              ],
              [
                5.7397851,
                49.9039971
              ],
              [
                5.7399897,
                49.9037815
              ],
              [
                5.740074,
                49.9036867
              ],
              [
                5.7401996,
                49.9035397
              ],
              [
                5.7405736,
                49.9031213
              ],
              [
                5.74065,
                49.9026621
              ],
              [
                5.740461,
                49.9021745
              ],
              [
                5.7404127,
                49.9021635
              ],
              [
                5.7402257,
                49.9021211
              ],
              [
                5.739773,
                49.9019799
              ],
              [
                5.7397413,
                49.9019701
              ],
              [
                5.7394635,
                49.9018834
              ],
              [
                5.7393733,
                49.9018553
              ],
              [
                5.7393309,
                49.9018421
              ],
              [
                5.7392735,
                49.9018242
              ],
              [
                5.7389113,
                49.9017253
              ],
              [
                5.7386438,
                49.9015445
              ],
              [
                5.7385862,
                49.9015098
              ],
              [
                5.7383853,
                49.9014144
              ],
              [
                5.738097,
                49.9012868
              ],
              [
                5.737946,
                49.9012173
              ],
              [
                5.7378342,
                49.9011594
              ],
              [
                5.7377402,
                49.9010979
              ],
              [
                5.7376625,
                49.9010307
              ],
              [
                5.7376068,
                49.9009719
              ],
              [
                5.737531,
                49.9008765
              ],
              [
                5.7374131,
                49.9007422
              ],
              [
                5.7373111,
                49.9006211
              ],
              [
                5.7371434,
                49.9004276
              ],
              [
                5.7370391,
                49.9002861
              ],
              [
                5.7369392,
                49.9001325
              ],
              [
                5.7368267,
                49.8999471
              ],
              [
                5.7367203,
                49.8997559
              ],
              [
                5.736645,
                49.899604
              ],
              [
                5.7365955,
                49.8995228
              ],
              [
                5.736513,
                49.8994179
              ],
              [
                5.7362495,
                49.8990882
              ],
              [
                5.7362142,
                49.8990368
              ],
              [
                5.7362093,
                49.8990096
              ],
              [
                5.7362233,
                49.8989689
              ],
              [
                5.7362664,
                49.8989032
              ],
              [
                5.7363311,
                49.8988119
              ],
              [
                5.7364393,
                49.8987047
              ],
              [
                5.7365132,
                49.8986297
              ],
              [
                5.7365812,
                49.8985457
              ],
              [
                5.7366278,
                49.8984717
              ],
              [
                5.736673,
                49.8983704
              ],
              [
                5.7367088,
                49.8982666
              ],
              [
                5.7367125,
                49.8982352
              ],
              [
                5.736698,
                49.8981473
              ],
              [
                5.7366634,
                49.8980144
              ],
              [
                5.7366343,
                49.8979312
              ],
              [
                5.7365825,
                49.8978254
              ],
              [
                5.7365236,
                49.8977447
              ],
              [
                5.7364334,
                49.8976498
              ],
              [
                5.736364,
                49.8976035
              ],
              [
                5.7362049,
                49.8974963
              ],
              [
                5.7361272,
                49.8974217
              ],
              [
                5.7360064,
                49.8973152
              ],
              [
                5.7358899,
                49.8972081
              ],
              [
                5.7357786,
                49.8970916
              ],
              [
                5.7357273,
                49.8970209
              ],
              [
                5.7357073,
                49.8969748
              ],
              [
                5.7356988,
                49.8969246
              ]
            ]
          ]
        ]
      },
      "properties": {
        "osm_id": -1115797,
        "name": "Canton Wiltz",
        "name_en": null,
        "boundary": "administrative",
        "admin_level": 6,
        "admin_centre_node_id": 180650109,
        "admin_centre_node_lat": 49.9666914,
        "admin_centre_node_lng": 5.9321021,
        "label_node_id": null,
        "label_node_lat": null,
        "label_node_lng": null
      }
    }
  ]
}